id,Action
1,0.960504592
2,0.989379942
3,1
4,0.97440809
5,1
6,1
7,0.963556171
8,1
9,0.808158875
10,0.974974453
11,0.947606087
12,1
13,0.947063029
14,0.915629983
15,0.964249373
16,0.978233337
17,0.948630631
18,0.94168245799999994
19,1
20,1
21,1
22,1
23,0.981682658
24,0.985509753
25,0.962330401
26,0.916069508
27,1
28,0.906991363
29,1
30,0.806588411
31,0.985101044
32,1
33,0.980777323
34,1
35,1
36,1
37,0.98663193
38,1
39,0.980355978
40,0.938668668
41,0.930455387
42,0.984724164
43,1
44,0.978843331
45,0.977553129
46,0.984958291
47,1
48,1
49,1
50,1
51,0.958848715
52,1
53,1
54,1
55,0.975695252
56,0.984946966
57,0.973597646
58,1
59,0.989524543
60,0.980861843
61,1
62,1
63,0.955274165
64,1
65,1
66,0.982756734
67,0.983950615
68,1
69,0.973338723
70,0.692435265
71,0.978631854
72,0.95857209
73,1
74,1
75,1
76,1
77,1
78,0.8398785
79,0.783290327
80,1
81,1
82,0.974783421
83,1
84,0.984203219
85,0.983175397
86,0.931935191
87,0.984119713
88,0.982942462
89,0.988892973
90,0.984858513
91,0.972390652
92,0.887832761
93,1
94,0.979207814
95,0.983296633
96,0.962039232
97,0.337675065
98,0.981683731
99,0.988863707
100,1
101,0.953856707
102,0.462634802
103,1
104,0.972853899
105,0.916493297
106,1
107,0.988607228
108,1
109,1
110,0.977057934
111,0.670111358
112,1
113,0.94197005
114,0.984994113
115,0.959409475
116,1
117,1
118,1
119,1
120,1
121,1
122,0.989623249
123,0.976421058
124,0.972242773
125,1
126,0.955870986
127,0.878681421
128,0.976023734
129,0.964595199
130,0.974544287
131,0.987543464
132,1
133,1
134,0.955803335
135,1
136,0.98381722
137,1
138,0.982681096
139,0.802862704
140,1
141,1
142,1
143,1
144,0.989567816
145,1
146,0.819356203
147,0.885633707
148,0.902090609
149,1
150,1
151,0.978750706
152,0.983946025
153,0.986346304
154,0.94119972
155,0.965721309
156,0.92843008
157,0.966507554
158,1
159,0.930300832
160,0.974520803
161,0.866649568
162,0.989477336
163,0.982408583
164,0.956343055
165,0.987099588
166,1
167,0.946626008
168,0.956377745
169,1
170,1
171,0.971013844
172,0.987101793
173,0.986113489
174,0.987733007
175,0.986498117
176,0.982205451
177,0.880093932
178,1
179,1
180,0.932694018
181,0.492082536
182,0.98755151
183,0.968807221
184,0.914115667
185,0.983978331
186,0.964554191
187,1
188,0.966443181
189,0.532110989
190,0.977988124
191,0.988999784
192,0.971134663
193,1
194,1
195,0.969452977
196,1
197,0.98810941
198,0.965362132
199,0.988213003
200,0.60969317
201,1
202,0.966073811
203,0.960571468
204,0.928785324
205,1
206,1
207,0.986912847
208,0.960656583
209,0.617831945
210,0.705415666
211,0.976544142
212,1
213,1
214,0.968484819
215,1
216,0.958116412
217,0.989323437
218,1
219,0.987115145
220,0.962424099
221,0.69112455800000006
222,1
223,1
224,0.943826914
225,1
226,0.774901748
227,0.890542805
228,1
229,1
230,1
231,0.986217797
232,0.709528029
233,0.959299505
234,0.576325417
235,0.98987996599999994
236,0.940392196
237,0.978274643
238,0.973406971
239,0.883149505
240,1
241,0.986249924
242,0.74446106
243,0.249888465
244,0.987086415
245,1
246,1
247,0.983268857
248,0.983579457
249,1
250,1
251,1
252,0.835618377
253,1
254,1
255,1
256,1
257,0.981823742
258,0.966545761
259,0.968985677
260,1
261,0.97593528
262,0.95204097
263,1
264,1
265,1
266,0.951553881
267,1
268,0.983879983
269,0.98952347
270,1
271,0.978664517
272,0.959168196
273,0.988517284
274,0.490001023
275,1
276,0.798408806
277,1
278,1
279,0.922859073
280,0.975609422
281,1
282,1
283,0.957321167
284,0.980410516
285,1
286,0.950318217
287,1
288,1
289,1
290,1
291,0.860776842
292,0.931049109
293,1
294,0.94486779
295,1
296,0.460524768
297,0.657346487
298,0.962879956
299,0.835003078
300,0.98551929
301,0.815608442
302,1
303,0.500124872
304,0.835433424
305,0.963095069
306,1
307,1
308,1
309,0.985430002
310,0.98313117
311,1
312,0.966485858
313,1
314,0.977545142
315,1
316,1
317,0.989222646
318,1
319,0.987038255
320,1
321,0.97508198
322,0.340791017
323,1
324,1
325,1
326,0.87680763
327,1
328,1
329,0.976819336
330,0.984234989
331,1
332,0.983585
333,0.984795928
334,0.966113031
335,1
336,0.977592528
337,1
338,1
339,0.980087936
340,0.970476627
341,0.976269007
342,1
343,0.905925274
344,1
345,1
346,0.955751479
347,0.982758701
348,1
349,0.98892957
350,0.929270864
351,0.985090494
352,1
353,1
354,0.623755872
355,0.988549054
356,1
357,0.916670263
358,1
359,0.983878732
360,0.541809082
361,0.978174031
362,1
363,0.977958143
364,0.871806622
365,1
366,1
367,0.989223719
368,0.986664295
369,0.965526462
370,1
371,1
372,0.974537373
373,0.889623702
374,0.372228295
375,0.970919788
376,1
377,0.47100687
378,0.969734848
379,1
380,0.817293584
381,0.840077877
382,1
383,1
384,0.970832884
385,0.964878798
386,0.988450885
387,0.945010126
388,0.910658002
389,1
390,1
391,0.97853297
392,0.98426497
393,0.972482741
394,0.983648181
395,0.929799259
396,1
397,0.985238612
398,1
399,1
400,1
401,1
402,1
403,0.968150735
404,1
405,1
406,0.933430553
407,0.937314034
408,0.986273468
409,1
410,1
411,1
412,0.876557708
413,0.912272275
414,0.98409307
415,0.987478137
416,0.970523
417,0.988262355
418,0.981074393
419,1
420,0.988421321
421,1
422,0.983631015
423,0.973963678
424,0.892977297
425,1
426,0.987240374
427,1
428,0.989201069
429,0.962249279
430,1
431,1
432,0.965145886
433,0.933487833
434,0.974262416
435,1
436,1
437,0.968122363
438,0.22560668
439,0.987185657
440,0.37690559
441,1
442,1
443,1
444,1
445,0.914801002
446,1
447,0.987950981
448,1
449,1
450,0.957545638
451,0.870823979
452,0.988477349
453,1
454,0.902765691
455,0.944338262
456,1
457,1
458,0.985461175
459,1
460,0.618689537
461,0.828342021
462,1
463,0.982339323
464,0.971559823
465,0.978569508
466,1
467,0.59065479
468,0.916866303
469,0.98629272
470,0.983045697
471,0.971639991
472,0.933313429
473,1
474,0.977087379
475,0.980059862
476,1
477,1
478,1
479,1
480,1
481,1
482,0.981015325
483,1
484,0.989033461
485,0.987475216
486,0.940026641
487,0.952915669
488,0.985384285
489,1
490,1
491,0.979600012
492,1
493,0.725439847
494,1
495,1
496,1
497,1
498,1
499,1
500,0.984180808
501,0.983755231
502,0.625351727
503,0.958732128
504,0.982016623
505,0.986596406
506,1
507,0.988292873
508,1
509,1
510,0.17530933
511,0.973206043
512,1
513,0.961996138
514,0.783545911
515,0.981143236
516,1
517,1
518,0.983793795
519,1
520,0.835296571
521,1
522,0.906537712
523,1
524,0.330326438
525,0.929934263
526,0.542396545
527,0.962230921
528,0.9835127
529,1
530,1
531,0.94290477
532,0.988039076
533,1
534,1
535,0.989441037
536,1
537,1
538,0.971023738
539,0.985286236
540,0.981182039
541,1
542,0.974579155
543,0.698937714
544,0.91550827
545,0.98514396
546,0.979444504
547,0.628395438
548,0.915741503
549,0.956530929
550,0.968726397
551,1
552,0.926685572
553,0.96797806
554,0.939620733
555,0.98468852
556,0.964352787
557,1
558,0.944016933
559,0.952689469
560,1
561,1
562,0.962287545
563,0.9884184
564,0.974460602
565,1
566,0.928350747
567,0.97941941
568,0.970227599
569,1
570,1
571,0.733039081
572,1
573,0.910559714
574,0.85867703
575,1
576,1
577,0.983750641
578,1
579,0.905040324
580,0.926834524
581,1
582,0.97525996
583,1
584,0.945768178
585,1
586,1
587,0.987681925
588,0.978646696
589,1
590,0.948623896
591,0.973359525
592,0.987958074
593,0.878062785
594,1
595,1
596,1
597,1
598,0.971214056
599,0.88255012
600,0.98767972
601,1
602,0.971639276
603,1
604,0.981345356
605,1
606,1
607,1
608,0.961282194
609,0.988916993
610,0.907837451
611,1
612,1
613,0.970957875
614,0.67781812
615,1
616,0.569234371
617,0.989851892
618,0.972610474
619,1
620,0.984533131
621,1
622,0.965266287
623,0.932962775
624,0.904529095
625,0.982088029
626,1
627,0.98119992
628,0.954141498
629,1
630,0.988178194
631,0.989761174
632,0.958982885
633,1
634,1
635,0.974894881
636,1
637,1
638,0.976870775
639,0.960470021
640,0.988883734
641,0.968879581
642,0.964376509
643,1
644,1
645,1
646,0.872520566
647,0.952015221
648,0.886174083
649,1
650,0.96704936
651,1
652,1
653,0.751130819
654,0.984051824
655,0.835330188
656,1
657,0.983709574
658,1
659,1
660,1
661,1
662,0.9771927
663,1
664,0.971098959
665,0.958387852
666,0.692280531
667,0.925350666
668,0.981751382
669,0.928830564
670,0.878944337
671,0.9157269
672,0.9835639
673,0.529573917
674,0.952490568
675,0.978500664
676,1
677,0.86193043
678,0.982600987
679,1
680,1
681,0.800855875
682,0.836539149
683,1
684,0.987086117
685,0.979100525
686,1
687,0.985127866
688,1
689,0.963882625
690,1
691,1
692,1
693,0.742720664
694,1
695,0.988822103
696,0.813800633
697,1
698,0.97850287
699,1
700,0.987773359
701,0.981674194
702,0.989197075
703,0.985503733
704,0.95765537
705,0.961106956
706,0.92407769
707,0.972185314
708,1
709,0.976744473
710,0.982877612
711,0.984409034
712,0.986393631
713,1
714,1
715,1
716,0.923348486
717,1
718,1
719,0.981077015
720,0.982020795
721,0.94181174
722,0.980719388
723,0.967690945
724,0.962522626
725,1
726,0.940501154
727,0.974425972
728,1
729,0.926589847
730,0.984762192
731,0.970124245
732,1
733,1
734,1
735,0.958819449
736,0.686396956
737,0.970944822
738,1
739,0.987737536
740,0.983251274
741,0.989674866
742,0.948911905
743,1
744,1
745,0.982613623
746,0.984523833
747,1
748,0.963882625
749,0.983155727
750,1
751,0.956513286
752,1
753,0.988321722
754,1
755,0.984144986
756,0.804529071
757,1
758,1
759,0.977062225
760,0.977163911
761,0.970280528
762,0.954033971
763,0.913777411
764,0.965985537
765,0.982901812
766,0.984199047
767,0.940855265
768,1
769,1
770,0.930040062
771,1
772,0.943121791
773,1
774,0.958162487
775,1
776,0.763280094
777,0.989470244
778,0.981213272
779,1
780,0.904169142
781,0.862168074
782,1
783,1
784,0.96881032
785,0.800157666
786,0.977587283
787,0.986437261
788,0.927716851
789,1
790,0.904368341
791,0.954890192
792,1
793,0.94205153
794,0.982225657
795,0.989493012
796,0.917614043
797,1
798,1
799,0.929884076
800,1
801,1
802,1
803,0.944105089
804,1
805,1
806,1
807,0.818780839
808,0.945554853
809,1
810,1
811,0.974677086
812,0.698057592
813,0.983833969
814,0.922714829
815,0.662322998
816,1
817,1
818,0.980726838
819,0.96258527
820,0.975981295
821,0.952430069
822,1
823,1
824,0.98976177
825,0.981888712
826,0.919103086
827,1
828,0.985944629
829,0.968624413
830,1
831,0.853052616
832,1
833,1
834,1
835,1
836,1
837,0.97017169
838,1
839,0.913088501
840,0.974631548
841,0.977467239
842,1
843,0.988119602
844,1
845,0.978725135
846,0.980991244
847,0.988030851
848,1
849,0.975953102
850,0.605491698
851,1
852,0.983672679
853,1
854,0.484325111
855,1
856,0.978812039
857,0.959889412
858,1
859,1
860,0.978873909
861,0.980667114
862,0.97511667
863,0.984401643
864,0.984509051
865,0.86579591
866,0.974412918
867,0.983086228
868,1
869,1
870,0.981845856
871,0.987593353
872,0.894369602
873,1
874,0.936342299
875,1
876,1
877,1
878,0.988731682
879,1
880,0.943996012
881,0.96682322
882,1
883,0.988353729
884,0.9510144
885,0.930693448
886,0.987915039
887,0.904263735
888,1
889,0.956119895
890,1
891,1
892,0.947508276
893,0.932015479
894,1
895,0.988763928
896,0.962391853
897,0.859979749
898,1
899,0.944859505
900,1
901,1
902,1
903,0.969934225
904,1
905,1
906,0.989485979
907,1
908,1
909,0.852659226
910,0.953574777
911,0.978312373
912,1
913,1
914,1
915,1
916,0.9770329
917,0.985112727
918,1
919,1
920,0.98828399199999994
921,1
922,1
923,0.843908548
924,0.962351501
925,0.775627196
926,1
927,1
928,1
929,1
930,1
931,1
932,0.963070512
933,0.939893186
934,0.957756519
935,0.975130737
936,0.961175799
937,0.98053062
938,0.986794174
939,0.962893069
940,0.988775015
941,1
942,0.98759532
943,0.731182337
944,1
945,0.976667285
946,0.974046469
947,1
948,0.970582187
949,0.985674202
950,1
951,0.985639691
952,0.634111524
953,0.980518103
954,0.975774765
955,0.988996983
956,0.59587878
957,1
958,0.950246096
959,0.501351357
960,0.941191971
961,0.977925301
962,1
963,0.975096762
964,0.926685751
965,0.980897248
966,0.944875538
967,0.957947671
968,0.959001005
969,0.95417279
970,0.98358649
971,0.978332341
972,1
973,0.987871409
974,0.989357054
975,0.982667863
976,0.92436105
977,0.989941955
978,0.951562643
979,0.914644897
980,0.613020778
981,1
982,0.980906248
983,1
984,0.580558896
985,0.983409047
986,0.920803964
987,1
988,1
989,1
990,0.863650084
991,0.488864511
992,0.972912788
993,1
994,1
995,0.958963811
996,0.985024095
997,0.443942845
998,0.956259549
999,0.953122139
1000,0.983093739
1001,0.981905222
1002,0.973314226
1003,0.983152807
1004,1
1005,1
1006,0.955403626
1007,1
1008,1
1009,1
1010,0.980483055
1011,1
1012,0.98497808
1013,1
1014,0.962017715
1015,0.980036557
1016,1
1017,0.489648432
1018,0.987383425
1019,0.973260462
1020,1
1021,1
1022,0.985590041
1023,0.976884663
1024,1
1025,0.935317814
1026,0.864701212
1027,1
1028,1
1029,1
1030,0.956985354
1031,0.9600119
1032,1
1033,1
1034,0.979397118
1035,1
1036,1
1037,1
1038,0.989223123
1039,0.981329978
1040,0.988974094
1041,0.981741488
1042,0.981072545
1043,0.226942256
1044,0.918600142
1045,0.912936449
1046,0.972655952
1047,0.959266901
1048,0.943724334
1049,0.408067197
1050,1
1051,1
1052,1
1053,1
1054,0.934491515
1055,0.970798314
1056,0.957195222
1057,0.949149609
1058,1
1059,1
1060,0.98369664
1061,0.975072146
1062,0.96860683
1063,1
1064,0.981115222
1065,1
1066,1
1067,0.987843752
1068,0.971271098
1069,0.969594419
1070,1
1071,0.693502545
1072,0.98276031
1073,0.806477726
1074,1
1075,1
1076,1
1077,0.954787016
1078,1
1079,1
1080,0.983377934
1081,1
1082,1
1083,1
1084,0.988581479
1085,0.960083842
1086,1
1087,0.96479547
1088,0.96407795
1089,0.987791836
1090,1
1091,0.931170404
1092,1
1093,0.985469163
1094,1
1095,1
1096,0.982392788
1097,1
1098,1
1099,1
1100,0.986348033
1101,0.95522356
1102,0.949419558
1103,0.972825944
1104,0.932204664
1105,1
1106,1
1107,0.980260432
1108,1
1109,1
1110,0.966197312
1111,1
1112,0.983495295
1113,1
1114,0.943332017
1115,0.929304719
1116,1
1117,0.94587332
1118,0.96906352
1119,0.968168736
1120,0.973774791
1121,0.977499783
1122,0.656639218
1123,0.910655737
1124,0.962708652
1125,1
1126,0.984170437
1127,1
1128,1
1129,1
1130,1
1131,0.974476695
1132,0.948835492
1133,1
1134,1
1135,0.873127937
1136,0.964939833
1137,0.97839582
1138,1
1139,0.988919079
1140,0.95242554
1141,0.942278206
1142,1
1143,0.952095926
1144,0.979916334
1145,1
1146,1
1147,0.987804532
1148,0.940870106
1149,0.976703107
1150,1
1151,1
1152,1
1153,0.972555935
1154,0.76955682
1155,1
1156,1
1157,0.982740402
1158,0.946612477
1159,1
1160,0.887097061
1161,1
1162,0.987582445
1163,0.988717675
1164,1
1165,1
1166,0.983752132
1167,1
1168,0.984292388
1169,0.989653528
1170,0.980041325
1171,1
1172,0.985568345
1173,0.962552011
1174,0.977519035
1175,1
1176,1
1177,1
1178,0.983858764
1179,1
1180,0.545978069
1181,0.784150958
1182,0.974611938
1183,0.986122549
1184,1
1185,1
1186,0.977186441
1187,0.986723959
1188,0.478485018
1189,1
1190,1
1191,0.978965342
1192,0.981941104
1193,1
1194,0.973097444
1195,0.970710695
1196,0.965823829
1197,0.988505304
1198,1
1199,1
1200,1
1201,0.985782862
1202,0.989142716
1203,1
1204,1
1205,1
1206,0.986980498
1207,0.598262727
1208,1
1209,0.849833965
1210,0.89812398
1211,1
1212,1
1213,1
1214,0.976438642
1215,1
1216,0.92011112
1217,0.969179571
1218,0.960992158
1219,0.911406994
1220,0.934841454
1221,0.984659672
1222,0.979934514
1223,1
1224,0.881842017
1225,1
1226,1
1227,0.979438782
1228,0.989759684
1229,0.970307171
1230,1
1231,0.981256187
1232,1
1233,1
1234,0.975108087
1235,0.988542557
1236,0.983107209
1237,0.977255285
1238,0.975658476
1239,1
1240,0.926063895
1241,0.949360371
1242,0.974928439
1243,0.987969995
1244,1
1245,0.9891451
1246,0.972550392
1247,0.944125712
1248,1
1249,0.95996958
1250,1
1251,0.940530539
1252,0.904785097
1253,1
1254,0.970578373
1255,1
1256,1
1257,0.982711375
1258,0.985177934
1259,0.983698368
1260,1
1261,0.983261645
1262,0.973711133
1263,0.98131001
1264,0.981820405
1265,0.977625191
1266,0.968708396
1267,1
1268,0.984396339
1269,1
1270,0.987969875
1271,0.982153118
1272,1
1273,1
1274,0.936838985
1275,1
1276,0.984931111
1277,0.984385908
1278,0.970518768
1279,1
1280,0.977534175
1281,1
1282,1
1283,0.97593528
1284,0.966970921
1285,0.980413139
1286,0.986838877
1287,0.810018957
1288,0.971554101
1289,0.980313838
1290,0.980526507
1291,0.985177398
1292,0.973817289
1293,0.983775914
1294,0.979193986
1295,0.983670235
1296,0.95745796
1297,1
1298,1
1299,0.957048535
1300,0.921853602
1301,1
1302,0.951982498
1303,0.989907503
1304,0.961177647
1305,0.95746243
1306,1
1307,1
1308,0.981235623
1309,1
1310,0.987348795
1311,1
1312,1
1313,0.851466596
1314,1
1315,0.962105453
1316,1
1317,0.932250261
1318,1
1319,1
1320,0.576167345
1321,0.91219914
1322,1
1323,1
1324,1
1325,0.967975676
1326,0.965251625
1327,0.903520942
1328,0.987525582
1329,0.985179782
1330,0.937558293
1331,0.987014294
1332,0.974642992
1333,0.936998248
1334,0.970920205
1335,0.919909835
1336,0.988538921
1337,0.982278585
1338,1
1339,0.966996193
1340,0.984630048
1341,0.981398761
1342,0.988901973
1343,1
1344,0.976685226
1345,1
1346,0.974197507
1347,0.987210035
1348,0.961714566
1349,1
1350,1
1351,0.907166243
1352,0.984379351
1353,0.979788721
1354,0.986612082
1355,1
1356,0.989373505
1357,0.908437789
1358,0.869507909
1359,0.215753272
1360,0.877094388
1361,0.951224506
1362,0.970860422
1363,1
1364,0.967882454
1365,0.989102602
1366,1
1367,1
1368,0.986019731
1369,1
1370,0.944260895
1371,1
1372,0.808192492
1373,0.803154886
1374,0.988899708
1375,1
1376,0.983877659
1377,0.972864211
1378,1
1379,0.970837653
1380,0.959067345
1381,1
1382,0.92515868
1383,1
1384,1
1385,0.9473207
1386,0.980299115
1387,0.968660295
1388,0.945545495
1389,1
1390,1
1391,0.578025639
1392,1
1393,0.971715927
1394,1
1395,0.636912942
1396,0.978485823
1397,0.973012149
1398,1
1399,0.950236738
1400,0.95420599
1401,1
1402,0.986276865
1403,0.937922299
1404,0.97809428
1405,0.987338901
1406,0.984220743
1407,0.978160977
1408,1
1409,0.798144102
1410,0.981912971
1411,0.966012597
1412,0.98431927
1413,0.457306653
1414,0.828799903
1415,1
1416,0.973705471
1417,0.952710688
1418,0.98707306399999994
1419,0.987139165
1420,1
1421,1
1422,1
1423,0.947771192
1424,1
1425,1
1426,0.983069658
1427,0.989894807
1428,0.962145507
1429,0.333073318
1430,0.989415407
1431,1
1432,1
1433,0.193379089
1434,0.719575703
1435,0.987642288
1436,1
1437,0.971468687
1438,1
1439,0.977510631
1440,1
1441,0.90631336
1442,1
1443,0.969140053
1444,1
1445,0.989569783
1446,1
1447,0.988165975
1448,0.974991202
1449,1
1450,1
1451,0.956994712
1452,1
1453,1
1454,0.952781022
1455,0.987062752
1456,0.896160424
1457,0.975721419
1458,1
1459,0.971630752
1460,1
1461,1
1462,0.430138886
1463,0.969578922
1464,0.540475071
1465,0.98958838
1466,0.980403721
1467,0.946495831
1468,1
1469,0.98631835
1470,1
1471,0.983810186
1472,0.945101142
1473,0.967746854
1474,1
1475,1
1476,1
1477,0.938939214
1478,1
1479,0.981434345
1480,0.971022725
1481,1
1482,0.841537654
1483,0.974048972
1484,0.965948939
1485,0.976952672
1486,1
1487,0.978808284
1488,0.951780498
1489,1
1490,0.916113317
1491,1
1492,1
1493,0.952772141
1494,0.938368201
1495,0.974429667
1496,0.986833155
1497,1
1498,0.989512742
1499,0.977086842
1500,0.985708952
1501,1
1502,0.928482771
1503,1
1504,0.980888665
1505,1
1506,0.917429447
1507,0.982339561
1508,0.9562518
1509,0.985623598
1510,0.988892973
1511,0.98740780399999994
1512,1
1513,1
1514,0.984479725
1515,0.964508355
1516,0.89707762
1517,0.604035854
1518,1
1519,1
1520,1
1521,0.982812226
1522,0.876358807
1523,0.986088991
1524,0.928709269
1525,1
1526,0.987183571
1527,1
1528,0.972285807
1529,0.954654992
1530,0.989288449
1531,0.965672076
1532,0.981591463
1533,0.987104535
1534,1
1535,1
1536,0.989062965
1537,1
1538,1
1539,1
1540,1
1541,1
1542,0.983081043
1543,0.817206562
1544,0.97991395
1545,1
1546,0.98657763
1547,0.987880409
1548,1
1549,1
1550,1
1551,0.952129364
1552,1
1553,1
1554,1
1555,0.976388097
1556,0.988794923
1557,0.934947431
1558,1
1559,1
1560,0.979369462
1561,0.982245088
1562,0.937484145
1563,0.484446734
1564,0.961789191
1565,0.981822014
1566,1
1567,1
1568,0.982174635
1569,0.896983922
1570,1
1571,0.927907109
1572,1
1573,0.667517662
1574,0.989363492
1575,0.985634029
1576,0.988201141
1577,1
1578,0.932908416
1579,1
1580,0.656747878
1581,1
1582,1
1583,0.984147191
1584,0.987598836
1585,0.987412095
1586,0.973940194
1587,0.959470451
1588,1
1589,0.9872486
1590,1
1591,0.984256327
1592,1
1593,0.960663736
1594,0.968009532
1595,0.244541824
1596,0.98906225
1597,0.967431247
1598,0.980926752
1599,0.240399361
1600,0.978865385
1601,0.985002816
1602,0.987177014
1603,0.953867137
1604,0.980754972
1605,1
1606,1
1607,0.984422445
1608,0.747683048
1609,0.912049115
1610,0.855039179
1611,1
1612,0.987683833
1613,1
1614,0.956227183
1615,1
1616,0.959759176
1617,0.630897284
1618,0.984180808
1619,1
1620,0.988286316
1621,0.963231206
1622,0.879343867
1623,0.950442374
1624,0.988196194
1625,1
1626,1
1627,0.375855595
1628,0.958840966
1629,0.975417495
1630,0.984888911
1631,1
1632,0.972012758
1633,0.966885865
1634,1
1635,0.987727642
1636,1
1637,1
1638,0.987178564
1639,0.978780389
1640,1
1641,1
1642,0.985189617
1643,1
1644,1
1645,0.89571619
1646,1
1647,0.954419613
1648,1
1649,0.930602491
1650,1
1651,1
1652,1
1653,1
1654,1
1655,1
1656,0.967076361
1657,0.94391793
1658,1
1659,0.881537974
1660,1
1661,1
1662,1
1663,1
1664,1
1665,0.985095799
1666,1
1667,0.904414296
1668,1
1669,0.987112939
1670,1
1671,0.836714387
1672,0.984076798
1673,0.943571806
1674,1
1675,0.173420772
1676,0.373510987
1677,0.969836772
1678,1
1679,0.980053484
1680,1
1681,0.951974154
1682,0.988466263
1683,1
1684,0.703241527
1685,0.978919864
1686,1
1687,0.984735251
1688,1
1689,0.984047234
1690,1
1691,1
1692,1
1693,0.976971984
1694,0.956734955
1695,1
1696,1
1697,0.989014328
1698,0.971060038
1699,0.970642865
1700,1
1701,0.928190291
1702,1
1703,0.967625082
1704,1
1705,0.970542014
1706,1
1707,1
1708,0.986398816
1709,1
1710,1
1711,0.966702581
1712,1
1713,0.465640932
1714,0.985030234
1715,1
1716,1
1717,0.92189759
1718,0
1719,0.976873934
1720,0.978155971
1721,1
1722,0.970702171
1723,1
1724,1
1725,0.966398537
1726,0.986915171
1727,1
1728,1
1729,0.976419926
1730,0.989058435
1731,0.977384508
1732,1
1733,1
1734,1
1735,1
1736,0.987272799
1737,0.972055435
1738,0.988292992
1739,0.98620379
1740,1
1741,0.987226903
1742,0.986559033
1743,0.97650528
1744,0.945634663
1745,1
1746,1
1747,0.984954953
1748,0.959070861
1749,1
1750,0.97230196
1751,0.949091077
1752,0.96927166
1753,1
1754,1
1755,0.904342711
1756,0.977038026
1757,0.989339411
1758,1
1759,1
1760,0.977094472
1761,0.866302848
1762,0.900792837
1763,1
1764,0.987108946
1765,0.96002847
1766,0.972946763
1767,1
1768,0.164008573
1769,0.979225218
1770,0.966331542
1771,0.98669076
1772,0.989710748
1773,0.972068071
1774,0.989776611
1775,0.989226818
1776,0.947449267
1777,0.972877026
1778,0.899588227
1779,1
1780,0.926920176
1781,0.961493611
1782,0.945542455
1783,1
1784,0.973276079
1785,1
1786,0.979039371
1787,0.902757347
1788,0.967446983
1789,0.974828303
1790,1
1791,0.72317189
1792,0.987899602
1793,1
1794,0.787591636
1795,0.954321504
1796,0.872002006
1797,0.930344582
1798,0.989606917
1799,1
1800,1
1801,0.946047068
1802,1
1803,0.966541827
1804,1
1805,0.820470452
1806,0.941271544
1807,1
1808,1
1809,1
1810,1
1811,0.981230259
1812,1
1813,0.796679795
1814,0.916730762
1815,0.862605572
1816,0.982868969
1817,1
1818,0.987542331
1819,0.937694848
1820,1
1821,1
1822,1
1823,0.982735753
1824,0.79022032
1825,1
1826,0.925360978
1827,1
1828,0.986940801
1829,1
1830,0.9242872
1831,0.981976628
1832,1
1833,1
1834,0.987185419
1835,0.967624426
1836,1
1837,1
1838,0.967524886
1839,0.987568677
1840,0.982929587
1841,0.97927928
1842,0.984799504
1843,1
1844,0.969302535
1845,1
1846,0.976594746
1847,0.979370475
1848,0.980215967
1849,0.98122704
1850,0.984470248
1851,1
1852,1
1853,0.692131937
1854,0.962265909
1855,0.984128714
1856,1
1857,1
1858,0.42565009
1859,1
1860,0.960091233
1861,0.94829154
1862,1
1863,0.958816528
1864,0.970792353
1865,0.968968034
1866,0.988842487
1867,0.984845161
1868,1
1869,0.950423181
1870,0.953662396
1871,0.988360524
1872,0.983752489
1873,0.799249589
1874,0.980453372
1875,0.869243801
1876,1
1877,1
1878,0.900624156
1879,0.985608876
1880,1
1881,0.987621605
1882,1
1883,0.968427062
1884,0.409261078
1885,0.955060661
1886,0.949997485
1887,0.955099881
1888,0.988475323
1889,1
1890,1
1891,0.976334333
1892,1
1893,0.984794915
1894,1
1895,0.989627004
1896,1
1897,1
1898,0.96788621
1899,0.806209147
1900,0.969470382
1901,0.654204309
1902,0.985823751
1903,1
1904,1
1905,1
1906,1
1907,1
1908,0.858561516
1909,0.977615416
1910,0.980428278
1911,1
1912,1
1913,0.933727622
1914,1
1915,0.978556395
1916,0.967844904
1917,0.980452418
1918,1
1919,0.872934878
1920,0.823415101
1921,0.949006558
1922,1
1923,1
1924,0.926681757
1925,1
1926,0.931694865
1927,1
1928,1
1929,1
1930,0.971783698
1931,0.955127418
1932,0.804353237
1933,0.978869259
1934,0.985732913
1935,1
1936,0.917527616
1937,1
1938,1
1939,0.978496313
1940,1
1941,0.988996625
1942,1
1943,0.927798152
1944,0.975815058
1945,0.947555244
1946,1
1947,0.976819098
1948,0.966842651
1949,1
1950,0.977314949
1951,1
1952,0.986242175
1953,1
1954,0.984389961
1955,0.989954591
1956,0.977980375
1957,0.605015159
1958,1
1959,0.969342768
1960,1
1961,0.986951232
1962,0.985601604
1963,0.964828074
1964,1
1965,1
1966,0.970274925
1967,1
1968,0.274528891
1969,0.938630045
1970,1
1971,0.329583705
1972,1
1973,0.972693026
1974,1
1975,0.930395663
1976,0.964683414
1977,0.954182088
1978,0.972091496
1979,0.959503591
1980,1
1981,1
1982,1
1983,0.914781451
1984,1
1985,0.96359688
1986,0.989280641
1987,0.868906617
1988,1
1989,0.982222796
1990,1
1991,0.943234623
1992,1
1993,1
1994,0.946216106
1995,0.970529974
1996,0.979275703
1997,1
1998,0.975953698
1999,0.978196561
2000,0.971072614
2001,0.905400574
2002,0.979250252
2003,1
2004,1
2005,0.968472004
2006,0.964848161
2007,0.89388603
2008,0.852762878
2009,0.983801186
2010,0.949969113
2011,0.965483785
2012,0.979504883
2013,0.971284449
2014,0.983424127
2015,1
2016,1
2017,0.989385307
2018,0.973715186
2019,1
2020,0.94516331
2021,0.986537695
2022,0.453955084
2023,0.955923557
2024,0.953203023
2025,0.922136128
2026,0.850627899
2027,1
2028,1
2029,1
2030,0.923663855
2031,0.988689244
2032,0.944313645
2033,1
2034,0.980383456
2035,0.976078928
2036,0.972894192
2037,1
2038,0.979138315
2039,1
2040,1
2041,1
2042,0.97989893
2043,0.987296104
2044,0.322250783
2045,1
2046,0.983917356
2047,0.97924757
2048,0.937071085
2049,1
2050,0.986363828
2051,1
2052,0.892464161
2053,0.961482823
2054,0.983998299
2055,0.936856866
2056,0.801672876
2057,0.948961914
2058,1
2059,0.96378088
2060,0.966256738
2061,0.918106735
2062,0.988791585
2063,0.92489171
2064,0.956934214
2065,0.985551119
2066,1
2067,0.191595852
2068,0.920838416
2069,1
2070,1
2071,0.987113953
2072,1
2073,1
2074,1
2075,0.73780328
2076,1
2077,1
2078,0.809117854
2079,0.856718421
2080,1
2081,0.929883659
2082,1
2083,1
2084,0.773559392
2085,0.98001194
2086,1
2087,0.954126
2088,0.989530683
2089,0.950110495
2090,0.957499623
2091,0.964451611
2092,1
2093,1
2094,1
2095,0.97292614
2096,1
2097,0.984762192
2098,0.78793323
2099,0.988839328
2100,1
2101,1
2102,1
2103,1
2104,1
2105,0.904939115
2106,0.979096472
2107,0.989268363
2108,1
2109,0.389327675
2110,1
2111,1
2112,0.234513193
2113,0.986787796
2114,1
2115,1
2116,1
2117,0.929019749
2118,1
2119,1
2120,0.959566295
2121,0.578115702
2122,0.972655296
2123,1
2124,1
2125,1
2126,0.91835779
2127,0.970377624
2128,1
2129,1
2130,0.984395027
2131,1
2132,0.876820028
2133,1
2134,1
2135,0.924181402
2136,1
2137,0.984635592
2138,0.977605522
2139,0.934645414
2140,1
2141,0.90149349
2142,1
2143,1
2144,0.989467681
2145,0.88124603
2146,0.974199951
2147,1
2148,0.987368524
2149,1
2150,1
2151,0.926213384
2152,1
2153,0.954305112
2154,0.885840118
2155,0.90019244
2156,1
2157,0.960147381
2158,0.969433963
2159,1
2160,0.985835433
2161,1
2162,0.878281295
2163,0.93298012
2164,1
2165,1
2166,0.878612876
2167,1
2168,1
2169,0.923497915
2170,1
2171,0.889627218
2172,1
2173,0.928596973
2174,0.983920157
2175,0.926739752
2176,0.989090622
2177,1
2178,0.866263211
2179,1
2180,1
2181,1
2182,1
2183,0.982256949
2184,1
2185,1
2186,0.976251185
2187,1
2188,0.970560551
2189,1
2190,1
2191,0.984098613
2192,0.987132311
2193,1
2194,0.973598659
2195,0.983123899
2196,1
2197,0.843594432
2198,0.97232425200000006
2199,0.954927445
2200,0.989617527
2201,0.87206763
2202,1
2203,0.986793816
2204,1
2205,1
2206,0.832874954
2207,0.960920692
2208,0.970216692
2209,1
2210,1
2211,0.966160774
2212,1
2213,0.943832934
2214,0.989750207
2215,0.9125247
2216,1
2217,0.9881742
2218,0.987295568
2219,0.963091493
2220,0.977504909
2221,1
2222,0.95443928200000006
2223,0.981421292
2224,0.97968483
2225,1
2226,0.965649307
2227,0.966569662
2228,1
2229,0.959970832
2230,0.876322627
2231,0.94829154
2232,1
2233,0.55463481
2234,0.966287136
2235,1
2236,0.974393725
2237,1
2238,0.955848634
2239,0.98088789
2240,0.33092469
2241,0.764498234
2242,0.982761681
2243,1
2244,0.981221199
2245,0.96758014
2246,0.801547885
2247,0.975931346
2248,0.986491859
2249,1
2250,0.963980317
2251,0.956575036
2252,0.984924376
2253,0.968442559
2254,0.984526157
2255,0.968430936
2256,0.973991513
2257,1
2258,0.256689549
2259,0.983259976
2260,0.939403474
2261,1
2262,0.988713026
2263,0.981093109
2264,1
2265,0.871996522
2266,0.952412784
2267,1
2268,0.96634835
2269,0.877392292
2270,0.98838228
2271,1
2272,0.97490263
2273,1
2274,1
2275,0.959845066
2276,1
2277,1
2278,0.978465617
2279,1
2280,0.931931198
2281,0.989964306
2282,0.95980376
2283,0.939580858
2284,0.970358014
2285,0.970914125
2286,1
2287,0.986666739
2288,1
2289,0.950689316
2290,0.977248609
2291,1
2292,0.98435694
2293,0.979010224
2294,0.987291575
2295,0.989624441
2296,0.970992506
2297,0.960680902
2298,0.989527524
2299,0.93204248
2300,1
2301,0.948515773
2302,0.934231103
2303,0.981575728
2304,1
2305,1
2306,0.977422774
2307,0.948794067
2308,0.882492662
2309,0.980459333
2310,1
2311,1
2312,0.978325605
2313,1
2314,0.988283873
2315,1
2316,0.978472948
2317,0.944962382
2318,1
2319,1
2320,0.977591157
2321,0.986159384
2322,1
2323,0.95340669199999994
2324,0.917145014
2325,0.977615058
2326,0.968798339
2327,1
2328,0.965555489
2329,0.796956062
2330,0.982895851
2331,0.942435801
2332,1
2333,0.985171676
2334,0.865123451
2335,0
2336,0.973770142
2337,0.967024505
2338,0.92967397
2339,0.957491279
2340,0.955351591
2341,0.988140345
2342,0.965909898
2343,1
2344,1
2345,1
2346,0.941399336
2347,0.980595052
2348,0.924632609
2349,0.94533664
2350,0.966195047
2351,1
2352,0.975030661
2353,0.972409129
2354,0.945994794
2355,1
2356,1
2357,0.978752852
2358,0.985730171
2359,1
2360,1
2361,0.818691135
2362,0.970111251
2363,0.973777711
2364,0.979450643
2365,0.432972521
2366,1
2367,1
2368,1
2369,0.975457788
2370,0.983769357
2371,1
2372,0.857291699
2373,0.974971175
2374,1
2375,0.952759802
2376,0.942457736
2377,1
2378,0.934034944
2379,0.975217998
2380,1
2381,1
2382,1
2383,0.792442381
2384,0.637780309
2385,0.985852718
2386,0.649597287
2387,0.942096174
2388,0.98767674
2389,0.729322374
2390,1
2391,0.987411201
2392,0.98518151
2393,1
2394,0.980183125
2395,1
2396,1
2397,1
2398,0.985390186
2399,1
2400,0.969536245
2401,1
2402,0.985370636
2403,1
2404,1
2405,0.82143575
2406,0.946134925
2407,1
2408,0.865893126
2409,0.988817811
2410,0.981845021
2411,0.989849567
2412,0.984055877
2413,0.984325171
2414,0.967681766
2415,1
2416,0.981498897
2417,0.984215319
2418,0.974244297
2419,0.976935804
2420,1
2421,1
2422,1
2423,0.952374637
2424,0.982794285
2425,1
2426,0.972356737
2427,1
2428,0.967060447
2429,0.987558901
2430,0.918211639
2431,0.749811709
2432,0.985381305
2433,1
2434,0.980017066
2435,0.986749709
2436,0.978699446
2437,0.98781991
2438,1
2439,0.958880425
2440,1
2441,0.983928919
2442,1
2443,1
2444,0.806453168
2445,1
2446,0.986671031
2447,0.546501696
2448,0.975557685
2449,1
2450,0.98583138
2451,1
2452,0.92897296
2453,0.908211768
2454,0.986316979
2455,0.949587464
2456,1
2457,0.629360497
2458,1
2459,0.843204558
2460,1
2461,1
2462,0.988708913
2463,1
2464,0.959279418
2465,0.985569418
2466,0.971521795
2467,1
2468,1
2469,0.982592702
2470,1
2471,1
2472,1
2473,0.923573017
2474,0.971734941
2475,1
2476,0.915487945
2477,0.983434439
2478,1
2479,1
2480,0.970630944
2481,1
2482,1
2483,1
2484,1
2485,1
2486,0.988684714
2487,0.966891229
2488,0.844103158
2489,0.757837415
2490,1
2491,0.983791471
2492,1
2493,1
2494,1
2495,0.982189655
2496,0.986232638
2497,0.961879075
2498,0.89180094
2499,1
2500,0.967132807
2501,0.974159241
2502,1
2503,0.982203007
2504,1
2505,0.941535831
2506,0.887413025
2507,0.944741905
2508,0.959309042
2509,0.941523373
2510,1
2511,1
2512,1
2513,0.891975224
2514,0.982832491
2515,1
2516,1
2517,0.942081451
2518,0.987955213
2519,0.977613509
2520,0.973399401
2521,0.702237666
2522,0.97138983
2523,0.984384894
2524,1
2525,0.985873699
2526,1
2527,0.761849761
2528,1
2529,0.953130662
2530,0.989327312
2531,1
2532,1
2533,0.832979858
2534,1
2535,1
2536,1
2537,0.974306464
2538,0.96471113
2539,1
2540,1
2541,1
2542,1
2543,0.965782821
2544,0.985798717
2545,0.978091776
2546,0.968377531
2547,0.954053521
2548,0.924241722
2549,0.924943566
2550,0.959454656
2551,1
2552,0.989536166
2553,0.837574542
2554,1
2555,0.850579858
2556,0.988640666
2557,0.984333336
2558,0.967981815
2559,0.945594728
2560,0.951645017
2561,1
2562,1
2563,0.977075219
2564,0.967737377
2565,1
2566,0.977419615
2567,0.95658046
2568,0.793413818
2569,1
2570,1
2571,0.909127712
2572,0.978816688
2573,1
2574,0.98615706
2575,0.973480284
2576,0.611746371
2577,1
2578,0.951500058
2579,1
2580,0.988655448
2581,0.989539921
2582,1
2583,0.977569044
2584,1
2585,0.942638278
2586,0.962142944
2587,1
2588,1
2589,0.3217448
2590,0.975928962
2591,0.989337802
2592,1
2593,0.734403968
2594,0.932124496
2595,0.59446305
2596,1
2597,0.986872554
2598,0.989043951
2599,1
2600,1
2601,1
2602,0.985175073
2603,1
2604,0.961549282
2605,0.981882155
2606,1
2607,0.880062997
2608,0.964855075
2609,0.95363313
2610,0.451957792
2611,0.906732917
2612,0.771354258
2613,0.980704248
2614,1
2615,0.977362692
2616,1
2617,1
2618,0.981887341
2619,1
2620,0.989837885
2621,0.913926125
2622,0.985102296
2623,0.954736054
2624,1
2625,0.989251673
2626,0.980850697
2627,1
2628,0.84044379
2629,0.976669312
2630,1
2631,1
2632,0.980433285
2633,0.659637392
2634,0.823390961
2635,1
2636,0.924841344
2637,1
2638,1
2639,0.865381539
2640,0.928194404
2641,0.89347434
2642,0.903550983
2643,0.942102611
2644,1
2645,0.961657226
2646,1
2647,0.932160139
2648,0.988640428
2649,0.868371785
2650,0.51525569
2651,1
2652,1
2653,0.91782105
2654,1
2655,1
2656,0.983123362
2657,1
2658,0.972401142
2659,0.961004257
2660,0.989262998
2661,0.938035965
2662,1
2663,0.376807302
2664,1
2665,0.974467039
2666,0.975470007
2667,0.954830587
2668,1
2669,1
2670,1
2671,0.940053642
2672,0.849511981
2673,0.987374365
2674,0.985880971
2675,0.815419376
2676,0.958257794
2677,1
2678,1
2679,1
2680,0.945113719
2681,1
2682,0.986019909
2683,0.946741104
2684,0.986121953
2685,0.949117184
2686,0.982221067
2687,0.951888204
2688,0.977361441
2689,1
2690,1
2691,1
2692,0.967074931
2693,1
2694,0.967415988
2695,1
2696,0.97012794
2697,1
2698,0.963032723
2699,0.985708833
2700,0.865236521
2701,0.940837503
2702,0.984515309
2703,0.986428082
2704,1
2705,0.949674726
2706,0.667165577
2707,1
2708,0.842152953
2709,0.971530378
2710,0.988258958
2711,0.881087542
2712,0.959155381
2713,1
2714,0.98597765
2715,0.969520688
2716,0.97321552
2717,0.956158042
2718,1
2719,0.981287062
2720,0.988427579
2721,1
2722,1
2723,0.602840185
2724,0.987107694
2725,1
2726,0.980123341
2727,1
2728,0.889221668
2729,1
2730,0.97450316
2731,0.97841543
2732,1
2733,0.984381199
2734,0.981707156
2735,0.970322549
2736,0.9769907
2737,0.526634216
2738,1
2739,0.987815499
2740,0.97637254
2741,0.983431876
2742,1
2743,0.973945677
2744,1
2745,1
2746,0.983208001
2747,1
2748,1
2749,1
2750,1
2751,0.970958114
2752,0.989750683
2753,0.97058481
2754,0.988130212
2755,1
2756,0.912137568
2757,1
2758,0.949181318
2759,1
2760,1
2761,0.896437943
2762,0.95468545
2763,1
2764,0.791306317
2765,0.937399685
2766,0.988438666
2767,1
2768,0.918197751
2769,1
2770,0.870579839
2771,0.980824113
2772,1
2773,0.961578846
2774,1
2775,0.929974079
2776,0.858457685
2777,1
2778,0.989909053
2779,1
2780,0.23231329
2781,0.970274925
2782,0.951730549
2783,0.978601098
2784,0.888976514
2785,1
2786,0.982022524
2787,1
2788,0.93601054
2789,0.948683024
2790,1
2791,1
2792,0.931926549
2793,0.94830358
2794,1
2795,0.985277474
2796,0.982254446
2797,0.960574091
2798,1
2799,0.876384139
2800,0.967505813
2801,0.975997984
2802,0.98699373
2803,0.924714446
2804,0.988813818
2805,0.833106339
2806,1
2807,0.967954457
2808,0.982540548
2809,0.989132822
2810,0.767729521
2811,1
2812,1
2813,0.971606672
2814,1
2815,0.984793603
2816,1
2817,0.976032376
2818,1
2819,0.974159718
2820,0.595085084
2821,0.805361986
2822,0.985519528
2823,0.986475885
2824,0.952869952
2825,1
2826,0.984634817
2827,1
2828,1
2829,0.985584557
2830,0.657195449
2831,0.981423557
2832,1
2833,0.973416209
2834,0.984010875
2835,0.958375514
2836,0.978374124
2837,0.735692382
2838,0.987752318
2839,1
2840,0.968197584
2841,0.972017348
2842,1
2843,1
2844,0.935421884
2845,1
2846,1
2847,1
2848,1
2849,1
2850,0.953146696
2851,0.465454429
2852,1
2853,0.700173438
2854,1
2855,0.987719834
2856,0.98683387
2857,1
2858,0.543022633
2859,0.910512388
2860,0.940122426
2861,0.939425468
2862,0.861800134
2863,0.989627838
2864,0
2865,0.975284934
2866,1
2867,1
2868,1
2869,1
2870,0.974782884
2871,0.968548477
2872,0.835689604
2873,0.965317607
2874,0.96136713
2875,0.987595439
2876,1
2877,1
2878,0.968747556
2879,0.939467192
2880,1
2881,0.86720252
2882,0.96964252
2883,0.968412817
2884,1
2885,1
2886,0.983654678
2887,1
2888,0.981122732
2889,0.969903171
2890,0.660051525
2891,1
2892,0.928642929
2893,0.58167398
2894,0.974283934
2895,0.662411153
2896,1
2897,0.958486319
2898,1
2899,1
2900,0.976950407
2901,1
2902,0.989013553
2903,0.917254925
2904,1
2905,1
2906,0.972793102
2907,1
2908,0.971373975
2909,1
2910,1
2911,1
2912,0.452245563
2913,1
2914,0.977582514
2915,0.986508906
2916,1
2917,0.719618917
2918,1
2919,0.939567506
2920,1
2921,1
2922,0.204029352
2923,0.95433712
2924,0
2925,0.977750361
2926,0.759964347
2927,0.962192297
2928,1
2929,1
2930,0.148651615
2931,1
2932,0.950676858
2933,1
2934,0.984658957
2935,0.976173818
2936,1
2937,0.935981929
2938,0.989027619
2939,0.978285551
2940,0.970174968
2941,1
2942,0.907032549
2943,0.984155417
2944,0.989647567
2945,0.429842025
2946,0.960524678
2947,0.976555884
2948,0.83512944
2949,1
2950,0.97375226
2951,0.91350472
2952,1
2953,0.97700572
2954,0.977377355
2955,0.959186196
2956,1
2957,0.954063296
2958,0.989237666
2959,0.975618303
2960,0.975060105
2961,0.954400301
2962,0.728670836
2963,0.833719432
2964,0.977348328
2965,0.932542861
2966,0.973913133
2967,0.989716709
2968,1
2969,0.236839637
2970,0.979052067
2971,1
2972,0.983672679
2973,0.707928598
2974,0.925222576
2975,0.959038079
2976,1
2977,0.874506295
2978,1
2979,1
2980,0.987566352
2981,0.962082505
2982,1
2983,0.984078765
2984,1
2985,0.986130536
2986,1
2987,0.969684541
2988,1
2989,1
2990,0.915819764
2991,1
2992,0.366648734
2993,0.987468958
2994,0.573759258
2995,1
2996,1
2997,1
2998,0.979605436
2999,0.921895981
3000,0.989529908
3001,1
3002,0.981997311
3003,0.94464308
3004,1
3005,1
3006,1
3007,0.554150105
3008,0.775237501
3009,0.940505683
3010,0.988527536
3011,0.839004695
3012,1
3013,0.988911986
3014,1
3015,0.833749354
3016,0.987442315
3017,0.972311318
3018,1
3019,0.937747359
3020,0.988743186
3021,0.98727721
3022,0.968592227
3023,1
3024,0.969818056
3025,0.207303375
3026,1
3027,1
3028,0.97851938
3029,1
3030,0.98685801
3031,0.95123589
3032,0.986356616
3033,1
3034,0.979397714
3035,0.895408273
3036,0.95980221
3037,0.982795775
3038,1
3039,1
3040,1
3041,0.987367809
3042,1
3043,1
3044,0.806971312
3045,1
3046,0.985980868
3047,0.939183772
3048,1
3049,1
3050,1
3051,1
3052,0.977482259
3053,0.975365102
3054,1
3055,0.970588923
3056,0.985174835
3057,0.708497167
3058,1
3059,0.981055796
3060,0.973033905
3061,1
3062,0.967199147
3063,1
3064,0.965569377
3065,1
3066,0.980650485
3067,1
3068,0.909160972
3069,1
3070,1
3071,0.983244419
3072,0.96676755
3073,0.98911345
3074,1
3075,0.977471113
3076,0.983676672
3077,0.948625088
3078,0.961494207
3079,0.897247255
3080,0.989514589
3081,1
3082,0.975975931
3083,1
3084,0.975029051
3085,1
3086,0.93989408
3087,1
3088,0.964873672
3089,0.856371641
3090,0.897446275
3091,0.987190187
3092,1
3093,0.894768655
3094,0.861149967
3095,0.884615064
3096,0.233541369
3097,1
3098,1
3099,0.977730393
3100,1
3101,0.954250574
3102,1
3103,0.838374972
3104,1
3105,1
3106,0.877968669
3107,0.931032896
3108,0.974530757
3109,0.824957192
3110,0.962427795
3111,0.941850901
3112,0.98994267
3113,1
3114,0.974027216
3115,1
3116,1
3117,0.950013816
3118,0.967806697
3119,0.985539675
3120,0.968888998
3121,0.985625684
3122,0.989426851
3123,0.989142418
3124,0.985831201
3125,1
3126,1
3127,1
3128,1
3129,1
3130,1
3131,1
3132,0.950375795
3133,1
3134,0.989434302
3135,0.972139835
3136,1
3137,1
3138,0.9186095
3139,0.989955425
3140,1
3141,0.966394305
3142,1
3143,0.984493136
3144,0.741974652
3145,0.98738122
3146,0.974177241
3147,0.985953748
3148,0.846974731
3149,1
3150,0.705617726
3151,1
3152,0.369942397
3153,0.984908104
3154,1
3155,0.955745935
3156,0.98850739
3157,0.981212914
3158,0.927971721
3159,0.778729558
3160,0.988298893
3161,1
3162,1
3163,0.763892949
3164,1
3165,0.95554781
3166,1
3167,1
3168,0.774362564
3169,0.958442628
3170,1
3171,0.936823309
3172,0.987755895
3173,0.978190899
3174,1
3175,1
3176,0.989636362
3177,0.984736621
3178,1
3179,0.986687601
3180,0.98759681
3181,0.973712266
3182,0.948085249
3183,0.951058209
3184,0.915225267
3185,0.978296638
3186,1
3187,0.910505951
3188,0.957164049
3189,0.973695099
3190,0.973018885
3191,1
3192,0.982576251
3193,1
3194,0.988174319
3195,0.977919936
3196,1
3197,0.985455453
3198,0.795140982
3199,0.960829794
3200,1
3201,0.988889217
3202,0.989245057
3203,1
3204,0.915744305
3205,0.976225257
3206,0.95941174
3207,1
3208,0.983348668
3209,0.980639935
3210,0.915127814
3211,0.982956886
3212,1
3213,0.912581027
3214,0.940116108
3215,1
3216,0.969970644
3217,0.906634748
3218,1
3219,1
3220,0.96602118
3221,1
3222,0.988546073
3223,1
3224,0.986396551
3225,0.926606357
3226,1
3227,0.981325746
3228,1
3229,0.713069379
3230,1
3231,0.9884969
3232,1
3233,0.967244506
3234,0.989918053
3235,1
3236,1
3237,1
3238,0.982272923
3239,0.975457847
3240,1
3241,0.940376401
3242,0.986377835
3243,1
3244,1
3245,0.959705055
3246,0.886064768
3247,1
3248,0.955165029
3249,1
3250,0.976156175
3251,0.984826088
3252,1
3253,0.983585358
3254,0.980046511
3255,0.989291966
3256,0.968356192
3257,1
3258,1
3259,1
3260,1
3261,1
3262,0.989991188
3263,0.98731947
3264,1
3265,0.989554882
3266,0.950899363
3267,1
3268,1
3269,1
3270,0.98114121
3271,0.988916993
3272,1
3273,0.980499685
3274,0.964896977
3275,0.892228246
3276,0.972836852
3277,1
3278,1
3279,0.883761346
3280,1
3281,0.988463581
3282,0.981453896
3283,1
3284,0.987216413
3285,0.948452413
3286,1
3287,0.968603253
3288,1
3289,0.989783108
3290,1
3291,0.958880425
3292,1
3293,0.858479381
3294,0.851391673
3295,0.985054493
3296,0.988876522
3297,0.47834456
3298,0.987783492
3299,0.97423631
3300,0.98846066
3301,0.97104305
3302,0.977365494
3303,0.862605572
3304,0.970769346
3305,0.974587083
3306,1
3307,0.867745519
3308,1
3309,0.886670232
3310,1
3311,0.982177019
3312,0.989535868
3313,0.967582345
3314,0.988814294
3315,1
3316,1
3317,1
3318,1
3319,1
3320,0.616282046
3321,0.778471112
3322,1
3323,1
3324,1
3325,0.979041874
3326,0.987735689
3327,0.977874339
3328,0.98513794
3329,0.979031563
3330,1
3331,0.984863341
3332,0.339809716
3333,1
3334,0.949797452
3335,0.954568625
3336,0.947446287
3337,1
3338,0.968779802
3339,0.9735744
3340,1
3341,0.98831743
3342,1
3343,0.981695652
3344,0.955021381
3345,0.97533083
3346,1
3347,1
3348,0.983848393
3349,0.941855133
3350,0.914525032
3351,0.928138614
3352,0.843875468
3353,0.933954775
3354,0.932533503
3355,0.926692665
3356,1
3357,0.975869358
3358,0
3359,0.825797975
3360,0.982522368
3361,0.984179556
3362,0.806984603
3363,1
3364,0.985594988
3365,0.907526791
3366,1
3367,1
3368,0.973495722
3369,0.61869216
3370,1
3371,0.988969445
3372,0.758538187
3373,1
3374,0.945365489
3375,0.986053646
3376,1
3377,0.686100602
3378,0.987006307
3379,0.920832455
3380,0.951506853
3381,0.977551758
3382,1
3383,0.93896836
3384,0.987345994
3385,1
3386,1
3387,0.516744971
3388,1
3389,0.37766245
3390,0.976216614
3391,0.933908105
3392,1
3393,0.96651715
3394,0.96029377
3395,1
3396,0.92106545
3397,0.939626753
3398,0.847362757
3399,0.944880366
3400,0.937740028
3401,0.977845132
3402,0.985304892
3403,1
3404,0.978458881
3405,1
3406,0.930784226
3407,0.971282542
3408,1
3409,1
3410,1
3411,0.865053833
3412,1
3413,0.937031925
3414,1
3415,1
3416,0.988374114
3417,1
3418,0.965089142
3419,0.956586361
3420,0.978249848
3421,0.968814671
3422,1
3423,0.981128573
3424,1
3425,0.843495071
3426,1
3427,1
3428,0.961346865
3429,0.980005741
3430,0.905433834
3431,0.986667097
3432,0.988168418
3433,0.972241223
3434,0.971099973
3435,0.958027542
3436,0.572072744
3437,0.949742794
3438,0.988621295
3439,0.987841547
3440,0.765053809
3441,0.980094135
3442,1
3443,1
3444,0.968126833
3445,1
3446,0.989539921
3447,1
3448,0.972265184
3449,1
3450,1
3451,0.982706547
3452,1
3453,0.911329448
3454,0.952917934
3455,1
3456,0.948233485
3457,0.986402571
3458,1
3459,0.532859802
3460,1
3461,0.196394339
3462,0.98617202
3463,0.982534707
3464,1
3465,0.982530773
3466,1
3467,0.987677038
3468,1
3469,1
3470,0.983141065
3471,0.969399214
3472,0.974021614
3473,0.396063447
3474,1
3475,1
3476,1
3477,0.270727754
3478,0.965731919
3479,0.970208287
3480,1
3481,0.932839751
3482,1
3483,1
3484,0.97690171
3485,1
3486,0.984039605
3487,0.658285976
3488,0.962566912
3489,1
3490,1
3491,0.973039448
3492,1
3493,1
3494,0.960122883
3495,1
3496,1
3497,1
3498,0.943856537
3499,0.974675059
3500,0.978071332
3501,0.965025187
3502,1
3503,0.879952014
3504,0.18133828
3505,0.9767223
3506,0.59705626999999994
3507,0.825077534
3508,1
3509,1
3510,0.976429462
3511,1
3512,0.989228606
3513,0.959577441
3514,0.977517903
3515,1
3516,0.921308816
3517,1
3518,1
3519,0.937747359
3520,0.98393631
3521,1
3522,0.968455076
3523,1
3524,0.951577425
3525,0.983871937
3526,1
3527,1
3528,0.80284869699999994
3529,0.985142529
3530,1
3531,0.945349693
3532,1
3533,0.977416277
3534,0.977608144
3535,1
3536,1
3537,1
3538,0.9650774
3539,1
3540,0.977950633
3541,0.983368099
3542,1
3543,1
3544,1
3545,0.987400115
3546,1
3547,0.90980643
3548,0.930994213
3549,0.762338221
3550,1
3551,0.904827535
3552,0.976745546
3553,0.748970091
3554,0.954810262
3555,1
3556,0.984668315
3557,0.581773818
3558,0.959809363
3559,1
3560,1
3561,0.910401404
3562,0.971171558
3563,1
3564,1
3565,1
3566,0.989426732
3567,0.987059951
3568,1
3569,1
3570,0.986028075
3571,1
3572,0.982262135
3573,0.986522853
3574,0.989220679
3575,0.985989213
3576,0.974653184
3577,0.986933708
3578,1
3579,1
3580,1
3581,1
3582,0.98327601
3583,0.883718431
3584,0.97387898
3585,1
3586,1
3587,0.865044057
3588,0.620774686
3589,0.987543941
3590,0.987069607
3591,1
3592,0.982843995
3593,1
3594,0.98666513
3595,0.932783842
3596,1
3597,0.915770292
3598,0.871940315
3599,0.979327023
3600,0.954065025
3601,1
3602,1
3603,1
3604,0.454316855
3605,1
3606,1
3607,0.984022498
3608,0.973252595
3609,1
3610,0.580921531
3611,0.974664748
3612,0.94084841
3613,0.980754972
3614,1
3615,0.987770319
3616,0.988460422
3617,0.98950398
3618,1
3619,0.98324281
3620,0.945156634
3621,0.970316708
3622,1
3623,0.987225473
3624,1
3625,1
3626,1
3627,0.987842441
3628,0.975292623
3629,0.985589325
3630,0.926597774
3631,0.985068142
3632,1
3633,0.98500973
3634,0.987707913
3635,0.988082051
3636,0.854654551
3637,0.860734284
3638,1
3639,0.96628809
3640,0.916971326
3641,1
3642,0.93909657
3643,0.981532633
3644,0.946755707
3645,0.98112601
3646,1
3647,0.9799335
3648,0.986963928
3649,0.976608932
3650,0.976769507
3651,0.987486363
3652,0.989538074
3653,0.936695755
3654,0.963587999
3655,0.985401511
3656,0.976263762
3657,1
3658,0.973102212
3659,0.555810809
3660,0.986607552
3661,0.980721235
3662,1
3663,1
3664,0.987974167
3665,0.21831888
3666,1
3667,0.985149741
3668,0.931910992
3669,0.937618017
3670,0.987165332
3671,0.946111858
3672,1
3673,1
3674,0.962613523
3675,0.954997242
3676,0.978902042
3677,0.928491533
3678,0.865571559
3679,0.974993587
3680,1
3681,1
3682,1
3683,0.983664155
3684,1
3685,1
3686,1
3687,1
3688,0.79308188
3689,0.86880672
3690,0.982366681
3691,0.983823538
3692,0.985962689
3693,0.877524078
3694,1
3695,1
3696,0.985387504
3697,0.900400102
3698,1
3699,0.982914031
3700,0.974260271
3701,1
3702,0.986992359
3703,0.974597275
3704,0.970000744
3705,1
3706,1
3707,0.942557573
3708,1
3709,0.925362885
3710,1
3711,0.979667783
3712,1
3713,0.989355385
3714,1
3715,1
3716,1
3717,0.988942742
3718,1
3719,0.984552145
3720,0.848038614
3721,1
3722,0.954322875
3723,1
3724,1
3725,0.659383595
3726,0.646422625
3727,0.988297999
3728,0.957026601
3729,0.982102275
3730,0.486447841
3731,0.971964538
3732,0.960170329
3733,0.988379836
3734,0.978674293
3735,0.976242423
3736,0.984529614
3737,0.988330603
3738,0.987217009
3739,1
3740,1
3741,0.981573522
3742,1
3743,0.959341228
3744,1
3745,0.946056485
3746,0.986792684
3747,0.989579141
3748,0.962018371
3749,0.755454361
3750,0.950728357
3751,1
3752,0.985787749
3753,1
3754,1
3755,1
3756,0.933203578
3757,0.988653123
3758,1
3759,0.974435806
3760,1
3761,0.924994767
3762,0.971111953
3763,0.934596598
3764,0.989476919
3765,0.967707217
3766,0.978099287
3767,0.945127666
3768,0.830148876
3769,0.950405657
3770,1
3771,0.978415549
3772,0.980143726
3773,0.951264918
3774,0.956979513
3775,1
3776,0.96026963
3777,0.965572059
3778,0.96900934
3779,0.690925419
3780,0.909464538
3781,1
3782,1
3783,0.960998297
3784,0.988891482
3785,0.967133224
3786,0.496310949
3787,1
3788,1
3789,0.976722539
3790,0.989964306
3791,0.988139629
3792,1
3793,1
3794,1
3795,1
3796,1
3797,0.966124833
3798,0.984884143
3799,0.701604545
3800,0.905580461
3801,0.98424083
3802,0.965445936
3803,1
3804,1
3805,1
3806,0.963191509
3807,1
3808,0.989256263
3809,0.946699858
3810,0.926826954
3811,0.987152517
3812,0.918785811
3813,0.982444108
3814,0.984096527
3815,0.989968181
3816,1
3817,0.969300091
3818,1
3819,0.988010347
3820,0.975517988
3821,0.942614257
3822,0.417170346
3823,1
3824,0.977033317
3825,1
3826,0.982228637
3827,1
3828,0.678964019
3829,1
3830,0.94268322
3831,0.908974648
3832,0.98616451
3833,0.807336927
3834,0.918103218
3835,0.475791961
3836,1
3837,0.985956669
3838,0.937837362
3839,0.95682019
3840,0.862605572
3841,0.984463215
3842,1
3843,0.978681266
3844,1
3845,0.958882272
3846,0.989460528
3847,0.917221904
3848,0.981065095
3849,0.956058562
3850,0.986880064
3851,1
3852,1
3853,0.977588654
3854,1
3855,1
3856,1
3857,1
3858,0.904884815
3859,1
3860,1
3861,1
3862,0.860458851
3863,1
3864,0.895411193
3865,1
3866,0.933454037
3867,0.891190529
3868,0.971430123
3869,0.981831491
3870,0.977547884
3871,1
3872,0.980969906
3873,0.802476585
3874,0.982167602
3875,0.969677925
3876,0.970280886
3877,0.986589074
3878,1
3879,1
3880,0.987692535
3881,1
3882,0.978185773
3883,1
3884,0.970562339
3885,0.953701735
3886,1
3887,1
3888,0.804452837
3889,1
3890,1
3891,1
3892,1
3893,0.963095367
3894,1
3895,1
3896,0.96564585
3897,0.988191187
3898,1
3899,0.982734263
3900,0.927261353
3901,1
3902,0.861780882
3903,0.978708684
3904,0.931339026
3905,1
3906,0.947352648
3907,0.966522574
3908,0.963952422
3909,1
3910,0.906075001
3911,1
3912,1
3913,1
3914,1
3915,0.97463268
3916,1
3917,0.985203266
3918,0.737519562
3919,0.96258527
3920,1
3921,1
3922,0.97116816
3923,1
3924,0.988394499
3925,0.971440792
3926,1
3927,0.961209297
3928,0.984422445
3929,0.988954067
3930,1
3931,0.696005821
3932,1
3933,0.959867001
3934,1
3935,0.971818805
3936,0.966570914
3937,1
3938,0.980324447
3939,0.983984411
3940,0.721428156
3941,1
3942,0.9572106
3943,1
3944,1
3945,1
3946,1
3947,1
3948,1
3949,0.952040613
3950,0.835735142
3951,0.989581227
3952,1
3953,1
3954,1
3955,0.97674042
3956,0.983064592
3957,0.984336853
3958,1
3959,1
3960,1
3961,1
3962,1
3963,0.967090726
3964,0.981901228
3965,1
3966,0.964549422
3967,0.918330848
3968,0.975101471
3969,0.977550507
3970,0.986408234
3971,0.961827874
3972,1
3973,0.983602524
3974,1
3975,1
3976,0.984167397
3977,0.987775087
3978,1
3979,1
3980,1
3981,1
3982,0.985664725
3983,0.91696173
3984,0.982545734
3985,0.986068487
3986,0.965887904
3987,1
3988,0.982456923
3989,1
3990,1
3991,0.964302778
3992,0.960601151
3993,0.98894459
3994,0.527438521
3995,0.453196526
3996,1
3997,1
3998,0.975414455
3999,0.975886285
4000,0.972678363
4001,1
4002,1
4003,0.855116308
4004,0.953553855
4005,0.626339734
4006,0.985779047
4007,1
4008,0.802267551
4009,1
4010,1
4011,0.582301855
4012,0.973058403
4013,0.89708817
4014,1
4015,1
4016,1
4017,1
4018,0.953931451
4019,1
4020,1
4021,1
4022,0.984939873
4023,0.974565327
4024,1
4025,1
4026,1
4027,1
4028,0.983325243
4029,0.983502448
4030,1
4031,0.98373276
4032,1
4033,0.426172793
4034,0.986269653
4035,0.95944345
4036,0.759151757
4037,1
4038,1
4039,1
4040,1
4041,0.986169338
4042,1
4043,1
4044,1
4045,0.978352666
4046,0.943419933
4047,0.963161171
4048,1
4049,0.980602145
4050,0.950215936
4051,1
4052,0.966675937
4053,1
4054,0.989516318
4055,1
4056,1
4057,0.87895906
4058,1
4059,1
4060,0.988873243
4061,1
4062,0.928581893
4063,0.898084045
4064,0.988957703
4065,1
4066,0.901444376
4067,1
4068,1
4069,1
4070,0.971745968
4071,1
4072,1
4073,0.987602055
4074,0.674502373
4075,0.976066232
4076,0.964975476
4077,1
4078,0.957162857
4079,0.9845227
4080,1
4081,0.989298224
4082,0.972126484
4083,0.963587463
4084,1
4085,0.964362979
4086,1
4087,1
4088,1
4089,1
4090,0.974606514
4091,0.930845976
4092,0.969092608
4093,1
4094,0.985453069
4095,0.929621398
4096,1
4097,0.978167176
4098,1
4099,1
4100,1
4101,1
4102,0.957343459
4103,0.967455566
4104,0.988812566
4105,1
4106,0.961466074
4107,1
4108,1
4109,1
4110,1
4111,0.980388045
4112,0.984832346
4113,0.888608933
4114,1
4115,0.97688669
4116,0.973273456
4117,1
4118,0.980854631
4119,0.987587631
4120,1
4121,0.946744084
4122,0.979700685
4123,0.986006737
4124,1
4125,1
4126,1
4127,0.487622231
4128,1
4129,1
4130,1
4131,0.967867136
4132,0.975175202
4133,1
4134,0.9851349
4135,0.971492112
4136,0.979597986
4137,0.973648965
4138,0.987792075
4139,0.969609559
4140,0.431464016
4141,0.947656274
4142,0.989925504
4143,1
4144,0.979029059
4145,0.265109688
4146,0.964879811
4147,0.986375988
4148,1
4149,0.913669407
4150,1
4151,1
4152,0.989760101
4153,1
4154,1
4155,0.966079891
4156,0.988782227
4157,0.958168268
4158,0.938741922
4159,0.750318945
4160,1
4161,0.982111394
4162,0.974835515
4163,1
4164,1
4165,0.935644627
4166,0.763668478
4167,0.980562568
4168,0.909230411
4169,0.761240304
4170,1
4171,0.984108985
4172,0.987621844
4173,0.989963591
4174,0.879238129
4175,1
4176,0.986257911
4177,1
4178,0.908912897
4179,1
4180,0.9470191
4181,1
4182,1
4183,1
4184,1
4185,1
4186,1
4187,0.987432241
4188,0.917685092
4189,0.461055398
4190,0.963886321
4191,0.655380607
4192,1
4193,0.97316587
4194,1
4195,0.891425848
4196,1
4197,1
4198,1
4199,1
4200,1
4201,1
4202,1
4203,1
4204,0.617509008
4205,0.930822194
4206,0.899256706
4207,0.951485336
4208,1
4209,0.98648411
4210,0.935042858
4211,0.985651255
4212,0.931157529
4213,1
4214,1
4215,1
4216,0.98385322099999994
4217,0.970341921
4218,0.98292172
4219,1
4220,1
4221,1
4222,0.965457261
4223,0.298015386
4224,0.96497494
4225,0.777331412
4226,1
4227,0.397139132
4228,1
4229,1
4230,0.976685584
4231,0.658725143
4232,1
4233,1
4234,0.986913621
4235,1
4236,0.986816824
4237,0.961737394
4238,1
4239,0.967186987
4240,0.96906358
4241,0.974598587
4242,1
4243,0.95421499
4244,1
4245,0.987365067
4246,1
4247,0.987211525
4248,0.978731275
4249,1
4250,0.940353215
4251,1
4252,0.534618497
4253,1
4254,0.957209408
4255,0.96518451
4256,0.957662702
4257,1
4258,1
4259,0.564573944
4260,1
4261,0.989392996
4262,0.987437785
4263,0.983288229
4264,0.882919014
4265,1
4266,1
4267,0.970786393
4268,1
4269,1
4270,0.989301264
4271,1
4272,0.882588446
4273,1
4274,1
4275,0.977271259
4276,0.982837319
4277,0.973132014
4278,0.798515618
4279,0.822583199
4280,1
4281,0.987472653
4282,1
4283,0.988195062
4284,0.869767189
4285,0.980905294
4286,0.988335609
4287,0.979154885
4288,1
4289,0.987179458
4290,0.988163292
4291,0.97195226
4292,0.984956801
4293,0.988963604
4294,0.950756908
4295,0.940724492
4296,0.946705222
4297,0.972820401
4298,0.988595903
4299,1
4300,0.982153237
4301,0.983178198
4302,0.98037833
4303,1
4304,0.963707686
4305,0.988780737
4306,0.302428246
4307,0.986112654
4308,0.947185576
4309,1
4310,0.976218343
4311,1
4312,1
4313,1
4314,0.951865196
4315,0.983026683
4316,0.623440504
4317,0.965787172
4318,0.988701701
4319,0.977309704
4320,0.960691989
4321,1
4322,1
4323,0.867094636
4324,1
4325,0.987682283
4326,0.787102044
4327,0.88351208
4328,1
4329,0.986475885
4330,1
4331,0.972656488
4332,0.878376305
4333,0.963102579
4334,1
4335,0.987547636
4336,0.982795298
4337,1
4338,0.920888305
4339,0.987175882
4340,0.964877367
4341,1
4342,0.980694294
4343,1
4344,1
4345,0.982500851
4346,1
4347,1
4348,1
4349,0.71712172
4350,0.67781812
4351,0.963816285
4352,0.988579929
4353,0.977485538
4354,1
4355,1
4356,1
4357,1
4358,1
4359,1
4360,0.987434089
4361,1
4362,0.98621738
4363,0.960630298
4364,0.927605569
4365,0.797175705
4366,1
4367,0.986805677
4368,1
4369,0.969563842
4370,1
4371,1
4372,0.978726506
4373,1
4374,0.955066085
4375,0.799340546
4376,0.973107696
4377,0.96896255
4378,1
4379,0.987848878
4380,0.987311482
4381,1
4382,1
4383,1
4384,1
4385,0.979632855
4386,1
4387,0.982569099
4388,0.97308445
4389,1
4390,0.785440624
4391,0.971640766
4392,0.978726387
4393,0.979393005
4394,0.946677446
4395,0.983336449
4396,1
4397,1
4398,1
4399,1
4400,0.869897366
4401,0.532112837
4402,1
4403,0.98643297
4404,0.97930181
4405,1
4406,1
4407,1
4408,0.98529923
4409,0.98238796
4410,0.958127141
4411,1
4412,1
4413,0.974224269
4414,0.981619477
4415,0.913484216
4416,1
4417,0.981547356
4418,0.978401244
4419,1
4420,0.847909749
4421,0.975500524
4422,1
4423,0.985401332
4424,1
4425,0.416731477
4426,1
4427,1
4428,0.881702662
4429,1
4430,0.943433225
4431,1
4432,0.960624576
4433,0.87521493400000006
4434,0.958222985
4435,1
4436,0.971408546
4437,0.98726362
4438,0.988022327
4439,1
4440,1
4441,0.987726867
4442,0.981661975
4443,0.98277837
4444,0.961540699
4445,1
4446,0.949893653
4447,0.962520957
4448,1
4449,1
4450,1
4451,0.966731429
4452,1
4453,1
4454,1
4455,0.978633106
4456,0.982565999
4457,1
4458,1
4459,1
4460,1
4461,0.948501051
4462,0.959529698
4463,0.95317626
4464,0.914162755
4465,1
4466,0.946862936
4467,0.409352154
4468,0.935254812
4469,0.983167708
4470,0.977462232
4471,1
4472,1
4473,0.975299239
4474,1
4475,0.93694061
4476,1
4477,1
4478,0.969979525
4479,0.985894799
4480,0.987454772
4481,0.982867181
4482,1
4483,0.986487567
4484,1
4485,1
4486,0.966109812
4487,0.651928425
4488,1
4489,0.919630051
4490,0.98865664
4491,1
4492,0.926606119
4493,1
4494,0.961802959
4495,0.979368568
4496,0.942454159
4497,0.292435914
4498,0.909942806
4499,1
4500,0.860495985
4501,1
4502,0.942989707
4503,0.989004195
4504,0.974840164
4505,1
4506,0.976532877
4507,0.979764879
4508,0.981145084
4509,1
4510,0.820661902
4511,0.989533484
4512,1
4513,0.952261746
4514,0.988107264
4515,1
4516,0.862393975
4517,0.946358502
4518,0.97038269
4519,0.811854065
4520,0.965520382
4521,0.971794605
4522,0.986290515
4523,0.947337151
4524,0.78062582
4525,0.928257048
4526,1
4527,0.746664047
4528,1
4529,0.968300045
4530,0.948518992
4531,0.824325323
4532,0.903804779
4533,0.423173279
4534,0.97434336
4535,1
4536,1
4537,0.980733037
4538,0.979832292
4539,0.968575299
4540,1
4541,1
4542,0.983971298
4543,0.962008894
4544,0.728777528
4545,0.934061468
4546,1
4547,1
4548,0.98095417
4549,0.952544272
4550,0.976856649
4551,0.983650386
4552,1
4553,0.982538581
4554,0.980424464
4555,0.975427926
4556,0.94539541
4557,1
4558,0.974346638
4559,1
4560,0.957365215
4561,0.520115614
4562,0.969230771
4563,1
4564,0.98452431
4565,0.975564301
4566,1
4567,1
4568,0.968482852
4569,1
4570,0.906853974
4571,0.978797734
4572,0.983650625
4573,1
4574,1
4575,0.983680964
4576,0.988463581
4577,0.959969819
4578,0.984427631
4579,1
4580,0.935280561
4581,1
4582,1
4583,1
4584,1
4585,0.798249304
4586,0.981996536
4587,0.939084709
4588,1
4589,0.980915308
4590,0.979798198
4591,1
4592,0.982853472
4593,1
4594,0.965614855
4595,0.987036705
4596,0.943309307
4597,1
4598,1
4599,0.543774784
4600,0.953550756
4601,1
4602,0.96103543
4603,0.981158853
4604,1
4605,1
4606,0.914969802
4607,0.987007141
4608,1
4609,0.987215161
4610,0.987468481
4611,0.449084431
4612,0.967821598
4613,0.985999286
4614,1
4615,0.747762322
4616,1
4617,1
4618,0.952082634
4619,1
4620,1
4621,1
4622,0.958480179
4623,1
4624,0.971577823
4625,0.947161853
4626,1
4627,1
4628,0.900897861
4629,0.984074712
4630,0.986093521
4631,0.933038116
4632,0.932312548
4633,0.988275051
4634,1
4635,1
4636,0.983575225
4637,1
4638,0.955235839
4639,1
4640,0.982241333
4641,0.989147544
4642,0.793399215
4643,1
4644,0.973920465
4645,1
4646,1
4647,0.972197294
4648,0.655380607
4649,0.977159917
4650,0.968596578
4651,0.725019932
4652,0.753196955
4653,0.197627455
4654,0.987165093
4655,1
4656,0.982236266
4657,1
4658,1
4659,0.98894459
4660,0.98991549
4661,0.979005456
4662,0.934634149
4663,0.41996631
4664,0.976353228
4665,1
4666,1
4667,1
4668,1
4669,0.974241376
4670,0.987595916
4671,0.982122779
4672,0.700158536
4673,0.970660269
4674,0.66296494
4675,0.87977618
4676,1
4677,0.948367775
4678,1
4679,0.977621913
4680,0.934836328
4681,1
4682,1
4683,1
4684,1
4685,0.984715045
4686,0.929477096
4687,0.974076092
4688,0.985371113
4689,0.965071917
4690,1
4691,1
4692,0.983290792
4693,1
4694,1
4695,0.951541185
4696,0.968645215
4697,0.951940715
4698,0.982817054
4699,0.974265575
4700,0.939125717
4701,1
4702,1
4703,1
4704,0.983341813
4705,0.95783931
4706,0.927277148
4707,0.986293972
4708,0.984723926
4709,0.9480111
4710,1
4711,0.984503388
4712,0.870269716
4713,1
4714,1
4715,0.969709098
4716,0.831818044
4717,1
4718,0.975172699
4719,0.894465029
4720,1
4721,1
4722,0.665992796
4723,0.868437707
4724,1
4725,0.957440019
4726,1
4727,0.679533303
4728,0.42560184
4729,1
4730,1
4731,1
4732,0.985271335
4733,0.97061646
4734,0.986480176
4735,1
4736,1
4737,1
4738,1
4739,0.974916458
4740,1
4741,0
4742,1
4743,0.987849534
4744,1
4745,0.987102687
4746,0.989236653
4747,0.964243829
4748,0.980493844
4749,0.951708376
4750,1
4751,0.978245199
4752,1
4753,0.456872761
4754,0.969472051
4755,1
4756,0.982765913
4757,0.985948801
4758,0.954724848
4759,0.988627255
4760,0.965507031
4761,1
4762,0.983791053
4763,1
4764,1
4765,0.968668044
4766,0.268475622
4767,0.899081171
4768,1
4769,0.959406614
4770,1
4771,1
4772,0.983862221
4773,0.982496798
4774,0.965442598
4775,0.986004293
4776,0.925116718
4777,1
4778,1
4779,1
4780,0.889953554
4781,0.934908927
4782,0.956727743
4783,0.988542914
4784,1
4785,1
4786,0.978217781
4787,0.321440488
4788,1
4789,1
4790,0.898650348
4791,0.974297404
4792,0.850800097
4793,0.98371166
4794,1
4795,0.964249849
4796,1
4797,1
4798,1
4799,0.980683208
4800,0.955028236
4801,1
4802,0.984555543
4803,1
4804,1
4805,1
4806,1
4807,0.974922538
4808,1
4809,1
4810,1
4811,1
4812,0.863753498
4813,0.987642527
4814,0.715991259
4815,0.986648858
4816,0.96510613
4817,1
4818,0.90487992799999994
4819,0.989194632
4820,1
4821,0.968773723
4822,0.914206803
4823,1
4824,0.843094826
4825,0.756546319
4826,0.95334214
4827,0.987338901
4828,1
4829,0.978084922
4830,0.9898085
4831,1
4832,0.986368597
4833,0.957046032
4834,0.967098355
4835,1
4836,1
4837,0.978931725
4838,1
4839,0.93626076
4840,1
4841,0.91213876
4842,0.984751403
4843,0.808031976
4844,1
4845,0.985050559
4846,1
4847,1
4848,0.38364175
4849,1
4850,0.989471436
4851,1
4852,0.989278317
4853,1
4854,1
4855,0.986589789
4856,0.963052154
4857,1
4858,1
4859,1
4860,1
4861,1
4862,1
4863,0.97709924
4864,1
4865,0.938636959
4866,0.696977615
4867,1
4868,1
4869,0.963218033
4870,0.947788298
4871,1
4872,0.954557896
4873,1
4874,0.967948198
4875,1
4876,0.430879563
4877,0.975632727
4878,1
4879,0.908460796
4880,0.985581696
4881,0.988950312
4882,0.939241469
4883,0.96963042
4884,1
4885,0.960555852
4886,1
4887,0.953810751
4888,1
4889,1
4890,1
4891,1
4892,0.988023758
4893,1
4894,0.959960401
4895,0.983798266
4896,1
4897,0.982703328
4898,0.970538616
4899,0.988934696
4900,0.977820873
4901,0.965314388
4902,0.934947431
4903,0.975788176
4904,1
4905,1
4906,0.948135078
4907,0.989415288
4908,0.957240522
4909,0.979504287
4910,0.662249684
4911,1
4912,1
4913,1
4914,1
4915,0.984651089
4916,0.981564581
4917,1
4918,1
4919,1
4920,1
4921,0.321138233
4922,0.986766338
4923,0.978746355
4924,0.965051651
4925,0.982645154
4926,0.83913058
4927,1
4928,0.988288641
4929,1
4930,0.986909092
4931,1
4932,0.974306345
4933,0.963484764
4934,1
4935,0.989328086
4936,0.965915501
4937,1
4938,0.961180449
4939,1
4940,1
4941,1
4942,0.972217441
4943,0.983457148
4944,1
4945,1
4946,1
4947,0.964886248
4948,0.957115471
4949,0.97144407
4950,0.912792027
4951,0.988663852
4952,0.971296847
4953,1
4954,0.421010703
4955,1
4956,0.987016499
4957,0.984450281
4958,0.985156179
4959,1
4960,0.975815654
4961,1
4962,1
4963,1
4964,0.984973073
4965,0.936454713
4966,0.980413973
4967,0.935723305
4968,1
4969,0.653612912
4970,1
4971,1
4972,0.787010253
4973,0.959387183
4974,0.973423243
4975,0.98839426
4976,0.984628916
4977,0.96404779
4978,0.987526238
4979,0.977942288
4980,0.980021656
4981,0.985356152
4982,1
4983,0.989602387
4984,0.97624892
4985,0.980386913
4986,1
4987,0.886481822
4988,0.936315835
4989,0.891053259
4990,0.960864246
4991,0.979836762
4992,1
4993,1
4994,1
4995,0.936903536
4996,1
4997,0.987036049
4998,0.313622296
4999,1
5000,0.524922967
5001,0.988079369
5002,1
5003,1
5004,1
5005,0.989753962
5006,1
5007,1
5008,0.979908884
5009,0.954681397
5010,1
5011,1
5012,0.989500821
5013,0.926205397
5014,0.925240934
5015,0.937656701
5016,1
5017,1
5018,1
5019,1
5020,1
5021,0.98191607
5022,1
5023,0.982257664
5024,1
5025,0.988953233
5026,1
5027,1
5028,1
5029,1
5030,0.956807852
5031,0.987475455
5032,0.930848956
5033,0.975761175
5034,0.898624957
5035,1
5036,0.962308765
5037,0.981119812
5038,1
5039,0.911307454
5040,0.859676957
5041,1
5042,0.637051225
5043,1
5044,0.983521462
5045,0.929847002
5046,0.951150715
5047,0.959522247
5048,0.978066802
5049,1
5050,1
5051,0.783432245
5052,1
5053,0.981062949
5054,1
5055,0.98384434
5056,0.838393986
5057,1
5058,0.984323919
5059,0.958255529
5060,1
5061,1
5062,1
5063,1
5064,0.970892787
5065,1
5066,1
5067,1
5068,0.979749143
5069,0.774339855
5070,1
5071,1
5072,0.989268601
5073,1
5074,0.386688978
5075,0.874029219
5076,0.986866295
5077,0.984774888
5078,0.98401767
5079,1
5080,0.955274165
5081,1
5082,1
5083,1
5084,0.986558497
5085,0.972126186
5086,1
5087,0.988647759
5088,1
5089,1
5090,1
5091,0.749906659
5092,0.97829026
5093,0.942522883
5094,0.974715114
5095,0.989611507
5096,0.710873425
5097,1
5098,1
5099,0.884612262
5100,0.988493741
5101,1
5102,0.957693279
5103,0.417171329
5104,0.921549678
5105,0.924975574
5106,0.803159714
5107,0.978489161
5108,0.94190079
5109,0.985019565
5110,1
5111,0.98984319
5112,0.988789022
5113,0.94878613999999994
5114,0.983498275
5115,0.985437214
5116,1
5117,1
5118,1
5119,0.987469792
5120,0.930143416
5121,0.974368691
5122,0.983359695
5123,1
5124,1
5125,1
5126,1
5127,1
5128,1
5129,1
5130,0.973138988
5131,1
5132,0.936410427
5133,1
5134,1
5135,1
5136,1
5137,0.297442466
5138,0.989015758
5139,1
5140,0.989614427
5141,1
5142,0.988006294
5143,0.330577999
5144,1
5145,0.311203331
5146,0.985478997
5147,0.963804245
5148,1
5149,1
5150,0.988792241
5151,1
5152,0.941102862
5153,0.981037915
5154,0.9847036
5155,0.973918319
5156,0.961666584
5157,0.919841707
5158,1
5159,0.956113815
5160,1
5161,1
5162,1
5163,1
5164,0.619336963
5165,1
5166,1
5167,0.956584156
5168,1
5169,0.942269921
5170,1
5171,0.981594324
5172,0.981317222
5173,0.949075937
5174,0.987531841
5175,1
5176,0.986369133
5177,0.965673447
5178,0.982800484
5179,1
5180,0.985754609
5181,0.976190269
5182,0.979600966
5183,1
5184,0.973683417
5185,1
5186,1
5187,0.987269998
5188,0.986386418
5189,0.950245202
5190,0.880241573
5191,0.986733556
5192,1
5193,1
5194,1
5195,0.582228541
5196,0.987534761
5197,0.985485256
5198,0.973714829
5199,1
5200,0.963048816
5201,0.925945818
5202,1
5203,1
5204,1
5205,0.908281267
5206,0.981232405
5207,0.978661418
5208,0.967415988
5209,0.957687736
5210,0.977892339
5211,0.971933126
5212,1
5213,0.974756241
5214,0.969536901
5215,0.982497156
5216,0.968051553
5217,0.631495893
5218,1
5219,1
5220,0.923363507
5221,0.814927042
5222,0.923948407
5223,1
5224,1
5225,0.983991146
5226,0.983520329
5227,1
5228,0.9854424
5229,0.98158592
5230,1
5231,0.527583361
5232,0.985114992
5233,0.889491618
5234,1
5235,1
5236,0.987173557
5237,1
5238,0.859185517
5239,0.968888342
5240,1
5241,1
5242,0.984420598
5243,0.977631688
5244,1
5245,1
5246,0.96239543
5247,0.987859309
5248,0.983665764
5249,1
5250,1
5251,0.422809839
5252,0.939482272
5253,0.985792458
5254,0.986033261
5255,0.987568796
5256,0.967915177
5257,1
5258,0.340846747
5259,1
5260,1
5261,0.887976944
5262,1
5263,0.93467778
5264,0.844881237
5265,0.975149095
5266,0.977829754
5267,1
5268,0.987961233
5269,0.909426749
5270,1
5271,0.982166469
5272,0.986952782
5273,0.906991363
5274,1
5275,1
5276,1
5277,0.775801241
5278,1
5279,1
5280,0.962820828
5281,0.965829849
5282,0.896570265
5283,1
5284,1
5285,0.919788599
5286,0.741996706
5287,0.612605751
5288,0.975019217
5289,1
5290,1
5291,0.984332204
5292,0.984467506
5293,1
5294,0.98446238
5295,0.905554831
5296,1
5297,0.944088519
5298,0.9821015
5299,0.989434898
5300,1
5301,1
5302,0.987911582
5303,0.982663155
5304,1
5305,0.880847633
5306,1
5307,1
5308,0.971507192
5309,0.974211991
5310,0.973426402
5311,1
5312,0.96280402
5313,0.95624876
5314,0.956351876
5315,0.976990104
5316,0.986785948
5317,0.932641447
5318,0.975891352
5319,0.986175835
5320,0.988491058
5321,0.445547134
5322,0.983725131
5323,0.961602986
5324,0.841135919
5325,0.968563259
5326,0.970657885
5327,0.975952447
5328,0.747434139
5329,1
5330,0.956192076
5331,0.966889858
5332,0.940591216
5333,0.980752766
5334,1
5335,1
5336,0.925017357
5337,0.80000937
5338,1
5339,0.978919268
5340,1
5341,1
5342,0.946262777
5343,1
5344,0.817578435
5345,0.986266255
5346,0.985346913
5347,0.948080301
5348,0.94731617
5349,0.983831883
5350,0.90878576
5351,0.904972374
5352,0.982172191
5353,0.947288156
5354,0.987126648
5355,0.966929197
5356,1
5357,1
5358,0.95963937
5359,1
5360,0.986904144
5361,1
5362,0.963241041
5363,0.978962481
5364,0.985224903
5365,1
5366,1
5367,1
5368,0.986296773
5369,1
5370,1
5371,0.911599219
5372,0.972213149
5373,1
5374,0.983339906
5375,0.951933026
5376,0.784292519
5377,0.557410061
5378,0.899813533
5379,0.982273996
5380,0.953742981
5381,0.97785157
5382,1
5383,0.981045604
5384,0.985860229
5385,1
5386,0.95914191
5387,1
5388,0.888777554
5389,0.978420675
5390,0.965408385
5391,0.983841896
5392,0.985714972
5393,0.986107349
5394,1
5395,0.98098594
5396,1
5397,0.915353715
5398,1
5399,1
5400,1
5401,0.974582076
5402,1
5403,0.937800407
5404,1
5405,1
5406,0.938085794
5407,1
5408,1
5409,1
5410,1
5411,0.841181934
5412,1
5413,1
5414,1
5415,0.929641008
5416,0.988720119
5417,1
5418,1
5419,0.986135364
5420,0.701425493
5421,0.989063203
5422,0.202318803
5423,0.98976934
5424,0.973304272
5425,0.97864461
5426,0.638289213
5427,1
5428,0.950163007
5429,1
5430,0.461278409
5431,0.81055069
5432,0.954703689
5433,0.987478137
5434,0.256136209
5435,1
5436,1
5437,0.989456236
5438,0.984396637
5439,1
5440,0.974355996
5441,0.942915082
5442,1
5443,0.969016254
5444,1
5445,0.913863182
5446,1
5447,0.96986258
5448,1
5449,0.981460869
5450,0.989295065
5451,1
5452,0.953705668
5453,1
5454,1
5455,1
5456,0.971290171
5457,1
5458,0.987934709
5459,0.985488236
5460,1
5461,1
5462,0.983007073
5463,0.978827119
5464,0.856768131
5465,0.972455561
5466,1
5467,1
5468,0.989655376
5469,1
5470,0.986881256
5471,1
5472,0.989051521
5473,0.955532014
5474,1
5475,0.977841198
5476,0.961868942
5477,1
5478,1
5479,0.975296915
5480,0.942209482
5481,0.773908019
5482,0.964855075
5483,0.980964243
5484,0.983292282
5485,0.978976071
5486,0.975452066
5487,1
5488,0.975164831
5489,0.880982161
5490,0.777749896
5491,0.978456855
5492,0.958699822
5493,1
5494,0.921809137
5495,0.988998473
5496,0.986899138
5497,0.968191564
5498,1
5499,1
5500,1
5501,0.957923412
5502,1
5503,1
5504,1
5505,0.979562879
5506,1
5507,0.983967483
5508,1
5509,0.989735484
5510,1
5511,1
5512,0.988026738
5513,0.960807204
5514,0.97116816
5515,0.955884934
5516,0.966555119
5517,1
5518,0.969774783
5519,0.960816801
5520,0.977749765
5521,1
5522,0.981481791
5523,0.989982784
5524,0.989886403
5525,0.986070693
5526,1
5527,0.949892402
5528,0.972763777
5529,0.543744981
5530,0.988330245
5531,0.984587073
5532,1
5533,1
5534,0.938658595
5535,1
5536,0.973181129
5537,0.984707058
5538,0.892044783
5539,0.948043346
5540,0.987956226
5541,0.937747359
5542,0.957554877
5543,1
5544,0.987349808
5545,1
5546,0.947904646
5547,0.831430912
5548,0.962414086
5549,0.973075211
5550,0.923663855
5551,0.979931891
5552,0.979495823
5553,1
5554,1
5555,0.95291239
5556,0.980174065
5557,0.976301134
5558,0.910501838
5559,0.745333254
5560,0.742622435
5561,1
5562,0.962469757
5563,0.716198862
5564,0.98279047
5565,0.98843658
5566,0.960222244
5567,0.333406985
5568,0.970951676
5569,0.882537186
5570,0.941463351
5571,1
5572,0.89367795
5573,0.209200397
5574,0.566057086
5575,0.954011619
5576,0.975920796
5577,0.959969521
5578,1
5579,1
5580,0.94475615
5581,1
5582,0.984808207
5583,1
5584,1
5585,1
5586,1
5587,1
5588,0.936326504
5589,1
5590,0.885052979
5591,1
5592,0.972822309
5593,0.964317083
5594,0.986096084
5595,0.914555132
5596,0.738981128
5597,0.96470958
5598,0.948703051
5599,0.984395504
5600,1
5601,1
5602,0.760747314
5603,0.72264874
5604,1
5605,0.927884162
5606,1
5607,1
5608,0.969851434
5609,0.984785676
5610,0.976506949
5611,0.798625708
5612,0.877564251
5613,0.738201559
5614,0.986541152
5615,0.972850204
5616,0.950940013
5617,0.891076744
5618,0.988854408
5619,1
5620,1
5621,0.978686392
5622,1
5623,0.930542886
5624,0.972880662
5625,1
5626,1
5627,0.984377503
5628,1
5629,0.971056223
5630,1
5631,1
5632,0.983069062
5633,0.985769868
5634,0.982374072
5635,1
5636,1
5637,0.977395356
5638,1
5639,1
5640,1
5641,0.953151345
5642,0.922494948
5643,0.983117938
5644,1
5645,0.973773301
5646,1
5647,0.969079733
5648,0.965407252
5649,0.982585907
5650,1
5651,0.918709338
5652,1
5653,0.846460342
5654,1
5655,0.974209368
5656,0.974677563
5657,0.975364089
5658,1
5659,0.902706981
5660,0.956229985
5661,0.966049075
5662,0.619459152
5663,0.964492977
5664,0.970191538
5665,1
5666,1
5667,1
5668,0.977612138
5669,0.968984366
5670,0.784916937
5671,0.96597921899999994
5672,0.937921524
5673,0.880663872
5674,0.985628247
5675,0.981585503
5676,0.916146636
5677,1
5678,1
5679,0.967398882
5680,0.987638593
5681,0.987690926
5682,0.966901898
5683,0.97984457
5684,0.957063496
5685,0.989046276
5686,1
5687,0.979810774
5688,1
5689,0.977644682
5690,1
5691,0.930985749
5692,0.965830863
5693,0.968171775
5694,0.983743966
5695,0.900731683
5696,0.87916249
5697,1
5698,0.984290958
5699,0.975173473
5700,0.935991883
5701,0.920023143
5702,1
5703,1
5704,0.984948576
5705,0.912701428
5706,1
5707,0.978292644
5708,0.972477317
5709,0.946236193
5710,0.863949001
5711,1
5712,1
5713,1
5714,0.740179896
5715,0.979627967
5716,1
5717,0.891558886
5718,0.933735192
5719,0.841103017
5720,0.923724651
5721,0.915808976
5722,0.909926236
5723,0.944598258
5724,0.963946879
5725,0.927055478
5726,0.977631927
5727,1
5728,0.974260867
5729,1
5730,0.548007131
5731,0.9680053
5732,0.967520535
5733,0.96549356
5734,0.979961753
5735,0.97930783
5736,0.984950542
5737,0.979620636
5738,0.96804136
5739,0.984141767
5740,1
5741,0.974602819
5742,0.987307608
5743,1
5744,1
5745,0.979026079
5746,1
5747,1
5748,0.975827336
5749,1
5750,1
5751,0.978887856
5752,1
5753,0.963002265
5754,1
5755,0.97031939
5756,0.947427452
5757,0.989367187
5758,0.98790282
5759,0.986992717
5760,1
5761,0.742937207
5762,0.980275989
5763,1
5764,1
5765,0.838722169
5766,0.964926839
5767,1
5768,1
5769,1
5770,1
5771,0.984582007
5772,1
5773,0.976186514
5774,1
5775,0.979194224
5776,1
5777,0.958258569
5778,0.949248433
5779,0.98791194
5780,0.987664759
5781,1
5782,0.969451428
5783,1
5784,0.954894841
5785,0.97083056
5786,0.98360216600000006
5787,1
5788,0.965526283
5789,1
5790,0.367810428
5791,1
5792,0.9858042
5793,0.970849991
5794,0.983082771
5795,0.983830392
5796,0.984746456
5797,0.848174274
5798,1
5799,0.980714142
5800,0.989938378
5801,1
5802,0.982474983
5803,0.968273759
5804,1
5805,1
5806,0.94051981
5807,1
5808,1
5809,0.964776397
5810,0.875566006
5811,0.969253957
5812,0.958272994
5813,1
5814,1
5815,0.97921741
5816,1
5817,1
5818,0.483202487
5819,0.826038182
5820,1
5821,0.988946259
5822,0.989091754
5823,0.971170127
5824,1
5825,0.987587631
5826,0.983723164
5827,0.97020185
5828,0.983501375
5829,1
5830,0.948673785
5831,0.970358014
5832,0.97966522
5833,0.978011251
5834,1
5835,0.817043304
5836,0.876739204
5837,1
5838,0.977816761
5839,0.9822433
5840,0.987998843
5841,1
5842,1
5843,0.98410058
5844,0.987497687
5845,1
5846,0.977371097
5847,0.986475408
5848,0.984163582
5849,0.974446356
5850,0.97293514
5851,0.978932321
5852,1
5853,0.983740509
5854,1
5855,1
5856,1
5857,0.845853806
5858,1
5859,0.886418939
5860,1
5861,0.910574853
5862,1
5863,0.983966172
5864,0.972242773
5865,1
5866,1
5867,0.975398302
5868,0.542443156
5869,0.970095277
5870,1
5871,0.97759676
5872,0.981332839
5873,1
5874,0.831063509
5875,0.98858881
5876,1
5877,0.98501277
5878,1
5879,1
5880,1
5881,0.965620935
5882,0.607441664
5883,0.916476667
5884,0.956821263
5885,0.941262007
5886,0.98118341
5887,1
5888,1
5889,0.959956527
5890,0.862936676
5891,1
5892,1
5893,1
5894,0.953109026
5895,0.871130586
5896,0.987173796
5897,0.975501001
5898,0.98100245
5899,1
5900,0.984287262
5901,0.815720618
5902,0.972323597
5903,0.968256354
5904,0.66295594
5905,1
5906,1
5907,0.976581693
5908,0.987243712
5909,0.928837895
5910,1
5911,0.988357961
5912,1
5913,1
5914,1
5915,0.630448341
5916,0.978406072
5917,1
5918,1
5919,1
5920,0.966144323
5921,0.729355991
5922,0.939409435
5923,0.980768383
5924,0.854680836
5925,1
5926,0.863075793
5927,0.91355288
5928,1
5929,1
5930,1
5931,1
5932,0.955344081
5933,0.94106257
5934,1
5935,0.943556309
5936,0.98631686
5937,0.989407122
5938,0.989539921
5939,0.980741322
5940,0.974494338
5941,1
5942,0.968186379
5943,0.942490161
5944,0.987593114
5945,1
5946,1
5947,0.76415503
5948,0.981105983
5949,0.913908899
5950,1
5951,0.955370545
5952,0.985949576
5953,1
5954,1
5955,0.957116902
5956,0.955895066
5957,1
5958,1
5959,1
5960,1
5961,0.984221101
5962,1
5963,0.983992398
5964,0.974315941
5965,0.979617655
5966,0.986515284
5967,0.984297931
5968,0.976005137
5969,0.966527939
5970,0.965545952
5971,1
5972,1
5973,1
5974,0.932466865
5975,0.986578763
5976,0.931782663
5977,1
5978,0.989307582
5979,1
5980,0.985260665
5981,0.757043004
5982,0.988188326
5983,0.982635498
5984,0.988365173
5985,0.98012811
5986,0.984451532
5987,1
5988,0.95795393
5989,1
5990,1
5991,1
5992,0.967992544
5993,1
5994,0.948759377
5995,0.95673263099999994
5996,0.988266766
5997,1
5998,1
5999,1
6000,1
6001,0.599628449
6002,0.987318218
6003,0.980932593
6004,0.957037866
6005,1
6006,0.904024422
6007,0.983570814
6008,1
6009,0.989006162
6010,0.8459512
6011,0.967646062
6012,0.893737793
6013,1
6014,0.782942116
6015,1
6016,1
6017,1
6018,1
6019,0.972478211
6020,1
6021,0.966346681
6022,1
6023,0.937318087
6024,0.988381445
6025,0.957728088
6026,0.978288412
6027,1
6028,0.940342903
6029,1
6030,0.972993851
6031,0.978312016
6032,1
6033,0.93413645
6034,0.935658276
6035,1
6036,0.972401142
6037,0.984940708
6038,0.703713298
6039,0.969299555
6040,1
6041,0.980871797
6042,1
6043,0.825836539
6044,1
6045,0.976452768
6046,0.988196194
6047,0.680689752
6048,0.980727553
6049,1
6050,1
6051,0.945515811
6052,0.532517195
6053,1
6054,1
6055,0.985316813
6056,1
6057,0.964332402
6058,0.969834507
6059,1
6060,1
6061,0.943234325
6062,0.646055877
6063,0.967955709
6064,1
6065,0.955149472
6066,1
6067,0.980782569
6068,1
6069,0.886621296
6070,1
6071,1
6072,0.973962903
6073,1
6074,0.975136876
6075,1
6076,0.95730412
6077,1
6078,0.987345278
6079,0.89544189
6080,0.987606823
6081,0.980946124
6082,0.938395143
6083,0.979744077
6084,1
6085,1
6086,0.972321332
6087,0.666577339
6088,0.974393904
6089,0.973869026
6090,0.984677553
6091,0.987586141
6092,1
6093,0.988870561
6094,0.897859633
6095,1
6096,0.96535027
6097,0.980652928
6098,1
6099,0.989971101
6100,1
6101,0.965879798
6102,0.818193853
6103,0.93887049
6104,1
6105,0.973091006
6106,0.978892326
6107,0.984433651
6108,0.985785067
6109,1
6110,1
6111,0.983121693
6112,1
6113,0.413814127
6114,0.922730863
6115,0.914744258
6116,0.984912157
6117,0.976524353
6118,0.987160325
6119,1
6120,1
6121,0.970855713
6122,0.972196341
6123,0.408322901
6124,1
6125,1
6126,1
6127,1
6128,0.836250186
6129,0.951878488
6130,0.954696834
6131,0.974407852
6132,1
6133,1
6134,1
6135,0.845845044
6136,0.986420095
6137,0.633432448
6138,0.989790738
6139,0.980207384
6140,0.883980691
6141,0.933483362
6142,1
6143,0.986143589
6144,0.97924757
6145,0.983070016
6146,1
6147,0.960358322
6148,1
6149,1
6150,0.980863929
6151,1
6152,0.952340782
6153,1
6154,1
6155,0.971797764
6156,1
6157,1
6158,0.962879956
6159,1
6160,0.647886217
6161,1
6162,1
6163,1
6164,1
6165,0.987487555
6166,0.420430362
6167,0.959884167
6168,0.953547478
6169,0.645046711
6170,0.939537823
6171,0.988083184
6172,1
6173,0.870382965
6174,0.887176812
6175,0.971677244
6176,1
6177,1
6178,0.42537716
6179,1
6180,0.988712311
6181,0.961840808
6182,1
6183,0.956423819
6184,1
6185,0.882143498
6186,1
6187,0.969154298
6188,0.984338224
6189,0.988878727
6190,1
6191,0.960507989
6192,0.93198669
6193,0.968268871
6194,0.986843884
6195,0.972441137
6196,1
6197,0.977683008
6198,1
6199,1
6200,0.989503503
6201,0.905465066
6202,1
6203,1
6204,1
6205,0.982488215
6206,1
6207,0.950014293
6208,1
6209,1
6210,0.935325265
6211,0.986299574
6212,0.988546193
6213,0.825609386
6214,0.989700675
6215,0.744346201
6216,0.958063901
6217,0.850690186
6218,0.982534468
6219,0.985786915
6220,1
6221,0.916283667
6222,1
6223,0.904839218
6224,1
6225,0.929543972
6226,0.959205389
6227,0.977636159
6228,0.935880125
6229,0.989766061
6230,0.970313907
6231,0.574927151
6232,1
6233,1
6234,0.975896835
6235,0.978646994
6236,0.989539564
6237,0.968226731
6238,1
6239,0.897281826
6240,0.591561496
6241,1
6242,0.976085544
6243,1
6244,1
6245,0.815825462
6246,0.970797539
6247,0.987018466
6248,1
6249,0.987258613
6250,0.956844747
6251,1
6252,0.977587283
6253,1
6254,1
6255,0.953026056
6256,0.976563275
6257,0.989328444
6258,0.921447277
6259,0.970212638
6260,0.68350488
6261,0.975145936
6262,0.975696802
6263,0.943391919
6264,0.986302555
6265,0.950673401
6266,0.978262186
6267,1
6268,0.964015663
6269,0.939104915
6270,1
6271,0.979287624
6272,1
6273,0.975876272
6274,0.894661486
6275,1
6276,1
6277,1
6278,0.983873546
6279,1
6280,0.954931676
6281,0.947942674
6282,1
6283,1
6284,1
6285,1
6286,0.801303148
6287,1
6288,1
6289,0.919366419
6290,0.968587935
6291,1
6292,0.96635133
6293,0.831199706
6294,1
6295,0.881955922
6296,0.986583531
6297,0.934266925
6298,0.927835822
6299,1
6300,0.980315328
6301,0.947072864
6302,0.988064706
6303,0.987331212
6304,1
6305,1
6306,0.976925254
6307,1
6308,1
6309,0.978026211
6310,0.958525181
6311,1
6312,0.939863205
6313,0.984578073
6314,0.608444035
6315,0.872928023
6316,0.974553883
6317,0.944764018
6318,0.901862383
6319,0.856056392
6320,1
6321,0.966320515
6322,1
6323,0.840686321
6324,1
6325,0.892819107
6326,0.9438169
6327,0.587045789
6328,0.981870413
6329,0.971416831
6330,1
6331,1
6332,0.915774524
6333,1
6334,1
6335,0.98938024
6336,0.986076832
6337,0.988854945
6338,0.988492489
6339,0.977456152
6340,1
6341,0.984254718
6342,0.989537239
6343,1
6344,1
6345,0.983148933
6346,0.986216188
6347,0.983594477
6348,0.985248625
6349,0.973048925
6350,1
6351,0.940598786
6352,0.927932918
6353,0.942029119
6354,0.282084167
6355,1
6356,0.981966257
6357,1
6358,0.986051202
6359,0.987740219
6360,0.943069398
6361,0.978381097
6362,0.988517523
6363,1
6364,1
6365,0.95219475
6366,0.979356885
6367,1
6368,0.961130202
6369,1
6370,1
6371,1
6372,0.50095588
6373,1
6374,1
6375,0.975856602
6376,0.103151344
6377,0.886024296
6378,0.868754387
6379,1
6380,1
6381,0.980723321
6382,0.970569313
6383,1
6384,0.921352148
6385,0.986663818
6386,1
6387,1
6388,0.988389015
6389,0.932381153
6390,0.986467958
6391,0.981549084
6392,0.984035015
6393,1
6394,0.724168301
6395,1
6396,1
6397,0.986452341
6398,0.968306541
6399,0.637654483
6400,0.989130735
6401,1
6402,1
6403,1
6404,0.95381105
6405,1
6406,0.959378064
6407,0.923783183
6408,0.984142125
6409,0.970903456
6410,1
6411,1
6412,0.952043951
6413,1
6414,0.975369155
6415,1
6416,0.986413777
6417,1
6418,0.989656329
6419,1
6420,1
6421,0.815825462
6422,0.977770865
6423,1
6424,1
6425,0.984018505
6426,1
6427,0.79193902
6428,1
6429,0.983496308
6430,0.863460779
6431,1
6432,0.984579444
6433,1
6434,1
6435,1
6436,0.879822135
6437,1
6438,1
6439,0.542825639
6440,1
6441,0.954320371
6442,1
6443,1
6444,1
6445,1
6446,1
6447,1
6448,0.964987457
6449,0.845745087
6450,1
6451,0.918948948
6452,0.967192113
6453,1
6454,0.924829245
6455,0.983121812
6456,1
6457,0.987118483
6458,0.934161723
6459,0.989076972
6460,1
6461,0.973917782
6462,0.958847523
6463,0.98273015
6464,1
6465,0.708129585
6466,0.81499821
6467,1
6468,1
6469,0.977362812
6470,0.982554138
6471,1
6472,1
6473,0.985371888
6474,0.979133546
6475,0.897572756
6476,0.982340813
6477,0.986204743
6478,0.981353641
6479,1
6480,0.984609723
6481,0.971253991
6482,1
6483,0.989146113
6484,1
6485,0.975409448
6486,1
6487,1
6488,0.978102863
6489,1
6490,1
6491,1
6492,0.966765881
6493,0.962992013
6494,1
6495,1
6496,1
6497,1
6498,0.971172571
6499,0.474082977
6500,0.74439013
6501,1
6502,0.57224232
6503,1
6504,1
6505,1
6506,0.98409158
6507,0.927257359
6508,1
6509,1
6510,0.985698164
6511,0.987692535
6512,0.961425006
6513,1
6514,0.799186289
6515,1
6516,0.978277564
6517,1
6518,0.983179689
6519,0.91871917299999994
6520,1
6521,1
6522,0.968567729
6523,1
6524,0.955230832
6525,1
6526,0.948050737
6527,0.877583623
6528,0.9805879
6529,0.988570154
6530,0.90569365
6531,1
6532,1
6533,0.954082489
6534,0.916878939
6535,1
6536,0.266846776
6537,0.976771891
6538,0.820908785
6539,1
6540,0.95850724
6541,1
6542,0.957744122
6543,0.927859426
6544,1
6545,0.962420285
6546,1
6547,0.96337831
6548,0.988044918
6549,1
6550,0.617431462
6551,0.805340529
6552,0.968509674
6553,1
6554,0.989089191
6555,0.978523135
6556,1
6557,0.594569922
6558,1
6559,0.968950868
6560,1
6561,1
6562,1
6563,0.980593979
6564,0.988521338
6565,0.89758265
6566,0.98125273
6567,1
6568,1
6569,0.956763744
6570,1
6571,0.456425816
6572,1
6573,1
6574,1
6575,0.972808778
6576,0.768673956
6577,0.971967697
6578,1
6579,0.906505704
6580,0.987601161
6581,0.153391808
6582,0.970903039
6583,1
6584,1
6585,1
6586,1
6587,0.978377283
6588,0.507648349
6589,0.966439724
6590,0.436754704
6591,0.926846027
6592,1
6593,0.716729939
6594,1
6595,0.988750517
6596,0.942870855
6597,0.973817289
6598,0.944932401
6599,1
6600,0.913314641
6601,0.985861301
6602,0.834945738
6603,0.989109039
6604,0.979398072
6605,0.97836256
6606,1
6607,0.951652467
6608,0.244608283
6609,0.98330611
6610,1
6611,1
6612,1
6613,0.963417709
6614,0.965420008
6615,1
6616,1
6617,0.883401752
6618,0.989096761
6619,0.989461958
6620,0.981709003
6621,1
6622,0.972171366
6623,0.933271885
6624,1
6625,0.95088011
6626,1
6627,0.946341991
6628,1
6629,0.908967733
6630,0.987971485
6631,0.515752316
6632,1
6633,0.986726522
6634,1
6635,0.844655216
6636,0.984502971
6637,0.702549636
6638,0.91441071
6639,0.977526784
6640,0.793670774
6641,0.987896681
6642,1
6643,1
6644,0.922946155
6645,0.97277236
6646,1
6647,1
6648,0.977204382
6649,0.965702415
6650,0.986026287
6651,1
6652,0.975455165
6653,0.624585271
6654,0.755874336
6655,0.985751689
6656,1
6657,1
6658,0.960055649
6659,0.91712153
6660,1
6661,0.986124039
6662,1
6663,0.958852232
6664,1
6665,0.985651255
6666,1
6667,1
6668,0.898909271
6669,0.905187428
6670,1
6671,0.978649736
6672,1
6673,1
6674,1
6675,0.988392651
6676,0.984682322
6677,0.79764783399999994
6678,0.979440451
6679,1
6680,0.977158308
6681,0.984391213
6682,0.97894454
6683,0.98860687
6684,1
6685,0.925210178
6686,0.98051101
6687,1
6688,0.971755028
6689,0.989320159
6690,0.957835257
6691,1
6692,1
6693,0.889050901
6694,1
6695,1
6696,1
6697,1
6698,0.94495976
6699,0.855116308
6700,1
6701,0.968285203
6702,0.883339107
6703,0
6704,1
6705,1
6706,0.858655989
6707,1
6708,0.983965874
6709,0.985946953
6710,0.969455242
6711,1
6712,0.889540315
6713,0.982393503
6714,0.721830666
6715,1
6716,1
6717,1
6718,0.946523905
6719,0.988906026
6720,0.98970443
6721,1
6722,0.838239312
6723,1
6724,1
6725,0.934522748
6726,1
6727,0.896336198
6728,1
6729,1
6730,1
6731,0.975665629
6732,1
6733,0.970558703
6734,0.947959125
6735,0.965606153
6736,1
6737,0.984014094
6738,0.919382215
6739,0.529146671
6740,0.948501051
6741,1
6742,1
6743,0.891692996
6744,0.961317122
6745,0.949755192
6746,0.978638709
6747,0.983466804
6748,0.960264683
6749,1
6750,0.966630161
6751,0.849783003
6752,0.463549554
6753,1
6754,1
6755,1
6756,0.969762445
6757,1
6758,1
6759,1
6760,0.934014797
6761,1
6762,1
6763,0.984207392
6764,0.697890878
6765,1
6766,0.971860349
6767,0.98726815
6768,0.803435147
6769,0.911374092
6770,0.965280056
6771,0.324969769
6772,0.968703687
6773,0.977616668
6774,0.937991381
6775,1
6776,1
6777,0.986931384
6778,1
6779,1
6780,0.988867998
6781,1
6782,0.986173987
6783,1
6784,1
6785,0.728390038
6786,0.988563061
6787,1
6788,0.710997105
6789,0.982217848
6790,0.984359205
6791,0.948087573
6792,0.970445871
6793,0.985106945
6794,0.929052293
6795,0.894110203
6796,0.962164462
6797,1
6798,0.949629486
6799,0.470387697
6800,1
6801,1
6802,1
6803,0.982377529
6804,1
6805,0.958092451
6806,0.554150105
6807,0.967128217
6808,0.927785397
6809,1
6810,0.989472687
6811,0.982359648
6812,0.977483749
6813,1
6814,0.959421158
6815,1
6816,1
6817,1
6818,0.986152887
6819,1
6820,0.967112482
6821,0.964915216
6822,0.977761984
6823,1
6824,0.976974726
6825,1
6826,0.962668896
6827,0.901663542
6828,1
6829,0.966552436
6830,0.982135296
6831,1
6832,1
6833,1
6834,1
6835,1
6836,1
6837,1
6838,0.96073997
6839,1
6840,0.981778264
6841,0.933744967
6842,0.979560912
6843,1
6844,0.946829379
6845,0.977285445
6846,0.983794391
6847,0.904247463
6848,0.980742216
6849,0.967166126
6850,1
6851,0.987458706
6852,0.988478482
6853,0.977995098
6854,0.986972749
6855,0.956227303
6856,0.929632723
6857,0.85723418
6858,0.597932875
6859,0.949962199
6860,1
6861,1
6862,1
6863,0.975207925
6864,0.700508535
6865,1
6866,0.926356077
6867,0.960705638
6868,0.370483577
6869,0.4101457
6870,1
6871,0.959306657
6872,0.914359689
6873,0.983031988
6874,1
6875,0.966729999
6876,0.963691533
6877,1
6878,0.983223915
6879,0.970677197
6880,0.896197617
6881,0.9688043
6882,0.977425218
6883,0.978872657
6884,1
6885,0.985426426
6886,1
6887,0.986160994
6888,1
6889,0.86044991
6890,0.965805948
6891,0.976230383
6892,0.979085743
6893,1
6894,0.95794034
6895,1
6896,0.943764985
6897,0.950068474
6898,1
6899,0.988113344
6900,0.976450503
6901,1
6902,0.986165047
6903,0.98426199
6904,1
6905,0.98480463
6906,0.987385511
6907,0.895341814
6908,1
6909,0.507422566
6910,0.965442896
6911,1
6912,1
6913,0.984633505
6914,1
6915,0.319111079
6916,1
6917,0.976779759
6918,0.95676136
6919,1
6920,0.911656857
6921,1
6922,0.463756979
6923,1
6924,0.971705914
6925,0.970740914
6926,0.831660271
6927,0.97930634
6928,1
6929,0.934527755
6930,1
6931,0.729130209
6932,0.890090108
6933,1
6934,1
6935,0.954074562
6936,0.609236538
6937,0.973548532
6938,0.976113915
6939,0.947919846
6940,1
6941,0.922399283
6942,0.954388917
6943,0.984966517
6944,0.156174362
6945,0.967082918
6946,0.269041091
6947,0.985447049
6948,1
6949,0.881752491
6950,1
6951,0.961797237
6952,0.989928782
6953,0.989709675
6954,1
6955,0.983001113
6956,0.986511707
6957,0.980484426
6958,1
6959,0.979987621
6960,1
6961,1
6962,1
6963,0.9563725
6964,0.96877408
6965,0.81132251
6966,0.924615741
6967,1
6968,1
6969,1
6970,0.988443792
6971,0.415409327
6972,0.971032143
6973,0.986601651
6974,0.983308196
6975,0.954022706
6976,1
6977,0.975474775
6978,0.988401353
6979,0.982643902
6980,1
6981,0.987318218
6982,0.923034728
6983,0.959701717
6984,1
6985,0.523630083
6986,0.910611033
6987,0.777401984
6988,0.983768523
6989,1
6990,1
6991,1
6992,0.861987412
6993,0.447109819
6994,0.234870225
6995,1
6996,1
6997,1
6998,0.598941386
6999,0.941331208
7000,0.817315698
7001,0.98422581
7002,0.67234534
7003,0.978127003
7004,0.984470248
7005,1
7006,0.962159991
7007,1
7008,1
7009,1
7010,1
7011,0.887238085
7012,0.985923648
7013,0.965251982
7014,0.98979938
7015,0.980569243
7016,0.978367388
7017,1
7018,0.976284683
7019,0.954748988
7020,0.986779332
7021,0.783994615
7022,0.933948934
7023,0.971128404
7024,0.811442375
7025,1
7026,1
7027,1
7028,0.880146802
7029,0.986749232
7030,0.987703562
7031,0.809370637
7032,0.870550752
7033,0.920673788
7034,0.951003492
7035,0.882870495
7036,0.905389428
7037,0.948527157
7038,1
7039,0.987290323
7040,0.973940253
7041,0.986528277
7042,0.954649568
7043,0.987327278
7044,1
7045,1
7046,1
7047,1
7048,0.987511754
7049,0.897041261
7050,0.965329588
7051,1
7052,0.892045558
7053,0.989198983
7054,1
7055,0.98712939
7056,1
7057,0.985289991
7058,1
7059,0.9614079
7060,1
7061,0.978729367
7062,0.418446302
7063,0.965732575
7064,1
7065,0.970176101
7066,0.816170931
7067,1
7068,1
7069,1
7070,0.78138864
7071,0.971780777
7072,0.973423362
7073,1
7074,0.934460819
7075,0.982821763
7076,0.952548087
7077,0.977309465
7078,1
7079,0.972563684
7080,0.982609391
7081,0.986586213
7082,0.898313403
7083,1
7084,0.933143795
7085,1
7086,1
7087,1
7088,0.956067503
7089,1
7090,0.989825308
7091,0.97984618
7092,1
7093,0.987873614
7094,1
7095,1
7096,0.982039154
7097,1
7098,0.927221477
7099,0.987574279
7100,0.98037672
7101,1
7102,0.970524609
7103,0.98062253
7104,0.989774466
7105,1
7106,0.960800648
7107,0.987627506
7108,0.981851578
7109,1
7110,1
7111,0.911011636
7112,0.986682057
7113,0.859175146
7114,0.98376447
7115,0.989957511
7116,0.981593847
7117,0.974243283
7118,0.951683998
7119,0.764317274
7120,0.953472674
7121,0.530283868
7122,0.739495099
7123,0.919401765
7124,1
7125,1
7126,0.852401733
7127,0.956677198
7128,0.969654262
7129,0.976546884
7130,1
7131,0.988022685
7132,0.984865308
7133,1
7134,0.988811255
7135,0.729887247
7136,0.979202688
7137,0.78382951
7138,0.9185552
7139,0.955220819
7140,1
7141,0.986580372
7142,1
7143,1
7144,1
7145,0.465140253
7146,0.983283877
7147,1
7148,1
7149,1
7150,1
7151,0.891579449
7152,0.977333605
7153,0.935323179
7154,1
7155,0.970408142
7156,0.986219764
7157,1
7158,0.955759883
7159,0.881175995
7160,0.97119236
7161,0.897579432
7162,0.959841967
7163,0.935649037
7164,0.824838042
7165,0.987933695
7166,0.891682744
7167,1
7168,0.981828809
7169,1
7170,0.359719724
7171,1
7172,0.982041895
7173,1
7174,0.894337833
7175,1
7176,0.891414106
7177,0.976489604
7178,1
7179,0.620318711
7180,0.9883582
7181,1
7182,0.979480386
7183,0.980726183
7184,0.97512871
7185,0.933297455
7186,0.97386443600000006
7187,1
7188,1
7189,0.846803844
7190,1
7191,0.966495872
7192,0.425480574
7193,0.989994228
7194,0.982615113
7195,0.967871487
7196,1
7197,1
7198,0.976106465
7199,0.983832896
7200,0.967785597
7201,1
7202,0.656091094
7203,0.784873724
7204,0.989222527
7205,0.922031939
7206,1
7207,0.972329438
7208,1
7209,0.979879916
7210,1
7211,0.975050807
7212,0.984638274
7213,0.964576483
7214,1
7215,0.968057811
7216,0.717030942
7217,1
7218,0.98773104
7219,0.920507312
7220,0.885392129
7221,1
7222,0.926482797
7223,1
7224,0.986066043
7225,1
7226,0.979549706
7227,0.976466179
7228,0.985796392
7229,1
7230,1
7231,1
7232,0.985788405
7233,1
7234,0.901270807
7235,0.984483421
7236,0.980608881
7237,0.979382038
7238,0.982573926
7239,0.98859489
7240,1
7241,0.908828497
7242,0.986385644
7243,0.975142896
7244,0.950596392
7245,0.957231045
7246,0.974951565
7247,0.930643439
7248,0.887714028
7249,0.956048429
7250,0.981003165
7251,0.934698224
7252,1
7253,0.986603499
7254,0.237284899
7255,0.986825168
7256,0.923185587
7257,1
7258,0.958993971
7259,0.989928663
7260,1
7261,0.880024076
7262,0.84795475
7263,1
7264,0.86602509
7265,1
7266,1
7267,0.941151559
7268,1
7269,1
7270,0.977051795
7271,0.940849125
7272,1
7273,1
7274,0.973273456
7275,1
7276,1
7277,0.974496722
7278,1
7279,0.981437028
7280,1
7281,0.910136521
7282,1
7283,1
7284,1
7285,1
7286,0.979987741
7287,0.989013553
7288,0.988448799
7289,0.983862937
7290,0.972121418
7291,0.968919992
7292,0.985887349
7293,0.987973929
7294,1
7295,1
7296,1
7297,0.980147958
7298,1
7299,0.747749865
7300,0.988732815
7301,0.731003344
7302,0.980050385
7303,1
7304,1
7305,0.974893749
7306,0.952882528
7307,0.921818554
7308,1
7309,0.951730609
7310,0.950703323
7311,1
7312,1
7313,0.985860705
7314,1
7315,0.936877489
7316,1
7317,0.338271767
7318,1
7319,0.392680705
7320,1
7321,0.943213522
7322,0.904255867
7323,0.968266964
7324,0.315054387
7325,0.984405577
7326,1
7327,1
7328,0.969574928
7329,0.955022275
7330,0.941505492
7331,0.966689229
7332,0.861623704
7333,0.986392915
7334,1
7335,1
7336,0.980303824
7337,0.981637776
7338,0.944361866
7339,1
7340,0.956807852
7341,1
7342,0.977164805
7343,0.969875336
7344,0.950600922
7345,1
7346,1
7347,0.93054401899999994
7348,1
7349,0.988245726
7350,1
7351,1
7352,0.983281076
7353,0.952527225
7354,1
7355,0.980703831
7356,0.983470142
7357,0.978499293
7358,0.910373926
7359,0.984307826
7360,0.971334159
7361,1
7362,0.955273807
7363,0.953172147
7364,0.989140749
7365,0.976465404
7366,0.962472618
7367,1
7368,0.985522032
7369,0.920281529
7370,0.969959796
7371,1
7372,0.819585621
7373,0.959037304
7374,0.727656603
7375,1
7376,0.866095007
7377,0.951441228
7378,0.617116451
7379,0.955469906
7380,1
7381,0.657688618
7382,0.939079881
7383,0.960988283
7384,0.980332911
7385,0.665563822
7386,0.988717198
7387,1
7388,1
7389,1
7390,0.987719774
7391,0.960052669
7392,1
7393,1
7394,0.975648224
7395,0.987482309
7396,0.98963964
7397,1
7398,1
7399,0.899970412
7400,1
7401,0.989115357
7402,1
7403,0.978071332
7404,0.979509413
7405,0.988739669
7406,1
7407,1
7408,1
7409,1
7410,0.920640469
7411,1
7412,1
7413,1
7414,1
7415,0.962725639
7416,0.976011932
7417,1
7418,0.985631228
7419,1
7420,1
7421,1
7422,0.889045656
7423,1
7424,1
7425,0.951423109
7426,0.972290099
7427,1
7428,1
7429,0.923461437
7430,0.989849687
7431,1
7432,0.40711385
7433,0.982633114
7434,0.982165039
7435,1
7436,0.96831125
7437,1
7438,0.874876976
7439,0.987541139
7440,1
7441,1
7442,0.971750379
7443,0.986181438
7444,1
7445,1
7446,1
7447,1
7448,0.952846825
7449,1
7450,1
7451,0.975408316
7452,1
7453,0.93390727
7454,1
7455,0.973490655
7456,0.337062329
7457,0.97678840199999994
7458,0.965825856
7459,0.921375513
7460,0.977463663
7461,0.782632351
7462,1
7463,0.988150835
7464,0.886931717
7465,1
7466,1
7467,1
7468,1
7469,0.972367227
7470,0.980374396
7471,0.988060951
7472,1
7473,0.791849613
7474,0.965073168
7475,1
7476,1
7477,0.973187745
7478,0.954184413
7479,0.873193026
7480,0.792466462
7481,1
7482,0.983797848
7483,0.892061353
7484,0.963948667
7485,0.960724354
7486,0.937870681
7487,1
7488,0.981208324
7489,1
7490,0.926520765
7491,0.95682019
7492,0.405651391
7493,1
7494,1
7495,1
7496,0.968916297
7497,1
7498,0.804230571
7499,1
7500,0.420356363
7501,0.982590973
7502,1
7503,1
7504,1
7505,1
7506,0.889236689
7507,0.981534839
7508,0.796037495
7509,1
7510,0.97890693
7511,0.971722603
7512,1
7513,0.950946391
7514,1
7515,0.951651037
7516,1
7517,0.984551251
7518,0.953259468
7519,0.977261305
7520,1
7521,0.934443355
7522,0.968793988
7523,1
7524,0.956141472
7525,0.98657763
7526,0.986561477
7527,1
7528,0.887662649
7529,0.945063353
7530,0.980748773
7531,0.870580554
7532,0.976835966
7533,1
7534,1
7535,0.97919476
7536,0.972675681
7537,0.975447893
7538,1
7539,0.953972697
7540,0.977768898
7541,0.969256878
7542,1
7543,1
7544,0.824770749
7545,1
7546,0.971527875
7547,0.553071261
7548,1
7549,0.964317024
7550,0.971519768
7551,0.743005812
7552,1
7553,0.957354486
7554,0.989392996
7555,1
7556,0.967095316
7557,0.874401927
7558,0.967346489
7559,1
7560,0.979972184
7561,0.989212871
7562,1
7563,0.939923942
7564,0.963530123
7565,0.98940289
7566,0.424041241
7567,0.981262267
7568,0.890711248
7569,0.989827871
7570,1
7571,0.954277277
7572,1
7573,0.986228705
7574,0.90583986
7575,0.981865108
7576,0.972768605
7577,0.950732112
7578,0.872585714
7579,1
7580,1
7581,0.97170651
7582,1
7583,1
7584,0.983994722
7585,1
7586,0.953385592
7587,1
7588,0.9237203
7589,0.96661669
7590,0.980141997
7591,0.973548532
7592,0.830341995
7593,1
7594,1
7595,0.953017116
7596,1
7597,1
7598,0.982491672
7599,1
7600,0.953079045
7601,1
7602,0.977605522
7603,0.986469269
7604,0.508745134
7605,1
7606,1
7607,0.963751316
7608,1
7609,0.984078288
7610,0.98055768
7611,1
7612,0.985333383
7613,0.975150347
7614,0.981554687
7615,0.921542525
7616,0.809849024
7617,0.977550566
7618,0.974523187
7619,0.985817015
7620,0.983396828
7621,0.980069637
7622,0.983583629
7623,0.988995314
7624,1
7625,0.953670621
7626,1
7627,0.921730042
7628,0.93776226
7629,0.988126278
7630,1
7631,0.955238342
7632,0.987047195
7633,0.970985293
7634,1
7635,0.961405158
7636,1
7637,1
7638,0.977589428
7639,0.962058783
7640,0.932877302
7641,0.968126476
7642,1
7643,0.972200215
7644,1
7645,0.945314765
7646,0.914686978
7647,1
7648,0.969945014
7649,0.680363834
7650,0.680485308
7651,0.985267043
7652,1
7653,0.988390684
7654,0.97907716
7655,0.870373249
7656,1
7657,1
7658,0.985853553
7659,0.966704369
7660,0.988051176
7661,1
7662,0.969838023
7663,1
7664,1
7665,1
7666,0.915726602
7667,0.874636293
7668,1
7669,1
7670,0.93881976600000006
7671,0.933198392
7672,0.758472323
7673,0.963928044
7674,0.433522791
7675,0.988517642
7676,0.988295794
7677,0.801727653
7678,0.957530737
7679,0.933632314
7680,1
7681,0.286113262
7682,1
7683,0.985500395
7684,0.97578966600000006
7685,0.952972949
7686,0.985230744
7687,0.977370501
7688,0.87241149
7689,1
7690,1
7691,1
7692,0.606739163
7693,0.731938303
7694,1
7695,0.988083422
7696,0.838802099
7697,1
7698,0.982340097
7699,0.972826958
7700,0.972702622
7701,0.989443183
7702,0.984516144
7703,0.710299075
7704,0.951539516
7705,1
7706,0.967909038
7707,1
7708,1
7709,0.988550603
7710,0.96901089
7711,0.893578231
7712,0.982734382
7713,0.98508817
7714,1
7715,1
7716,0.973999083
7717,0.979291976
7718,1
7719,1
7720,0.988569915
7721,0.566303849
7722,1
7723,1
7724,0.981779635
7725,0.987374604
7726,0.980130911
7727,1
7728,0.987753809
7729,0.867954612
7730,1
7731,1
7732,1
7733,1
7734,1
7735,1
7736,0.554462373
7737,1
7738,1
7739,0.986320913
7740,1
7741,0.975248992
7742,1
7743,1
7744,0.943793118
7745,1
7746,0.985810757
7747,0.894387126
7748,0.98876065
7749,0.656017065
7750,0.984387755
7751,1
7752,0.960980773
7753,0.980835319
7754,1
7755,0.942015529
7756,0.986489177
7757,0.930828095
7758,0.883117914
7759,0.963587463
7760,0.86551559
7761,1
7762,0.977122426
7763,0.988681793
7764,1
7765,0.989157558
7766,1
7767,0.980801284
7768,0.924539864
7769,1
7770,0.96896255
7771,0.971242845
7772,0.549677193
7773,0.971527875
7774,0.954563677
7775,0.978143871
7776,0.956408918
7777,1
7778,0.961761415
7779,1
7780,0.987567306
7781,0.988354087
7782,1
7783,0.384832501
7784,1
7785,1
7786,0.977507889
7787,0.961378276
7788,1
7789,0.959578693
7790,0.974908054
7791,0.828249931
7792,0.985016942
7793,0.952606738
7794,0.986419499
7795,0.951016963
7796,1
7797,1
7798,0.980802178
7799,0.911828518
7800,1
7801,0.914043725
7802,0.769750476
7803,0.989774346
7804,0.966974556
7805,0.98370713
7806,0.98278445
7807,0.933833003
7808,0.951149285
7809,0.978295624
7810,0.756455004
7811,0.977159679
7812,1
7813,0.989688635
7814,0.969090819
7815,0.987599611
7816,1
7817,0.973759592
7818,1
7819,1
7820,0.977678657
7821,1
7822,0.978200555
7823,0.970404923
7824,0.988782704
7825,1
7826,1
7827,0.97154665
7828,0.985965788
7829,0.983554125
7830,0.966437757
7831,0.95296818
7832,0.910007477
7833,0.969103992
7834,1
7835,0.988376021
7836,1
7837,1
7838,0.97116226
7839,0.972498536
7840,0.942851782
7841,1
7842,1
7843,1
7844,0.957790494
7845,0.96654743
7846,0.564583957
7847,0.961549282
7848,0.984260738
7849,1
7850,1
7851,1
7852,0.984735966
7853,1
7854,0.962255299
7855,0.955679536
7856,0.948272824
7857,0.981342375
7858,0.983394623
7859,0.937850654
7860,1
7861,0.975030184
7862,0.98902005
7863,0.979702413
7864,1
7865,1
7866,0.985853553
7867,1
7868,0.958697081
7869,1
7870,0.984707058
7871,0.938661218
7872,0.98321265
7873,0.703334451
7874,0.987625539
7875,1
7876,0.988004983
7877,1
7878,0.96776998
7879,0.893819332
7880,0.945625544
7881,1
7882,1
7883,1
7884,0.987624407
7885,1
7886,1
7887,0.838882387
7888,1
7889,0.847105742
7890,1
7891,1
7892,1
7893,0.768680871
7894,1
7895,1
7896,0.947895646
7897,1
7898,0.973662853
7899,1
7900,0.768256366
7901,1
7902,1
7903,0.982511222
7904,0.897794545
7905,0.956392348
7906,1
7907,0.974984765
7908,1
7909,0.978461385
7910,0.972281992
7911,0.985842645
7912,0.904829681
7913,1
7914,0.911000848
7915,1
7916,0.95583719
7917,1
7918,0.969890475
7919,0.974625528
7920,0.969320238
7921,0.960784853
7922,0.940145195
7923,1
7924,0.959010422
7925,0.946972668
7926,1
7927,0.986542344
7928,1
7929,0.985076249
7930,0.404356152
7931,1
7932,1
7933,0.899292231
7934,0.970775187
7935,0.659655511
7936,0.970668912
7937,1
7938,0.952734351
7939,0.986180484
7940,0.965829849
7941,1
7942,1
7943,0.974813879
7944,1
7945,0.989699423
7946,1
7947,0.83917433
7948,0.979953051
7949,1
7950,0.979391336
7951,0.676060438
7952,0.908330977
7953,0.934337378
7954,1
7955,1
7956,1
7957,0.981905937
7958,1
7959,0.965550125
7960,0.979653597
7961,0.980843246
7962,0.982699752
7963,1
7964,0.958611608
7965,0.979926407
7966,1
7967,0.762722075
7968,1
7969,1
7970,0.988329887
7971,0.985360086
7972,0.983078957
7973,0.981494963
7974,0.981368363
7975,0.784989119
7976,1
7977,0.984089136
7978,0.960676193
7979,0.976030588
7980,1
7981,0.989075422
7982,0.952387154
7983,1
7984,0.989459753
7985,1
7986,1
7987,0.963568509
7988,0.939256072
7989,1
7990,0.976624072
7991,0.948625088
7992,0.95093751
7993,0.977750778
7994,0.612661541
7995,0.982309997
7996,0.915196002
7997,0.986089826
7998,0.976196766
7999,0.901387036
8000,1
8001,0.959403276
8002,0.984029591
8003,0.961613655
8004,0.985305607
8005,0.981033206
8006,1
8007,1
8008,0.967166126
8009,0.985618174
8010,0.973529637
8011,0.979030132
8012,0.982557237
8013,0.987011433
8014,0.939313114
8015,0.975727141
8016,1
8017,0.976266027
8018,0.977832377
8019,0.984566152
8020,1
8021,1
8022,1
8023,1
8024,0.987402558
8025,0.978919625
8026,1
8027,1
8028,0.954306305
8029,1
8030,0.987021864
8031,0.541092217
8032,1
8033,1
8034,0.736340463
8035,0.98215425
8036,1
8037,0.988953233
8038,1
8039,1
8040,0.963401854
8041,1
8042,1
8043,0.979933739
8044,0.961308837
8045,1
8046,1
8047,0.979237199
8048,0.984825909
8049,1
8050,0.984115124
8051,1
8052,0.989684939
8053,0.984405577
8054,1
8055,0.975124717
8056,0.989616752
8057,0.974975348
8058,1
8059,1
8060,1
8061,0.984184265
8062,0.987696052
8063,0.844156385
8064,0.984272122
8065,0.977505922
8066,0.986855924
8067,0.939203322
8068,1
8069,1
8070,0.79128629
8071,1
8072,0.937253356
8073,1
8074,1
8075,0.953192949
8076,0.988137305
8077,1
8078,0.941152811
8079,1
8080,0.953224063
8081,1
8082,0.984561861
8083,1
8084,0.986220956
8085,0.972524941
8086,1
8087,1
8088,0.971968234
8089,0.948857904
8090,1
8091,0.398242325
8092,0.98170346
8093,0.925025046
8094,0.980592132
8095,0.98974961
8096,1
8097,0.970445752
8098,1
8099,0.977038026
8100,1
8101,1
8102,0.98367846
8103,0.988333821
8104,1
8105,0.912312925
8106,1
8107,0.989179254
8108,1
8109,0.72598505
8110,0.987075746
8111,0.985425055
8112,0.983656645
8113,0.989551485
8114,1
8115,1
8116,0.955332577
8117,1
8118,1
8119,1
8120,0.966077924
8121,0.944067836
8122,1
8123,0.930730104
8124,1
8125,0.985632062
8126,1
8127,0.97825706
8128,0.978641331
8129,1
8130,1
8131,0.988551378
8132,0.950053036
8133,0.912601471
8134,0.966590524
8135,0.951759756
8136,1
8137,0.958411634
8138,1
8139,0.93262881
8140,0.955275118
8141,0.980203927
8142,0.975547254
8143,0.983984292
8144,0.972496152
8145,0.963739812
8146,0.978640974
8147,1
8148,0.857577264
8149,0.919203937
8150,1
8151,0.92014122
8152,1
8153,0.889277875
8154,0.951680541
8155,0.986704111
8156,0.974762797
8157,1
8158,0.951537192
8159,1
8160,0.964615047
8161,1
8162,0.972392917
8163,0.989897609
8164,1
8165,1
8166,0.954237878
8167,0.985609591
8168,1
8169,0.489046186
8170,0.96241641
8171,0.984858632
8172,1
8173,0.986570299
8174,0.986218035
8175,0.952040196
8176,1
8177,1
8178,0.957296908
8179,0.580826461
8180,1
8181,0.968842685
8182,1
8183,0.970274925
8184,0.946331501
8185,0.983256996
8186,0.926823497
8187,1
8188,0.97246784
8189,1
8190,1
8191,1
8192,0.984758377
8193,0.969358683
8194,1
8195,0.948624611
8196,0.984616756
8197,0.943935335
8198,1
8199,1
8200,0.952987552
8201,0.987064958
8202,0.964728773
8203,0.96445179
8204,0.974668503
8205,0.982875228
8206,0.975425541
8207,1
8208,1
8209,1
8210,0.82108599
8211,0.922450781
8212,0.989662528
8213,0.760348737
8214,0.979675412
8215,0.933035195
8216,0.947653294
8217,1
8218,0.984994948
8219,1
8220,0.966358006
8221,0.931605279
8222,0.976190746
8223,1
8224,1
8225,1
8226,0.982796133
8227,1
8228,0.958421469
8229,0.979534745
8230,0.923835754
8231,1
8232,0.981159687
8233,0.979804516
8234,1
8235,0.960435212
8236,0.759809613
8237,0.274491221
8238,0.977004111
8239,0.988299012
8240,0.95035255
8241,1
8242,0.974242866
8243,0.969460607
8244,0.964643896
8245,0.972544789
8246,0.974069536
8247,0.900118172
8248,0.292630643
8249,0.936281025
8250,0.980099857
8251,1
8252,1
8253,1
8254,1
8255,1
8256,0.98353833
8257,1
8258,1
8259,0.925547302
8260,0.976971686
8261,0.947719872
8262,1
8263,1
8264,1
8265,1
8266,0.980297685
8267,1
8268,1
8269,1
8270,1
8271,0.98773998
8272,0.969164789
8273,1
8274,0.96472168
8275,0.825011492
8276,0.980584025
8277,1
8278,1
8279,0.930440545
8280,0.982385933
8281,0.98203814
8282,1
8283,0.988983214
8284,1
8285,0.988523006
8286,0.941544831
8287,0.975507438
8288,0.988352716
8289,0.974521279
8290,1
8291,1
8292,0.937097073
8293,0.302433074
8294,1
8295,1
8296,1
8297,0.891134858
8298,0.974723041
8299,0.989448071
8300,1
8301,0.981876969
8302,0.913644612
8303,1
8304,1
8305,0.647372365
8306,0.961276889
8307,1
8308,0.988821387
8309,0.97963959
8310,1
8311,0.978811324
8312,1
8313,0.983863235
8314,1
8315,1
8316,0.873318195
8317,1
8318,0.971840799
8319,1
8320,0.915544748
8321,0.724489331
8322,1
8323,0.951305389
8324,0.984157026
8325,0.877527833
8326,0.980543554
8327,1
8328,1
8329,0.805704832
8330,0.983766913
8331,1
8332,0.985187233
8333,1
8334,0.841756582
8335,0.982326865
8336,1
8337,1
8338,0.936386168
8339,1
8340,0.929828346
8341,0.977718175
8342,0.973717451
8343,1
8344,0.976082683
8345,0.977346599
8346,0.322303474
8347,0.657320976
8348,1
8349,1
8350,0.988028407
8351,0.92362529
8352,1
8353,0.974867046
8354,0.821242094
8355,1
8356,1
8357,0.984177947
8358,1
8359,0.986496747
8360,0.966410875
8361,1
8362,1
8363,0.989144623
8364,0.929663777
8365,0.925874174
8366,0.98629748800000006
8367,0.973090351
8368,1
8369,0.926544011
8370,1
8371,0.981891811
8372,1
8373,0.871007502
8374,0.989456832
8375,1
8376,1
8377,1
8378,0.989739001
8379,1
8380,0.913296163
8381,0.9872486
8382,1
8383,1
8384,1
8385,1
8386,0.966697693
8387,1
8388,0.609914303
8389,0.967807591
8390,0.246990115
8391,0.988323689
8392,1
8393,1
8394,0.97933358
8395,1
8396,0.888127148
8397,1
8398,0.985633075
8399,1
8400,1
8401,0.947705448
8402,1
8403,1
8404,1
8405,1
8406,1
8407,0.756258428
8408,1
8409,0.9738428
8410,0.574057639
8411,1
8412,1
8413,1
8414,0.848899186
8415,1
8416,0.989653885
8417,0.989047706
8418,0.462055236
8419,1
8420,0.350342512
8421,0.974547565
8422,0.917046309
8423,0.886454344
8424,1
8425,0.962980211
8426,1
8427,1
8428,0.978934825
8429,0.891010284
8430,1
8431,0.98767221
8432,1
8433,1
8434,0.955313742
8435,1
8436,1
8437,0.904529095
8438,0.986779869
8439,0.579837143
8440,1
8441,1
8442,1
8443,1
8444,0.76652652
8445,0.484804779
8446,1
8447,0.97374922
8448,1
8449,1
8450,0.978076041
8451,1
8452,0.968397856
8453,0.977632523
8454,1
8455,0.959155917
8456,1
8457,1
8458,0.891866028
8459,0.299771965
8460,0.716086268
8461,0.932136715
8462,0.947473466
8463,1
8464,0.987393975
8465,0.95544678
8466,1
8467,1
8468,1
8469,1
8470,0.952610731
8471,1
8472,1
8473,0.966437042
8474,1
8475,1
8476,0.984213114
8477,0.980652571
8478,1
8479,0.975504041
8480,1
8481,0.944366753
8482,0.983971298
8483,0.971714914
8484,1
8485,0.225471854
8486,1
8487,0.981984079
8488,0.817475975
8489,0.969441116
8490,0.757756114
8491,1
8492,1
8493,0.829639494
8494,0.204360023
8495,1
8496,0.965283513
8497,0.98905921
8498,0.936878979
8499,1
8500,0.9702124
8501,0.979892194
8502,1
8503,0.981736302
8504,0.982416153
8505,0.959238291
8506,0.987395704
8507,0.972584248
8508,0.988988698
8509,1
8510,1
8511,1
8512,0.980321586
8513,0.958695889
8514,0.937646568
8515,0.972724855
8516,1
8517,0.95821172
8518,0.987420976
8519,0.961219847
8520,0.989749134
8521,1
8522,1
8523,1
8524,0.811890125
8525,1
8526,0.986963928
8527,0.985858381
8528,0.930583477
8529,0.989456117
8530,1
8531,1
8532,0.969991863
8533,0.952828527
8534,0.982786059
8535,0.94622916
8536,0.989103556
8537,0.989241421
8538,1
8539,1
8540,0.987677515
8541,0.934287846
8542,0.989117086
8543,1
8544,0.975574613
8545,0.984778583
8546,1
8547,0.98064661
8548,1
8549,1
8550,0.98702395
8551,1
8552,1
8553,1
8554,0.95584321
8555,1
8556,1
8557,1
8558,1
8559,1
8560,0.288186252
8561,0.941755712
8562,1
8563,1
8564,0.963891625
8565,0.987291396
8566,1
8567,0.976625681
8568,0.987616003
8569,0.989551485
8570,0.978455484
8571,1
8572,0.969639123
8573,0.985252261
8574,0.981683135
8575,1
8576,1
8577,0.985297024
8578,1
8579,0.954233646
8580,0.834868193
8581,0.945015729
8582,0.418041319
8583,0.968863845
8584,1
8585,0.971022189
8586,0.975402296
8587,0.962379277
8588,1
8589,0.98321873
8590,1
8591,0.984116495
8592,1
8593,0.959039152
8594,1
8595,0.971205175
8596,0.986506939
8597,0.98009342
8598,1
8599,0.973163247
8600,1
8601,1
8602,0.761900187
8603,0.952903628
8604,0.974298775
8605,1
8606,1
8607,0.949230135
8608,0.922888398
8609,1
8610,0.966497183
8611,0.969314218
8612,1
8613,0.985370755
8614,1
8615,1
8616,0.987058342
8617,0.980996132
8618,1
8619,0.925495684
8620,1
8621,1
8622,0.900833666
8623,1
8624,1
8625,0.987825215
8626,1
8627,0.989075899
8628,0.707028568
8629,0.951215088
8630,1
8631,0.983040035
8632,0.976059318
8633,1
8634,1
8635,0.973653376
8636,0.987429559
8637,0.989281774
8638,0.931781888
8639,0
8640,1
8641,0.648144543
8642,0.967117846
8643,1
8644,0.765652955
8645,1
8646,1
8647,1
8648,0.849339426
8649,1
8650,1
8651,0.98298049
8652,1
8653,1
8654,0.981051683
8655,0.971168637
8656,0.890741766
8657,1
8658,1
8659,0.989645004
8660,1
8661,1
8662,0.959699333
8663,0.980635941
8664,0.971233726
8665,1
8666,1
8667,1
8668,0.986228108
8669,1
8670,0.982355654
8671,1
8672,0.970329166
8673,0.904500485
8674,1
8675,0.870610833
8676,0.972852111
8677,0.371759325
8678,0.778466821
8679,1
8680,1
8681,0.985395193
8682,0.858171701
8683,0.987206757
8684,0.865022838
8685,0.985696912
8686,1
8687,0.986414373
8688,1
8689,0.766541839
8690,0.968673825
8691,1
8692,0.984376788
8693,0.981754005
8694,1
8695,0.987020671
8696,0.916322887
8697,1
8698,1
8699,0.973755121
8700,0.741584301
8701,1
8702,0.984215915
8703,0.989552677
8704,0.946126699
8705,0.954699576
8706,0.98857367
8707,0.975023866
8708,1
8709,0.96133244
8710,0.982643008
8711,1
8712,1
8713,0.848352015
8714,1
8715,1
8716,1
8717,0.89986527
8718,1
8719,1
8720,0.941165268
8721,0.980876625
8722,1
8723,1
8724,1
8725,0.965766132
8726,0.928413928
8727,0.980594456
8728,1
8729,0.884679437
8730,0.98384732
8731,1
8732,1
8733,0.975250542
8734,1
8735,1
8736,0.965220392
8737,0.944671333
8738,1
8739,0.977688313
8740,0.96740514
8741,0.816614032
8742,0.975821197
8743,1
8744,0.985039115
8745,0.921716452
8746,1
8747,0.945921302
8748,0.987672508
8749,0.959009767
8750,1
8751,1
8752,0.988009632
8753,1
8754,1
8755,0.989027619
8756,0.729953766
8757,0.897834122
8758,0.963263154
8759,1
8760,0.885344923
8761,1
8762,0.972883344
8763,0.98609966
8764,1
8765,1
8766,0.860107899
8767,0.980222523
8768,1
8769,1
8770,0.974711955
8771,0.981249631
8772,0.978715539
8773,0.978075802
8774,0.983734965
8775,1
8776,1
8777,0.981154621
8778,0.886407137
8779,1
8780,0.77492094
8781,0.965788722
8782,0.94375056
8783,1
8784,0.984333158
8785,0.986632526
8786,0.988776863
8787,0.989593983
8788,0.925147057
8789,1
8790,0.67601788
8791,0.982625365
8792,0.979629755
8793,0.949111283
8794,0.981822968
8795,0.973921716
8796,1
8797,1
8798,1
8799,1
8800,1
8801,0.626163244
8802,0.97543633
8803,1
8804,0.976634443
8805,0.792359531
8806,0.982877076
8807,0.931245863
8808,0.924632251
8809,0.668587923
8810,1
8811,0.949929476
8812,1
8813,0.925325513
8814,1
8815,1
8816,0.940445781
8817,1
8818,0.986435592
8819,0.890920281
8820,1
8821,0.973665714
8822,0.955782414
8823,1
8824,0.94859308
8825,0.974610508
8826,0.953895629
8827,0.980148733
8828,1
8829,0.982203841
8830,0.947948337
8831,0.971502125
8832,0.951118588
8833,1
8834,1
8835,0.351293385
8836,0.981399894
8837,0.988574565
8838,1
8839,1
8840,0.866654217
8841,0.968998253
8842,0.923487544
8843,0.98390305
8844,0.931444407
8845,0.98576653
8846,0.955696762
8847,0.952713788
8848,0.964886367
8849,0.949610114
8850,1
8851,0.989006877
8852,1
8853,0.970697999
8854,0.979121208
8855,0.980888426
8856,1
8857,0.944242299
8858,0.982440233
8859,0.92578274
8860,1
8861,0.878477156
8862,1
8863,0.977385104
8864,0.952904046
8865,1
8866,1
8867,1
8868,1
8869,1
8870,1
8871,0.987683117
8872,0.980465829
8873,0.986284733
8874,1
8875,1
8876,1
8877,1
8878,0.978168845
8879,1
8880,0.984221458
8881,0.988246381
8882,0.97621274
8883,0.956421912
8884,0.977015019
8885,0.976254344
8886,0.986003041
8887,1
8888,1
8889,1
8890,0.974001586
8891,0.970209837
8892,1
8893,0.980257213
8894,0.937936664
8895,0.947348595
8896,0.978263438
8897,1
8898,0.971336842
8899,0.979681373
8900,1
8901,0.936043143
8902,0.963174462
8903,0.972057819
8904,0.968089521
8905,0.975159884
8906,0.973738611
8907,0.983991444
8908,0.858142555
8909,0.986887753
8910,0.977121174
8911,0.920221627
8912,0.981039763
8913,0.986030161
8914,0.702304304
8915,0.936587751
8916,0.98501277
8917,0.986706197
8918,0.984976769
8919,1
8920,0.977862716
8921,0.710400581
8922,1
8923,0.969740033
8924,0.976982832
8925,0.984401286
8926,1
8927,0.984030724
8928,0.982782185
8929,1
8930,1
8931,0.979549468
8932,0.949578524
8933,0.852847397
8934,0.971836388
8935,0.953472376
8936,0.966622055
8937,0.968052864
8938,0.868400395
8939,0.978002846
8940,1
8941,0.954916179
8942,0.988138616
8943,0.974170804
8944,0.962134004
8945,0.974393904
8946,1
8947,0.932961643
8948,1
8949,1
8950,1
8951,0.972351849
8952,0.956339121
8953,0.989000678
8954,1
8955,1
8956,0.982453883
8957,0.985972047
8958,1
8959,0.862957358
8960,1
8961,0.986066282
8962,1
8963,1
8964,0.96867013
8965,0.984989286
8966,0.975788057
8967,0.765886188
8968,0.989926934
8969,1
8970,1
8971,0.97379005
8972,0.987899125
8973,1
8974,1
8975,0.985312045
8976,1
8977,1
8978,1
8979,1
8980,0.552285135
8981,0.87703222
8982,0.934929609
8983,1
8984,0.980482042
8985,1
8986,0.96856153
8987,0.979973197
8988,0.941861212
8989,1
8990,0.988003969
8991,1
8992,0.939568222
8993,1
8994,0.936800599
8995,1
8996,1
8997,0.983769119
8998,0.906536758
8999,0.987205029
9000,0.958796978
9001,0.870612025
9002,1
9003,1
9004,0.959532142
9005,0.662846386
9006,1
9007,1
9008,0.972713947
9009,1
9010,1
9011,1
9012,1
9013,0.976123929
9014,0.983947933
9015,0.890068591
9016,1
9017,0.972279966
9018,1
9019,1
9020,0.980202675
9021,0.733573377
9022,0.98888576
9023,1
9024,0.976450741
9025,0.941569865
9026,1
9027,0.984056115
9028,0.978431761
9029,0.965189338
9030,0.983567476
9031,0.98854059
9032,1
9033,1
9034,0.971232295
9035,0.982584417
9036,1
9037,0.974381268
9038,0.974179268
9039,0.925350666
9040,0.988517642
9041,0.961328805
9042,1
9043,0.84126997
9044,1
9045,1
9046,0.977080464
9047,0.918474257
9048,0.98409330800000006
9049,1
9050,0.978570163
9051,0.939486802
9052,1
9053,0.985954225
9054,0.989263117
9055,0.238725022
9056,1
9057,1
9058,1
9059,0.945019126
9060,0.979168296
9061,0.98865509
9062,0.465394437
9063,1
9064,1
9065,0.971544683
9066,1
9067,0.969263494
9068,1
9069,1
9070,0.961205661
9071,0.905352712
9072,0.981255353
9073,0.987243712
9074,1
9075,0.987581611
9076,0.95535475
9077,1
9078,1
9079,0.984644055
9080,0.989687264
9081,1
9082,0.987370133
9083,0.985476315
9084,0.971445441
9085,0.95896470599999994
9086,1
9087,1
9088,0.457214654
9089,0.764207602
9090,1
9091,0.890935361
9092,1
9093,0.974596918
9094,1
9095,0.961782694
9096,0.738410473
9097,0.880466521
9098,1
9099,0.929219902
9100,0.984758616
9101,0.818244338
9102,1
9103,0.441790849
9104,0.934844255
9105,0.198220938
9106,0.983125866
9107,0.984778225
9108,1
9109,0.974172115
9110,1
9111,0.937525809
9112,0.930222094
9113,1
9114,0.929487586
9115,1
9116,0.877880454
9117,1
9118,0.982895255
9119,1
9120,0.389238268
9121,1
9122,0.987212718
9123,0.972807646
9124,0.972891271
9125,1
9126,1
9127,0.956651926
9128,0.911736369
9129,0.935259819
9130,0.962606013
9131,0.903077364
9132,0.829669476
9133,1
9134,0.981851578
9135,0.937532425
9136,0.979549706
9137,1
9138,1
9139,1
9140,0.944187224
9141,0.977919936
9142,1
9143,0.98000437
9144,0.95448786
9145,1
9146,0.982984185
9147,1
9148,1
9149,0.987474203
9150,0.941845298
9151,0.982933819
9152,0.979024828
9153,0.988462389
9154,0.665521085
9155,0.537679315
9156,0.982081592
9157,0.583079994
9158,1
9159,0.971278191
9160,0.977017999
9161,0.979410768
9162,0.923610568
9163,0.987635434
9164,0.978745461
9165,0.973531783
9166,0.675344825
9167,1
9168,0.94087898700000006
9169,0.985372841
9170,0.974069417
9171,1
9172,0.98974961
9173,0.368539453
9174,1
9175,0.901079655
9176,1
9177,1
9178,0.830022574
9179,1
9180,1
9181,1
9182,0.982079506
9183,0.973638594
9184,0.882187128
9185,0.945965171
9186,0.837027371
9187,1
9188,0.507189632
9189,1
9190,1
9191,0.98846662
9192,0.987374127
9193,0.983345389
9194,0.943355203
9195,1
9196,0.985683799
9197,1
9198,0.7979877
9199,1
9200,1
9201,0.979984105
9202,0.976441026
9203,1
9204,0.945912123
9205,0.890007556
9206,0.966523945
9207,1
9208,0.940827787
9209,0.887140691
9210,0.987805843
9211,0.988485694
9212,0.932444871
9213,0.988241732
9214,0.983349323
9215,1
9216,0.945598006
9217,0.985771418
9218,0.798674703
9219,0.966097832
9220,0.98644954
9221,1
9222,1
9223,0.85008651
9224,1
9225,1
9226,0.968247652
9227,1
9228,1
9229,1
9230,0.928912222
9231,1
9232,1
9233,0.965993822
9234,0.966222644
9235,0.96675247
9236,1
9237,1
9238,0.891321123
9239,0.885296941
9240,0.989330769
9241,0.98756057
9242,0.92076689
9243,1
9244,0.591018558
9245,0.97998476
9246,0.59911412
9247,1
9248,0.788347781
9249,0.648569822
9250,0.974796474
9251,0.630699933
9252,1
9253,1
9254,1
9255,0.988973081
9256,0.969739676
9257,0.977271378
9258,1
9259,1
9260,0.951088905
9261,0.981942236
9262,0.939702332
9263,1
9264,0.967804849
9265,1
9266,0.959099591
9267,0.981672883
9268,0.951016367
9269,1
9270,1
9271,0.947531581
9272,1
9273,0.968954921
9274,0.973536849
9275,0.936286688
9276,0.989126325
9277,0.988927007
9278,0.977957904
9279,0.984383166
9280,1
9281,1
9282,0.977837741
9283,0.986122847
9284,0.965086818
9285,1
9286,0.959338665
9287,1
9288,1
9289,0.945384443
9290,1
9291,1
9292,0.984877467
9293,1
9294,1
9295,1
9296,0.985855281
9297,0.969452322
9298,0.982098937
9299,0.985530376
9300,0.877630293
9301,1
9302,0.947455943
9303,0.950226188
9304,0.808692575
9305,0.921571791
9306,1
9307,1
9308,1
9309,1
9310,1
9311,0.987783849
9312,0.758538425
9313,0.975660145
9314,0.979284763
9315,0.896201015
9316,0.986643434
9317,0.989552438
9318,1
9319,0.904368341
9320,0.983516276
9321,0.973713517
9322,0.950600684
9323,0.984781861
9324,0.771590889
9325,0.92230767
9326,1
9327,1
9328,1
9329,0.96355325
9330,1
9331,0.986848176
9332,1
9333,1
9334,1
9335,0.989089787
9336,1
9337,0.636558712
9338,0.975618303
9339,1
9340,1
9341,1
9342,0.986619711
9343,0.979804516
9344,0.989487052
9345,0.9806934
9346,0.965254724
9347,0.911964893
9348,1
9349,0.929356754
9350,1
9351,0.975520253
9352,0.988821268
9353,0.942417622
9354,0.987597764
9355,1
9356,0.90840435
9357,1
9358,1
9359,0.961410642
9360,1
9361,0.985015273
9362,0.983244121
9363,0.736793399
9364,0.988036394
9365,0.976997018
9366,0.937271893
9367,0.952311575
9368,1
9369,0.74360472
9370,0.959407568
9371,1
9372,0.968584061
9373,0.98284018
9374,1
9375,1
9376,0.665604532
9377,1
9378,1
9379,1
9380,0.594211996
9381,0.981282711
9382,1
9383,0.898469031
9384,0.715102315
9385,1
9386,0.914843917
9387,0.956503034
9388,1
9389,1
9390,0.915719926
9391,0.973785937
9392,1
9393,0.975400031
9394,0.989289284
9395,1
9396,0.95033282
9397,0.984228611
9398,0.97838676
9399,1
9400,1
9401,0.98120141
9402,1
9403,1
9404,0.97944355
9405,0.979899406
9406,1
9407,0.895057321
9408,0.96965682500000006
9409,1
9410,0.987885594
9411,0.967862546
9412,0.930746853
9413,1
9414,1
9415,0.764376164
9416,0.976578713
9417,0.863574207
9418,0.987804532
9419,1
9420,1
9421,1
9422,1
9423,1
9424,0.983445823
9425,0.972330928
9426,0.960877299
9427,0.982318819
9428,0.986480534
9429,0.983940125
9430,0.98830843
9431,0.952745199
9432,0.984804511
9433,0.98110193
9434,0.947479546
9435,1
9436,0.942744136
9437,0.985634267
9438,1
9439,0.97714591
9440,0.902664244
9441,1
9442,0.979691446
9443,1
9444,1
9445,1
9446,1
9447,1
9448,1
9449,0.952604234
9450,0.935761929
9451,0.987987876
9452,1
9453,0.965199292
9454,0.989562094
9455,0.980237842
9456,0.976530373
9457,1
9458,0.564947188
9459,0.985494375
9460,1
9461,0.981389582
9462,0.981353283
9463,0.967673421
9464,1
9465,0.9850595
9466,0.987740576
9467,1
9468,0.566920996
9469,1
9470,1
9471,0.980275989
9472,1
9473,0.977138281
9474,0.955130875
9475,0.367555141
9476,1
9477,1
9478,0.898948968
9479,1
9480,1
9481,1
9482,0.744052947
9483,1
9484,0.986600578
9485,0.967700779
9486,1
9487,0.715169609
9488,0.90529573
9489,0.980618417
9490,0.974238217
9491,0.972909212
9492,1
9493,1
9494,0.864488006
9495,0.982149303
9496,1
9497,0.989743412
9498,1
9499,0.954495788
9500,0.979659498
9501,0.975247502
9502,0.984161317
9503,0.953573704
9504,0.382863343
9505,0.936196625
9506,1
9507,0.987356663
9508,0.606062353
9509,1
9510,0.985156298
9511,0.965864539
9512,1
9513,0.950208426
9514,1
9515,1
9516,1
9517,0.735286832
9518,1
9519,0.976425707
9520,0.955481648
9521,0.483311683
9522,0.971411765
9523,0.989235938
9524,0.936530948
9525,0.976153016
9526,1
9527,0.985835135
9528,1
9529,0.976173341
9530,0.866186857
9531,0.948778093
9532,1
9533,0.985326171
9534,0.95152992
9535,0.94913739
9536,0.971485138
9537,1
9538,1
9539,1
9540,0.97729665
9541,0.960488319
9542,1
9543,1
9544,0.879873633
9545,0.970078886
9546,1
9547,0.274493367
9548,1
9549,0.906455576
9550,0.984288335
9551,0.986248076
9552,0.982056975
9553,1
9554,1
9555,0.970068812
9556,0.974980891
9557,0.855364025
9558,0.972764909
9559,0.936902463
9560,0.982846916
9561,0.974979639
9562,0.941582859
9563,0.907377243
9564,1
9565,1
9566,1
9567,0.745141923
9568,0.961884022
9569,0.989890814
9570,0.966550887
9571,1
9572,1
9573,1
9574,1
9575,1
9576,1
9577,0.975653827
9578,1
9579,0.982756734
9580,1
9581,1
9582,0.978022754
9583,0.85637641
9584,0.970309258
9585,0.930011213
9586,0.970364809
9587,1
9588,0.971523702
9589,1
9590,1
9591,0.86481297
9592,0.876637101
9593,0.977046907
9594,0.979340971
9595,0.809508264
9596,1
9597,0.989839912
9598,1
9599,1
9600,0.975638509
9601,0.985994458
9602,1
9603,0.95959568
9604,0.988403916
9605,1
9606,0.987578332
9607,0.913702726
9608,1
9609,1
9610,0.986085177
9611,0.975232184
9612,1
9613,1
9614,1
9615,0.48665452
9616,0.945150971
9617,1
9618,0.987846971
9619,0.853875339
9620,1
9621,0.979902685
9622,0.791311383
9623,1
9624,0.945663273
9625,0.96891886
9626,0.951344967
9627,1
9628,0.979446054
9629,1
9630,0.971812725
9631,1
9632,0.985581458
9633,0.980835319
9634,0.979399979
9635,1
9636,1
9637,0.897833943
9638,1
9639,0.973626733
9640,0.98509711
9641,1
9642,1
9643,1
9644,1
9645,1
9646,1
9647,0.933660388
9648,0.986153007
9649,0.988160849
9650,0.883980691
9651,1
9652,0.937931001
9653,1
9654,1
9655,1
9656,0.977984905
9657,0.926980674
9658,1
9659,0.947384536
9660,0.971144676
9661,0.806563258
9662,1
9663,1
9664,0.714333832
9665,0.951913774
9666,0.980859339
9667,0.982389152
9668,0.986759365
9669,0.976516426
9670,1
9671,0.906248331
9672,1
9673,0.988156736
9674,0.890651465
9675,1
9676,0.985294461
9677,0.961363316
9678,0.782296836
9679,0.950672329
9680,0.98354739
9681,1
9682,0.977137685
9683,0.961981893
9684,1
9685,1
9686,0.968173742
9687,0.270577878
9688,1
9689,1
9690,1
9691,1
9692,0.949162185
9693,1
9694,0.910251677
9695,0.509327292
9696,1
9697,0.92577076
9698,0.984075606
9699,1
9700,1
9701,1
9702,0.989889979
9703,1
9704,1
9705,1
9706,0.979181886
9707,0.977386951
9708,1
9709,0.863941431
9710,1
9711,1
9712,1
9713,0.984087646
9714,1
9715,0.970100701
9716,1
9717,0.981171012
9718,0.985098004
9719,0.988538027
9720,0.983869612
9721,1
9722,1
9723,0.985147178
9724,1
9725,0.97944057
9726,1
9727,0.959549367
9728,0.982508004
9729,0.400610298
9730,0.947869897
9731,1
9732,1
9733,0.950580299
9734,0.982287347
9735,0.902254343
9736,0.890814364
9737,1
9738,0.956393659
9739,1
9740,0.98228699
9741,1
9742,1
9743,0.988902152
9744,0.985534072
9745,0.822241008
9746,0.98755765
9747,1
9748,0.987186909
9749,1
9750,0.970472813
9751,0.985082865
9752,0.954740763
9753,0.989866614
9754,0.965827644
9755,0.966845512
9756,1
9757,0.943845153
9758,1
9759,1
9760,0.937577605
9761,1
9762,0.967365205
9763,1
9764,0.935904265
9765,0.988677919
9766,0.982563794
9767,0.958562017
9768,0.943326712
9769,0.978598833
9770,1
9771,0.985562205
9772,1
9773,1
9774,0.974837244
9775,0.969215453
9776,1
9777,0.959288776
9778,0.976971448
9779,0.978233099
9780,0.894634724
9781,0.958471417
9782,1
9783,1
9784,1
9785,0.942280173
9786,0.974391341
9787,0.989836514
9788,0.896774948
9789,1
9790,1
9791,0.945502639
9792,1
9793,0.947467566
9794,0.978102863
9795,0.929504275
9796,0.98967886
9797,0.965717554
9798,1
9799,0.879683375
9800,0.952578366
9801,1
9802,0.86880672
9803,0.974495888
9804,0.917607367
9805,0.984268904
9806,1
9807,0.987861753
9808,0.982979357
9809,1
9810,0.981997669
9811,0.957155466
9812,0.915620744
9813,0.456648141
9814,0.939640641
9815,1
9816,1
9817,0.812093854
9818,1
9819,0.976661921
9820,0.954571486
9821,0.980884075
9822,1
9823,0.968268871
9824,1
9825,0.952699542
9826,1
9827,1
9828,0.96143138400000006
9829,0.802344084
9830,1
9831,0.501406431
9832,1
9833,0.883024633
9834,0.988620699
9835,0.719967723
9836,0.98236334300000006
9837,0.957867384
9838,0.907838464
9839,1
9840,0.988461494
9841,1
9842,0.321116388
9843,1
9844,0.979247689
9845,0.977107108
9846,0.986607671
9847,0.987637162
9848,1
9849,1
9850,1
9851,0.983401537
9852,1
9853,0.985387087
9854,1
9855,1
9856,0.731083274
9857,0.554742992
9858,1
9859,0.946747959
9860,0.254228115
9861,0.987983704
9862,0.978910506
9863,0.987374246
9864,0.98927175999999994
9865,1
9866,0.771001935
9867,0.977217019
9868,1
9869,0.974674821
9870,0.986643732
9871,0.954619169
9872,0.975897253
9873,0.989261508
9874,1
9875,0.989118695
9876,0.965254724
9877,0.970385015
9878,0.967896164
9879,1
9880,0.989364028
9881,1
9882,1
9883,1
9884,0.914186776
9885,0.947639585
9886,0.988601506
9887,1
9888,0.969591618
9889,0.943098009
9890,0.965450823
9891,0.975657225
9892,0.959739268
9893,0.983506501
9894,0.968704581
9895,0.976574719
9896,0.973733842
9897,1
9898,0.920158029
9899,0.831043601
9900,1
9901,0.989218891
9902,0.957346916
9903,1
9904,0.964605987
9905,0.594112396
9906,1
9907,1
9908,1
9909,0.98852402
9910,0.984859049
9911,0.985210002
9912,0.969207048
9913,1
9914,0.965880036
9915,0.983049154
9916,1
9917,1
9918,0.970454514
9919,0.956081033
9920,1
9921,0.989121854
9922,1
9923,1
9924,0.953639507
9925,0.989017487
9926,1
9927,1
9928,1
9929,0.984351039
9930,1
9931,0.983334899
9932,0.608318031
9933,0.989343524
9934,1
9935,0.962765336
9936,0.912143707
9937,1
9938,1
9939,0.931858182
9940,1
9941,0.975104451
9942,0.980374515
9943,0.989084303
9944,0.98193723
9945,0.978140235
9946,0.813081741
9947,0.96628499
9948,0.23692745
9949,1
9950,0.670846939
9951,1
9952,1
9953,0.91094172
9954,0.78329432
9955,1
9956,0.938701749
9957,0.961613119
9958,0.981485486
9959,0.918200076
9960,1
9961,1
9962,1
9963,0.987980306
9964,1
9965,0.989792585
9966,1
9967,1
9968,1
9969,0.977828622
9970,0.89282769
9971,1
9972,0.952510953
9973,1
9974,0.971626699
9975,0.959306121
9976,0.890784442
9977,0.989189625
9978,1
9979,0.942327201
9980,0.960743427
9981,0.988723874
9982,1
9983,0.956725001
9984,0.988798559
9985,1
9986,1
9987,0.881293953
9988,1
9989,1
9990,0.977237105
9991,0.975409687
9992,0.954515517
9993,0.920840561
9994,0.977027297
9995,1
9996,0.804908872
9997,1
9998,1
9999,0.928854764
10000,0.916908205
10001,0.978115499
10002,1
10003,0.640775621
10004,0.988951385
10005,1
10006,0.908968866
10007,0.978038728
10008,1
10009,0.983438432
10010,0.826856852
10011,0.436176926
10012,0.88318634
10013,0.959926844
10014,1
10015,0.989298224
10016,0.930312395
10017,0.98725909
10018,1
10019,1
10020,0.983091056
10021,0.915878773
10022,0.97969234
10023,1
10024,0.886516631
10025,1
10026,0.954910815
10027,0.97703439
10028,1
10029,1
10030,1
10031,0.982153356
10032,0.986432612
10033,0.959438443
10034,0.973192155
10035,1
10036,0.690202475
10037,1
10038,0.95812726
10039,1
10040,1
10041,0.43990922
10042,0.984928548
10043,1
10044,1
10045,0.863989651
10046,1
10047,1
10048,1
10049,0.987175167
10050,1
10051,0.772841573
10052,1
10053,1
10054,0.988353193
10055,1
10056,1
10057,0.956089616
10058,0.660241783
10059,0.74446106
10060,1
10061,0.949914455
10062,0.980552495
10063,0.97919637
10064,0.988896608
10065,0.849496245
10066,0.909831405
10067,0.9869349
10068,0.95876348
10069,1
10070,0.970096529
10071,0.977007389
10072,0.98779881
10073,0.940046907
10074,0.979502261
10075,0.974169672
10076,0.980918288
10077,1
10078,1
10079,0.267837495
10080,1
10081,1
10082,0.963322461
10083,0.88678503
10084,1
10085,1
10086,0.977292657
10087,0.976142764
10088,0.976343453
10089,1
10090,1
10091,0.966612876
10092,0.956911087
10093,0.975142777
10094,1
10095,1
10096,1
10097,0.984904409
10098,0.934310496
10099,0.978313506
10100,1
10101,0.98428452
10102,0.984237254
10103,1
10104,0.987916887
10105,0.986761332
10106,0.870411575
10107,0.961417139
10108,0.978699088
10109,0.731419981
10110,0.817217529
10111,0.763399959
10112,0.98695600000000006
10113,0.957290113
10114,1
10115,0.96913749
10116,1
10117,0
10118,0.842783511
10119,0.904869616
10120,0.989854515
10121,0.980202258
10122,1
10123,0.968700707
10124,0.814331532
10125,0.983394623
10126,0.829301298
10127,0.72598505
10128,0.986183405
10129,0.816062629
10130,0.976926148
10131,0.971234858
10132,0.981835842
10133,0.948831379
10134,0.822414398
10135,0.565083563
10136,0.847318888
10137,0.986676157
10138,0.937418878
10139,1
10140,0.944394112
10141,0.724044263
10142,1
10143,1
10144,1
10145,1
10146,1
10147,1
10148,0.971647739
10149,0.981739283
10150,0.964424849
10151,0.988163769
10152,1
10153,0.972617269
10154,1
10155,0.985283375
10156,0.940666199
10157,0.934664488
10158,0.987295568
10159,0.970142424
10160,0.970756769
10161,0.971126139
10162,0.868642747
10163,0.985375583
10164,1
10165,0.922423303
10166,1
10167,1
10168,0.926975071
10169,1
10170,0.988533378
10171,0.939852655
10172,1
10173,0.941910863
10174,0.975865364
10175,0.987137437
10176,0.987027109
10177,0.981627286
10178,1
10179,1
10180,0.90615654
10181,0.976806819
10182,0.976104081
10183,0.975609005
10184,0.899169087
10185,0.979453981
10186,0.98941505
10187,0.966727197
10188,0.989512503
10189,0.971233845
10190,0.975185394
10191,0.985738635
10192,0.982573926
10193,0.987610221
10194,1
10195,0.97303921
10196,0.454316855
10197,1
10198,0.675001621
10199,0.979702413
10200,1
10201,1
10202,1
10203,0.987104416
10204,1
10205,0.986230433
10206,0.989966393
10207,1
10208,0.989611507
10209,0.898163855
10210,1
10211,0.853129625
10212,1
10213,0.986117899
10214,0.908783138
10215,1
10216,1
10217,0.978645623
10218,1
10219,1
10220,1
10221,0.955031276
10222,0.978446484
10223,0.970050514
10224,1
10225,0.947890997
10226,0.933549821
10227,1
10228,1
10229,0.911822856
10230,1
10231,0.947375476
10232,0.984870493
10233,1
10234,0.859486878
10235,0.891196489
10236,0.933223844
10237,0.987635076
10238,0.951818883
10239,0.989120483
10240,0.450905979
10241,0.976818204
10242,1
10243,0.961269081
10244,0.982597649
10245,0.930191279
10246,0.986120522
10247,0.950671554
10248,0.690397918
10249,0.948384166
10250,0.95566833
10251,0.975320518
10252,0.95370394
10253,1
10254,1
10255,0.985217512
10256,1
10257,0.982634246
10258,1
10259,0.98578459
10260,0.256353498
10261,1
10262,0.967699528
10263,1
10264,0.989214003
10265,0.8890872
10266,0.981273294
10267,0.977744162
10268,1
10269,0.949800849
10270,1
10271,1
10272,1
10273,0.985256076
10274,1
10275,0.979816079
10276,1
10277,0.954301953
10278,0.201060221
10279,0.728438497
10280,0.988130927
10281,1
10282,0.967559218
10283,1
10284,1
10285,0.978509247
10286,1
10287,0.959012747
10288,0.989238024
10289,1
10290,0.987411976
10291,0.949702025
10292,1
10293,0.319590867
10294,0.912699044
10295,0.986199021
10296,1
10297,1
10298,0.987989843
10299,1
10300,1
10301,0.980240822
10302,0.920627236
10303,1
10304,0.958861232
10305,0.984183013
10306,0.971845985
10307,1
10308,0.977889359
10309,1
10310,0.985908091
10311,0.93167907
10312,0.908189416
10313,0.984610736
10314,0.986844003
10315,0.98813194
10316,0.866974771
10317,0.957307935
10318,0.928054452
10319,0.98901552
10320,0.989832521
10321,0.968805611
10322,0.973585904
10323,1
10324,0.904979408
10325,0.804525673
10326,1
10327,0.98317194
10328,0.979643941
10329,0.985129237
10330,1
10331,1
10332,1
10333,0.827429831
10334,1
10335,0.953948379
10336,0.988316715
10337,0.987924695
10338,1
10339,0.957499623
10340,0.988393903
10341,1
10342,1
10343,0.981465817
10344,0.96589011
10345,0.961995125
10346,0.902417064
10347,1
10348,0.961004138
10349,1
10350,0.952906907
10351,1
10352,1
10353,0.90950042
10354,0.943180025
10355,0.955555737
10356,0.98908627
10357,0.982245565
10358,0.95147109
10359,0.987886906
10360,0.986869991
10361,1
10362,0.98629272
10363,0.796070039
10364,1
10365,1
10366,1
10367,1
10368,0.977096021
10369,1
10370,0.826303482
10371,1
10372,0.833146334
10373,0.977013111
10374,0.955634654
10375,0.692122638
10376,1
10377,0.989021361
10378,0.986694336
10379,0.961399555
10380,0.88218379
10381,0.85834074
10382,1
10383,0.973724008
10384,1
10385,1
10386,0.947806537
10387,0.888663709
10388,1
10389,0.962548554
10390,1
10391,0.981018305
10392,1
10393,0.970323503
10394,1
10395,1
10396,0.966785789
10397,0.986506164
10398,0.562882185
10399,0.935234249
10400,1
10401,0.899766564
10402,0.910023272
10403,1
10404,0.985926271
10405,1
10406,1
10407,1
10408,1
10409,1
10410,0.886403322
10411,0.987081349
10412,1
10413,1
10414,0.15431191
10415,0.988785863
10416,0.910274386
10417,1
10418,1
10419,0.95657444
10420,1
10421,1
10422,1
10423,1
10424,1
10425,0.986373305
10426,1
10427,1
10428,0.988168538
10429,0.983208001
10430,0.962839723
10431,0.738750398
10432,1
10433,0.985475421
10434,0.984711886
10435,0.961003482
10436,0.98681289
10437,1
10438,0.987047732
10439,1
10440,0.96657306
10441,1
10442,0.963568866
10443,1
10444,0.688547373
10445,0.974713445
10446,1
10447,1
10448,0.988576591
10449,1
10450,0.98478519900000006
10451,1
10452,0.967032671
10453,0.966898918
10454,1
10455,0.985425174
10456,1
10457,0.954893351
10458,0.949837089
10459,1
10460,0.941194534
10461,0.9854334
10462,0.98718214
10463,0.877095401
10464,1
10465,1
10466,1
10467,1
10468,0.794104815
10469,0.981620967
10470,0.987497091
10471,0.978288412
10472,1
10473,1
10474,0.953259587
10475,1
10476,0.892780662
10477,1
10478,1
10479,1
10480,0.982178032
10481,0.985847056
10482,1
10483,0.953519106
10484,1
10485,0.974336565
10486,0.977494299
10487,0.982650101
10488,1
10489,0.974443257
10490,1
10491,1
10492,1
10493,0.852602601
10494,0.637512147
10495,0.952186167
10496,0.987500131
10497,1
10498,0.981912017
10499,0.975115001
10500,1
10501,1
10502,0.553088069
10503,0.984896421
10504,1
10505,0.985166848
10506,0.978967011
10507,0.976318002
10508,0.977314532
10509,0.982979894
10510,0.888953865
10511,1
10512,1
10513,1
10514,0.966168702
10515,0.552285135
10516,0.977812469
10517,0.69399482
10518,1
10519,0.988646448
10520,0.985727847
10521,0.982810378
10522,0.977344811
10523,0.889530957
10524,0.960675836
10525,1
10526,0.447634697
10527,0.95769798799999994
10528,0.987468839
10529,1
10530,0.989851236
10531,0.986330271
10532,1
10533,0.888025045
10534,1
10535,0.980275989
10536,1
10537,0.913658083
10538,0.952616572
10539,0.983908474
10540,1
10541,0.989814222
10542,0.98214829
10543,1
10544,0.977531672
10545,0.849802852
10546,1
10547,1
10548,0.905521393
10549,0.987949967
10550,0.921239317
10551,1
10552,1
10553,1
10554,0.984046519
10555,0.482317627
10556,0.953260958
10557,1
10558,1
10559,0.939380944
10560,0.848386049
10561,1
10562,1
10563,1
10564,0.988998234
10565,1
10566,0.984794915
10567,0.954455912
10568,0.987012446
10569,1
10570,0.950399697
10571,1
10572,0.968984366
10573,0.98817575
10574,1
10575,1
10576,1
10577,1
10578,0.984318793
10579,1
10580,0.978332341
10581,0.942621052
10582,0.953331173
10583,0.945357502
10584,0.978766799
10585,1
10586,0.987575233
10587,0.94066757
10588,0.98017621
10589,0.945777655
10590,0.727802575
10591,0.986713171
10592,0.97507757
10593,1
10594,1
10595,0.987497687
10596,1
10597,0.950143158
10598,0.958572209
10599,1
10600,0.976653755
10601,1
10602,0.984100223
10603,0.970127583
10604,0.93830508
10605,1
10606,0.940324843
10607,0.934492767
10608,0.91876173
10609,1
10610,0.966315627
10611,0.97998935
10612,0.627412498
10613,1
10614,0.96267277
10615,0.612339735
10616,0.975526631
10617,0.931795061
10618,0.987923801
10619,0.983754098
10620,0.9765504
10621,1
10622,0.865525842
10623,0.988506436
10624,0.949943602
10625,0.98737514
10626,1
10627,1
10628,0.898070872
10629,0.847196043
10630,0.892728269
10631,0.956661642
10632,1
10633,0.989824474
10634,1
10635,0.986928821
10636,0.517391264
10637,0.961028457
10638,0.970305681
10639,1
10640,0.976473928
10641,1
10642,1
10643,0.984496832
10644,0.987353563
10645,0.933080137
10646,0.945530117
10647,1
10648,0.808640599
10649,0.963679016
10650,1
10651,0.989180625
10652,0.982388079
10653,0.558473766
10654,0.949508786
10655,0.987486482
10656,1
10657,0.944580615
10658,0.941259265
10659,1
10660,0.265214086
10661,1
10662,0.903431892
10663,0.932798982
10664,0.988582492
10665,0.989764333
10666,0.95174259
10667,1
10668,1
10669,0.987944722
10670,1
10671,0.852143645
10672,0.975185812
10673,1
10674,1
10675,0.794167459
10676,1
10677,1
10678,0.967540264
10679,1
10680,0.978132129
10681,0.978377104
10682,1
10683,1
10684,0.983264029
10685,0.966892123
10686,0.981547952
10687,1
10688,0.970359206
10689,0.254766136
10690,1
10691,0.981060624
10692,1
10693,0.931401193
10694,1
10695,1
10696,0.961883843
10697,1
10698,1
10699,0.926301837
10700,1
10701,1
10702,1
10703,0.989825428
10704,1
10705,0.975789428
10706,1
10707,1
10708,0.968081474
10709,1
10710,1
10711,0.973793626
10712,0.981249273
10713,0.962829292
10714,0.980975986
10715,0.982086778
10716,0.942750275
10717,0.976848126
10718,0.976864398
10719,1
10720,0.976289451
10721,1
10722,0.845604897
10723,1
10724,0.973747075
10725,1
10726,1
10727,1
10728,1
10729,0.983000636
10730,1
10731,0.981284082
10732,0.974230766
10733,0.987641931
10734,0.947980344
10735,0.982946515
10736,0.927568018
10737,0.985590696
10738,0.977357686
10739,1
10740,1
10741,1
10742,1
10743,1
10744,1
10745,0.975882709
10746,0.960421681
10747,1
10748,0.989700317
10749,1
10750,1
10751,0.976980984
10752,1
10753,0.965462923
10754,0.968001843
10755,1
10756,1
10757,0.971223295
10758,0.970186055
10759,0.973918021
10760,0.924662948
10761,0.983620048
10762,0.861512363
10763,1
10764,0.978726745
10765,1
10766,0.987051725
10767,1
10768,0.94110173
10769,1
10770,0.818740249
10771,1
10772,0.94686836
10773,0.506249547
10774,1
10775,0.940976858
10776,0.986558497
10777,0.988777816
10778,0.969320595
10779,0.30360955
10780,0.970369101
10781,0.97575742
10782,0.98405093
10783,0.976677537
10784,1
10785,0.947337151
10786,0.955296636
10787,0.88851738
10788,0.980150342
10789,0.274429441
10790,0.988973439
10791,0.98767519
10792,0.980813086
10793,1
10794,1
10795,0.96233803
10796,1
10797,0.82075882
10798,0.948264539
10799,0.983808935
10800,0.921956182
10801,1
10802,1
10803,0.982307673
10804,0.974579215
10805,0.977037668
10806,0.972070396
10807,0.742841065
10808,1
10809,0.983300328
10810,1
10811,0.988645315
10812,1
10813,1
10814,1
10815,0.985592127
10816,0.986596406
10817,0.985891879
10818,0.986678004
10819,0.983976364
10820,0.981472015
10821,0.924372435
10822,0.629896879
10823,0.960584641
10824,0.987357378
10825,1
10826,1
10827,1
10828,0.977776885
10829,1
10830,0.989445746
10831,0.979942858
10832,1
10833,1
10834,0.949662268
10835,0.974018395
10836,0.925503194
10837,0.964236319
10838,0.898400426
10839,0.898910523
10840,0.981845915
10841,1
10842,0.975997984
10843,1
10844,1
10845,0.982190728
10846,1
10847,1
10848,1
10849,0.970069587
10850,1
10851,0.962352336
10852,0.967657566
10853,0.982197702
10854,1
10855,0.957216859
10856,1
10857,1
10858,0.981662095
10859,1
10860,0.930187047
10861,0.980621874
10862,0.985213935
10863,0.980766296
10864,0.949268162
10865,0.967366219
10866,0.970522344
10867,0.989452601
10868,0.952014506
10869,0.97438091
10870,0.968090177
10871,0.948013663
10872,0.974737346
10873,0.978653967
10874,1
10875,0.983595014
10876,1
10877,1
10878,1
10879,0.988984287
10880,0.988258719
10881,0.910513282
10882,0.966947973
10883,0.96866101
10884,1
10885,0.943838894
10886,1
10887,1
10888,0.612880647
10889,0.98639071
10890,0.966944158
10891,0.973896861
10892,0.976007283
10893,0.986486435
10894,1
10895,0.989643335
10896,0.843340278
10897,0.283189207
10898,0.92318815
10899,0.988371432
10900,0.987658083
10901,0.989441037
10902,1
10903,0.9690516
10904,1
10905,0.962368667
10906,0.811890125
10907,0.94663161
10908,1
10909,1
10910,0.916030824
10911,0.976769507
10912,0.871936739
10913,0.985053599
10914,1
10915,1
10916,0.98300916
10917,0.964251459
10918,1
10919,1
10920,1
10921,0.978205144
10922,0.696880817
10923,1
10924,1
10925,1
10926,1
10927,0.961845756
10928,0.987468958
10929,0.708966196
10930,1
10931,0.98292172
10932,1
10933,0.716652632
10934,0.976918757
10935,0.947837651
10936,1
10937,0.972445905
10938,0.978913903
10939,0.975753307
10940,1
10941,0.934883237
10942,0.976672828
10943,1
10944,1
10945,0.988242686
10946,1
10947,0.959417999
10948,0.955496788
10949,0.957579076
10950,0.967259109
10951,0.989183903
10952,1
10953,1
10954,1
10955,1
10956,0.978745461
10957,0.967674434
10958,0.93569839
10959,1
10960,1
10961,0.687659502
10962,0.988430262
10963,0.984924972
10964,1
10965,0.966948509
10966,0.977768004
10967,1
10968,0.988829553
10969,1
10970,1
10971,0.977040947
10972,1
10973,0.909492433
10974,1
10975,0.986410677
10976,0.973783135
10977,0.97488457
10978,1
10979,0.915559232
10980,0.936771393
10981,0.979825914
10982,0.774270892
10983,0.947364092
10984,0.983706474
10985,0.988877833
10986,0.938289166
10987,1
10988,0.85978812
10989,1
10990,1
10991,0.961526513
10992,1
10993,0.98896271
10994,0.970786393
10995,1
10996,0.841552079
10997,1
10998,0.877767146
10999,0.987105727
11000,0.904999793
11001,0.979273975
11002,0.982007086
11003,0.932862878
11004,0.931601882
11005,1
11006,1
11007,0.922653794
11008,0.939972639
11009,1
11010,1
11011,0.959280431
11012,0.940850914
11013,0.96608758
11014,0.98497653
11015,1
11016,0.982383847
11017,0.796642125
11018,0.439287424
11019,0.985107362
11020,0.9871099
11021,0.7989434
11022,1
11023,0.958220244
11024,0.894045115
11025,1
11026,0.971742511
11027,1
11028,0.980623663
11029,0.97193861
11030,1
11031,0.981505811
11032,1
11033,0.973944664
11034,0.956615269
11035,0.987980306
11036,0.82788235
11037,0.98505789
11038,1
11039,1
11040,1
11041,1
11042,0.976384819
11043,1
11044,0.957597554
11045,0.970138133
11046,0.972119212
11047,0.352005243
11048,1
11049,0.988593578
11050,0.962171555
11051,0.961484909
11052,0.972607017
11053,1
11054,0.980699778
11055,1
11056,0.987485826
11057,1
11058,0.975533187
11059,0.937717736
11060,1
11061,1
11062,0.90213424
11063,1
11064,0.941254616
11065,0.98748523
11066,0.981042981
11067,1
11068,1
11069,0.135261774
11070,0.980685473
11071,0.896955371
11072,1
11073,0.977526546
11074,0.985041916
11075,0.985360682
11076,0.926332831
11077,1
11078,1
11079,0.702843249
11080,0.984267175
11081,0.964063764
11082,1
11083,0.886947811
11084,0.978643358
11085,1
11086,0.952541351
11087,0.983433962
11088,0.983224988
11089,1
11090,0.956285358
11091,0.960249841
11092,0.954316497
11093,0.962906897
11094,0.951835573
11095,0.963461518
11096,1
11097,0.986378551
11098,0.975674212
11099,0.982622623
11100,0.966174722
11101,1
11102,1
11103,1
11104,0.946911752
11105,0.83402431
11106,1
11107,1
11108,1
11109,0.289749771
11110,0.894636273
11111,0.968784809
11112,0.972292602
11113,0.986299574
11114,0.547959983
11115,0.97365135
11116,0.52640456
11117,1
11118,0.963535428
11119,1
11120,0.757394791
11121,0.966506779
11122,0.961693943
11123,1
11124,0.736027837
11125,0.984282434
11126,0.984178007
11127,0.774203658
11128,1
11129,0.983917058
11130,0.82323426
11131,0.967052043
11132,0.98448503
11133,0.958392918
11134,0.976787925
11135,0.961524844
11136,0.295580894
11137,0.984861255
11138,0.980101824
11139,0.344397932
11140,0.983678997
11141,0.986247361
11142,0.914453149
11143,1
11144,0.988610148
11145,0.878499568
11146,0.983173132
11147,1
11148,1
11149,1
11150,0.971520603
11151,1
11152,0.886027753
11153,0.986616969
11154,0.985119283
11155,0.977102518
11156,1
11157,0.684284985
11158,0.986816347
11159,0.296855718
11160,0.680590808
11161,0.977839708
11162,0.911070049
11163,0.986140609
11164,0.345006377
11165,1
11166,0.963142395
11167,1
11168,0.974807799
11169,0.989079416
11170,0.980988681
11171,0.977791369
11172,0.951076806
11173,0.929716945
11174,0.984920025
11175,0.987457097
11176,1
11177,1
11178,0.930191755
11179,0.98976290200000006
11180,0.955157757
11181,0.815070033
11182,1
11183,1
11184,0.97924757
11185,0.964110076
11186,0.972781241
11187,0.987974525
11188,1
11189,0.97491765
11190,0.983966172
11191,0.986834586
11192,0.981063366
11193,1
11194,0.75760746
11195,1
11196,0.950730622
11197,0.938973725
11198,1
11199,0.987059236
11200,0.976545036
11201,0.973321021
11202,0.988073289
11203,0.981370747
11204,0.970811427
11205,1
11206,0.96128124
11207,0.985386729
11208,1
11209,1
11210,0.957356989
11211,1
11212,1
11213,1
11214,1
11215,1
11216,0.976397991
11217,0.638138175
11218,0.716499686
11219,0.984872222
11220,0.973572791
11221,1
11222,0.962816477
11223,1
11224,0.929343939
11225,0.849981785
11226,1
11227,1
11228,0.981416345
11229,0.950481892
11230,1
11231,1
11232,1
11233,1
11234,0.977099896
11235,1
11236,0.984018505
11237,0.849361956
11238,0.967240393
11239,0.983076096
11240,0.981441617
11241,0.986499786
11242,0.986931384
11243,0.89362061
11244,1
11245,1
11246,0.941107094
11247,0.871837437
11248,1
11249,1
11250,0.987778485
11251,0.987340391
11252,0.988855422
11253,0.85122776
11254,1
11255,0.697805584
11256,0.983899951
11257,0.904714346
11258,0.932988524
11259,0.96155262
11260,1
11261,0.941931129
11262,1
11263,0.976379335
11264,0.98747462
11265,0.977107108
11266,1
11267,0.975385845
11268,0.988149405
11269,1
11270,0.831147075
11271,0.988534749
11272,0.978607953
11273,1
11274,0.986959159
11275,0.554920018
11276,1
11277,0.982988417
11278,0.71056515
11279,1
11280,1
11281,0.831649303
11282,1
11283,0.449150115
11284,0.986225367
11285,0.893158495
11286,0.96273917
11287,1
11288,0.945520759
11289,1
11290,1
11291,0.986814618
11292,0.909274578
11293,0.971027792
11294,0.985293984
11295,1
11296,1
11297,0.985990644
11298,0.92632544000000006
11299,1
11300,0.970650792
11301,0.93456161
11302,0.140291289
11303,1
11304,0.986089826
11305,0.942973137
11306,1
11307,0.97825259
11308,1
11309,1
11310,0.968043029
11311,0.98764509
11312,1
11313,0.972288191
11314,1
11315,0.975649238
11316,0.9756369
11317,1
11318,1
11319,0.945265055
11320,0.896196663
11321,0.94529444
11322,1
11323,1
11324,1
11325,0.975346267
11326,0.956283629
11327,0.989458799
11328,0.989586175
11329,0.979722023
11330,1
11331,1
11332,1
11333,0.950034618
11334,0.906935275
11335,0.940872371
11336,0.984825194
11337,0.985328972
11338,1
11339,0.96293211
11340,1
11341,0.969377637
11342,0.970448017
11343,1
11344,1
11345,0.984119356
11346,0.958365619
11347,0.98626858
11348,1
11349,0.981822491
11350,0.989436269
11351,0.980502844
11352,0.96778518
11353,0.931540906
11354,0.855861962
11355,1
11356,0.989706278
11357,0.969881058
11358,1
11359,1
11360,1
11361,0.838858843
11362,1
11363,1
11364,1
11365,1
11366,0.981859028
11367,1
11368,1
11369,1
11370,1
11371,0.97044456
11372,0.919450164
11373,1
11374,1
11375,0.985212803
11376,0.905168772
11377,1
11378,0.983019173
11379,0.982657254
11380,0.981822252
11381,0.979305923
11382,0.97892499
11383,1
11384,0.639496684
11385,0.988822103
11386,0.377284467
11387,0.726548731
11388,0.988386929
11389,0.903576374
11390,1
11391,1
11392,0.727688015
11393,0.967175365
11394,0.967490375
11395,0.985207439
11396,0.977850735
11397,1
11398,0.960873485
11399,0.974645257
11400,0.97459203
11401,0.987216413
11402,0.985720456
11403,0.948943138
11404,1
11405,0.977628291
11406,1
11407,0.976029337
11408,0.985432327
11409,0.477193952
11410,0.975229263
11411,0.989544332
11412,0.984975517
11413,0.974885404
11414,0.914530695
11415,1
11416,0.941071749
11417,1
11418,0.953275263
11419,1
11420,1
11421,0.962329626
11422,1
11423,0.968043268
11424,1
11425,1
11426,0.958558261
11427,0.985567927
11428,0.986300826
11429,1
11430,1
11431,0.948757589
11432,0.787058175
11433,0.974825919
11434,0.611825824
11435,1
11436,0.957344413
11437,1
11438,0.980653822
11439,0.985631704
11440,1
11441,0.973420382
11442,1
11443,1
11444,0.987245381
11445,1
11446,0.784473717
11447,0.981675804
11448,1
11449,0.986791372
11450,0.975096762
11451,1
11452,0.97120249299999994
11453,0.958039045
11454,1
11455,0.975890935
11456,0.331422061
11457,1
11458,0.981434941
11459,0.98187768499999994
11460,1
11461,0.98859942
11462,0.944512665
11463,0.960954249
11464,1
11465,1
11466,0.957684755
11467,0.844052732
11468,1
11469,1
11470,1
11471,0.949676752
11472,0.925288379
11473,0.989170134
11474,0.985758066
11475,1
11476,1
11477,0.958132029
11478,1
11479,0.978646994
11480,1
11481,0.95640552
11482,1
11483,1
11484,0.986264288
11485,0.408162504
11486,0.939348459
11487,0.989215553
11488,0.988967121
11489,0.983086109
11490,0.969673216
11491,0.924936116
11492,0.986202955
11493,0.985082507
11494,0.920507312
11495,0.982523501
11496,0.989151955
11497,1
11498,1
11499,0.960513592
11500,1
11501,0.764154434
11502,0.811174035
11503,0.929065228
11504,1
11505,0.961279094
11506,0.977749169
11507,0.949570596
11508,0.989069045
11509,1
11510,0.974315167
11511,0.979981244
11512,1
11513,0.976535082
11514,1
11515,0.983135343
11516,1
11517,0.986516476
11518,0.606042802
11519,1
11520,1
11521,1
11522,0.979539275
11523,0.981175602
11524,0.980626643
11525,0.962750077
11526,0.982762158
11527,0.953841329
11528,1
11529,1
11530,0.82788527
11531,0.977084339
11532,1
11533,1
11534,0.98339498
11535,0.981655896
11536,1
11537,0.987993479
11538,0.988632619
11539,1
11540,0.985654891
11541,1
11542,0.961482167
11543,0.964438379
11544,1
11545,0.966727436
11546,0.938365877
11547,0.977115274
11548,0.987263262
11549,0.981917918
11550,0.970440507
11551,0.968436658
11552,0.984967411
11553,1
11554,1
11555,1
11556,1
11557,0.986579955
11558,0.867873848
11559,1
11560,1
11561,0.899743497
11562,0.965764165
11563,0.983995378
11564,1
11565,1
11566,0.985025585
11567,1
11568,1
11569,1
11570,1
11571,1
11572,0.988810301
11573,0.978338063
11574,1
11575,1
11576,0.987105489
11577,0.984163046
11578,0.985874534
11579,0.962000847
11580,0.984976113
11581,1
11582,1
11583,0.965144992
11584,0.754958987
11585,1
11586,1
11587,0.985715807
11588,0.925084889
11589,0.971375763
11590,0.979646266
11591,1
11592,1
11593,1
11594,1
11595,0.910136104
11596,1
11597,1
11598,0.946486533
11599,0.947362721
11600,1
11601,0.962930024
11602,0.978023708
11603,1
11604,1
11605,1
11606,0.979647756
11607,1
11608,1
11609,1
11610,0.964834988
11611,1
11612,0.926804543
11613,0.968842685
11614,1
11615,0.988204598
11616,0.980984688
11617,0.676283717
11618,1
11619,1
11620,0.981967747
11621,0.973471463
11622,0.973873794
11623,1
11624,1
11625,1
11626,0.977689028
11627,0.954473615
11628,1
11629,0.98325491
11630,1
11631,0.96495539
11632,1
11633,1
11634,0.977613926
11635,0.951368809
11636,0.522919416
11637,0.989753008
11638,0.958526611
11639,0.844385982
11640,0.674160242
11641,1
11642,1
11643,0.976859391
11644,0.984216034
11645,0.984168232
11646,0.989082456
11647,0.983942747
11648,0.951513112
11649,0.973681152
11650,1
11651,0.924423516
11652,1
11653,1
11654,0.974601805
11655,1
11656,1
11657,0.975984454
11658,0.982189238
11659,1
11660,0.981627643
11661,0.977324307
11662,0.977694154
11663,1
11664,1
11665,0.98858285
11666,0.81217128
11667,0.978637338
11668,0.857856572
11669,0.880639195
11670,1
11671,1
11672,1
11673,1
11674,0.965734005
11675,1
11676,1
11677,0.959650815
11678,0.988643765
11679,0.98081404
11680,0.607717395
11681,1
11682,0.966005683
11683,0.968352616
11684,0.9808833
11685,0.141100645
11686,0.963644385
11687,0.565144777
11688,0.932677627
11689,0.884848714
11690,0.760980368
11691,0.907201588
11692,1
11693,0.975923717
11694,0.98448503
11695,1
11696,0.987760365
11697,0.84904778
11698,0.984761238
11699,1
11700,0.938207507
11701,1
11702,1
11703,1
11704,0.982729197
11705,0.98036629
11706,0.95857358
11707,1
11708,1
11709,0.932368696
11710,0.984432697
11711,0.971303046
11712,1
11713,0.987896681
11714,0.929223597
11715,1
11716,0.978425443
11717,0.967807055
11718,1
11719,0.93924892
11720,0.949578524
11721,0.917376399
11722,0.968188882
11723,1
11724,1
11725,0.93794018
11726,0.961244643
11727,0.983244538
11728,1
11729,1
11730,0.870010197
11731,0.989496291
11732,1
11733,1
11734,0.97473079
11735,0.754214704
11736,0.455430836
11737,0.953146696
11738,0.980358839
11739,1
11740,0.977240384
11741,0.970667422
11742,0.979067385
11743,0.853856921
11744,0.902591348
11745,0.979292274
11746,0.985775769
11747,0.946965218
11748,0.980215073
11749,1
11750,0.697994053
11751,0.511679769
11752,0.8299281
11753,0.966561019
11754,0.981918216
11755,0.975071549
11756,0.884252489
11757,1
11758,0.951117575
11759,1
11760,0.980603278
11761,0.970250666
11762,0.967937946
11763,1
11764,0.777093709
11765,0.982276261
11766,1
11767,0.961354554
11768,1
11769,0.80703342
11770,0.987647772
11771,1
11772,0.930154204
11773,0.893326163
11774,1
11775,0.967006922
11776,0.948927581
11777,1
11778,1
11779,0.975434184
11780,0.275381357
11781,1
11782,1
11783,0.966322959
11784,0.178622812
11785,1
11786,1
11787,0.946114302
11788,0.970356166
11789,0.97115773
11790,0.981427014
11791,0.705683529
11792,0.988254309
11793,0.969933748
11794,1
11795,1
11796,1
11797,1
11798,0.943254113
11799,1
11800,0.329537422
11801,0.960538864
11802,0.976612926
11803,1
11804,0.982125759
11805,0.874421239
11806,0.981776536
11807,0.976433635
11808,1
11809,1
11810,1
11811,1
11812,0.884624839
11813,1
11814,0.908821046
11815,0.967850149
11816,1
11817,1
11818,0.985911906
11819,0.973301828
11820,0.937948585
11821,0.985716462
11822,1
11823,0.954177737
11824,1
11825,0.978846967
11826,1
11827,0.957284331
11828,0.980410159
11829,1
11830,1
11831,1
11832,0.983872473
11833,0.978980959
11834,1
11835,0.979744852
11836,0.979951024
11837,0.973639488
11838,0.935239971
11839,0.959381223
11840,1
11841,1
11842,0.892665803
11843,0.946660757
11844,0.977382362
11845,0.906139851
11846,1
11847,0.979222119
11848,0.98977977
11849,1
11850,0.917424858
11851,0.960750759
11852,1
11853,0.985646427
11854,0.897349715
11855,1
11856,1
11857,0.966732442
11858,0.976153374
11859,0.909784794
11860,0.723407745
11861,1
11862,1
11863,1
11864,0.986554861
11865,1
11866,1
11867,0.988355875
11868,0.973784149
11869,0.903254926
11870,0.967583239
11871,0.982027888
11872,1
11873,0.96254462
11874,0.930244684
11875,0.968638837
11876,1
11877,0.957591176
11878,1
11879,0.987318218
11880,0.960563839
11881,0.98848325
11882,0.962410569
11883,1
11884,1
11885,1
11886,0.955595493
11887,0.976629555
11888,1
11889,1
11890,0.889795423
11891,0.961262167
11892,1
11893,0.985748231
11894,0.988695622
11895,1
11896,0.987612665
11897,1
11898,1
11899,0.982919693
11900,1
11901,1
11902,0.989788473
11903,0.873286724
11904,0.956354499
11905,1
11906,0.970849991
11907,1
11908,1
11909,0.976472318
11910,1
11911,1
11912,1
11913,0.989961982
11914,1
11915,0.961716533
11916,1
11917,0.930250585
11918,1
11919,1
11920,1
11921,0.870682299
11922,0.55069989
11923,1
11924,1
11925,0.925261319
11926,1
11927,0.938513279
11928,1
11929,0.985073388
11930,0.953144133
11931,0.684858143
11932,1
11933,0.285672903
11934,0.969823003
11935,1
11936,0.972383201
11937,1
11938,0.980033457
11939,1
11940,0.98697865
11941,0.981720448
11942,1
11943,0.944205344
11944,0.981368125
11945,0.972865224
11946,1
11947,1
11948,0.981949866
11949,1
11950,1
11951,0.937415302
11952,0.988526702
11953,0.985401511
11954,1
11955,1
11956,1
11957,0.915763378
11958,0.933901608
11959,1
11960,0.985836029
11961,0.969267726
11962,0.98022902
11963,0.989911974
11964,0.676665902
11965,1
11966,0.921625614
11967,0.987413287
11968,0.987834215
11969,1
11970,1
11971,0.974180162
11972,0.940255702
11973,0.981692433
11974,0.956385016
11975,0.976428747
11976,1
11977,0.98969239
11978,1
11979,1
11980,0.987107098
11981,1
11982,0.968237937
11983,0.969715893
11984,0.989027023
11985,0.968046844
11986,0.93334353
11987,1
11988,0.98249048
11989,1
11990,0.989264965
11991,1
11992,1
11993,0.150576219
11994,0.989005804
11995,0.786605954
11996,0.939820528
11997,0.979965448
11998,0.989423454
11999,1
12000,0.949839175
12001,0.984586239
12002,1
12003,0.980126739
12004,0.985654414
12005,0.972718179
12006,0.983864844
12007,0.982881546
12008,1
12009,1
12010,1
12011,0.978423417
12012,1
12013,1
12014,0.764711499
12015,1
12016,0.971243501
12017,0.984558046
12018,0.98752892
12019,1
12020,0.953618288
12021,1
12022,0.945310593
12023,0.685314775
12024,0.967453122
12025,0.972408891
12026,1
12027,0.974435329
12028,1
12029,0.98674506
12030,1
12031,1
12032,1
12033,0.960943282
12034,0.988203764
12035,0.822336257
12036,0.95422256
12037,1
12038,0.987642646
12039,0.984966636
12040,0.980513215
12041,0.982986331
12042,0.959754646
12043,1
12044,1
12045,0.986631095
12046,0.986436904
12047,0.745417893
12048,1
12049,0.976769507
12050,1
12051,0.967504025
12052,0.979233861
12053,1
12054,0.925648391
12055,1
12056,0.987627864
12057,1
12058,0.988815785
12059,1
12060,1
12061,1
12062,1
12063,1
12064,1
12065,0.988007188
12066,0.981679082
12067,0.94897145
12068,1
12069,0.954387903
12070,1
12071,0.981831372
12072,0.985125661
12073,0.985773802
12074,0.783289254
12075,0.48567012
12076,1
12077,1
12078,1
12079,0.83027064800000006
12080,0.533884406
12081,1
12082,0.97681129
12083,0.989216805
12084,0.639574528
12085,0.98684990400000006
12086,0.982540429
12087,1
12088,0.8465994
12089,0.90795481200000006
12090,0.971606672
12091,1
12092,1
12093,0.979093313
12094,0.811401486
12095,1
12096,1
12097,0.921139658
12098,1
12099,0.970887721
12100,0.975609183
12101,0.966979384
12102,0.983814001
12103,0.983118475
12104,0.963982642
12105,0.965892494
12106,0.967461467
12107,0.647578478
12108,1
12109,0.94816339
12110,0.987190545
12111,1
12112,0.985011041
12113,1
12114,1
12115,0.972303629
12116,1
12117,1
12118,0.984016955
12119,0.659805059
12120,1
12121,0.980690301
12122,0.923025072
12123,0.956318975
12124,0.345714301
12125,0.977107763
12126,0.367731869
12127,0.973325431
12128,0.977192581
12129,1
12130,1
12131,1
12132,1
12133,0.96781987
12134,1
12135,0.936130345
12136,0.959993422
12137,1
12138,0.986756206
12139,0.981155157
12140,1
12141,0.67239511
12142,1
12143,1
12144,0.986950457
12145,0.888414264
12146,1
12147,1
12148,0.786807656
12149,1
12150,0.970475435
12151,1
12152,0.7879228
12153,0.866747081
12154,0.978648186
12155,0.983575463
12156,1
12157,0.988116741
12158,0.981941938
12159,0.974200904
12160,1
12161,0.980956137
12162,1
12163,0.88275516
12164,1
12165,0.986887515
12166,0.988917232
12167,1
12168,0.986025989
12169,1
12170,0.796405852
12171,0.966957629
12172,1
12173,1
12174,0.988052249
12175,0.960080683
12176,1
12177,0.989195943
12178,0.942330062
12179,1
12180,1
12181,1
12182,0.976123929
12183,0.959127307
12184,0.977172792
12185,0.97303921
12186,1
12187,1
12188,0.671347916
12189,1
12190,1
12191,1
12192,1
12193,0.984948933
12194,0.947731793
12195,0.945539594
12196,0.964005828
12197,0.981256187
12198,0.980751753
12199,1
12200,1
12201,0.977462292
12202,1
12203,0.989129424
12204,0.36355716
12205,0.980381608
12206,0.927019298
12207,0.977824271
12208,0.98288095
12209,1
12210,0.98229593
12211,1
12212,1
12213,1
12214,0.985496819
12215,1
12216,0.972837329
12217,0.962454498
12218,1
12219,0.988915443
12220,1
12221,0.966256261
12222,0.961607158
12223,0.963719964
12224,1
12225,0.984135449
12226,0.935298502
12227,1
12228,0.976014316
12229,0.87334919
12230,0.945669413
12231,0.987508118
12232,0.988461614
12233,0.387114316
12234,1
12235,0.984543264
12236,1
12237,0.98953104
12238,1
12239,0.941033959
12240,0.932111442
12241,1
12242,0.982662201
12243,0.758415461
12244,1
12245,0.96993196
12246,1
12247,0.982204378
12248,0.910592437
12249,0.973660946
12250,0.806921542
12251,0.948010266
12252,0.896042585
12253,0.987697303
12254,1
12255,0.979485989
12256,1
12257,0.98973161
12258,0.89763701
12259,0.968135119
12260,0.96859479
12261,1
12262,0.981368244
12263,0.572620452
12264,0.968717694
12265,1
12266,0.829188883
12267,1
12268,1
12269,1
12270,0.989158154
12271,0.986748695
12272,0.983819664
12273,0.912716448
12274,1
12275,1
12276,1
12277,0.922010899
12278,0.969232142
12279,0.988268197
12280,0.975952566
12281,1
12282,0.989745617
12283,0.987996757
12284,1
12285,0.971528113
12286,1
12287,1
12288,0.975018501
12289,1
12290,0.981687963
12291,0.972874463
12292,0.978288412
12293,1
12294,0.988497734
12295,0.800588369
12296,0.979518354
12297,0.97822386
12298,1
12299,0.959010005
12300,0.980042577
12301,0.904064179
12302,1
12303,0.984438002
12304,1
12305,0.987231195
12306,1
12307,1
12308,0.959513903
12309,1
12310,0.434188813
12311,1
12312,0.887595952
12313,1
12314,0.750941873
12315,0.955658972
12316,1
12317,0.979541838
12318,1
12319,0.613993764
12320,0.988060951
12321,1
12322,0.981712222
12323,0.847933412
12324,1
12325,0.982004225
12326,0.878573835
12327,0.861934066
12328,0.986535728
12329,1
12330,1
12331,0.977161467
12332,0.986095488
12333,0.936294615
12334,0.927821219
12335,1
12336,0.822847545
12337,0.988148034
12338,1
12339,0.981479049
12340,0.980433404
12341,0.911428332
12342,1
12343,0.938624561
12344,0.970755637
12345,1
12346,0.939180613
12347,1
12348,1
12349,0.988933325
12350,1
12351,1
12352,0.987775683
12353,0.981268227
12354,1
12355,1
12356,0.927416384
12357,0.960691989
12358,0.87240243
12359,0.92240274
12360,1
12361,0.981523335
12362,1
12363,0.977564931
12364,0.988294244
12365,1
12366,0.9437114
12367,0.783528566
12368,0.827370346
12369,1
12370,0.988425016
12371,0.943548679
12372,1
12373,1
12374,0.593851745
12375,1
12376,0.967390657
12377,0.98563695
12378,0.988709152
12379,1
12380,0.985785544
12381,0.988124311
12382,1
12383,1
12384,0.986613333
12385,0.987172425
12386,0.989734292
12387,0.986981571
12388,1
12389,1
12390,1
12391,0.988338411
12392,1
12393,0.983860612
12394,0.844761133
12395,0.979014576
12396,1
12397,0.962425351
12398,0.880245924
12399,1
12400,0.941235304
12401,0.978636861
12402,0.98613584
12403,1
12404,0.942715764
12405,0.981933534
12406,0.937713742
12407,0.978756428
12408,0.790406942
12409,1
12410,0.945072293
12411,1
12412,0.938356221
12413,1
12414,0.979865134
12415,0.955601335
12416,0.987610221
12417,0.965268493
12418,1
12419,0.92696625
12420,0.170312837
12421,0.929051459
12422,1
12423,0.981175482
12424,0.96400404
12425,0.799901009
12426,0.318342
12427,0.981304288
12428,1
12429,0.984354854
12430,0.970010042
12431,0.969596326
12432,0.981753767
12433,1
12434,0.97598958
12435,0.876023471
12436,0.254994482
12437,1
12438,1
12439,0.988411427
12440,0.849685431
12441,1
12442,1
12443,1
12444,0.445976675
12445,1
12446,0.968583167
12447,0.954097211
12448,0.983207583
12449,0.946571887
12450,0.874154687
12451,0.979882121
12452,0.988521338
12453,0.964019895
12454,0.965087473
12455,1
12456,0.969734609
12457,0.984812558
12458,0.979450285
12459,1
12460,0.955715239
12461,0.96548003
12462,0.98730123
12463,0.979008615
12464,0.986433744
12465,1
12466,0.983267129
12467,1
12468,1
12469,1
12470,0.98353231
12471,0.706556857
12472,1
12473,1
12474,0.985518694
12475,0.928527057
12476,0.987795472
12477,0.977217734
12478,1
12479,1
12480,0.496735513
12481,1
12482,0.972685278
12483,0.986701548
12484,1
12485,0.964650095
12486,0.979883909
12487,0.985476077
12488,1
12489,1
12490,0.813050687
12491,1
12492,0.975588322
12493,1
12494,1
12495,0.984121084
12496,0.988340855
12497,0.938398421
12498,1
12499,1
12500,1
12501,0.980170488
12502,1
12503,0.988416314
12504,1
12505,0.983107209
12506,0.748887181
12507,0.907347262
12508,1
12509,0.975188673
12510,0.979055822
12511,0.975257278
12512,0.809446931
12513,0.989448309
12514,0.919620991
12515,1
12516,1
12517,1
12518,1
12519,0.917564631
12520,0.989508629
12521,1
12522,1
12523,1
12524,0.968833625
12525,1
12526,0.971265912
12527,1
12528,0.975808024
12529,1
12530,1
12531,0.968948901
12532,0.988535941
12533,1
12534,1
12535,1
12536,0.706227779
12537,0.972809255
12538,1
12539,1
12540,0.937673569
12541,1
12542,0.982513726
12543,1
12544,1
12545,1
12546,0.963981986
12547,0.927765071
12548,0.866422117
12549,0.940438628
12550,0.979542255
12551,1
12552,0.985578239
12553,0.960066855
12554,1
12555,1
12556,1
12557,1
12558,1
12559,1
12560,0.97840482
12561,1
12562,1
12563,1
12564,0.983411908
12565,0.988419771
12566,0.841904938
12567,0.955718815
12568,0.989931345
12569,1
12570,0.982717574
12571,0.979385793
12572,1
12573,0.870898426
12574,1
12575,1
12576,0.984213471
12577,0.680618346
12578,0.986643493
12579,1
12580,0.974079371
12581,1
12582,1
12583,0.929701567
12584,1
12585,0.986521602
12586,1
12587,0.967214644
12588,1
12589,0.826009154
12590,1
12591,1
12592,0.98484844
12593,0.96788609
12594,1
12595,1
12596,0.922592521
12597,0.979833365
12598,0.985982716
12599,0.329761297
12600,1
12601,1
12602,0.886942565
12603,1
12604,0.982854843
12605,0.97443974
12606,0.981728137
12607,0.733465731
12608,0.649159133
12609,0.94344914
12610,0.988935649
12611,0.985753238
12612,1
12613,0.983081758
12614,1
12615,0.970685959
12616,0.969979405
12617,0.959332883
12618,0.968604386
12619,0.974742889
12620,0.97992444
12621,0.989842832
12622,0.971831083
12623,0.974775076
12624,1
12625,1
12626,1
12627,1
12628,1
12629,0.918506503
12630,0.976096094
12631,0.976786673
12632,0.98648119
12633,1
12634,0.958613575
12635,0.981336653
12636,0.75230819
12637,0.983320415
12638,1
12639,0.980422795
12640,1
12641,0.982354522
12642,1
12643,0.965861797
12644,0.982214868
12645,1
12646,0.924644709
12647,0.923125327
12648,1
12649,1
12650,1
12651,0.9771716
12652,0.359362096
12653,1
12654,0.98324501500000006
12655,1
12656,1
12657,1
12658,1
12659,1
12660,1
12661,0.922718644
12662,0.956849217
12663,0.973273218
12664,0.958851159
12665,1
12666,0.496843904
12667,0.989993274
12668,1
12669,0.989029825
12670,0.983074725
12671,0.985246003
12672,1
12673,0.98221314
12674,0.985385776
12675,0.791198075
12676,1
12677,0.964489162
12678,0.318152845
12679,1
12680,0.971355557
12681,1
12682,1
12683,0.954666615
12684,0.954631567
12685,0.979692221
12686,1
12687,1
12688,0.98080951
12689,0.982766032
12690,0.978026629
12691,0.982194185
12692,0.978324592
12693,0.972296
12694,0.937359572
12695,0.989164412
12696,1
12697,1
12698,0.98497653
12699,1
12700,0.972935259
12701,0.966229439
12702,0.984691322
12703,0.988448799
12704,0.936792135
12705,0.967728436
12706,0.760016382
12707,1
12708,1
12709,1
12710,0.947338224
12711,1
12712,0.984755933
12713,1
12714,1
12715,1
12716,1
12717,1
12718,0.984791219
12719,0.989087701
12720,0.95500952
12721,0.987088203
12722,1
12723,0.958967984
12724,0.981957674
12725,0.958542943
12726,0.982207954
12727,0.983482957
12728,0.970274925
12729,1
12730,0.713165283
12731,0.935280561
12732,0.971668899
12733,1
12734,0.400223732
12735,0.919404686
12736,1
12737,0.981181324
12738,0.904682517
12739,0.338444084
12740,1
12741,0.584222615
12742,1
12743,0.967260897
12744,0.985375583
12745,0.988648117
12746,0.979653597
12747,1
12748,1
12749,0.960988402
12750,0.934667289
12751,0.985346913
12752,1
12753,0.798662961
12754,1
12755,1
12756,0.959684372
12757,1
12758,0.894951344
12759,0.963305056
12760,0.98149097
12761,0.941446126
12762,1
12763,0.631271064
12764,0.976632714
12765,0.988992512
12766,1
12767,1
12768,0.965133429
12769,1
12770,0.978145599
12771,0.959419191
12772,0.971148312
12773,0.972842872
12774,1
12775,0.98843807
12776,1
12777,0.978771389
12778,0.982916415
12779,0.938000083
12780,0.976604044
12781,0.849260569
12782,1
12783,0.982736588
12784,1
12785,1
12786,0.982902527
12787,1
12788,0.364467412
12789,1
12790,0.986806274
12791,0.961551845
12792,1
12793,1
12794,0.988788068
12795,0.961807251
12796,1
12797,0.968161225
12798,1
12799,0.894219816
12800,1
12801,0.983409882
12802,0.984768331
12803,0.962621808
12804,1
12805,1
12806,1
12807,0.982658207
12808,0.983392656
12809,0.98971807999999994
12810,0.969563603
12811,0.966644526
12812,0.988183796
12813,0.956381977
12814,1
12815,0.985077202
12816,0.971890867
12817,1
12818,0.862246811
12819,0.932418466
12820,0.987631261
12821,1
12822,0.952350736
12823,1
12824,0.98659128
12825,1
12826,0.934926748
12827,0.989672899
12828,1
12829,0.950143933
12830,1
12831,1
12832,0.986929894
12833,0.988573074
12834,0.970641017
12835,1
12836,1
12837,0.986822724
12838,1
12839,0.982004225
12840,0.954743326
12841,0.980487287
12842,0.795817018
12843,0.962613881
12844,0.981566906
12845,1
12846,1
12847,0.978820503
12848,1
12849,1
12850,1
12851,0.975598991
12852,1
12853,0.980600298
12854,0.96230334
12855,0.977921188
12856,1
12857,0.982693315
12858,0.920946181
12859,1
12860,0.806919932
12861,0.599114776
12862,0.962770641
12863,1
12864,0.701067746
12865,1
12866,1
12867,0.92508167
12868,1
12869,0.968538284
12870,0.959287226
12871,1
12872,1
12873,0.971948803
12874,1
12875,0.970464408
12876,0.456955731
12877,0.980536461
12878,1
12879,0.508897543
12880,0.978088439
12881,1
12882,0.813306868
12883,0.97868216
12884,1
12885,1
12886,1
12887,1
12888,0.977600277
12889,1
12890,0.959768474
12891,1
12892,1
12893,0.980877638
12894,1
12895,0.961996019
12896,0.966915965
12897,1
12898,0.97346127
12899,0.987872958
12900,1
12901,1
12902,1
12903,0.981012106
12904,0.920766473
12905,1
12906,1
12907,1
12908,0.847324371
12909,1
12910,0.414308995
12911,0.963290393
12912,1
12913,1
12914,0.988747418
12915,1
12916,0.96090889
12917,0
12918,0.989852846
12919,0.9799968
12920,0.967878103
12921,0.983911157
12922,0.988427579
12923,1
12924,0.663389683
12925,1
12926,0.974803269
12927,0.989546835
12928,1
12929,0.987409651
12930,1
12931,1
12932,0.98813498
12933,0.955996275
12934,0.960483551
12935,1
12936,0.988411844
12937,0.984836757
12938,1
12939,0.332156301
12940,0.968091548
12941,1
12942,1
12943,0.983421028
12944,1
12945,1
12946,0.987062752
12947,0.580552161
12948,1
12949,0.976547778
12950,0.579047859
12951,0.974755108
12952,0.989063203
12953,0.786127508
12954,0.989028096
12955,1
12956,0.980207503
12957,0.962506056
12958,1
12959,0.986574948
12960,1
12961,1
12962,1
12963,0.873948276
12964,1
12965,0.973114967
12966,1
12967,0.981100678
12968,0.985264301
12969,1
12970,0.716779769
12971,0.976194263
12972,0.845651805
12973,0.982146561
12974,0.977012157
12975,0.987214685
12976,0.966064572
12977,0.976440489
12978,1
12979,1
12980,1
12981,0.978605211
12982,0.989598393
12983,0.977033317
12984,0.97033006
12985,1
12986,0.976455629
12987,0.984342396
12988,1
12989,0.987327039
12990,0.966397643
12991,0.958341539
12992,0.985854566
12993,0.960804939
12994,0.888428807
12995,0.951250672
12996,0.988634467
12997,0.72866267
12998,0.9669891
12999,0.968183696
13000,1
13001,1
13002,1
13003,1
13004,0.987005591
13005,1
13006,0.919806421
13007,0.904868901
13008,1
13009,0.989440024
13010,1
13011,0.986285448
13012,1
13013,0.989824116
13014,1
13015,0.940761685
13016,0.933619201
13017,1
13018,1
13019,0.978127718
13020,0.927683651
13021,0.915880084
13022,1
13023,0.984624744
13024,0.937704623
13025,0.976267397
13026,0.930989027
13027,1
13028,1
13029,0.882481575
13030,0.987943649
13031,1
13032,1
13033,0.962105095
13034,0.989794195
13035,0.420739561
13036,1
13037,1
13038,0.989273965
13039,0.918199062
13040,0.941352427
13041,0.98354637600000006
13042,1
13043,1
13044,1
13045,0.752455056
13046,1
13047,1
13048,0.956585825
13049,0.972232878
13050,0.950078726
13051,0.970291793
13052,0.958179355
13053,0.98812896
13054,1
13055,1
13056,0.934019983
13057,0.896203399
13058,1
13059,0.98947984
13060,0.989018798
13061,0.939161122
13062,1
13063,1
13064,0.973026931
13065,1
13066,0.946056485
13067,1
13068,1
13069,0.987014771
13070,1
13071,0.989297628
13072,0.977483153
13073,0.96201396
13074,1
13075,0.981613636
13076,0.919598818
13077,0.740782738
13078,0.973640919
13079,0.915187836
13080,0.859833539
13081,0.667448819
13082,1
13083,0.982214868
13084,0.969041228
13085,0.800598085
13086,0.953878522
13087,0.978921473
13088,1
13089,0.983951628
13090,0.939280808
13091,1
13092,0.982317925
13093,0.410861462
13094,0.960026085
13095,0.912036181
13096,0.67234534
13097,1
13098,0.96040833
13099,0.921485722
13100,0.878088415
13101,0.986648023
13102,0.980645597
13103,0.924268186
13104,1
13105,1
13106,0.952245116
13107,0.989069521
13108,0.984992743
13109,0.965690792
13110,0.980693638
13111,0.982352555
13112,1
13113,1
13114,0.986645818
13115,1
13116,0.982866705
13117,1
13118,0.975743234
13119,0.923457444
13120,0.98140657
13121,0.983581305
13122,0.968090177
13123,1
13124,0.97834903
13125,0.988474786
13126,0.319692791
13127,0.986019135
13128,1
13129,1
13130,1
13131,0.986377239
13132,1
13133,1
13134,1
13135,0.974520683
13136,0.932067633
13137,0.956780911
13138,0.985361278
13139,0.364167482
13140,0.974096716
13141,0.962595284
13142,1
13143,1
13144,0.988929331
13145,1
13146,0.953586698
13147,1
13148,1
13149,0.964224577
13150,0.96860081
13151,0.971563697
13152,1
13153,0.960549891
13154,1
13155,1
13156,1
13157,0.964909077
13158,1
13159,1
13160,0.989533246
13161,1
13162,1
13163,0.946657538
13164,0.945488572
13165,0.986963809
13166,0.608444393
13167,0.877062202
13168,0.962681115
13169,1
13170,0.952041626
13171,1
13172,0.676436245
13173,1
13174,0.989594102
13175,0.923446894
13176,0.932210386
13177,1
13178,1
13179,0.972221732
13180,0.958724797
13181,1
13182,0.962640464
13183,1
13184,1
13185,0.986590266
13186,0.988131166
13187,0.978111267
13188,0.979082108
13189,0.722525477
13190,0.631684065
13191,1
13192,1
13193,1
13194,0.98470819
13195,0.656164765
13196,1
13197,0.945605457
13198,0.850288868
13199,0.984611809
13200,0.94915992
13201,1
13202,1
13203,1
13204,1
13205,0.942136049
13206,1
13207,1
13208,0.98417747
13209,0.976929545
13210,1
13211,1
13212,0.968928039
13213,1
13214,0.389169931
13215,1
13216,1
13217,0.885424316
13218,0.988357246
13219,0.948763609
13220,1
13221,1
13222,1
13223,1
13224,1
13225,1
13226,0.976597488
13227,0.956519246
13228,0.942002952
13229,0.971790552
13230,0.979936838
13231,1
13232,0.959059656
13233,0.964518547
13234,0.973819554
13235,1
13236,1
13237,1
13238,0.977949441
13239,1
13240,0.937805176
13241,0.985859454
13242,0.966157258
13243,1
13244,0.978185773
13245,0.988911867
13246,1
13247,0.624043167
13248,0.981312633
13249,0.944884896
13250,0.227980197
13251,1
13252,1
13253,0.865065873
13254,1
13255,0.984268665
13256,0.978452861
13257,0.917846441
13258,0.938027024
13259,1
13260,1
13261,0.755155563
13262,0.973512113
13263,1
13264,1
13265,0.763330698
13266,0.950902164
13267,0.935590982
13268,0.637064517
13269,0.97397399
13270,1
13271,1
13272,0.987926483
13273,0.98922962
13274,0.988082051
13275,0.970085621
13276,0.88554889
13277,1
13278,1
13279,0.857225478
13280,0.988994658
13281,1
13282,1
13283,0.964653432
13284,0.747404158
13285,1
13286,0.981163323
13287,0.986070693
13288,0.986648381
13289,0.97581327
13290,0.984556913
13291,1
13292,0.412656158
13293,1
13294,0.970313191
13295,1
13296,1
13297,0.826564848
13298,0.984230697
13299,0.986222088
13300,0.855420888
13301,0.983436227
13302,0.987404883
13303,0.911670148
13304,1
13305,1
13306,1
13307,0.985188246
13308,0.623217821
13309,0.975507438
13310,0.975292087
13311,0.843875468
13312,1
13313,0.988051891
13314,1
13315,0.981957674
13316,0.9480744
13317,0.871262789
13318,0.970759213
13319,0.977827013
13320,1
13321,1
13322,1
13323,0.96670717
13324,0.950636685
13325,0.955841541
13326,0.972432017
13327,0.449867725
13328,0.976508677
13329,1
13330,0.968189418
13331,1
13332,0.978279293
13333,1
13334,1
13335,0.825719178
13336,1
13337,0.860864759
13338,0.987455905
13339,0.97019583
13340,0.93473655
13341,0.973073185
13342,1
13343,0.977383614
13344,0.966796935
13345,1
13346,1
13347,0.982127249
13348,1
13349,0.809197187
13350,0.96886617
13351,0.577708304
13352,0.98746556
13353,1
13354,0.981181026
13355,1
13356,0.88201952
13357,1
13358,0.978264689
13359,0.849465847
13360,1
13361,1
13362,0.970046938
13363,1
13364,1
13365,0.966795266
13366,0.847178936
13367,1
13368,0.935854435
13369,0.95534265
13370,1
13371,1
13372,1
13373,0.976312041
13374,1
13375,0.91926676
13376,0.450366229
13377,0.98493737
13378,1
13379,0.970481575
13380,1
13381,0.979033649
13382,0.934487879
13383,1
13384,0.983287096
13385,1
13386,0.9848364
13387,0.945576787
13388,0.986708164
13389,0.983314037
13390,0.859765649
13391,0.963802218
13392,0.95336163
13393,0.937174201
13394,1
13395,1
13396,1
13397,0.952040196
13398,0.970547259
13399,0.98685956
13400,1
13401,0.962204576
13402,1
13403,0.894630253
13404,0.503221989
13405,0.989901424
13406,0.987353325
13407,1
13408,0.982017577
13409,0.979540885
13410,1
13411,0.984728754
13412,0.973552346
13413,1
13414,1
13415,0.984257937
13416,0.984297097
13417,0.988639832
13418,0.957862914
13419,0.98932308
13420,0.971104562
13421,0.966258824
13422,0.982578278
13423,0.974556804
13424,0.90505743
13425,0.982996821
13426,1
13427,1
13428,0.98844552
13429,0.988063395
13430,0.960890532
13431,1
13432,0.961137056
13433,0.977457285
13434,1
13435,0.954968095
13436,0.946888864
13437,0.978767574
13438,1
13439,0.979785502
13440,0.972034931
13441,1
13442,1
13443,1
13444,0.965668321
13445,0.975668192
13446,1
13447,0.986625075
13448,0.988090515
13449,0.969573438
13450,1
13451,0.31170252
13452,0.981919289
13453,0.965479791
13454,1
13455,0.983540595
13456,0.971030831
13457,1
13458,0.968751729
13459,0.947409689
13460,0.935272396
13461,0.951090336
13462,0.892572582
13463,0.929541349
13464,0.987098157
13465,0.9787395
13466,0.972288191
13467,0.9397614
13468,1
13469,0.962758601
13470,0.137776911
13471,1
13472,0.987769961
13473,1
13474,1
13475,0.985759139
13476,1
13477,1
13478,0.960603237
13479,0.892508864
13480,0.967873037
13481,1
13482,1
13483,1
13484,0.713657677
13485,0.616708756
13486,1
13487,0.987097919
13488,1
13489,1
13490,1
13491,0.938728571
13492,0.966498613
13493,1
13494,0.788054109
13495,0.984273791
13496,1
13497,0.972457588
13498,1
13499,0.978753328
13500,1
13501,0.932384789
13502,1
13503,1
13504,1
13505,0.968383014
13506,0.970791698
13507,1
13508,0.725148141
13509,0.724384308
13510,1
13511,0.987326562
13512,1
13513,1
13514,1
13515,1
13516,1
13517,0.912026703
13518,1
13519,0.95044589
13520,1
13521,0.967738748
13522,0.979954422
13523,0.988534749
13524,0.979848683
13525,0.906353414
13526,1
13527,0.919363976
13528,0.986789882
13529,1
13530,1
13531,0.461166561
13532,0.986535251
13533,1
13534,0.985716403
13535,1
13536,0.765278161
13537,0.987180769
13538,1
13539,0.986681223
13540,0.9771716
13541,0.977081239
13542,0.933955073
13543,1
13544,0.958528161
13545,1
13546,0.978126884
13547,0.966701925
13548,1
13549,0.974169433
13550,0.984810412
13551,0.978881598
13552,0.981471658
13553,1
13554,1
13555,0.986080885
13556,0.954365552
13557,0.875652909
13558,0.979062915
13559,1
13560,0.934915185
13561,0.982743263
13562,0.987104237
13563,1
13564,1
13565,0.926155567
13566,1
13567,0.970325768
13568,0.984064996
13569,0.125572845
13570,1
13571,0.970389545
13572,0.959609628
13573,0.972122788
13574,0.984296739
13575,0.968778431
13576,0.958067894
13577,0.988074362
13578,0.783914924
13579,0.922383964
13580,0.250714868
13581,0.989135623
13582,1
13583,1
13584,0.987546265
13585,0.971286356
13586,1
13587,1
13588,0.989640653
13589,0.455014497
13590,0.970123589
13591,0.861472368
13592,0.975013316
13593,1
13594,1
13595,0.961745977
13596,0.915566981
13597,0.921961546
13598,1
13599,0.988758564
13600,1
13601,1
13602,0.93199569
13603,0.82962954
13604,1
13605,1
13606,1
13607,0.981676459
13608,1
13609,1
13610,1
13611,1
13612,1
13613,0.96771884
13614,1
13615,0.932018757
13616,0.953219056
13617,0.954625666
13618,1
13619,0.76208806
13620,0.984387159
13621,1
13622,1
13623,1
13624,1
13625,0.982009292
13626,1
13627,1
13628,0.871101916
13629,0.977836967
13630,0.900226355
13631,1
13632,0.896800757
13633,0.982046962
13634,0.965458036
13635,0.967888713
13636,0.924730957
13637,0.988989055
13638,0.962432206
13639,1
13640,0.981184363
13641,1
13642,0.987065435
13643,1
13644,1
13645,0.940668821
13646,1
13647,1
13648,0.914947689
13649,0.988141298
13650,0.973613501
13651,1
13652,1
13653,0.98287946
13654,1
13655,0.980810702
13656,0.989617229
13657,0.389566898
13658,1
13659,0.977412641
13660,1
13661,0.667759836
13662,0.987374783
13663,0.958890915
13664,1
13665,0.964529753
13666,0.789259791
13667,0.98621738
13668,1
13669,0.801239312
13670,0.978547454
13671,0.957496405
13672,1
13673,0.561231554
13674,0.955241621
13675,1
13676,1
13677,0.989799857
13678,0.966765881
13679,0.981168985
13680,0.933467627
13681,1
13682,0.867880821
13683,0.943433702
13684,0.848853946
13685,0.978128016
13686,1
13687,0.981071651
13688,0.981420577
13689,0.986659288
13690,0.989167571
13691,0.737583458
13692,0.891886652
13693,0.983455718
13694,1
13695,0.960042536
13696,0.938438296
13697,0.949725509
13698,0.973126233
13699,1
13700,1
13701,0.478176773
13702,0.84520483
13703,0.84297716600000006
13704,0.967594385
13705,1
13706,0.984448433
13707,0.952364326
13708,1
13709,0.964674711
13710,0.971621633
13711,1
13712,0.945123196
13713,0.96107316
13714,0.940336049
13715,0.982810378
13716,0.944184482
13717,0.978294671
13718,1
13719,0.852485836
13720,0.985514879
13721,0.262784749
13722,1
13723,0.968242407
13724,0.825348139
13725,1
13726,0.970766068
13727,0.860434532
13728,1
13729,1
13730,1
13731,0.869726896
13732,0.983668268
13733,1
13734,1
13735,0.974851966
13736,1
13737,0.987510562
13738,0.789220333
13739,1
13740,0.917354822
13741,0.983250558
13742,0.934745729
13743,1
13744,1
13745,1
13746,1
13747,1
13748,1
13749,0.898947537
13750,1
13751,0.963949323
13752,1
13753,0.989425421
13754,0.785915494
13755,1
13756,0.789384425
13757,0.903734088
13758,0.972804725
13759,0.977160156
13760,0.751318872
13761,0.972795785
13762,1
13763,0.980794728
13764,0.971862853
13765,1
13766,0.872540772
13767,1
13768,0.969467819
13769,1
13770,0.880344093
13771,0.973719239
13772,0.988351047
13773,0.962647021
13774,0.985746265
13775,0.97284328900000006
13776,0.986269534
13777,0.975186408
13778,1
13779,0.980885565
13780,1
13781,0.960842431
13782,0.904165924
13783,0.82308948
13784,0.403375655
13785,0.956178248
13786,0.986697614
13787,1
13788,0.955879927
13789,1
13790,0.988569796
13791,0.939253151
13792,0.979866326
13793,0.959349871
13794,0.988242686
13795,0.855279446
13796,1
13797,0.914964914
13798,1
13799,1
13800,0.922684193
13801,0.985721707
13802,0.985180736
13803,1
13804,1
13805,1
13806,0.970845044
13807,1
13808,0.984956324
13809,0.364076465
13810,0.984320283
13811,0.96173811
13812,0.808297932
13813,0.985167742
13814,0.972809255
13815,0.955809653
13816,0.976822317
13817,1
13818,1
13819,0.98959142
13820,0.878938556
13821,0.987270474
13822,0.943742514
13823,1
13824,0.865334928
13825,0.983425856
13826,0.983178973
13827,1
13828,0.905442596
13829,1
13830,0.979384005
13831,1
13832,1
13833,0.969513595
13834,1
13835,1
13836,0.988029778
13837,0.983381271
13838,1
13839,1
13840,0.989759743
13841,1
13842,1
13843,0.985948682
13844,0.846363723
13845,1
13846,1
13847,0.979485989
13848,0.974827707
13849,0.343183011
13850,0.985279203
13851,1
13852,0.925041854
13853,0.986249268
13854,0.975244761
13855,0.976305902
13856,0.980090141
13857,1
13858,0.987383306
13859,0.984445512
13860,0.970294237
13861,0.922135234
13862,1
13863,1
13864,0.972075939
13865,0.987631857
13866,1
13867,1
13868,1
13869,0.989328086
13870,0.933879077
13871,0.984395504
13872,0.850708008
13873,0.985880852
13874,1
13875,1
13876,0.429530233
13877,0.862357914
13878,0.982988179
13879,0.974602699
13880,0.91189611
13881,1
13882,1
13883,1
13884,1
13885,0.846092284
13886,0.826822519
13887,0.983820081
13888,0.988490462
13889,0.989018977
13890,1
13891,0.976997018
13892,1
13893,0.962150455
13894,1
13895,0.97190702
13896,1
13897,1
13898,1
13899,0.97156626
13900,1
13901,0.987784982
13902,0.979362488
13903,0.861622453
13904,1
13905,1
13906,0.986150563
13907,1
13908,1
13909,1
13910,0.607224941
13911,1
13912,0.977024376
13913,1
13914,0.976651013
13915,0.984218419
13916,0.757291138
13917,0.985749841
13918,0.984324455
13919,1
13920,0.86628747
13921,0.981633186
13922,1
13923,0.989662647
13924,0.25386551
13925,1
13926,0.989256263
13927,0.984228015
13928,1
13929,0.98332572
13930,1
13931,0.986935794
13932,0.945841551
13933,0.954981029
13934,1
13935,0.977849722
13936,0.902928174
13937,1
13938,0.977342427
13939,0.937861025
13940,1
13941,1
13942,1
13943,1
13944,0.945978999
13945,0.800944865
13946,1
13947,0.987971962
13948,0.982450426
13949,0.984118819
13950,0.918526948
13951,0.984946251
13952,0.989430189
13953,1
13954,0.9795838
13955,1
13956,0.985844493
13957,0.98468101
13958,1
13959,1
13960,1
13961,0.984451175
13962,0.955446601
13963,0.973101318
13964,1
13965,1
13966,1
13967,1
13968,1
13969,1
13970,0.963117361
13971,0.966917753
13972,0.973848939
13973,1
13974,0.875865221
13975,0.985561669
13976,0.855170608
13977,1
13978,1
13979,0.959739387
13980,1
13981,0.969649136
13982,0.981023431
13983,0.943291247
13984,0.985289753
13985,0.890920281
13986,1
13987,0.827221036
13988,0.97718668
13989,0.877193332
13990,1
13991,1
13992,1
13993,0.975808859
13994,0.971738577
13995,0.866003335
13996,0.989130139
13997,0.337821454
13998,0.989328325
13999,0.566630602
14000,1
14001,0.976930618
14002,1
14003,1
14004,1
14005,1
14006,0.972857535
14007,0.95300442
14008,0.982835114
14009,0.955688596
14010,0.987720192
14011,1
14012,1
14013,1
14014,0.309996873
14015,0.972586036
14016,0.988247812
14017,1
14018,1
14019,0.983773828
14020,0.982833862
14021,1
14022,1
14023,0.699447334
14024,0.765155852
14025,0.985311389
14026,0.980504155
14027,1
14028,1
14029,0.978114724
14030,0.954985082
14031,1
14032,0.984178603
14033,1
14034,1
14035,1
14036,0.979850173
14037,1
14038,0.973579347
14039,1
14040,0.940886796
14041,0.398176521
14042,1
14043,0.979117513
14044,0.98934561
14045,1
14046,1
14047,0.834641933
14048,1
14049,1
14050,0.84940213
14051,0.955457389
14052,0.965723455
14053,0.790286183
14054,1
14055,0.952071428
14056,0.981972396
14057,1
14058,0.791734934
14059,0.855583668
14060,0.988024771
14061,0.939082623
14062,0.989844322
14063,0.984713614
14064,0.903390944
14065,0.98886430299999994
14066,0.984161496
14067,0.973829687
14068,0.989729643
14069,1
14070,0.501406431
14071,0.943764687
14072,1
14073,0.972464919
14074,0.88624543
14075,0.860079587
14076,1
14077,0.92154300200000006
14078,0.975239456
14079,1
14080,1
14081,1
14082,0.98339498
14083,1
14084,0.974425495
14085,0.987918437
14086,1
14087,0.982659698
14088,1
14089,1
14090,1
14091,0.98280853
14092,0.967496216
14093,1
14094,1
14095,0.544560611
14096,0.191595852
14097,0.930116355
14098,0.972378373
14099,1
14100,1
14101,1
14102,0.516402662
14103,0.988502145
14104,1
14105,1
14106,0.973184824
14107,0.933388412
14108,1
14109,1
14110,1
14111,1
14112,0.987934113
14113,0.810392618
14114,0.918703198
14115,1
14116,0.857122839
14117,1
14118,1
14119,0.989546597
14120,0.977181077
14121,1
14122,0.974001825
14123,1
14124,1
14125,0.971789122
14126,0.986829937
14127,1
14128,0.985901415
14129,1
14130,1
14131,1
14132,0.348329336
14133,1
14134,1
14135,0.938590884
14136,0.17241393
14137,0.939419866
14138,0.984711111
14139,1
14140,0.56510073
14141,0.97678417
14142,1
14143,0.974221706
14144,1
14145,0.69910562
14146,1
14147,0.979793847
14148,0.939609826
14149,0.976025224
14150,0.970307708
14151,0.945135832
14152,1
14153,0.989406645
14154,1
14155,0.79658705
14156,1
14157,0.970779002
14158,1
14159,0.982174754
14160,0.979174554
14161,1
14162,0.717412591
14163,1
14164,1
14165,0.979110897
14166,0.924209595
14167,1
14168,0.976352751
14169,0.960032225
14170,0.925877154
14171,0.947739244
14172,1
14173,1
14174,1
14175,0.893033862
14176,0.88436687
14177,0.981391311
14178,0.988535464
14179,0.966493964
14180,0.988131762
14181,0.92930752
14182,0.969696999
14183,0.981270075
14184,0.898724794
14185,1
14186,0.869486272
14187,1
14188,1
14189,0.988508046
14190,0.534618497
14191,0.98149097
14192,0.392025024
14193,0.944707632
14194,0.983071148
14195,0.983233392
14196,0.88541168
14197,0.988973737
14198,0.796131611
14199,0.901934922
14200,1
14201,1
14202,0.933979332
14203,0.930023372
14204,1
14205,0.974618971
14206,0.978212357
14207,1
14208,1
14209,1
14210,0.967354477
14211,1
14212,0.988544762
14213,0.932659149
14214,0.965814948
14215,0.960880876
14216,1
14217,0.925575376
14218,1
14219,1
14220,1
14221,1
14222,0.970333993
14223,1
14224,0.986330092
14225,0.989824951
14226,1
14227,0.85552901
14228,0.901944816
14229,0.988363326
14230,1
14231,1
14232,0.962684095
14233,0.948957324
14234,1
14235,0.942961514
14236,1
14237,1
14238,0.945459366
14239,1
14240,0.677418649
14241,1
14242,1
14243,0.328133792
14244,0.983628392
14245,0.880432606
14246,0.295081317
14247,0.987755656
14248,0.98990494
14249,1
14250,0.977570534
14251,0.886606991
14252,0.900101841
14253,1
14254,0.978523731
14255,1
14256,0.962387264
14257,1
14258,1
14259,0.977141261
14260,0.924459159
14261,1
14262,0.528263748
14263,1
14264,0.966190934
14265,0.921091437
14266,0.888221502
14267,0.937901378
14268,1
14269,1
14270,1
14271,0.984474301
14272,1
14273,1
14274,0.983320415
14275,1
14276,0.977773249
14277,1
14278,0.987836182
14279,1
14280,1
14281,0.980202794
14282,0.957654953
14283,0.956534207
14284,1
14285,0.847160578
14286,1
14287,0.969630837
14288,1
14289,0.983915985
14290,1
14291,0.985495448
14292,1
14293,0.896769881
14294,0.986177266
14295,0.969158113
14296,1
14297,0.968731821
14298,0.955677688
14299,0.969211757
14300,1
14301,1
14302,0.98326242
14303,0.89482373
14304,0.94046253
14305,0.974707663
14306,0.929768562
14307,1
14308,0.988789916
14309,1
14310,0.987693906
14311,0.908529878
14312,1
14313,1
14314,0.982760549
14315,0.935234249
14316,1
14317,0.987405717
14318,0.986302257
14319,0.95648557
14320,1
14321,1
14322,1
14323,0.881526053
14324,0.388482481
14325,0.895644963
14326,1
14327,0.98306644
14328,1
14329,0.979367435
14330,0.98352778
14331,1
14332,0.630949259
14333,0.377115339
14334,1
14335,1
14336,0.940867722
14337,0.820705175
14338,1
14339,0.950586975
14340,0.273397744
14341,0.956043422
14342,0.980234444
14343,1
14344,0.979549706
14345,1
14346,1
14347,1
14348,0.952213943
14349,0.983093143
14350,0.803313673
14351,0.982364595
14352,0.971641123
14353,0.988668382
14354,0.961843431
14355,0.962372124
14356,0.976190031
14357,0.970890343
14358,0.975044847
14359,0.882138133
14360,0.974808037
14361,0.988254666
14362,0.985096276
14363,0.960196197
14364,1
14365,1
14366,1
14367,0.949038982
14368,0.945365489
14369,1
14370,0.759064317
14371,0.971994281
14372,0.988549411
14373,1
14374,0.984466076
14375,0.97622323
14376,1
14377,1
14378,0.988179326
14379,0.83084029
14380,0.988823712
14381,0.937861025
14382,0.944621563
14383,1
14384,0.980822384
14385,0.983010113
14386,1
14387,0.973887503
14388,0.382737964
14389,0.977500796
14390,0.980338812
14391,1
14392,1
14393,1
14394,0.987589061
14395,1
14396,0.964011371
14397,0.989412367
14398,0.965435565
14399,0.979557574
14400,1
14401,1
14402,1
14403,0.745990098
14404,0.976347089
14405,0.985114753
14406,0.981797218
14407,0.905991793
14408,0.98842144
14409,0.919225454
14410,0.870937944
14411,0.922769308
14412,0.986254454
14413,0.967171907
14414,0.987496734
14415,1
14416,0.989421904
14417,0.970098317
14418,0.976378441
14419,0.986271381
14420,1
14421,0.989827037
14422,1
14423,1
14424,1
14425,0.97494781
14426,0.98512125
14427,1
14428,0.939790309
14429,0.988156974
14430,0.98747617
14431,0.966945171
14432,0.984723687
14433,1
14434,0.986512423
14435,1
14436,1
14437,1
14438,0.684301138
14439,0.98976922
14440,0.972767711
14441,0.964815676
14442,1
14443,0.977507889
14444,1
14445,0.966785789
14446,0.906166077
14447,1
14448,1
14449,0.968570292
14450,0.973342359
14451,0.935290873
14452,0.980044663
14453,1
14454,0.976562083
14455,0.9882195
14456,1
14457,1
14458,1
14459,0.952425242
14460,0.989756405
14461,0.982785404
14462,0.98644954
14463,1
14464,1
14465,0.986783981
14466,0.965721786
14467,0.956291258
14468,0.543361425
14469,1
14470,1
14471,0.942353964
14472,1
14473,0.9706195
14474,0.983677626
14475,1
14476,1
14477,1
14478,1
14479,0.980466664
14480,1
14481,0.978836358
14482,1
14483,1
14484,0.960397661
14485,0.978108287
14486,0.986500561
14487,1
14488,0.959891081
14489,0.987437904
14490,1
14491,0
14492,1
14493,0.985234082
14494,0.906538606
14495,0.752145112
14496,1
14497,0.949239731
14498,0.988597214
14499,0.967840016
14500,1
14501,0.980133951
14502,0.862613261
14503,1
14504,0.9876858
14505,0.98893714
14506,1
14507,0.923279703
14508,0.989421904
14509,0.845845819
14510,1
14511,0.692749858
14512,0.915496588
14513,0.988623977
14514,0.970194817
14515,0.932911217
14516,1
14517,0.967523634
14518,1
14519,0.983116448
14520,0.838735163
14521,1
14522,0.933039963
14523,1
14524,1
14525,1
14526,1
14527,1
14528,1
14529,0.980257332
14530,0.987362504
14531,0.988191128
14532,1
14533,0.987598717
14534,0.829719305
14535,0.761985183
14536,1
14537,0.933952451
14538,1
14539,0.947188556
14540,0.984817088
14541,1
14542,0.48269397000000003
14543,1
14544,0.963441074
14545,0.887899756
14546,0.987565339
14547,0.981838346
14548,1
14549,1
14550,0.937820971
14551,0.989554763
14552,1
14553,0.983602762
14554,0.950161159
14555,0.983712912
14556,1
14557,0.969634652
14558,1
14559,0.782455027
14560,0.815040588
14561,1
14562,1
14563,0.76393193
14564,1
14565,0.986324966
14566,1
14567,0.981714487
14568,0.959895253
14569,1
14570,0.569265246
14571,1
14572,1
14573,1
14574,1
14575,1
14576,0.987355292
14577,0.986074269
14578,1
14579,1
14580,0.983871341
14581,0.985892236
14582,0.989242494
14583,0.978663206
14584,0.982410729
14585,0.600076199
14586,1
14587,0.828533948
14588,0.953998804
14589,1
14590,0.973736227
14591,0.987017691
14592,1
14593,0.896200895
14594,0.985387743
14595,0.989977479
14596,0.968075752
14597,0.961771309
14598,0
14599,0.925690055
14600,1
14601,0.937261224
14602,0.655203462
14603,0.983218372
14604,0.953508675
14605,1
14606,1
14607,1
14608,0.949618816
14609,0.96723938
14610,0.853193581
14611,1
14612,0.981642246
14613,1
14614,0.905337572
14615,0.782947838
14616,1
14617,0.955168963
14618,0.752618134
14619,1
14620,1
14621,1
14622,0.890009582
14623,0.92616355400000006
14624,0.980367899
14625,0.986600101
14626,0.934937477
14627,1
14628,1
14629,1
14630,0.95448482
14631,1
14632,0.965381503
14633,1
14634,0.870554268
14635,1
14636,0.969079077
14637,1
14638,1
14639,1
14640,1
14641,0.980390787
14642,0.950160325
14643,0.972489178
14644,1
14645,0.923045933
14646,1
14647,0.8762151
14648,1
14649,1
14650,1
14651,0.926920176
14652,1
14653,0.988094926
14654,0.537365556
14655,1
14656,0.986949265
14657,1
14658,1
14659,0.957195222
14660,0.988186419
14661,0.887562811
14662,1
14663,0.81498605
14664,0.986250639
14665,0.979538262
14666,0.627774358
14667,0.977965891
14668,0.9888466
14669,1
14670,0.796308219
14671,1
14672,1
14673,0.929252327
14674,0.920405626
14675,0.976984859
14676,1
14677,0.987212718
14678,1
14679,0.977916777
14680,1
14681,1
14682,0.972097993
14683,0.987195075
14684,0.960848391
14685,1
14686,0.94215858
14687,0.963555396
14688,1
14689,0.976935625
14690,1
14691,1
14692,0.799393833
14693,1
14694,1
14695,1
14696,0.975040734
14697,0.98721838
14698,1
14699,0.953643739
14700,1
14701,1
14702,1
14703,0.989512026
14704,0.950690866
14705,1
14706,0.986297607
14707,1
14708,1
14709,0.957189202
14710,0.986906409
14711,0.655047238
14712,0.985968947
14713,0.983621776
14714,0.965024293
14715,1
14716,1
14717,0.799763501
14718,0.329424352
14719,1
14720,0.96709162
14721,0.965061843
14722,0.980464041
14723,1
14724,1
14725,0.984267175
14726,0.976630569
14727,1
14728,0.581514716
14729,1
14730,0.980549753
14731,0.983896613
14732,1
14733,1
14734,0.495855123
14735,0.885606289
14736,0.974176228
14737,1
14738,1
14739,1
14740,0.813004196
14741,1
14742,0.988362253
14743,0.983209848
14744,0.985375047
14745,1
14746,1
14747,0.987389207
14748,0.943100274
14749,1
14750,1
14751,0.939184606
14752,0.870769739
14753,0.980339468
14754,0.921500087
14755,1
14756,0.969942629
14757,0.989824474
14758,0.989901662
14759,1
14760,1
14761,1
14762,1
14763,1
14764,1
14765,0.971333921
14766,1
14767,1
14768,1
14769,0.978646338
14770,1
14771,0.909701228
14772,0.972531557
14773,0.686100602
14774,0.949308991
14775,0.964513004
14776,0.931161046
14777,0.96946913
14778,1
14779,0.985712111
14780,0.982265234
14781,1
14782,1
14783,0.981851578
14784,1
14785,0.962893605
14786,0.980367899
14787,0.983309686
14788,0.988468111
14789,0.920878887
14790,0.912668109
14791,1
14792,0.969747067
14793,0.903242409
14794,1
14795,0.983590543
14796,1
14797,1
14798,0.979018092
14799,0.988057971
14800,1
14801,0.401365221
14802,0.928946197
14803,1
14804,0.975921094
14805,1
14806,1
14807,1
14808,0.972487271
14809,0.988653123
14810,0.989018679
14811,0.987855136
14812,0.950739861
14813,1
14814,0.807336927
14815,0.979973197
14816,0.980257332
14817,0.911153853
14818,0.989634574
14819,0.986415982
14820,1
14821,1
14822,0.968831062
14823,1
14824,0.794821799
14825,0.984106422
14826,0.982771933
14827,0.679826558
14828,0.988238573
14829,1
14830,0.987024307
14831,0.987418711
14832,1
14833,0.94404453
14834,0.976960719
14835,0.989653885
14836,1
14837,1
14838,1
14839,1
14840,0.972452402
14841,1
14842,1
14843,0.929072857
14844,1
14845,0.96900326
14846,0.989556134
14847,0.961723149
14848,1
14849,0.981100202
14850,1
14851,1
14852,0.837765932
14853,1
14854,0.81988287
14855,0.946561515
14856,1
14857,0.223460317
14858,0.977127492
14859,0.741013169
14860,0.976109624
14861,0.960413098
14862,1
14863,0.9063676
14864,0.986658037
14865,1
14866,1
14867,1
14868,0.976162791
14869,1
14870,0.986117661
14871,0.923310757
14872,0.987437904
14873,1
14874,1
14875,1
14876,0.902273655
14877,0.71637398
14878,0.919675231
14879,0.949783683
14880,0.958819926
14881,0.988026977
14882,1
14883,0.918350041
14884,1
14885,0.985945761
14886,0.809966385
14887,0.890846312
14888,0.961637378
14889,0.98636812
14890,1
14891,1
14892,0.791898668
14893,0.98948741
14894,0.989561975
14895,0.795469105
14896,1
14897,0.891426921
14898,0.974042714
14899,0.898917794
14900,0.966658115
14901,0.722633958
14902,0.985344231
14903,0.985304415
14904,0.850518584
14905,0.816065252
14906,1
14907,1
14908,1
14909,0.577064753
14910,0.984711111
14911,0.858394921
14912,1
14913,1
14914,1
14915,1
14916,1
14917,0.851976454
14918,1
14919,0.967141151
14920,0.984638512
14921,0.49846521
14922,0.262029082
14923,0.983879745
14924,0.967618406
14925,1
14926,0.907574534
14927,0.988120914
14928,0.97306335
14929,0.235317558
14930,1
14931,0.925919652
14932,0.978888333
14933,0.984395981
14934,0.986539662
14935,0.987128258
14936,1
14937,0.976646006
14938,0.987818003
14939,0.971264899
14940,0.773506522
14941,1
14942,0.982853591
14943,1
14944,0.970132172
14945,0.974769592
14946,0.981070399
14947,0.982950509
14948,0.98399514
14949,0.928991675
14950,0.987915754
14951,1
14952,0.977404892
14953,0.985058188
14954,0.989029527
14955,1
14956,0.782696724
14957,0.380784839
14958,0.971477926
14959,0.984177709
14960,0.973060429
14961,1
14962,1
14963,0.989332318
14964,0.972911894
14965,1
14966,0.315459937
14967,1
14968,0.976384819
14969,0.938726366
14970,1
14971,0.989339292
14972,0.856279135
14973,1
14974,0.98495239
14975,0.915754616
14976,0.963261843
14977,0.973601043
14978,0.983694673
14979,1
14980,0.97253865
14981,0.975881815
14982,1
14983,0.927276135
14984,1
14985,0.834741354
14986,0.989697158
14987,0.590642393
14988,1
14989,0.895783246
14990,0.97613281
14991,1
14992,0.981853545
14993,1
14994,1
14995,0.144767612
14996,1
14997,0.969253063
14998,1
14999,0.880490363
15000,0.97623241
15001,0.958218753
15002,0.980191708
15003,0.955205083
15004,0.961098611
15005,1
15006,0.969140947
15007,0.967832506
15008,1
15009,1
15010,0.987756729
15011,0.88938874
15012,1
15013,0.969131589
15014,0.980972886
15015,0.560287654
15016,0.969010532
15017,0.980835795
15018,1
15019,1
15020,1
15021,1
15022,0.983839572
15023,1
15024,0.963347971
15025,0.989527345
15026,0.967974126
15027,0.842346013
15028,0.97683084
15029,1
15030,0.98995471
15031,0.969640911
15032,0.972746968
15033,0.986628652
15034,1
15035,1
15036,0.985243917
15037,1
15038,1
15039,0.915594578
15040,0.956659436
15041,1
15042,0.960141003
15043,1
15044,0.988798559
15045,1
15046,0.979706645
15047,0.980931819
15048,0.989898205
15049,1
15050,1
15051,0.966007829
15052,1
15053,0.962602675
15054,1
15055,1
15056,0.908578992
15057,0.959746778
15058,0.984908104
15059,0.970359445
15060,0.365964323
15061,0.988623858
15062,0.989629209
15063,0.986673832
15064,1
15065,0.986199021
15066,1
15067,1
15068,0.953619897
15069,0.901792407
15070,0.501354814
15071,0.835453749
15072,1
15073,0.974896967
15074,1
15075,1
15076,0.440005034
15077,0.987834573
15078,0.941519141
15079,1
15080,0.921577454
15081,0.988895774
15082,0.598191261
15083,0.986153007
15084,1
15085,1
15086,0.983909547
15087,0.976960719
15088,0.664413691
15089,0.986522853
15090,1
15091,0.894779801
15092,1
15093,0.988815367
15094,0.963883221
15095,0.931122363
15096,1
15097,0.985363662
15098,1
15099,0.971902371
15100,0.972446799
15101,0.986080885
15102,0.980557561
15103,0.945633173
15104,1
15105,0.949972987
15106,1
15107,0.98718214
15108,1
15109,0.98458451
15110,0.979022324
15111,0.899536014
15112,0.958447218
15113,0.975279033
15114,1
15115,1
15116,0.939075589
15117,0.695414662
15118,1
15119,0.943635881
15120,0.989793301
15121,0.959421098
15122,0.981148303
15123,0.987977445
15124,0.979230344
15125,1
15126,0.858757019
15127,0.98770684
15128,0.962551236
15129,0.977379203
15130,1
15131,0.228123412
15132,0.989946902
15133,0.987439334
15134,1
15135,0.592915177
15136,1
15137,0.940083861
15138,0.989964545
15139,0.938585103
15140,0.987784505
15141,0.9494946
15142,0.92372632
15143,0.97749275
15144,1
15145,1
15146,1
15147,1
15148,0.918579519
15149,0.860037684
15150,0.988745987
15151,1
15152,0.98522687
15153,0.972873986
15154,0.974685669
15155,0.983681679
15156,0.985085726
15157,1
15158,0.91080153
15159,1
15160,0.980952919
15161,1
15162,1
15163,0.951435804
15164,0.987866163
15165,1
15166,0.98118639
15167,1
15168,0.970677793
15169,0.90157491
15170,1
15171,0.989382029
15172,0.940331101
15173,0.969678164
15174,0.947894037
15175,0.93236196
15176,0.974901021
15177,0.940318227
15178,0.9473207
15179,0.986054361
15180,0.97719425
15181,1
15182,1
15183,0.971828044
15184,1
15185,1
15186,1
15187,0.987809658
15188,0.65969801
15189,0.968417645
15190,0.986587226
15191,1
15192,1
15193,0.852595508
15194,1
15195,1
15196,0.963016093
15197,1
15198,0.973264635
15199,0.879042924
15200,0.926461458
15201,1
15202,0.886459529
15203,0.646705687
15204,0.864488006
15205,0.987851858
15206,0.972432673
15207,1
15208,1
15209,0.969868183
15210,0.956283867
15211,1
15212,1
15213,0.858080506
15214,0.945871294
15215,1
15216,0.974330902
15217,0.974455476
15218,1
15219,0.989628434
15220,0.937096655
15221,1
15222,0.821010172
15223,1
15224,1
15225,1
15226,1
15227,0.946398556
15228,0.972796381
15229,0.98767972
15230,1
15231,0.977905452
15232,1
15233,1
15234,1
15235,0.988215327
15236,0.980879486
15237,1
15238,1
15239,0.979639709
15240,0.942259431
15241,0.973296285
15242,1
15243,1
15244,1
15245,0.962426782
15246,0.989596069
15247,0.719228089
15248,1
15249,0.979791105
15250,0.985636592
15251,1
15252,1
15253,1
15254,0.977907836
15255,1
15256,0.943355203
15257,0.959729731
15258,1
15259,0.793285668
15260,0.989133894
15261,0.988374591
15262,0.98026365
15263,1
15264,0.941203296
15265,0.957898915
15266,1
15267,0.983463228
15268,0.987955451
15269,1
15270,0.794201732
15271,0.981774211
15272,1
15273,0.813915134
15274,1
15275,1
15276,1
15277,0.981160224
15278,0.958304465
15279,0.987625301
15280,0.977597058
15281,0.937695086
15282,0.978674173
15283,1
15284,1
15285,0.974036515
15286,0.888084948
15287,0.865596414
15288,0.988979816
15289,1
15290,1
15291,0.921684444
15292,1
15293,0.97944665
15294,0.972792327
15295,0.9856565
15296,0.985109448
15297,1
15298,1
15299,0.968651056
15300,1
15301,1
15302,1
15303,1
15304,0.96679759
15305,0.97329241
15306,0.98958391
15307,1
15308,1
15309,1
15310,0.98404932
15311,0.966735899
15312,0.867007077
15313,0.969187439
15314,1
15315,0.943932474
15316,0.854343891
15317,1
15318,0.989895821
15319,0.989675939
15320,1
15321,0.988589168
15322,0.985106826
15323,1
15324,0.984860539
15325,0.987617791
15326,0.970932722
15327,1
15328,1
15329,1
15330,0.806436539
15331,0.913244247
15332,1
15333,0.738995493
15334,1
15335,1
15336,0.912395299
15337,1
15338,1
15339,0.858601391
15340,0.967398703
15341,0.825672329
15342,0.959599435
15343,1
15344,0.900394499
15345,1
15346,0.960179567
15347,0.962348938
15348,1
15349,0.928681076
15350,0.989316583
15351,0.519169807
15352,1
15353,1
15354,0.951274872
15355,1
15356,0.987507403
15357,0.959887743
15358,0.972886086
15359,0.957808554
15360,1
15361,0.877757549
15362,0.885390639
15363,0.984253764
15364,0.982010424
15365,1
15366,0.960418046
15367,0.92289412
15368,0.964783609
15369,1
15370,1
15371,0.962982833
15372,0.955004752
15373,0.872683942
15374,0.959834158
15375,0.985365748
15376,0.984190524
15377,0.969413221
15378,0.820376158
15379,0.969052434
15380,1
15381,1
15382,0.953197062
15383,0.937260389
15384,1
15385,1
15386,0.982133329
15387,0.989396632
15388,0.901041091
15389,0.909898996
15390,0.974116623
15391,1
15392,0.91781342
15393,1
15394,0.595085084
15395,0.9726246
15396,1
15397,0.988856375
15398,1
15399,0.917037487
15400,1
15401,1
15402,1
15403,1
15404,0.984069526
15405,0.987129092
15406,0.989358068
15407,0.568042398
15408,0.917347014
15409,0.849924982
15410,1
15411,0.944465041
15412,0.879228175
15413,0.954552591
15414,0.969962835
15415,0.988241017
15416,1
15417,1
15418,0.985081792
15419,1
15420,0.981677294
15421,0.982022047
15422,1
15423,1
15424,0.977526546
15425,0.961618602
15426,0.986616731
15427,0.98393321
15428,1
15429,0.961436808
15430,1
15431,0.983055592
15432,1
15433,0.973451257
15434,0.973451138
15435,0.984210134
15436,0.986910641
15437,0.346460998
15438,1
15439,0.976258218
15440,0.970371485
15441,0.988687396
15442,1
15443,1
15444,0.985776126
15445,0.984972298
15446,0.970956981
15447,0.858162522
15448,0.973366618
15449,0.864551485
15450,0.962600291
15451,0.904876828
15452,0.975386977
15453,0.985529125
15454,0.970635116
15455,0.956950963
15456,0.982845187
15457,0.303868204
15458,0.853425026
15459,0.880479276
15460,1
15461,0.798721254
15462,0.629995287
15463,0.983735085
15464,0.979940236
15465,0.675528765
15466,1
15467,0.96270144
15468,1
15469,0.981228054
15470,0.985749066
15471,1
15472,1
15473,0.963059425
15474,0.987501979
15475,1
15476,0.965359449
15477,1
15478,1
15479,1
15480,1
15481,0.89537096
15482,0.910250664
15483,0.910504401
15484,0.916359723
15485,0.849953175
15486,1
15487,0.97692239299999994
15488,0.890457273
15489,0.912759125
15490,0.933511615
15491,1
15492,0.859510183
15493,0.599218071
15494,1
15495,0.971211255
15496,0.272199422
15497,1
15498,1
15499,1
15500,0.98397702
15501,0.982324481
15502,1
15503,1
15504,0.928213537
15505,1
15506,1
15507,1
15508,0.874887049
15509,0.985508144
15510,0.982647717
15511,0.975693762
15512,0.961183488
15513,0.98686105
15514,1
15515,1
15516,0.213856533
15517,1
15518,0.765729427
15519,0.982728303
15520,1
15521,0.980557203
15522,0.978146076
15523,0.986587346
15524,0.914071798
15525,0.986943007
15526,0.987985432
15527,0.986553252
15528,0.779534221
15529,0.978595972
15530,1
15531,1
15532,0.973631561
15533,0.987652183
15534,0.974283814
15535,0.827549338
15536,0.984211266
15537,0.922897518
15538,1
15539,0.863492549
15540,0.977692425
15541,0.496397466
15542,0.98947537
15543,0.80369252
15544,0.895525634
15545,1
15546,1
15547,0.947948873
15548,0.985683918
15549,0.864755034
15550,0.976718783
15551,0.936695635
15552,1
15553,0.949872494
15554,0.98530674
15555,0.978105485
15556,0.981589496
15557,1
15558,1
15559,0.873916447
15560,1
15561,0.981673837
15562,1
15563,1
15564,1
15565,1
15566,0.756049037
15567,0.985888898
15568,1
15569,0.861427248
15570,0.989109397
15571,1
15572,1
15573,1
15574,0.969784617
15575,0.965787709
15576,0.978697121
15577,0.971632421
15578,0.920809865
15579,0.98620683
15580,0.910475314
15581,1
15582,0.97855866
15583,1
15584,0.972003281
15585,1
15586,0.848505914
15587,1
15588,0.761138499
15589,1
15590,0.408162504
15591,0.979913473
15592,1
15593,0.970011056
15594,0.914517939
15595,0.980849922
15596,0.983645439
15597,0.983135998
15598,0.989969432
15599,0.885829866
15600,0.987602174
15601,0.554310799
15602,1
15603,1
15604,0.982878447
15605,0.963158667
15606,1
15607,1
15608,0.968737364
15609,0.358510405
15610,0.989501178
15611,1
15612,0.959323764
15613,0.825584233
15614,0.983718455
15615,0.882305265
15616,1
15617,1
15618,0.972764671
15619,1
15620,0.989063084
15621,1
15622,0.983427942
15623,1
15624,0.989970744
15625,1
15626,0.737860203
15627,0.901754379
15628,0.985272229
15629,0.964495838
15630,0.577192366
15631,0.925018907
15632,0.917756379
15633,0.98638165
15634,0.959541678
15635,0.604874909
15636,1
15637,0.960141122
15638,1
15639,0.954058707
15640,1
15641,0.969845414
15642,0.952493668
15643,0.952145219
15644,0.973855019
15645,1
15646,1
15647,0.985736668
15648,1
15649,0.979616284
15650,0.348580897
15651,0.980467022
15652,0.307082743
15653,0.947375476
15654,0.984030247
15655,1
15656,0.979488313
15657,0.989088953
15658,0.962599516
15659,1
15660,0.936356783
15661,1
15662,0.989121854
15663,0.98740226
15664,0.989047945
15665,1
15666,1
15667,0.981079996
15668,0.969863236
15669,0.94627291
15670,1
15671,1
15672,0.976562083
15673,0.918617547
15674,0.842069447
15675,1
15676,0.801364481
15677,0.944684684
15678,0.981046736
15679,1
15680,0.973269761
15681,1
15682,1
15683,0.968974531
15684,1
15685,0.942082286
15686,0.953191996
15687,0.984161615
15688,0.988312781
15689,0.980558455
15690,0.973772407
15691,0.961057961
15692,0.973402679
15693,0.983151078
15694,1
15695,1
15696,1
15697,0.977184355
15698,0.977868855
15699,1
15700,1
15701,0.971248269
15702,1
15703,0.848470807
15704,1
15705,0.983190835
15706,0.895559847
15707,0.968516946
15708,0.948051155
15709,0.980901957
15710,0.970919013
15711,0.98564744
15712,0.975460053
15713,0.988073051
15714,1
15715,1
15716,1
15717,0.979174435
15718,1
15719,0.989021659
15720,0.989425182
15721,0.913960159
15722,0.984278143
15723,1
15724,0.967905879
15725,1
15726,0.984304249
15727,0.985679448
15728,0.784683287
15729,0.496549726
15730,0.934270382
15731,1
15732,0.532529235
15733,1
15734,1
15735,0.963664711
15736,0.988432705
15737,0.731433213
15738,0.986413479
15739,1
15740,0.982566357
15741,0.963368595
15742,1
15743,1
15744,0.989783347
15745,0.95822078
15746,1
15747,1
15748,0.818967342
15749,1
15750,0.837705791
15751,1
15752,0.906287134
15753,1
15754,0.977544189
15755,0.95624274
15756,1
15757,0.982602835
15758,0.96513921
15759,0.984437227
15760,0.977200091
15761,1
15762,0.969682932
15763,1
15764,0.729525745
15765,0.97766006
15766,1
15767,0.949932277
15768,0.985243321
15769,1
15770,0.972588599
15771,0.980671346
15772,1
15773,0.917529821
15774,0.756597281
15775,1
15776,0.969277561
15777,0.950065196
15778,0.98076736900000006
15779,0.106385529
15780,0.884240925
15781,0.922332823
15782,0.14122346
15783,0.974817395
15784,0.946509957
15785,0.956859589
15786,1
15787,0.982237756
15788,1
15789,1
15790,0.987158001
15791,0.97004807
15792,1
15793,0.96818471
15794,1
15795,0.960768461
15796,0.962528288
15797,0.614806235
15798,0.983647406
15799,1
15800,1
15801,0.926026166
15802,1
15803,1
15804,1
15805,0.977327824
15806,1
15807,1
15808,0.988232076
15809,0.987815678
15810,0.984646618
15811,0.891843259
15812,0.82132864
15813,1
15814,1
15815,1
15816,0.987720192
15817,1
15818,1
15819,1
15820,0.984306455
15821,0.983948171
15822,0.986784279
15823,0.95707345
15824,0.924417913
15825,0.958718896
15826,1
15827,0.977758169
15828,0.966355801
15829,1
15830,0.909739137
15831,0.969603598
15832,1
15833,0.981764257
15834,0.989332676
15835,1
15836,1
15837,0.967308223
15838,0.973181248
15839,1
15840,1
15841,1
15842,1
15843,0.952568293
15844,1
15845,0.982838571
15846,1
15847,0.968954921
15848,0.917536616
15849,0.985157907
15850,1
15851,1
15852,0.951145113
15853,0.940728664
15854,1
15855,0.980105102
15856,0.970621169
15857,0.989422858
15858,1
15859,0.981980324
15860,0.967376828
15861,1
15862,0.972034395
15863,0.846415639
15864,0.912330389
15865,0.953034103
15866,1
15867,1
15868,0.974402964
15869,0.979557812
15870,1
15871,0.962531567
15872,1
15873,1
15874,1
15875,0.987553954
15876,0.972590327
15877,1
15878,0.984632134
15879,0.206813604
15880,1
15881,0.983457029
15882,0.974654913
15883,0.982278585
15884,0.905132234
15885,1
15886,1
15887,1
15888,1
15889,0.642224133
15890,0.495224387
15891,1
15892,0.961856604
15893,0.980053484
15894,0.988414764
15895,0.983280063
15896,0.972922385
15897,1
15898,0.916370809
15899,1
15900,1
15901,0.939816237
15902,1
15903,1
15904,0.968467414
15905,0.981677413
15906,0.988001525
15907,0.976352274
15908,1
15909,1
15910,0.883795738
15911,0.987546504
15912,0.983911395
15913,0.919407189
15914,0.987531841
15915,0.988470197
15916,0.986415327
15917,1
15918,0.436346948
15919,0.930054069
15920,0.939823389
15921,1
15922,1
15923,0.983659983
15924,1
15925,0.987162769
15926,1
15927,0.981829524
15928,1
15929,0.98469305
15930,1
15931,0.989288092
15932,1
15933,0.975497127
15934,0.964113593
15935,0.628161788
15936,1
15937,0.932439804
15938,0.927633643
15939,0.965609193
15940,0.97095865
15941,0.973211467
15942,0.980605543
15943,0.97727865
15944,0.8115955
15945,0.988592744
15946,1
15947,0.98117435
15948,1
15949,0.481200457
15950,0.20032607
15951,0.984144568
15952,1
15953,0.976837635
15954,0.974110365
15955,0.973428965
15956,0.971409977
15957,1
15958,0.983215392
15959,1
15960,1
15961,1
15962,0.98528707
15963,1
15964,0.981873632
15965,0.931368709
15966,0.850449085
15967,1
15968,1
15969,0.965065837
15970,1
15971,0.964016557
15972,1
15973,0.984798729
15974,0.986297727
15975,0.811531961
15976,1
15977,1
15978,0.951392889
15979,1
15980,0.975206435
15981,1
15982,0.967410266
15983,0.989413977
15984,1
15985,1
15986,0.980046392
15987,0.791496098
15988,1
15989,1
15990,1
15991,0.186934292
15992,1
15993,0.553455174
15994,0.943933427
15995,0.973015189
15996,1
15997,1
15998,0.977932811
15999,1
16000,0.9543612
16001,0.964180768
16002,0.988507867
16003,1
16004,0.811940134
16005,0.950927496
16006,1
16007,1
16008,0.986435831
16009,0.862393439
16010,0.950642884
16011,1
16012,0.926799953
16013,0.883591592
16014,1
16015,1
16016,0.961329341
16017,1
16018,1
16019,1
16020,0.985585749
16021,0.982034326
16022,0.988478243
16023,0.801683128
16024,1
16025,0.95137769
16026,1
16027,0.899746001
16028,0.976461172
16029,1
16030,0.987680316
16031,0.966561675
16032,1
16033,1
16034,0.789296508
16035,0.981800795
16036,1
16037,0.922376633
16038,1
16039,1
16040,0.980635464
16041,0.935466707
16042,0.956034362
16043,0.939341843
16044,1
16045,0.983785272
16046,0.871168435
16047,0.862796783
16048,0.955491841
16049,1
16050,1
16051,0.98233515
16052,0.907106876
16053,0.947735727
16054,0.963108242
16055,1
16056,0.813403368
16057,0.973877966
16058,0.988020837
16059,0.746988773
16060,0.904396951
16061,1
16062,0.959550917
16063,0.985782623
16064,0.951050758
16065,1
16066,0.39515689
16067,0.966055453
16068,1
16069,1
16070,0.889713526
16071,1
16072,0.985268891
16073,1
16074,0.978778541
16075,0.952855706
16076,1
16077,0.986410558
16078,1
16079,1
16080,0.270577878
16081,0.977723897
16082,0.818486691
16083,0.989568532
16084,0.898961008
16085,0.440384895
16086,0.301894367
16087,0.974426389
16088,1
16089,0.982439041
16090,1
16091,1
16092,1
16093,0.98472774
16094,1
16095,1
16096,0.961831093
16097,1
16098,1
16099,0.959872723
16100,0.989090979
16101,0.989994645
16102,0.955463767
16103,1
16104,0.472297609
16105,0.97582221
16106,0.988615274
16107,1
16108,0.974436462
16109,0.944204688
16110,0.910748541
16111,1
16112,1
16113,0.356143922
16114,1
16115,0.971124888
16116,0.928638101
16117,0.98765111
16118,0.978101373
16119,1
16120,0.987576127
16121,0.984851182
16122,0.978968203
16123,1
16124,0.962092876
16125,0.736087382
16126,1
16127,1
16128,0.953506291
16129,0.989711165
16130,1
16131,1
16132,0.808632195
16133,0.981094956
16134,0.98591423
16135,1
16136,0.921590388
16137,0.60832566
16138,0.937947452
16139,1
16140,1
16141,0.972994268
16142,0.987182498
16143,1
16144,0.931685448
16145,0.975458801
16146,1
16147,0.977522373
16148,0.740256727
16149,1
16150,1
16151,1
16152,0.952379704
16153,0.989362538
16154,0.974746168
16155,0.986991525
16156,1
16157,0.982997656
16158,0.776715756
16159,0.946056485
16160,1
16161,0.983704388
16162,0.90266788
16163,0.963845313
16164,1
16165,1
16166,0.956890225
16167,1
16168,0.983432114
16169,1
16170,0.985869288
16171,0.942303181
16172,0.969652832
16173,0.887628436
16174,1
16175,0.985438705
16176,0.714322984
16177,1
16178,1
16179,1
16180,0.978892922
16181,1
16182,0.973262608
16183,1
16184,0.955296636
16185,0.942293108
16186,1
16187,0.956389844
16188,0.965993822
16189,1
16190,0.958892703
16191,0.986249805
16192,0.984426022
16193,1
16194,1
16195,0.971359372
16196,0.977387726
16197,0.576143622
16198,0.535317957
16199,0.877329707
16200,1
16201,0.901623428
16202,0.675070286
16203,0.937834621
16204,0.967756569
16205,0.676191568
16206,0.969820499
16207,1
16208,0.987495005
16209,1
16210,1
16211,0.972489715
16212,1
16213,1
16214,0.988162935
16215,0.980187118
16216,0.935851634
16217,0.959209561
16218,0.925531566
16219,0.976345837
16220,0.984957933
16221,0.984217525
16222,1
16223,0.878919423
16224,1
16225,1
16226,0.988210559
16227,0.976337314
16228,0.973839104
16229,0.973823845
16230,0.613244712
16231,0.988229394
16232,1
16233,0.95169574
16234,1
16235,0.822414398
16236,1
16237,0.963925183
16238,0.937986851
16239,0.922969043
16240,1
16241,0.143150002
16242,1
16243,0.96193409
16244,0.90077292900000006
16245,1
16246,1
16247,1
16248,0.986329854
16249,0.867536783
16250,1
16251,0.988889933
16252,0.961596131
16253,1
16254,0.976165175
16255,1
16256,0.980700851
16257,1
16258,1
16259,0.637480855
16260,0.974315703
16261,0.981560886
16262,0.45207575
16263,0.96767199
16264,1
16265,0.933858812
16266,1
16267,0.953094304
16268,1
16269,0.974099279
16270,0.989931226
16271,0.988688648
16272,0.975322545
16273,0.927022398
16274,1
16275,1
16276,0.81487757
16277,1
16278,1
16279,1
16280,0.763665319
16281,0.983974755
16282,0.98314178
16283,0.979601264
16284,0.978551269
16285,0.961927474
16286,0.567302764
16287,0.929262221
16288,0.97660178
16289,0.977868736
16290,0.978986681
16291,0.918561518
16292,1
16293,1
16294,1
16295,1
16296,0.977045298
16297,1
16298,0.985362053
16299,0.964527428
16300,0.984837771
16301,1
16302,1
16303,0.95530504
16304,1
16305,1
16306,0.980888009
16307,0.64637059
16308,0.975765348
16309,1
16310,0.974111974
16311,0.243839547
16312,0.825683236
16313,0.961155295
16314,0.948665917
16315,1
16316,1
16317,0.988899052
16318,0.96536004500000006
16319,0.974786699
16320,0.987841547
16321,0.937307596
16322,0.942727089
16323,1
16324,0.916481853
16325,0.974466622
16326,0.974452555
16327,0.96979081600000006
16328,1
16329,0.969187081
16330,1
16331,0.96518451
16332,0.954896689
16333,1
16334,0.970543206
16335,0.979873657
16336,0.898296773
16337,1
16338,0.974245787
16339,1
16340,0.731579423
16341,0.976240039
16342,0.958542585
16343,0.867513895
16344,0.922569275
16345,1
16346,0.892343104
16347,0.862665892
16348,0.968257368
16349,0.987748385
16350,0.874948204
16351,1
16352,1
16353,0.418361157
16354,0.983607471
16355,0.868962705
16356,0.968517244
16357,0.984848082
16358,0.820374548
16359,0.989328206
16360,0.987569153
16361,0.963393271
16362,1
16363,0.985815167
16364,0.869108498
16365,0.931608915
16366,1
16367,1
16368,1
16369,1
16370,0.974094331
16371,0.507377386
16372,0.979433417
16373,1
16374,1
16375,0.953361929
16376,1
16377,0.986851275
16378,0.986418426
16379,0.977846205
16380,1
16381,1
16382,1
16383,1
16384,0.986163318
16385,1
16386,0.921861649
16387,0.295154184
16388,0.757385373
16389,1
16390,0.986637116
16391,0.375852495
16392,1
16393,0.747214913
16394,1
16395,0.977126658
16396,0.977078617
16397,0.985880852
16398,0.98967582
16399,0.971446335
16400,1
16401,1
16402,1
16403,0.984933853
16404,0.983706236
16405,0.49063912
16406,0.840892315
16407,1
16408,1
16409,0.850592017
16410,1
16411,1
16412,1
16413,0.987527669
16414,1
16415,1
16416,0.972053051
16417,0.97555691
16418,0.897518456
16419,0.960888326
16420,1
16421,0.981458485
16422,1
16423,1
16424,0.848360598
16425,0.989680588
16426,0.967563391
16427,1
16428,1
16429,1
16430,1
16431,0.868959844
16432,0.940116108
16433,0.971057475
16434,0.98836261
16435,0.88939327
16436,0.548835576
16437,0.84557426
16438,0.986455679
16439,0.979046464
16440,0.98376447
16441,0.880639195
16442,1
16443,1
16444,0.530656993
16445,1
16446,0.986858964
16447,0.980218947
16448,1
16449,0.943434238
16450,0.942289174
16451,0.982949853
16452,0.939924359
16453,1
16454,1
16455,1
16456,0.978425562
16457,0.933020711
16458,0.987265229
16459,0.961156309
16460,1
16461,1
16462,1
16463,1
16464,0.614098012
16465,0.844076753
16466,0.983878374
16467,1
16468,0.70539242
16469,0.98426199
16470,0.978392005
16471,0.951579273
16472,0.985091209
16473,1
16474,0.988208592
16475,0.385336012
16476,0.898055613
16477,0.968438447
16478,0.985164285
16479,1
16480,0.974360764
16481,0.73986727
16482,1
16483,0.980420828
16484,0.985848069
16485,0.975458443
16486,1
16487,0.983607292
16488,0.941529095
16489,0.925109506
16490,1
16491,1
16492,1
16493,1
16494,1
16495,0.946675301
16496,0.98266232
16497,0.984724701
16498,0.978236616
16499,0.98900491
16500,0.923190475
16501,1
16502,0.952615559
16503,0.800294757
16504,1
16505,1
16506,1
16507,0.954109311
16508,1
16509,0.984307349
16510,1
16511,0.980051279
16512,0.981366754
16513,0.987305224
16514,0.983974516
16515,1
16516,0.24166891
16517,0.976210952
16518,0.936197102
16519,1
16520,0.982055605
16521,1
16522,0.860088587
16523,1
16524,0.984230936
16525,1
16526,0.961884797
16527,0.951600075
16528,0.9871611
16529,1
16530,1
16531,0.981284082
16532,0.963654459
16533,0.924058437
16534,1
16535,0.982509255
16536,0.971044421
16537,1
16538,0.972053766
16539,1
16540,1
16541,1
16542,0.961657226
16543,0.974618852
16544,0.988451123
16545,0.747695327
16546,0.889120638
16547,0.984718919
16548,0.97942549
16549,0.981140494
16550,0.909323871
16551,0.986097276
16552,0.977738798
16553,0.943573892
16554,0.961718977
16555,0.987127304
16556,0.964576125
16557,1
16558,0.957705677
16559,0.952889979
16560,0.954948545
16561,0.958090484
16562,0.82799381
16563,0.989865601
16564,0.935691297
16565,1
16566,0.966201663
16567,1
16568,0.98547101
16569,0.948019803
16570,1
16571,0.974203348
16572,1
16573,1
16574,0.960636914
16575,0.988924921
16576,1
16577,0.98316735
16578,0.968094528
16579,1
16580,1
16581,1
16582,0.966479361
16583,1
16584,1
16585,0.98879087
16586,0.914375782
16587,1
16588,0.741264939
16589,0.928363502
16590,0.959201098
16591,1
16592,0.967227459
16593,0.82075882
16594,0.975059569
16595,1
16596,0.927646697
16597,1
16598,1
16599,1
16600,0.988072038
16601,0.984204233
16602,1
16603,0.97387141
16604,1
16605,1
16606,1
16607,0.984771311
16608,0.980041206
16609,0.969336271
16610,0.951799393
16611,0.970265389
16612,1
16613,0.968195438
16614,0.988848805
16615,1
16616,0.808940053
16617,1
16618,1
16619,1
16620,0.984871209
16621,1
16622,1
16623,0.940270484
16624,1
16625,0.984487951
16626,0.98090899
16627,0.883012474
16628,0.987074018
16629,0.97327739
16630,1
16631,0.756502271
16632,1
16633,0.882594228
16634,0.969507814
16635,0.985500872
16636,1
16637,0.943688333
16638,0.797014713
16639,1
16640,1
16641,0.986658633
16642,0.951516569
16643,1
16644,0.806753874
16645,0.987657666
16646,0.623474419
16647,1
16648,1
16649,1
16650,1
16651,0.853206635
16652,0.954107523
16653,0.950082719
16654,1
16655,0.982728303
16656,0.984252751
16657,0.913980782
16658,1
16659,1
16660,0.982428491
16661,1
16662,1
16663,0.918590784
16664,1
16665,1
16666,0.951207995
16667,0.971632183
16668,0.507354677
16669,1
16670,0.977533281
16671,0.963060141
16672,1
16673,1
16674,1
16675,0.98384583
16676,1
16677,1
16678,1
16679,1
16680,0.980579197
16681,0.989792824
16682,0.982908726
16683,0.95362258
16684,0.987642765
16685,0.978932321
16686,0.661950469
16687,1
16688,0.977453113
16689,1
16690,0.98323673
16691,0.717134297
16692,0.649389267
16693,0.982274234
16694,0.646609902
16695,1
16696,0.986765027
16697,1
16698,1
16699,0.98892796
16700,1
16701,0.914937496
16702,1
16703,0.821520448
16704,0.689510644
16705,1
16706,0.985720873
16707,0.982325077
16708,0.964131355
16709,0.950018227
16710,1
16711,1
16712,1
16713,0.977074981
16714,0.923129916
16715,0.475429148
16716,1
16717,0.977064073
16718,1
16719,1
16720,0.985953093
16721,0.301026136
16722,0.787897468
16723,1
16724,1
16725,0.943166733
16726,0.84510994
16727,0.895776749
16728,0.988063157
16729,0.98578393499999994
16730,0.979079127
16731,1
16732,0.984433055
16733,1
16734,1
16735,1
16736,1
16737,1
16738,0.989725888
16739,1
16740,0.966904283
16741,0.986619055
16742,1
16743,0.973280489
16744,1
16745,1
16746,0.985215783
16747,1
16748,0.496397466
16749,0.870226264
16750,1
16751,1
16752,1
16753,1
16754,0.987214446
16755,1
16756,1
16757,0.984283209
16758,1
16759,0.989927292
16760,0.808971345
16761,1
16762,0.777393103
16763,0.972875893
16764,1
16765,0.974598289
16766,0.770838678
16767,1
16768,0.989814222
16769,1
16770,1
16771,1
16772,0.824909031
16773,0.953062594
16774,1
16775,1
16776,0.987207711
16777,0.949379385
16778,0.984917343
16779,1
16780,1
16781,0.987294138
16782,0.959361374
16783,0.988927007
16784,0.989679456
16785,1
16786,1
16787,0.732716978
16788,1
16789,1
16790,1
16791,0.220353127
16792,0.982072413
16793,0.879856467
16794,0.979242563
16795,1
16796,1
16797,0.457024515
16798,0.960134327
16799,0.981339157
16800,0.946409524
16801,0.92116797
16802,0.895520866
16803,0.983040035
16804,0.986845255
16805,0.987917364
16806,1
16807,0.838296354
16808,1
16809,1
16810,0.976917267
16811,0.958969951
16812,0.977973759
16813,0.960514903
16814,0.977532387
16815,0.958703399
16816,1
16817,1
16818,0.985934854
16819,1
16820,1
16821,0.973073185
16822,0.982607782
16823,0.985701561
16824,1
16825,0.9799788
16826,1
16827,0.9204157
16828,0.953240514
16829,0.988227069
16830,1
16831,0.402130574
16832,1
16833,1
16834,1
16835,0.914357483
16836,0.987941563
16837,1
16838,1
16839,1
16840,0.98494488
16841,1
16842,1
16843,1
16844,1
16845,1
16846,0.977355599
16847,0.945020556
16848,0.981609047
16849,0.971324623
16850,0.967797875
16851,0.985502958
16852,1
16853,0.932985902
16854,0.967034221
16855,1
16856,0.982271075
16857,0.95908618
16858,0.947121084
16859,1
16860,0.954053164
16861,0.957950294
16862,0.974975348
16863,1
16864,1
16865,1
16866,0.987948537
16867,0.989171922
16868,0.985597313
16869,1
16870,0.989685416
16871,1
16872,1
16873,1
16874,0.971972644
16875,0.967036903
16876,1
16877,0.980550885
16878,0.974779248
16879,0.881975532
16880,0.977034509
16881,0.974252582
16882,1
16883,1
16884,1
16885,0.869674504
16886,0.988201201
16887,1
16888,1
16889,0.740956307
16890,0.98710525
16891,0.988769651
16892,1
16893,1
16894,0.966050983
16895,0.957641602
16896,0.946489751
16897,1
16898,0.946789265
16899,1
16900,1
16901,0.989410043
16902,0.977524042
16903,0.966948748
16904,0.977444887
16905,0.98465538
16906,0.978170812
16907,0.870524585
16908,0.946542919
16909,0.920913875
16910,0.941409707
16911,0.980920672
16912,0.792521894
16913,0.987824559
16914,1
16915,0.85586381
16916,1
16917,0.984591126
16918,0.918239772
16919,0.972688854
16920,0.9829458
16921,1
16922,0.979060292
16923,1
16924,0.989109635
16925,0.981611311
16926,1
16927,0.985551715
16928,0.979726911
16929,1
16930,0.952508032
16931,1
16932,0.979667544
16933,0.907333612
16934,1
16935,1
16936,0.841896653
16937,1
16938,1
16939,0.988538027
16940,0.931833983
16941,1
16942,0.947523892
16943,0.989636719
16944,1
16945,0.988245487
16946,0.980057955
16947,0.969519019
16948,0.974083543
16949,0.973031521
16950,0.970122635
16951,0.919441998
16952,0.842194855
16953,0.984406233
16954,1
16955,0.94414264
16956,1
16957,0.974025786
16958,1
16959,0.983229578
16960,0.704701603
16961,0.989386201
16962,0.955791771
16963,1
16964,0.958567798
16965,1
16966,0.651785195
16967,1
16968,0.98883307
16969,0.920035422
16970,0.982736468
16971,1
16972,0.940445542
16973,1
16974,0.959130824
16975,1
16976,0.972715855
16977,0.728866935
16978,1
16979,0.961039603
16980,1
16981,0.978664696
16982,1
16983,0.983600676
16984,0.779128909
16985,1
16986,1
16987,0.947795808
16988,0.94524926
16989,1
16990,0.951773405
16991,1
16992,1
16993,0.919413269
16994,0.958236218
16995,0.916987479
16996,0.849078
16997,0.948757887
16998,0.601728618
16999,0.957139611
17000,1
17001,0.962821603
17002,0.981542647
17003,0.983584642
17004,0.974434018
17005,0.962636292
17006,0.889713466
17007,0.988581121
17008,1
17009,1
17010,0.981028855
17011,1
17012,1
17013,0.925685346
17014,1
17015,1
17016,0.989129901
17017,1
17018,1
17019,0.974994302
17020,0.980071008
17021,0.977545261
17022,0.989593983
17023,0.947958291
17024,0.981126487
17025,1
17026,0.97901696
17027,1
17028,0.902085722
17029,1
17030,1
17031,1
17032,0.974178612
17033,1
17034,1
17035,1
17036,0.782335222
17037,1
17038,0.989526749
17039,0.980814338
17040,0.983699441
17041,0.965467155
17042,1
17043,1
17044,1
17045,0.96150291
17046,0.985517442
17047,0.976937294
17048,0.960257649
17049,1
17050,1
17051,0.970531881
17052,0.941311956
17053,0.964746654
17054,1
17055,0.943885446
17056,1
17057,1
17058,1
17059,1
17060,1
17061,0.593989313
17062,0
17063,0.945982873
17064,0.972086191
17065,0.756556809
17066,0.976279438
17067,0.964999974
17068,1
17069,1
17070,0.940948963
17071,1
17072,1
17073,0.978753328
17074,0.956399858
17075,1
17076,0.724941671
17077,0.98409158
17078,1
17079,0.978755176
17080,0.282106459
17081,0.989247024
17082,0.974249959
17083,0.959298551
17084,1
17085,1
17086,1
17087,0.97701627
17088,1
17089,1
17090,0.86535573
17091,1
17092,1
17093,0.93264091
17094,1
17095,1
17096,0.980772376
17097,0.926372111
17098,0.939042747
17099,1
17100,1
17101,0.904414296
17102,1
17103,0.957463503
17104,0.939249039
17105,1
17106,1
17107,1
17108,0.955563068
17109,1
17110,0.984149754
17111,1
17112,0.977315784
17113,0.898631215
17114,1
17115,0.974110603
17116,1
17117,1
17118,0.944199801
17119,0.958125234
17120,0.795814872
17121,0.98307991
17122,0.986596763
17123,0.902206242
17124,0.924696803
17125,1
17126,0.643274963
17127,1
17128,0.820586979
17129,0.987668216
17130,0.983430862
17131,1
17132,0.97082597
17133,0.588887274
17134,0.970448554
17135,1
17136,0.984578729
17137,0.95875001
17138,0.977640927
17139,0.87713778
17140,1
17141,0.954826057
17142,1
17143,0.98985976
17144,0.8801893
17145,1
17146,1
17147,0.989920735
17148,0.876836777
17149,0.989895701
17150,0.969127536
17151,1
17152,0.697911799
17153,0.969438672
17154,0.953481913
17155,0.97207737
17156,0.851519406
17157,0.918875039
17158,0.988366425
17159,0.973555982
17160,1
17161,1
17162,0.9844594
17163,1
17164,0.537365556
17165,0.955472946
17166,0.245557681
17167,0.899743676
17168,0.979015112
17169,1
17170,1
17171,1
17172,1
17173,0.980070055
17174,0.984600127
17175,0.974422932
17176,0.972388864
17177,0.987046719
17178,0.98709482
17179,0.97447902
17180,1
17181,1
17182,0.949196458
17183,0.935008884
17184,1
17185,0.961607277
17186,0.900813699
17187,0.950728357
17188,1
17189,1
17190,0.97599262
17191,0.989291489
17192,0.958446324
17193,1
17194,0.96621722
17195,0.949338973
17196,0.988446355
17197,1
17198,0.976422846
17199,1
17200,0.971839428
17201,0.707413733
17202,0.960207164
17203,0.957895696
17204,1
17205,1
17206,0.974621594
17207,0.976779759
17208,0.928638101
17209,0.972164691
17210,0.911349535
17211,1
17212,0.931523025
17213,1
17214,1
17215,0.924085081
17216,0.15675801
17217,0.887500823
17218,0.890016913
17219,0.959289849
17220,0.918489039
17221,0.904808462
17222,0.962386906
17223,0.730054617
17224,0.975997388
17225,0.954555273
17226,1
17227,0.926486909
17228,1
17229,0.951954961
17230,1
17231,0.947660029
17232,1
17233,0.954386294
17234,0.576809049
17235,1
17236,0.988149643
17237,0.394878507
17238,0.984010398
17239,0.936948001
17240,0.985663116
17241,1
17242,1
17243,0.563884676
17244,0.328519076
17245,0.981179655
17246,0.986890853
17247,0.946995676
17248,0.977902472
17249,1
17250,1
17251,1
17252,1
17253,0.988761962
17254,0.989366949
17255,0.718788445
17256,0.989897132
17257,1
17258,0.538730085
17259,1
17260,1
17261,0.969469786
17262,1
17263,0.965077579
17264,0.951545775
17265,1
17266,0.983690202
17267,0.955395877
17268,1
17269,0.952218413
17270,1
17271,0.901893497
17272,0.98811394
17273,1
17274,0.989876568
17275,1
17276,0.764574528
17277,0.989912868
17278,0.984607875
17279,0.832746685
17280,1
17281,1
17282,1
17283,1
17284,0.949777305
17285,1
17286,0.957780242
17287,0.982160211
17288,0.962302923
17289,0.949775815
17290,0.983037293
17291,0.988416493
17292,1
17293,1
17294,1
17295,0.931160629
17296,0.982234061
17297,0.987786531
17298,1
17299,1
17300,0.977405965
17301,0.9125247
17302,1
17303,1
17304,1
17305,1
17306,0.972826302
17307,0.92015928
17308,0.884704053
17309,1
17310,1
17311,0.981673122
17312,1
17313,1
17314,0.988484979
17315,1
17316,0.983121395
17317,0.58167398
17318,0.650412858
17319,1
17320,0.986940086
17321,0.900036633
17322,0.944986761
17323,1
17324,0.989923537
17325,0.987501741
17326,0.808774173
17327,1
17328,0.987582326
17329,0.954748988
17330,0.98624169800000006
17331,0.968222022
17332,0.94192493
17333,0.987171471
17334,0.868351162
17335,1
17336,0.965984702
17337,0.921228766
17338,0.988966167
17339,0.986435831
17340,1
17341,0.983067334
17342,0.984977007
17343,0.970616758
17344,0.933051229
17345,1
17346,1
17347,0.94934392
17348,0.848398149
17349,0.34064310799999997
17350,0.966390193
17351,1
17352,0.861732364
17353,1
17354,1
17355,0.97333163
17356,0.959347129
17357,0.978126109
17358,0.97494632
17359,0.989284575
17360,0.943045437
17361,1
17362,0.967590928
17363,1
17364,0.985026419
17365,0.974362493
17366,0.796050191
17367,0.972941279
17368,0.846998513
17369,0.879784048
17370,0.96483618
17371,0.906849861
17372,1
17373,0.989828348
17374,0.98175633
17375,0.988695741
17376,0.960546017
17377,0.9834916
17378,0.984489679
17379,1
17380,0.811541081
17381,0.858457685
17382,0.986311734
17383,0.915645242
17384,0.945065916
17385,0.989529908
17386,1
17387,0.986508906
17388,1
17389,0.962530911
17390,0.968967676
17391,1
17392,1
17393,0.953969777
17394,0.942106426
17395,0.984420002
17396,0.985072196
17397,1
17398,0.96592015
17399,0.982016623
17400,0.972489417
17401,0.988539636
17402,1
17403,1
17404,0.966480374
17405,0.929771543
17406,0.980874538
17407,0.970223665
17408,0.978525996
17409,0.988563061
17410,1
17411,0.976448655
17412,0.974651396
17413,0.948800087
17414,0.96822995
17415,0.817863464
17416,1
17417,1
17418,0.989606142
17419,0.964675427
17420,1
17421,0.983873189
17422,1
17423,1
17424,1
17425,0.971494675
17426,1
17427,0.901248276
17428,1
17429,1
17430,0.937438369
17431,0.888561249
17432,0.260246873
17433,0.98845613
17434,0.878657281
17435,0.987665117
17436,1
17437,0.787335813
17438,1
17439,1
17440,0.955458343
17441,1
17442,1
17443,0.988025963
17444,0.980522811
17445,0.984122932
17446,0.98601532
17447,1
17448,0.964025974
17449,1
17450,0.978336811
17451,1
17452,0.54452163
17453,0.983652711
17454,0.985977888
17455,1
17456,1
17457,0.962168694
17458,1
17459,0.919867754
17460,1
17461,0.510839284
17462,0.326574415
17463,0.97230196
17464,1
17465,1
17466,0.987864912
17467,1
17468,1
17469,0.988222897
17470,0.979204595
17471,1
17472,0.97393465
17473,0.756961227
17474,1
17475,0.97697556
17476,0.965220869
17477,1
17478,0.467909277
17479,1
17480,0.984901011
17481,1
17482,0.84034133
17483,1
17484,0.90361315
17485,0.942491174
17486,0.966115415
17487,0.988473713
17488,1
17489,0.981845021
17490,1
17491,0.782455027
17492,0.868021488
17493,0.926963925
17494,0.881599069
17495,1
17496,1
17497,1
17498,0.969161928
17499,0.984375179
17500,0.97076124
17501,1
17502,0.962228715
17503,0.985244691
17504,0.788503766
17505,1
17506,1
17507,0.977399111
17508,1
17509,1
17510,1
17511,1
17512,0.889177024
17513,0.967197597
17514,0.98905408399999994
17515,0.587604284
17516,0.97642535
17517,1
17518,0.973630071
17519,0.988879919
17520,0.92843008
17521,0.975215852
17522,1
17523,1
17524,1
17525,0.942440987
17526,0.976497114
17527,0.964792907
17528,0.988072634
17529,0.922326982
17530,1
17531,1
17532,0.900445223
17533,0.978616059
17534,0.986724436
17535,0.988221228
17536,1
17537,0.932769418
17538,0.984421969
17539,1
17540,0.97714895
17541,0.976997018
17542,0.977943659
17543,0.97469008
17544,1
17545,0.932269633
17546,0.907646596
17547,0.97020793
17548,0.969296873
17549,0.984572649
17550,0.970849991
17551,1
17552,1
17553,1
17554,1
17555,0.962332726
17556,0.932030559
17557,1
17558,0.97549057
17559,0.952710152
17560,0.978503645
17561,1
17562,0.978223026
17563,0.98445648
17564,0.980344296
17565,1
17566,1
17567,1
17568,0.853349626
17569,0.903006673
17570,0.910300374
17571,0.988400579
17572,0.977943301
17573,0.986186504
17574,0.351065517
17575,0.953385592
17576,1
17577,1
17578,1
17579,0.982679248
17580,0.952027023
17581,1
17582,0.916133821
17583,0.546717167
17584,0.973611534
17585,0.989458919
17586,1
17587,0.965837777
17588,0.963331282
17589,0.882747114
17590,1
17591,0.90430373
17592,1
17593,0.925687313
17594,0.96338594
17595,0.987316251
17596,0.943148911
17597,0.943279684
17598,0.76430887
17599,0.985817492
17600,0.933041334
17601,0.972670972
17602,0.984799743
17603,0.415675521
17604,1
17605,0.60450387
17606,1
17607,0.972138584
17608,0.979009569
17609,1
17610,1
17611,0.989467561
17612,1
17613,0.989151955
17614,1
17615,1
17616,0.983150184
17617,0.987436891
17618,0.960693538
17619,0.947056711
17620,1
17621,1
17622,0.968680203
17623,0.986233473
17624,1
17625,0.972672522
17626,1
17627,0.987997174
17628,1
17629,1
17630,0.988350987
17631,0.975785017
17632,1
17633,0.981787086
17634,0.962703764
17635,0.926620245
17636,0.677000046
17637,0.98271358
17638,1
17639,1
17640,1
17641,0.963984132
17642,1
17643,1
17644,0.977017641
17645,0.983827233
17646,0.96562016
17647,1
17648,1
17649,1
17650,1
17651,1
17652,1
17653,0.968897045
17654,1
17655,0.916578472
17656,1
17657,0.936191142
17658,0.880090594
17659,0.97240442
17660,1
17661,1
17662,1
17663,0.972415566
17664,0.933858812
17665,1
17666,0.989974558
17667,1
17668,1
17669,0.965953529
17670,0.985592246
17671,0.973049283
17672,0.813237071
17673,0.986524344
17674,0.963085771
17675,0.979666531
17676,1
17677,1
17678,0.976365924
17679,0.611825824
17680,0.975764096
17681,1
17682,1
17683,0.949712694
17684,0.985509753
17685,0.983812809
17686,0.947611868
17687,1
17688,0.961490333
17689,1
17690,0.989281654
17691,0.989758611
17692,0.960318983
17693,0.927076101
17694,0.937495649
17695,0.976750851
17696,0.98740828
17697,1
17698,0.971659303
17699,1
17700,1
17701,1
17702,0.939770758
17703,1
17704,0.866660774
17705,0.63693916799999994
17706,0.732657731
17707,1
17708,1
17709,1
17710,0.989892006
17711,1
17712,0.962345421
17713,0.977400005
17714,1
17715,0.967442513
17716,0.897373676
17717,0.855634928
17718,0.937291801
17719,0.978348792
17720,0.981386602
17721,1
17722,0.624991357
17723,0.384145409
17724,0.983682931
17725,0.97232425200000006
17726,0.987222493
17727,0.989174843
17728,0.974743009
17729,0.98499459
17730,0.867492735
17731,0.982108831
17732,0.988393366
17733,1
17734,1
17735,1
17736,0.982547462
17737,1
17738,1
17739,0.908337414
17740,0.984333575
17741,1
17742,0.751178861
17743,0.904745638
17744,1
17745,0.988782704
17746,1
17747,1
17748,1
17749,0.981733799
17750,1
17751,0.966705799
17752,0.959487796
17753,0.97231096
17754,0.984772027
17755,0.829160273
17756,0.95969516
17757,0.988749266
17758,1
17759,0.984959781
17760,0.977126658
17761,0.649389267
17762,0.987953544
17763,0.84973228
17764,1
17765,0.987945557
17766,1
17767,0.940366268
17768,1
17769,0.943638265
17770,0.979244411
17771,0.973667383
17772,0.987556934
17773,0.627417088
17774,0.972426951
17775,1
17776,0.939721167
17777,0.974142969
17778,0.970968008
17779,1
17780,1
17781,0.986116707
17782,1
17783,0.925789952
17784,0.977514803
17785,1
17786,0.989917815
17787,1
17788,0.962299824
17789,0.987978816
17790,0.986888111
17791,0.955584943
17792,0.859024525
17793,0.926838756
17794,1
17795,0.988877714
17796,0.98002094
17797,0.98441571
17798,0.985676765
17799,0.977448881
17800,0.982360005
17801,0.981420577
17802,1
17803,0.964147985
17804,0.415759504
17805,0.973877311
17806,0.975934744
17807,1
17808,1
17809,0.978075326
17810,0.388153523
17811,1
17812,0.682819784
17813,1
17814,0.967358708
17815,0.983772218
17816,1
17817,1
17818,0.964633167
17819,0.599644065
17820,0.970748544
17821,1
17822,0
17823,0.951134622
17824,1
17825,0.986619175
17826,1
17827,1
17828,0.963404
17829,1
17830,0.794180214
17831,0.899794519
17832,0.852414727
17833,0.955839396
17834,0.976143122
17835,1
17836,1
17837,0.986864984
17838,0.989089668
17839,0.987022221
17840,0.961610794
17841,0.785312772
17842,1
17843,0.983881354
17844,0.960386455
17845,1
17846,0.986430168
17847,0.980398119
17848,0.974373341
17849,0.976793885
17850,0.982899189
17851,0.9477126
17852,1
17853,0.985828042
17854,0.975983322
17855,0.949960709
17856,0.958434165
17857,0.950702369
17858,0.985528886
17859,0.980885327
17860,1
17861,0.957578063
17862,1
17863,0.956231415
17864,0.958993316
17865,1
17866,0.978728294
17867,1
17868,1
17869,0.979358375
17870,0.98715359
17871,0.943579018
17872,0.981853545
17873,1
17874,1
17875,0.988623977
17876,0.972209454
17877,1
17878,0.939589202
17879,1
17880,0.986382246
17881,0.988679826
17882,0.985165358
17883,1
17884,0.980196714
17885,1
17886,0.942197859
17887,0.383281648
17888,0.989584625
17889,0.619072318
17890,0.989040673
17891,1
17892,1
17893,1
17894,0.980710566
17895,1
17896,0.860369325
17897,0.985624969
17898,1
17899,0.983595133
17900,0.982752144
17901,1
17902,0.983044982
17903,1
17904,1
17905,0.921963334
17906,1
17907,1
17908,0.854789734
17909,1
17910,0.981449723
17911,0.913682222
17912,1
17913,0.971904874
17914,1
17915,1
17916,0.982024133
17917,0.789186657
17918,1
17919,0.545846283
17920,0.981159687
17921,0.98545754
17922,0.987081111
17923,0.968438804
17924,1
17925,0.949162185
17926,0.986916781
17927,1
17928,0.970301986
17929,0.987633944
17930,1
17931,1
17932,1
17933,1
17934,0.97407043
17935,1
17936,1
17937,1
17938,0.98267132
17939,0.988500476
17940,0.929160118
17941,1
17942,1
17943,0.428660303
17944,0.98765707
17945,1
17946,1
17947,1
17948,1
17949,0.975717008
17950,0.951868653
17951,0.971842945
17952,1
17953,0.939474165
17954,1
17955,1
17956,0.982154131
17957,0.944858432
17958,0.808181405
17959,0.986199498
17960,1
17961,0.983757556
17962,0.975734592
17963,1
17964,1
17965,1
17966,1
17967,1
17968,0.986874878
17969,0.854777634
17970,1
17971,1
17972,1
17973,0.951952994
17974,1
17975,0.986414015
17976,1
17977,1
17978,1
17979,0.967772782
17980,1
17981,0.968852401
17982,0.901919007
17983,0.986841559
17984,1
17985,0.989208758
17986,0.986485362
17987,0.984637439
17988,1
17989,0.984215081
17990,1
17991,0.987234116
17992,0.964053214
17993,0.871237576
17994,0.779042125
17995,0.631569862
17996,0.98948586
17997,0.982306898
17998,1
17999,1
18000,0.988614917
18001,0.980346024
18002,0.989411414
18003,0.987039626
18004,0.953682244
18005,1
18006,0.978167832
18007,0.933754623
18008,1
18009,0.873111367
18010,0.972227097
18011,0.976933301
18012,0.973381519
18013,1
18014,1
18015,0.971246779
18016,0.388153523
18017,0.985622227
18018,0.606663823
18019,0.983833373
18020,0.955526173
18021,0.985153437
18022,0.988353729
18023,0.974878013
18024,0.640050113
18025,0.96854341
18026,1
18027,1
18028,0.955418706
18029,0.946350813
18030,0.987898171
18031,0.949433982
18032,0.940062285
18033,0.935068727
18034,0.987445474
18035,0.914357483
18036,1
18037,0.986654222
18038,0.979398072
18039,0.942243338
18040,0.967306197
18041,0.982901216
18042,1
18043,1
18044,1
18045,0.97770077
18046,1
18047,0.914955556
18048,0.978536844
18049,1
18050,0.988733053
18051,0.986811817
18052,0.923767626
18053,0.989678621
18054,0.977612674
18055,1
18056,0.809131444
18057,1
18058,1
18059,0.977689505
18060,0.987789273
18061,1
18062,0.350435704
18063,1
18064,0.969725311
18065,1
18066,1
18067,0.985437334
18068,0.9414379
18069,1
18070,0.98927784
18071,0.962892413
18072,1
18073,1
18074,0.978871286
18075,0.972936869
18076,1
18077,1
18078,1
18079,0.934116781
18080,0.960013986
18081,1
18082,0.96843344
18083,0.971964896
18084,0.978667438
18085,0.985848069
18086,0.883522213
18087,1
18088,1
18089,0.925356984
18090,1
18091,0.888364017
18092,0.987576842
18093,0.987728238
18094,1
18095,0.984015346
18096,1
18097,0.943211198
18098,0.919576049
18099,0.987614632
18100,1
18101,1
18102,1
18103,0.988046169
18104,0.984560847
18105,0.983813524
18106,0.987466753
18107,1
18108,0.71550500399999994
18109,0.970195234
18110,0.968883872
18111,1
18112,1
18113,0.967812777
18114,1
18115,0.976011396
18116,0.971409619
18117,1
18118,0.95668453
18119,1
18120,0.984372497
18121,1
18122,0.815478027
18123,0.983893812
18124,0.98105228
18125,1
18126,1
18127,0.96594274
18128,1
18129,1
18130,0.988552332
18131,0.988540947
18132,0.986794651
18133,1
18134,0.988025963
18135,0.984478474
18136,0.983332396
18137,1
18138,0.989679575
18139,1
18140,0.966032147
18141,0.954050362
18142,0.979024947
18143,0.868408203
18144,0.988850534
18145,1
18146,0.987674654
18147,0.976645589
18148,0.885807514
18149,1
18150,0.972267926
18151,0.959446669
18152,0.979979157
18153,1
18154,0.988771498
18155,0.980736971
18156,0.984338999
18157,0.967040718
18158,0.267906576
18159,0.983706951
18160,0.628175199
18161,0.896936357
18162,0.987168789
18163,1
18164,1
18165,0.974587977
18166,0.958940566
18167,0.251493931
18168,0.36163953
18169,1
18170,1
18171,0.970650137
18172,0.951477945
18173,1
18174,0.978300631
18175,0.969325423
18176,1
18177,1
18178,0.973007619
18179,1
18180,1
18181,0.906956852
18182,0.823630095
18183,1
18184,1
18185,0.975906253
18186,1
18187,0.981357575
18188,0.777316988
18189,0.984318674
18190,0.987711132
18191,0.590643942
18192,1
18193,1
18194,0.983233511
18195,0.968992174
18196,1
18197,0.873351991
18198,0.908149898
18199,1
18200,0.915438533
18201,0.976988852
18202,0.944251955
18203,0.985661566
18204,1
18205,1
18206,0.723374486
18207,0.974579215
18208,0.984560132
18209,0.976624548
18210,0.97003895
18211,1
18212,0.98670876
18213,1
18214,0.972737253
18215,1
18216,0.948351502
18217,0.967527986
18218,1
18219,0.988361299
18220,1
18221,1
18222,0.978312135
18223,0.978594363
18224,0.890932441
18225,0.785299003
18226,1
18227,1
18228,0.95989120000000006
18229,0.944659948
18230,0.975665391
18231,1
18232,0.59377557
18233,0.801920772
18234,1
18235,1
18236,0.97623539
18237,1
18238,0.938384056
18239,0.937030196
18240,0.981412649
18241,1
18242,0.279949397
18243,1
18244,1
18245,0.987197578
18246,0.983873844
18247,1
18248,1
18249,1
18250,0.672141492
18251,1
18252,0.982230485
18253,1
18254,0.988780379
18255,1
18256,0.989554644
18257,0.603331804
18258,1
18259,0.989041865
18260,1
18261,0.989500344
18262,0.987261057
18263,0.97849679
18264,1
18265,0.959379613
18266,1
18267,1
18268,0.98682332
18269,1
18270,0.973325193
18271,0.98794055
18272,1
18273,0.966287553
18274,0.937873602
18275,0.877207458
18276,0.988008022
18277,1
18278,0.946913064
18279,1
18280,0.985334396
18281,0.983438909
18282,1
18283,1
18284,0.987604141
18285,1
18286,0.974107087
18287,0.965615749
18288,0.975024641
18289,1
18290,1
18291,1
18292,1
18293,0.94585371
18294,0.978107512
18295,0.988298297
18296,0.985256612
18297,0.494533062
18298,0.986949384
18299,0.502083242
18300,1
18301,0.977159679
18302,0.959722519
18303,0.966789484
18304,1
18305,0.967376947
18306,0.9794662
18307,0.834040284
18308,0.935672998
18309,0.961137056
18310,0.979231119
18311,0.964248061
18312,0.870283246
18313,0.960132122
18314,0.987082005
18315,0.986399293
18316,0.955175579
18317,0.984548688
18318,0.970042884
18319,0.917652786
18320,0.882630706
18321,0.952223778
18322,0.959767938
18323,0.986106992
18324,0.962779939
18325,0.978578508
18326,1
18327,0.48156473
18328,0.969195485
18329,0.97411412
18330,0.982309043
18331,0.984285295
18332,0.544888794
18333,0.964615047
18334,1
18335,1
18336,1
18337,1
18338,0.989484966
18339,0.983766913
18340,0.983604133
18341,1
18342,1
18343,0.891780675
18344,0.974282682
18345,0.821169615
18346,0.511592388
18347,1
18348,0.958349526
18349,0.964229882
18350,0.955253899
18351,0.944502473
18352,0.954659462
18353,0.96095866
18354,0.941793859
18355,0.985556305
18356,0.978007853
18357,1
18358,0.637904048
18359,0.98321414
18360,0.98668915
18361,0.848459244
18362,0.982365906
18363,0.985500395
18364,0.976978958
18365,1
18366,0.984917462
18367,0.630300939
18368,0.817006528
18369,1
18370,1
18371,1
18372,0.953524709
18373,1
18374,0.92985028
18375,0.983868897
18376,0.979068935
18377,0.33497873
18378,0.949035466
18379,1
18380,0.936977089
18381,0.958440006
18382,0.957544386
18383,1
18384,1
18385,0.965852737
18386,1
18387,1
18388,0.92878443
18389,1
18390,1
18391,1
18392,0.836812556
18393,1
18394,0.940618694
18395,0.950998426
18396,0.972584784
18397,1
18398,1
18399,0.885777593
18400,0.950697541
18401,0.983168066
18402,1
18403,0.986098409
18404,0.953608632
18405,1
18406,0.987206578
18407,1
18408,0.982779622
18409,0.603386283
18410,1
18411,0.986465871
18412,1
18413,0.941880465
18414,1
18415,1
18416,0.93618691
18417,1
18418,0.885623515
18419,0.942376077
18420,0.890261173
18421,1
18422,0.96618706
18423,1
18424,1
18425,0.989763498
18426,0.988806605
18427,0.974462986
18428,0.974427521
18429,0.978201628
18430,0.96590668
18431,1
18432,0.988647163
18433,0.932877004
18434,0.79626596
18435,1
18436,0.806984603
18437,1
18438,0.437500805
18439,0.985476553
18440,1
18441,1
18442,1
18443,1
18444,0.987161577
18445,0.979734123
18446,0.959545434
18447,0.973943114
18448,0.92983371
18449,0.913923144
18450,0.987590432
18451,1
18452,0.844831407
18453,0.880353928
18454,0.728698373
18455,0.958888948
18456,0.986062706
18457,0.880637825
18458,0.9613415
18459,0.85099107
18460,0.951414883
18461,0.981121421
18462,0.956928432
18463,1
18464,1
18465,1
18466,1
18467,0.988713682
18468,0.877007484
18469,0.987670422
18470,0.986345708
18471,1
18472,0.427192569
18473,0.984040439
18474,0.978511989
18475,0.712520659
18476,0.881206036
18477,0.949228764
18478,0.881161928
18479,1
18480,1
18481,1
18482,0.988499939
18483,0.854731798
18484,0.948426127
18485,0.869657934
18486,1
18487,1
18488,1
18489,0.949668288
18490,1
18491,0.982930839
18492,1
18493,0.989015758
18494,1
18495,1
18496,0.979972661
18497,1
18498,1
18499,0.971776068
18500,0.947480977
18501,0.976829827
18502,0.983322144
18503,1
18504,1
18505,1
18506,0.273519248
18507,0.989879489
18508,0.974260032
18509,1
18510,0.974548578
18511,0.37766245
18512,0.595248282
18513,0.960565269
18514,0.855279446
18515,1
18516,0.978715658
18517,0.987656713
18518,0.983049393
18519,0.949106753
18520,1
18521,0.932296574
18522,0.974456608
18523,1
18524,0.978320003
18525,0.979800522
18526,0.842945814
18527,0.989790976
18528,0.982101917
18529,0.974482656
18530,0.950209379
18531,0.981014192
18532,0.981778503
18533,0.954064131
18534,0.870393932
18535,1
18536,1
18537,0.971446335
18538,1
18539,1
18540,0.911705792
18541,1
18542,1
18543,0.7989043
18544,1
18545,0.956170678
18546,0.981899619
18547,1
18548,1
18549,0.914920449
18550,0.94065088
18551,0.963352561
18552,1
18553,0.985345721
18554,0.932447076
18555,1
18556,0.972494483
18557,1
18558,0.98302733899999994
18559,1
18560,0.974653661
18561,1
18562,0.834658444
18563,0.983594477
18564,0.97414875
18565,0.975168705
18566,0.980711639
18567,0.979988933
18568,0.914961517
18569,1
18570,0.984546721
18571,0.978471458
18572,0.988046289
18573,0.980412126
18574,1
18575,1
18576,1
18577,1
18578,0.78284055
18579,0.973979056
18580,0.983403862
18581,0.935050964
18582,1
18583,0.985177577
18584,0.970149934
18585,1
18586,0.94053793
18587,0.882842541
18588,1
18589,1
18590,1
18591,0.978807688
18592,0.968821049
18593,0.977372587
18594,0.979071498
18595,0.921878636
18596,0.751893401
18597,0.989369512
18598,0.393330544
18599,0.930093169
18600,1
18601,0.983364761
18602,1
18603,1
18604,0.946779013
18605,0.782580137
18606,0.967322946
18607,0.96505475
18608,1
18609,0.982751429
18610,1
18611,0.98917985
18612,1
18613,0.978843868
18614,1
18615,0.977121532
18616,1
18617,1
18618,0.968978167
18619,0.983554125
18620,0.986303628
18621,0.982655048
18622,1
18623,0.942343175
18624,0.916133821
18625,1
18626,0.982866466
18627,1
18628,0.988604546
18629,0.959201694
18630,1
18631,0.973192155
18632,0.972094655
18633,1
18634,0.972673774
18635,1
18636,1
18637,1
18638,1
18639,0.989710748
18640,1
18641,0.528922796
18642,0.980975866
18643,0.984918356
18644,1
18645,0.987595081
18646,0.849361777
18647,0.920924902
18648,0.981422782
18649,0.98208195
18650,1
18651,1
18652,0.955297113
18653,0.974428773
18654,0.986712456
18655,0.980578303
18656,0.957098365
18657,0.940951288
18658,0.95573765
18659,1
18660,1
18661,0.981017947
18662,1
18663,0.916400254
18664,0.455430746
18665,0.929297745
18666,0.943421304
18667,0.955453038
18668,0.928954959
18669,0.988774657
18670,1
18671,0.935604215
18672,0.978354931
18673,0.819191754
18674,1
18675,1
18676,0.945540011
18677,0.934128225
18678,1
18679,1
18680,0.883236945
18681,0.962278366
18682,1
18683,0.987326205
18684,0.969281077
18685,0.97712189
18686,1
18687,1
18688,0.983678997
18689,0.589402735
18690,0.953771234
18691,1
18692,1
18693,0.977239251
18694,1
18695,0.807514548
18696,0.768047094
18697,0.963765681
18698,0.989349604
18699,0.856335282
18700,1
18701,0.968797684
18702,1
18703,1
18704,0.715755642
18705,1
18706,1
18707,0.972911596
18708,0.950372875
18709,1
18710,0.965279937
18711,1
18712,1
18713,0.965445042
18714,1
18715,1
18716,0.972681999
18717,1
18718,1
18719,1
18720,0.909526169
18721,1
18722,0.951387465
18723,0.988582075
18724,0.947627187
18725,0.987797082
18726,0.965021789
18727,0.774688125
18728,1
18729,1
18730,1
18731,0.970829904
18732,1
18733,0.869668841
18734,1
18735,0.956503034
18736,0.984016419
18737,0.941710889
18738,0.978344798
18739,0.988316119
18740,0.960842133
18741,0.989002585
18742,1
18743,0.974668682
18744,0.969515204
18745,0.473980546
18746,0.952525556
18747,0.977412462
18748,0.971614063
18749,0.944526732
18750,0.980851173
18751,1
18752,0.985865951
18753,0.985199571
18754,0.976003349
18755,0.978265941
18756,0.96357441
18757,1
18758,0.989375711
18759,0.917132258
18760,1
18761,1
18762,0.623872519
18763,1
18764,0.849971473
18765,1
18766,1
18767,0.50351435
18768,1
18769,1
18770,1
18771,1
18772,0.982799649
18773,0.971544981
18774,1
18775,0.923663855
18776,0.881373227
18777,0.952645779
18778,0.960604668
18779,1
18780,1
18781,1
18782,0.971719205
18783,1
18784,0.988232076
18785,1
18786,1
18787,0.944030523
18788,0.978163719
18789,0.982051492
18790,1
18791,0.975490332
18792,0.988635182
18793,1
18794,0.983503342
18795,1
18796,1
18797,0.961285412
18798,0.670296431
18799,0.114675358
18800,0.813886106
18801,1
18802,0.953552246
18803,1
18804,0.972474635
18805,0.988686085
18806,1
18807,0.371612579
18808,0.483282894
18809,1
18810,0.960701466
18811,0.977039516
18812,1
18813,1
18814,0.978134215
18815,0.962634325
18816,1
18817,0.972430229
18818,1
18819,1
18820,1
18821,0.957031608
18822,0.988250375
18823,0.267791331
18824,0.62098074
18825,1
18826,0.852145433
18827,0.95566833
18828,0.940646768
18829,0.949213862
18830,1
18831,0.97970885
18832,0.979223907
18833,1
18834,1
18835,0.987371802
18836,0.982892394
18837,0.739725173
18838,0.984401763
18839,0.975256801
18840,1
18841,1
18842,0.970980465
18843,1
18844,0.988574565
18845,0.981193423
18846,1
18847,1
18848,0.930872023
18849,1
18850,0.988737226
18851,0.896419704
18852,1
18853,1
18854,0.98764801
18855,0.960495532
18856,0.980892003
18857,0.821419179
18858,0.984689832
18859,0.974236727
18860,0.967979133
18861,0.981691182
18862,0.978216648
18863,0.757274628
18864,0.980202675
18865,1
18866,0.98709631
18867,1
18868,0.98738575
18869,0.872364104
18870,1
18871,1
18872,0.986314416
18873,0.948847413
18874,1
18875,1
18876,0.984535873
18877,0.969989061
18878,0.970417798
18879,0.968106926
18880,0.353481889
18881,1
18882,0.945228934
18883,1
18884,1
18885,1
18886,0.977453768
18887,0.959770799
18888,1
18889,0.953643739
18890,1
18891,1
18892,1
18893,1
18894,0.985210717
18895,1
18896,0.96533829
18897,0.426286787
18898,0.350751847
18899,0.987564027
18900,0.971429765
18901,0.619477809
18902,0.847432435
18903,1
18904,0.950559318
18905,1
18906,0.9829337
18907,1
18908,1
18909,1
18910,0.985892475
18911,1
18912,0.989163518
18913,1
18914,0.862254977
18915,0.333995849
18916,0.937443197
18917,1
18918,0.94808954
18919,0.930075049
18920,0.983626306
18921,0.978325844
18922,1
18923,1
18924,0.978088439
18925,0.889086664
18926,0.977141917
18927,0.873840809
18928,1
18929,1
18930,0.987192273
18931,0.969949365
18932,1
18933,0.988814175
18934,1
18935,0.540418685
18936,1
18937,1
18938,0.981212318
18939,1
18940,1
18941,1
18942,0.928647637
18943,0.95266449499999994
18944,1
18945,0.979822576
18946,1
18947,0.61590302
18948,0.988569915
18949,1
18950,0.987620413
18951,0.958799005
18952,1
18953,0.899894416
18954,0.98324501500000006
18955,1
18956,0.97559154
18957,0.986284614
18958,0.983273029
18959,1
18960,0.981788278
18961,0.972948611
18962,0.5840621
18963,1
18964,0.947803497
18965,0.932369649
18966,0.978096008
18967,0.98385644
18968,0.98399806
18969,0.986370862
18970,1
18971,0.919174612
18972,1
18973,0.969511807
18974,0.844052732
18975,0.989657342
18976,1
18977,1
18978,0.989315152
18979,1
18980,1
18981,1
18982,0.965972006
18983,1
18984,0.986893177
18985,0.987493694
18986,1
18987,0.983476818
18988,0.95472759
18989,0.980365336
18990,0.980021417
18991,0.937747359
18992,0.841110706
18993,0.856261671
18994,0.901438654
18995,1
18996,0.708519161
18997,0.967518747
18998,1
18999,0.989609122
19000,0.981004775
19001,0.918469131
19002,1
19003,0.976626933
19004,0.989673853
19005,0.980736613
19006,1
19007,0.930127204
19008,0.858457685
19009,0.977962792
19010,0.83587414
19011,1
19012,0.934417725
19013,1
19014,1
19015,0.943979859
19016,0.928954303
19017,1
19018,1
19019,1
19020,1
19021,0.979035735
19022,0.858967662
19023,1
19024,0.964831948
19025,1
19026,1
19027,1
19028,0.972489715
19029,1
19030,0.929880381
19031,0.925605774
19032,0.964442611
19033,0.977825224
19034,0.986742377
19035,1
19036,1
19037,0.952280343
19038,1
19039,0.987593591
19040,1
19041,1
19042,0.874820948
19043,1
19044,1
19045,0.248862341
19046,0.975650609
19047,0.98177135
19048,1
19049,0.989151955
19050,1
19051,1
19052,0.941993535
19053,0.983183742
19054,0.960345984
19055,0.94944936
19056,0.93490231
19057,0.979922831
19058,0.902444601
19059,0.974361777
19060,0.981665313
19061,1
19062,0.946151018
19063,0.942753017
19064,1
19065,1
19066,1
19067,1
19068,1
19069,1
19070,0.375667006
19071,1
19072,1
19073,1
19074,0.971139312
19075,0.97281456
19076,1
19077,0.976711094
19078,0.914384365
19079,1
19080,0.985957027
19081,0.973753512
19082,0.885744214
19083,0.989168644
19084,0.928946197
19085,1
19086,0.977970421
19087,1
19088,0.964350998
19089,0.97116816
19090,0.976879537
19091,0.983816266
19092,0.963627756
19093,0.967664599
19094,1
19095,0.986142099
19096,0.946512163
19097,0.855926275
19098,1
19099,0.958404541
19100,1
19101,1
19102,0.198931143
19103,1
19104,1
19105,1
19106,1
19107,0.987231553
19108,0.971319974
19109,1
19110,0.823774517
19111,1
19112,0.989284575
19113,0.986536205
19114,1
19115,0.963782311
19116,1
19117,0.989811599
19118,0.979545355
19119,1
19120,0.842352331
19121,0.97254169
19122,0.918330371
19123,0.983790577
19124,0.951690376
19125,1
19126,1
19127,1
19128,0.892508864
19129,1
19130,0.981171727
19131,1
19132,1
19133,1
19134,0.965901136
19135,1
19136,1
19137,1
19138,0.983491004
19139,0.713540018
19140,1
19141,0.98954308
19142,1
19143,0.98497057
19144,0.97734344
19145,0.983624816
19146,1
19147,1
19148,0.982797265
19149,0.967622161
19150,1
19151,0.980076253
19152,1
19153,0.9843992
19154,0.878402829
19155,0.979994714
19156,0.95123893
19157,0.897523284
19158,1
19159,0.772990406
19160,1
19161,0.984688103
19162,0.960762322
19163,0.415864348
19164,0.981429756
19165,0.962550581
19166,0.972284615
19167,0.986677051
19168,1
19169,1
19170,0.97194618
19171,0.721007764
19172,0.931983471
19173,0.933782697
19174,1
19175,0.974503279
19176,1
19177,0.983968139
19178,0.967539489
19179,1
19180,1
19181,1
19182,0.965328038
19183,0.888868749
19184,1
19185,0.97571075
19186,1
19187,1
19188,0.969763994
19189,0.986609042
19190,0.626696944
19191,0.125743136
19192,0.978697956
19193,0.989919066
19194,0.905776084
19195,0.965706527
19196,1
19197,0.973347664
19198,1
19199,1
19200,0.952575743
19201,0.988384605
19202,0.981775045
19203,0.986459494
19204,1
19205,0.951705694
19206,0.95142567199999994
19207,1
19208,0.976332963
19209,1
19210,0.982902169
19211,1
19212,0.987061441
19213,0.974860132
19214,0.962306738
19215,0.957711875
19216,0.986199975
19217,0.952530325
19218,1
19219,0.973723114
19220,0.987110615
19221,1
19222,0.978299856
19223,1
19224,1
19225,1
19226,0.965478241
19227,0.968766689
19228,0.984622538
19229,1
19230,1
19231,1
19232,1
19233,1
19234,0.985456526
19235,0.981931329
19236,0.961641789
19237,1
19238,0.912591338
19239,0.989606798
19240,1
19241,1
19242,1
19243,0.637641907
19244,1
19245,0.94926703
19246,1
19247,0.949142098
19248,0.98545897
19249,0.987077951
19250,0.986783028
19251,0.973102093
19252,0.988615394
19253,0.842127323
19254,0.964261711
19255,0.939612031
19256,1
19257,1
19258,0.949742794
19259,0.986834228
19260,0.911081493
19261,0.971554458
19262,0.925938666
19263,0.95303452
19264,1
19265,0.985264301
19266,1
19267,1
19268,0.528785944
19269,0.984499574
19270,0.98118937
19271,1
19272,0.973787069
19273,0.989614546
19274,1
19275,1
19276,1
19277,0.954842329
19278,1
19279,1
19280,0.972667575
19281,0.984233797
19282,0.985635877
19283,0.90314728
19284,0.933004081
19285,0.981047571
19286,1
19287,0.90122503
19288,1
19289,0.978756726
19290,0.945408344
19291,0.903006911
19292,0.877250791
19293,0.963954866
19294,1
19295,1
19296,0.984975517
19297,0.939893723
19298,1
19299,1
19300,0.979904652
19301,0.978787601
19302,0.938706279
19303,1
19304,0.547642469
19305,0.975841105
19306,1
19307,0.989075899
19308,0.986994207
19309,0.413844764
19310,0.988014638
19311,1
19312,1
19313,0.985373318
19314,1
19315,0.981302679
19316,0.971785069
19317,0.93439126
19318,0.974859417
19319,1
19320,1
19321,1
19322,1
19323,0.980546773
19324,0.983201683
19325,0.984133482
19326,0.270265609
19327,0.40771693
19328,0.989691556
19329,1
19330,1
19331,0.988783777
19332,1
19333,1
19334,1
19335,0.950878441
19336,0.959936202
19337,0.933377922
19338,0.397139132
19339,0.987093508
19340,1
19341,0.967728913
19342,1
19343,0.989573896
19344,0.769685805
19345,1
19346,0.989435017
19347,1
19348,1
19349,1
19350,0.462453246
19351,1
19352,1
19353,1
19354,1
19355,1
19356,0.963323653
19357,0.968143284
19358,0.891360045
19359,1
19360,0.261710525
19361,0.340791017
19362,0.985188603
19363,0.827389121
19364,0.973711133
19365,0.984457552
19366,1
19367,0.975934863
19368,0.558348239
19369,0.986482799
19370,1
19371,0.976014316
19372,0.987005115
19373,0.718579173
19374,0.943122923
19375,0.956441641
19376,0.989096224
19377,0.784292519
19378,1
19379,1
19380,0.966463924
19381,0.96243155
19382,1
19383,1
19384,0.284470856
19385,0.981831014
19386,0.92615521
19387,1
19388,0.986531794
19389,0.987962186
19390,0.866068244
19391,1
19392,1
19393,0.660220146
19394,1
19395,1
19396,0.929658413
19397,0.989791989
19398,1
19399,0.982424438
19400,0.955404818
19401,1
19402,1
19403,0.952737629
19404,0.909996688
19405,1
19406,0.987963915
19407,0.988511205
19408,0.890234709
19409,1
19410,0.989019573
19411,1
19412,0.862858772
19413,1
19414,0.979108274
19415,1
19416,0.979502261
19417,0.98261708
19418,0.979944825
19419,1
19420,0.73311650799999994
19421,0.949683964
19422,0.982522249
19423,0.981762052
19424,0.977156282
19425,0.985537827
19426,1
19427,0.980746329
19428,0.983169079
19429,0.943915248
19430,0.975267828
19431,1
19432,0.963031232
19433,0.924667835
19434,0.917613387
19435,0.988616526
19436,0.832637489
19437,1
19438,0.983493328
19439,0.924102426
19440,1
19441,0.988414645
19442,1
19443,1
19444,0.988084972
19445,0.989326239
19446,0.985242724
19447,1
19448,1
19449,0.971166849
19450,0.962033093
19451,0.979484856
19452,1
19453,1
19454,0.960193873
19455,0.925884008
19456,0.976888716
19457,0.986960053
19458,0.913010597
19459,0.987312198
19460,0.892811358
19461,0.977748394
19462,0.916528106
19463,0.965571046
19464,1
19465,1
19466,1
19467,0.899941087
19468,0.962220788
19469,0.989961505
19470,0.982629895
19471,1
19472,1
19473,0.979064286
19474,0.975311935
19475,0.947842836
19476,0.981456876
19477,0.966055751
19478,0.965974748
19479,0.984688342
19480,0.953344286
19481,1
19482,1
19483,1
19484,0.983056963
19485,0.975616038
19486,0.975957096
19487,0.90703404
19488,1
19489,0.952224016
19490,1
19491,0.965117037
19492,1
19493,1
19494,0.892358482
19495,1
19496,0.9049474
19497,0.935089886
19498,1
19499,0.973641634
19500,1
19501,1
19502,1
19503,0.979030132
19504,0.983631969
19505,1
19506,1
19507,0.986189187
19508,1
19509,0.982923806
19510,0.953929067
19511,0.981744468
19512,0.979073048
19513,1
19514,0.96904861900000006
19515,0.955254316
19516,0.974877358
19517,0.984012723
19518,1
19519,1
19520,0.989095748
19521,0.935670614
19522,1
19523,0.982186139
19524,1
19525,1
19526,0.927687109
19527,0.98927629
19528,0.955004215
19529,0.739595056
19530,0.943203211
19531,1
19532,0.834807992
19533,1
19534,0.98122704
19535,1
19536,0.944391787
19537,1
19538,0.814702809
19539,0.972533941
19540,0.986949742
19541,0.895411968
19542,1
19543,1
19544,1
19545,1
19546,0.978626251
19547,0.983624935
19548,0.840979397
19549,0.847318888
19550,0.957093179
19551,1
19552,1
19553,0.965189338
19554,0.986462772
19555,0.978670895
19556,0.989280522
19557,0.984839499
19558,1
19559,1
19560,0.951566637
19561,0.973665834
19562,0.98042047
19563,1
19564,0.977578938
19565,1
19566,0.829046786
19567,0.985625684
19568,0.889116108
19569,0.986728132
19570,0.986299574
19571,0.986512899
19572,0.840798616
19573,0.702348292
19574,0.986953557
19575,0.806115627
19576,1
19577,0.988741934
19578,1
19579,1
19580,0.93467164
19581,1
19582,1
19583,0.971494258
19584,0.80734092
19585,1
19586,0.968877673
19587,1
19588,0.960672855
19589,0.982691228
19590,0.948572099
19591,0.987918198
19592,0.987393498
19593,0.985985279
19594,1
19595,0.812917173
19596,0.984363496
19597,0.276462674
19598,1
19599,0.982981384
19600,0.977177203
19601,0.976211965
19602,0.987555563
19603,0.966924012
19604,1
19605,0.93877995
19606,0.984577715
19607,0.927257359
19608,0.752261043
19609,1
19610,1
19611,0.649992883
19612,0.985342383
19613,1
19614,1
19615,0.969652891
19616,1
19617,0.98963064
19618,1
19619,1
19620,0.87157774
19621,1
19622,1
19623,1
19624,1
19625,0.981891811
19626,0.987411082
19627,1
19628,0.977081358
19629,1
19630,0.956839621
19631,1
19632,0.986997366
19633,1
19634,0.985533834
19635,0.962738931
19636,0.987828374
19637,0.983021379
19638,0.980159521
19639,0.969537258
19640,1
19641,0.943301022
19642,0.981147051
19643,1
19644,0.145254612
19645,0.964928091
19646,0.983889461
19647,0.976375341
19648,1
19649,0.982261241
19650,0.912410259
19651,1
19652,0.880353928
19653,0.982663035
19654,0.887967169
19655,0.980228365
19656,1
19657,0.945839703
19658,0.98873657
19659,0.969338179
19660,0.904330015
19661,0.98764348
19662,1
19663,0.972141385
19664,1
19665,0.419253737
19666,0.989281178
19667,1
19668,0.982413769
19669,1
19670,0.986698628
19671,1
19672,0.978666782
19673,0.966561556
19674,1
19675,0.985644221
19676,1
19677,0.983642697
19678,0.962115586
19679,0.98596561
19680,0.711503863
19681,1
19682,0.946444988
19683,0.989992201
19684,0.970086455
19685,0.787071645
19686,0.953181803
19687,0.926223397
19688,0.975626707
19689,0.566944718
19690,0.740501165
19691,0.975789428
19692,1
19693,0.973457694
19694,0.987792552
19695,0.273828954
19696,0.97894913
19697,0.837140501
19698,0.985964298
19699,0.982433558
19700,0.976573348
19701,0.988025725
19702,0.977348864
19703,0.954063475
19704,1
19705,0.859681249
19706,0.941647589
19707,0.971633434
19708,0.575171888
19709,0.788826942
19710,0.748568177
19711,0.986290038
19712,0.980931699
19713,0.961755693
19714,0.440441668
19715,1
19716,0.692700684
19717,1
19718,0.935416579
19719,0.982138991
19720,1
19721,1
19722,0.879184246
19723,0.981291533
19724,0.947750807
19725,0.96636349
19726,1
19727,0.948625088
19728,0.97712189
19729,0.921479523
19730,0.741573274
19731,0.12562491
19732,0.982117951
19733,0.958361685
19734,1
19735,1
19736,0.325193137
19737,0.983964562
19738,1
19739,0.987468481
19740,1
19741,1
19742,1
19743,0.981206954
19744,1
19745,1
19746,1
19747,0.978229106
19748,1
19749,1
19750,1
19751,0.989908218
19752,0.663286448
19753,0.973153889
19754,0.986034989
19755,0
19756,0.38770026
19757,0.974380791
19758,1
19759,1
19760,0.974198043
19761,0.978437781
19762,0.928625047
19763,0.988623381
19764,1
19765,0.97913444
19766,1
19767,1
19768,1
19769,0.97329694
19770,1
19771,0.962894857
19772,1
19773,1
19774,0.828504145
19775,0.989710391
19776,0.859964669
19777,1
19778,0.986524344
19779,0.961137235
19780,1
19781,0.989345849
19782,0.838604033
19783,1
19784,1
19785,0.984274924
19786,0.97434324
19787,1
19788,0.967389286
19789,0.189731479
19790,1
19791,0.98880297
19792,1
19793,0.988106728
19794,0.980329275
19795,0.960708201
19796,0.967965186
19797,0.923209369
19798,0.495546788
19799,0.243978888
19800,1
19801,1
19802,1
19803,0.802348256
19804,0.971523702
19805,1
19806,0.693338275
19807,0.989434898
19808,0.962911189
19809,0.970948994
19810,1
19811,0.960295081
19812,0.491203666
19813,0.987715006
19814,1
19815,1
19816,1
19817,0.985934854
19818,1
19819,1
19820,0.988453209
19821,1
19822,1
19823,1
19824,0.642542124
19825,1
19826,0.987379134
19827,0.976895809
19828,0.93022114
19829,1
19830,0.985399246
19831,0.952041924
19832,0.844202519
19833,0.974260986
19834,1
19835,0.985212207
19836,0.868482292
19837,0.96769821600000006
19838,0.987394929
19839,1
19840,1
19841,0.976746202
19842,0.949239492
19843,0.986887634
19844,0.987682998
19845,0.983759761
19846,1
19847,0.894322097
19848,1
19849,0.908754468
19850,0.959365428
19851,0.9798733
19852,1
19853,0.871923983
19854,1
19855,1
19856,0.66225332
19857,1
19858,0.96597898
19859,0.986100733
19860,0.988675952
19861,0.987269402
19862,0.899239123
19863,0.507139921
19864,0.860292316
19865,1
19866,1
19867,0.987638116
19868,0.867969275
19869,0.937656522
19870,1
19871,0.98668772
19872,1
19873,1
19874,1
19875,1
19876,0.955113947
19877,0.986015558
19878,0.976529956
19879,0.98447901
19880,1
19881,0.982540906
19882,0.961172283
19883,1
19884,1
19885,0.984137416
19886,1
19887,0.976402402
19888,1
19889,0.978463829
19890,1
19891,0.978043973
19892,0.976997018
19893,1
19894,1
19895,0.811350524
19896,0.974620581
19897,0.978276193
19898,1
19899,0.96761775
19900,1
19901,0.922243595
19902,1
19903,1
19904,1
19905,1
19906,0.928507268
19907,0.983555138
19908,0.939307332
19909,0.940732002
19910,0.955189705
19911,0.300219715
19912,1
19913,0.973099351
19914,1
19915,0.979313672
19916,0.982893646
19917,1
19918,0.967437387
19919,0.847318888
19920,0.978986204
19921,0.988574266
19922,1
19923,1
19924,0.970014274
19925,0.963407993
19926,0.960513711
19927,1
19928,0.979712606
19929,1
19930,0.778385162
19931,0.982378423
19932,1
19933,0.942323148
19934,1
19935,1
19936,0.955198944
19937,1
19938,1
19939,0.931072652
19940,0.975381434
19941,0.988342941
19942,0.924200356
19943,0.933802068
19944,0.952395797
19945,1
19946,0.987792671
19947,0.98998028
19948,0.989314675
19949,0.923728108
19950,0.781182528
19951,0.948388457
19952,0.772778988
19953,0.63477695
19954,0.989155829
19955,1
19956,0.967738032
19957,1
19958,0.935299218
19959,1
19960,1
19961,0.951084912
19962,0.967423201
19963,0.974885047
19964,1
19965,0.975593686
19966,1
19967,0.983873844
19968,1
19969,1
19970,1
19971,1
19972,1
19973,0.948318899
19974,0.975021124
19975,1
19976,1
19977,0.768170059
19978,0.98520362399999994
19979,0.461638987
19980,1
19981,0.986225843
19982,0.983362675
19983,0.974585474
19984,1
19985,0.935355842
19986,1
19987,0.968731821
19988,1
19989,0.983807862
19990,0.887840748
19991,1
19992,0.952494204
19993,1
19994,0.941790819
19995,0.986151397
19996,0.989693344
19997,0.98700875
19998,0.987311482
19999,0.970547736
20000,1
20001,0.927825749
20002,1
20003,1
20004,0.985105157
20005,0.977365494
20006,1
20007,0.986760497
20008,0.989740253
20009,1
20010,1
20011,0.983479023
20012,0.987950981
20013,0.982793212
20014,1
20015,1
20016,0.67234534
20017,0.989831507
20018,0.98358649
20019,1
20020,1
20021,1
20022,1
20023,0.96754694
20024,0.98969239
20025,0.599111676
20026,0.953890443
20027,1
20028,0.981900215
20029,0.970959008
20030,1
20031,1
20032,1
20033,1
20034,1
20035,0.928010285
20036,0.980338097
20037,1
20038,0.985604823
20039,1
20040,0.982092738
20041,0.95492214
20042,0.977616668
20043,1
20044,0.984131038
20045,0.932341278
20046,0.958174527
20047,0.446168721
20048,0.977587938
20049,0.983492434
20050,0.760441721
20051,1
20052,1
20053,1
20054,1
20055,0.976734161
20056,1
20057,0.716214895
20058,0.989742935
20059,0.970241606
20060,0.96925956
20061,0.98822856
20062,0.936012328
20063,1
20064,0.988912702
20065,0.985492289
20066,1
20067,0.975919068
20068,0.989421487
20069,1
20070,1
20071,0.96987772
20072,1
20073,0.98282671
20074,1
20075,0.962769389
20076,0.85058403
20077,0.944596231
20078,1
20079,1
20080,1
20081,1
20082,0.934784234
20083,1
20084,0.968982756
20085,0.988778174
20086,1
20087,0.957066238
20088,0.974219799
20089,0.958431006
20090,1
20091,0.984297991
20092,0.987644017
20093,0.84095132399999994
20094,1
20095,0.75682503
20096,0.938558519
20097,0.985698998
20098,0.971915305
20099,0.82104665
20100,1
20101,1
20102,1
20103,1
20104,0.984406948
20105,0.96979934
20106,1
20107,1
20108,0.982777774
20109,0.941396594
20110,0.987441063
20111,1
20112,0.966593742
20113,0.986224532
20114,0.839994133
20115,0.930390894
20116,1
20117,1
20118,0.899296403
20119,1
20120,0.9570719
20121,0.97300905
20122,0.982296646
20123,0.942092061
20124,0.988902092
20125,1
20126,0.871330679
20127,0.927886605
20128,1
20129,1
20130,0.984895587
20131,0.971989095
20132,1
20133,1
20134,0.201313347
20135,0.940968514
20136,0.979183674
20137,1
20138,1
20139,0.989094019
20140,0.9849599
20141,0.958865702
20142,1
20143,0.988907993
20144,0.984577715
20145,0.964001715
20146,0.979588568
20147,0.988790989
20148,0.981697142
20149,0.981292546
20150,0.850928426
20151,0.98274225
20152,1
20153,1
20154,0.953689039
20155,0.969107807
20156,0.919682622
20157,1
20158,0.944817126
20159,0.977626443
20160,1
20161,0.968036115
20162,0.988398016
20163,0.443791807
20164,0.82869637
20165,0.985616207
20166,0.985022366
20167,1
20168,1
20169,1
20170,1
20171,1
20172,1
20173,1
20174,1
20175,0.961216986
20176,0.982434213
20177,1
20178,0.98462832
20179,0.734972894
20180,1
20181,0.875277579
20182,1
20183,0.98417443
20184,1
20185,1
20186,1
20187,1
20188,0.981733084
20189,0.986807168
20190,0.973241508
20191,1
20192,1
20193,1
20194,0.941951037
20195,0.796289921
20196,0.970817506
20197,1
20198,1
20199,0.979828656
20200,1
20201,0.912007868
20202,0.938258708
20203,1
20204,1
20205,0.975139916
20206,1
20207,1
20208,1
20209,1
20210,1
20211,0.948961914
20212,1
20213,1
20214,1
20215,1
20216,0.988320231
20217,1
20218,1
20219,1
20220,0.761651576
20221,0.984822631
20222,0.969908118
20223,1
20224,0.967197597
20225,0.83043915
20226,0.960795462
20227,1
20228,0.989338934
20229,0.976524055
20230,0.86929518
20231,0.967810988
20232,0.970190227
20233,0.957832277
20234,0.988191009
20235,1
20236,0.988795638
20237,0.987180769
20238,0.983286023
20239,0.983107209
20240,0.707567573
20241,1
20242,1
20243,1
20244,1
20245,0.98720479
20246,1
20247,0.97849679
20248,0.838607609
20249,1
20250,0.984555543
20251,0.977578759
20252,1
20253,1
20254,0.983023822
20255,1
20256,1
20257,0.878890932
20258,1
20259,1
20260,0.896906257
20261,0.903224945
20262,0.971565008
20263,0.980117142
20264,0.384504825
20265,1
20266,0.933922947
20267,0.989558339
20268,0.983990312
20269,0.902055562
20270,0.937114835
20271,0.959698796
20272,1
20273,0.985176683
20274,1
20275,1
20276,0.985996068
20277,0.974983037
20278,0.899645746
20279,1
20280,1
20281,1
20282,0.98604846
20283,0.971676111
20284,1
20285,1
20286,1
20287,0.98647809
20288,0.781040967
20289,0.978001595
20290,0.961800575
20291,0.987621844
20292,0.94392854
20293,1
20294,1
20295,0.589402735
20296,1
20297,0.956748128
20298,0.933399856
20299,0.987029314
20300,1
20301,1
20302,1
20303,1
20304,0.88138628
20305,1
20306,0.840267181
20307,1
20308,1
20309,1
20310,1
20311,1
20312,1
20313,1
20314,0.973917425
20315,1
20316,1
20317,0.984190047
20318,1
20319,0.971591473
20320,0.882745445
20321,0.825826228
20322,0.80578804
20323,0.97118032
20324,0.957663894
20325,0.945116043
20326,0.962848008
20327,0.978812039
20328,0.97329998
20329,0.980843365
20330,0.984516144
20331,0.988294125
20332,0.959544003
20333,1
20334,1
20335,1
20336,0.985841394
20337,0.874427438
20338,0.983209848
20339,0.959568381
20340,1
20341,0.97925067
20342,0.9818573
20343,0.988043964
20344,0.959518433
20345,1
20346,0.444449097
20347,0.977101743
20348,0.985670865
20349,0.987900138
20350,1
20351,0.988078058
20352,1
20353,1
20354,1
20355,0.958818913
20356,1
20357,1
20358,0.950819969
20359,0.961611033
20360,1
20361,0.989377916
20362,0.989001513
20363,0.986218631
20364,1
20365,1
20366,0.955243468
20367,1
20368,0.97536397
20369,0.980605006
20370,0.940237582
20371,1
20372,0.979018569
20373,0.985296786
20374,0.935550809
20375,1
20376,1
20377,1
20378,1
20379,0.956937611
20380,1
20381,1
20382,1
20383,0.97783047
20384,0.964456677
20385,0.984895945
20386,0.846209347
20387,0.988083422
20388,1
20389,0.988059104
20390,0.985884905
20391,0.931437075
20392,1
20393,1
20394,0.98579514
20395,1
20396,1
20397,0.385746747
20398,0.982746601
20399,1
20400,1
20401,0.785283566
20402,1
20403,0.966615915
20404,1
20405,1
20406,0.941157758
20407,0.983162761
20408,1
20409,1
20410,1
20411,0.914863646
20412,1
20413,0.982815683
20414,0.989668548
20415,0.989335716
20416,0.496411175
20417,0.957402766
20418,1
20419,0.987924814
20420,1
20421,0.690925777
20422,0.582304835
20423,1
20424,0.988257945
20425,0.63843739
20426,1
20427,1
20428,0.989258826
20429,0.985644698
20430,0.886405945
20431,0.921003759
20432,0.978473961
20433,0.979011953
20434,0.984032214
20435,1
20436,1
20437,0.983830929
20438,0.948262215
20439,0.981982946
20440,0.989532352
20441,0.922719598
20442,0.959101737
20443,0.989990592
20444,1
20445,1
20446,1
20447,0.51162076
20448,0.934434056
20449,1
20450,0.988775015
20451,1
20452,1
20453,0.986373067
20454,0.987056136
20455,0.951101542
20456,0.980889022
20457,0.988154054
20458,0.975979149
20459,0.971670806
20460,0.955513418
20461,0.951021612
20462,0.988432467
20463,0.976111412
20464,1
20465,1
20466,0.934949398
20467,0.804848254
20468,1
20469,0.980773211
20470,0.955732763
20471,1
20472,0.984883368
20473,1
20474,0.975716591
20475,0.987371445
20476,0.989815831
20477,1
20478,0.554140866
20479,1
20480,1
20481,0.988335848
20482,1
20483,1
20484,0.851354778
20485,1
20486,0.970039308
20487,1
20488,0.989506662
20489,0.90291667
20490,0.960176289
20491,0.887596488
20492,0.921100497
20493,0.965973675
20494,0.580570459
20495,1
20496,1
20497,0.980514884
20498,0.980993271
20499,1
20500,1
20501,0.982864857
20502,0.419311643
20503,0.957372487
20504,0.981457353
20505,0.956530631
20506,0.962983191
20507,0.986792326
20508,0.986253858
20509,0.984914661
20510,1
20511,0.934772074
20512,0.982566893
20513,0.850208938
20514,0.97394979
20515,0.923202932
20516,0.972807407
20517,0.912426472
20518,1
20519,0.985519528
20520,0.971779406
20521,0.961542368
20522,0.978957355
20523,1
20524,0.955121219
20525,1
20526,1
20527,1
20528,0.982821345
20529,1
20530,0.984062791
20531,0.986549318
20532,1
20533,0.948687196
20534,1
20535,0.983602285
20536,0.812263191
20537,1
20538,0.886204481
20539,1
20540,0.902031004
20541,0.968757391
20542,1
20543,1
20544,1
20545,1
20546,1
20547,1
20548,0.978785098
20549,0.982832968
20550,1
20551,0.542237699
20552,0.978486061
20553,1
20554,0.989276528
20555,0.972824156
20556,0.878672838
20557,1
20558,1
20559,0.936168373
20560,0.989983082
20561,1
20562,0.973589301
20563,0.908168376
20564,0.94290477
20565,0.927482486
20566,0.981322885
20567,0.591597498
20568,0.985056222
20569,0.983759284
20570,1
20571,0.90666019900000006
20572,0.972638667
20573,0.962270141
20574,0.988726199
20575,0.958189309
20576,1
20577,0.979541838
20578,1
20579,1
20580,1
20581,0.965728462
20582,0.675557852
20583,1
20584,0.604682922
20585,1
20586,1
20587,1
20588,0.969608069
20589,0.527400732
20590,0.989034295
20591,1
20592,0.805035055
20593,1
20594,1
20595,1
20596,1
20597,1
20598,1
20599,0.986138046
20600,0.974186599
20601,0.989452958
20602,0.983047426
20603,1
20604,1
20605,1
20606,0.920691609
20607,1
20608,1
20609,0.983067691
20610,1
20611,1
20612,0.613840878
20613,0.98462981
20614,1
20615,1
20616,1
20617,0.982577622
20618,1
20619,0.989129007
20620,1
20621,0.931545675
20622,0.738410473
20623,0.873275638
20624,0.970811427
20625,1
20626,0.989633679
20627,0.983980298
20628,0.97366184
20629,0.959108472
20630,0.542715371
20631,0.980063796
20632,1
20633,0.961820424
20634,0.986957312
20635,1
20636,1
20637,0.978717387
20638,0.270904452
20639,0.867996752
20640,0.855833232
20641,0.79978466
20642,0.983037293
20643,0.957182109
20644,0.987808824
20645,0.886727393
20646,1
20647,1
20648,1
20649,0.984444022
20650,1
20651,0.980005384
20652,1
20653,0.987835228
20654,0.876724899
20655,1
20656,0.433305323
20657,1
20658,1
20659,1
20660,1
20661,1
20662,0.976661742
20663,0.871040821
20664,0.987557411
20665,1
20666,0.966599762
20667,0.76241374
20668,1
20669,0.963670254
20670,0.956593871
20671,1
20672,0.961526036
20673,1
20674,1
20675,0.95709461
20676,1
20677,1
20678,1
20679,0.977392077
20680,0.982901573
20681,0.967523217
20682,0.98361963
20683,0.967979252
20684,0.917252481
20685,0.983478546
20686,1
20687,0.959355116
20688,0.970353842
20689,1
20690,0.980441809
20691,0.971990347
20692,1
20693,0.980959535
20694,1
20695,0.988035381
20696,0.642574728
20697,0.975974917
20698,1
20699,0.877457321
20700,1
20701,1
20702,1
20703,0.849840641
20704,0.96935612
20705,0.894027472
20706,0.98509419
20707,1
20708,0.670346797
20709,1
20710,1
20711,0.946804225
20712,0.989955545
20713,1
20714,1
20715,0.983067811
20716,0.969851553
20717,1
20718,0.213674322
20719,1
20720,0.986001253
20721,0.977867842
20722,1
20723,0.953408659
20724,0.702003956
20725,0.962599635
20726,0.976349235
20727,0.989348292
20728,0.942935646
20729,0.989894807
20730,0.3331182
20731,0.453002811
20732,0.840243697
20733,0.943728805
20734,0.894582927
20735,1
20736,0.967614353
20737,1
20738,1
20739,1
20740,0.545846283
20741,1
20742,0.867006421
20743,1
20744,0.986499667
20745,1
20746,1
20747,0.98368454
20748,1
20749,1
20750,1
20751,1
20752,0.983097434
20753,1
20754,0.974382043
20755,0.955895722
20756,0.982004225
20757,0.863902926
20758,0.913826466
20759,0.963818848
20760,0.927066147
20761,0.988403022
20762,0.792999864
20763,0.926994026
20764,1
20765,1
20766,1
20767,1
20768,0.988599777
20769,1
20770,1
20771,0.987672508
20772,0.950439334
20773,0.989436626
20774,0.98683399
20775,1
20776,0.98977977
20777,0.819036126
20778,1
20779,0.402777106
20780,1
20781,0.959329903
20782,1
20783,1
20784,1
20785,0.964335501
20786,0.974782169
20787,0.973950207
20788,1
20789,1
20790,1
20791,1
20792,0.977684379
20793,0.975769103
20794,1
20795,0.989121854
20796,0.964092374
20797,0.967003465
20798,0.985635877
20799,0.987316608
20800,0.986830413
20801,0.977590382
20802,0.979116142
20803,1
20804,0.963212848
20805,1
20806,0.88025856
20807,0.987311482
20808,1
20809,1
20810,1
20811,0.37440905
20812,0.842444658
20813,0.972441256
20814,0.971648276
20815,0.978733599
20816,1
20817,1
20818,0.986659527
20819,1
20820,0.983208835
20821,0.960607946
20822,0.908821225
20823,0.985355556
20824,0.808434844
20825,0.651382089
20826,1
20827,1
20828,0.958767772
20829,0.957711875
20830,0.882159114
20831,0.972451091
20832,0.989973068
20833,1
20834,0.771196842
20835,0.9735111
20836,0.987617195
20837,0.986103058
20838,1
20839,0.966665804
20840,0.982013762
20841,1
20842,0.904949129
20843,1
20844,0.968243957
20845,0.929134905
20846,0.974085033
20847,1
20848,0.976518452
20849,0.980439365
20850,1
20851,1
20852,0.382027477
20853,1
20854,0.98886019
20855,1
20856,0.964738667
20857,1
20858,0.982146442
20859,1
20860,1
20861,0.98604089
20862,0.989031971
20863,0.650801539
20864,0.929527462
20865,0.269903243
20866,0.970419943
20867,1
20868,0.985686481
20869,1
20870,0.983154416
20871,0.63922739
20872,1
20873,0.987660229
20874,0.981837452
20875,1
20876,0.936381698
20877,1
20878,0.919109464
20879,0.986895382
20880,0.989460349
20881,0.985349119
20882,0.986403465
20883,1
20884,0.947903335
20885,1
20886,0.882351816
20887,1
20888,0.969138145
20889,1
20890,0.967350006
20891,0.482269168
20892,1
20893,0.968625307
20894,0.980513871
20895,1
20896,1
20897,0.143150002
20898,1
20899,0.985581696
20900,0.927779377
20901,1
20902,1
20903,1
20904,0.363537461
20905,0.981024504
20906,0.969051421
20907,0.974633396
20908,1
20909,1
20910,1
20911,0.868170202
20912,0.973724246
20913,0.429233581
20914,1
20915,0.989965797
20916,0.986514628
20917,1
20918,1
20919,0.938639581
20920,1
20921,1
20922,1
20923,1
20924,1
20925,0.850560784
20926,0.982589245
20927,0.980841279
20928,1
20929,0.988542438
20930,0.983248115
20931,0.987630069
20932,1
20933,1
20934,0.986013591
20935,1
20936,1
20937,1
20938,0.977979899
20939,0.987694264
20940,0.988609552
20941,1
20942,1
20943,1
20944,0.987856865
20945,0.946716607
20946,0.976528227
20947,1
20948,1
20949,0.940707088
20950,1
20951,1
20952,0.983705103
20953,0.275635988
20954,0.96857988800000006
20955,1
20956,1
20957,0.755604267
20958,0.98309201
20959,0.981262267
20960,0.978678525
20961,0.855617642
20962,0.983053386
20963,0.548953354
20964,0.928503215
20965,0.974940479
20966,1
20967,0.989105642
20968,1
20969,0.945224643
20970,0.883532584
20971,0.980743587
20972,0.97293371
20973,0.927910507
20974,0.972539544
20975,0.976038873
20976,1
20977,0.972742438
20978,1
20979,1
20980,0.866275013
20981,0.949523926
20982,1
20983,0.965135038
20984,1
20985,0.966021359
20986,1
20987,1
20988,1
20989,0.984650195
20990,1
20991,1
20992,0.812152684
20993,0.977500916
20994,1
20995,0.934119403
20996,1
20997,0.891165733
20998,0.972351968
20999,0.909098566
21000,0.989330113
21001,1
21002,0.9612602
21003,1
21004,0.974936128
21005,0.982597649
21006,1
21007,0.988736689
21008,0.979376316
21009,1
21010,1
21011,0.964012921
21012,1
21013,1
21014,0.989815116
21015,0.989997566
21016,0.987639725
21017,1
21018,0.90078336
21019,1
21020,0.975683868
21021,1
21022,1
21023,1
21024,0.988934457
21025,1
21026,0.989116848
21027,0.985461831
21028,0.798399687
21029,1
21030,1
21031,0.890484989
21032,1
21033,0.959643126
21034,0.97217226
21035,0.979819715
21036,0.864150763
21037,1
21038,0.96940583
21039,0.975856721
21040,1
21041,0.987365186
21042,1
21043,0.949357569
21044,0.96867913
21045,1
21046,0.980722189
21047,1
21048,0.98263514
21049,0.974583864
21050,0.902040422
21051,1
21052,1
21053,0.820260882
21054,1
21055,0.102305129
21056,1
21057,0.976639569
21058,0.984158278
21059,0.900209546
21060,0.827271819
21061,0.981910527
21062,0.985537589
21063,1
21064,1
21065,0.980243385
21066,0.980537236
21067,0.974546969
21068,0.984115541
21069,0.950728357
21070,0.977598548
21071,1
21072,0.985788882
21073,0.965892375
21074,1
21075,0.884694696
21076,1
21077,0.869928539
21078,0.989638805
21079,1
21080,1
21081,1
21082,0.966443956
21083,0.981155276
21084,0.865601599
21085,1
21086,0.884609461
21087,0.985481083
21088,1
21089,0.980259419
21090,1
21091,0.988266766
21092,1
21093,1
21094,1
21095,0.972669959
21096,1
21097,0.972398758
21098,0.915936291
21099,0.967157841
21100,0.906929791
21101,0.984543264
21102,0.910607874
21103,0.987656593
21104,0.901206553
21105,1
21106,0.96034205
21107,1
21108,1
21109,0.964057565
21110,1
21111,0.946473539
21112,0.977309704
21113,0.980990171
21114,1
21115,0.986318231
21116,1
21117,1
21118,0.934966862
21119,0.97658211
21120,1
21121,0.712113738
21122,0.989944994
21123,0.92945087
21124,0.948598683
21125,0.946495593
21126,0.894859314
21127,0.987068892
21128,1
21129,0.985381961
21130,0.979165196
21131,0.947110176
21132,0.980469167
21133,0.974730969
21134,1
21135,1
21136,1
21137,1
21138,1
21139,0.711383581
21140,1
21141,0.986335397
21142,0.987574279
21143,0.931959331
21144,0.925356984
21145,0.984694779
21146,0.986384571
21147,0.926104665
21148,0.487656295
21149,0.88127619
21150,0.891267061
21151,0.948572159
21152,1
21153,1
21154,1
21155,1
21156,0.965816855
21157,0.902573049
21158,0.977832139
21159,0.922475338
21160,1
21161,1
21162,0.895715177
21163,0.982451379
21164,0.95648402
21165,0.245672524
21166,1
21167,1
21168,1
21169,0.979209542
21170,0.986168444
21171,1
21172,0.982657015
21173,1
21174,1
21175,0.959821761
21176,1
21177,1
21178,1
21179,0.900314927
21180,0.973176956
21181,0.934108675
21182,1
21183,1
21184,0.973756194
21185,0.984574378
21186,0.777427375
21187,0.398989618
21188,0.959013403
21189,0.972952664
21190,0.978607416
21191,0.944863975
21192,1
21193,1
21194,1
21195,1
21196,0.989720285
21197,0.922538579
21198,0.965134323
21199,0.975385368
21200,1
21201,1
21202,1
21203,0.98561585
21204,1
21205,0.868482292
21206,0.986612976
21207,0.748749614
21208,0.983463228
21209,0.863874078
21210,0.967194915
21211,0.949498236
21212,0.968535304
21213,0.985293806
21214,1
21215,1
21216,0.979896069
21217,0.981273294
21218,1
21219,0.973724127
21220,1
21221,1
21222,0.987970173
21223,0.972937763
21224,0.947075248
21225,0.468381614
21226,0.988006651
21227,0.964204609
21228,0.975767434
21229,1
21230,0.965780914
21231,0.823839903
21232,0.988359809
21233,0.985664487
21234,0.984103203
21235,0.963976562
21236,0.986305594
21237,1
21238,0.986332059
21239,1
21240,0.985940695
21241,0.926661432
21242,1
21243,0.499137938
21244,0.981026232
21245,0.93180424
21246,0.975242615
21247,1
21248,1
21249,1
21250,0.354425669
21251,0.976858795
21252,0.986052156
21253,1
21254,1
21255,1
21256,0.989053726
21257,0.612976313
21258,0.975505054
21259,0.937054575
21260,0.957830191
21261,1
21262,0.936043859
21263,1
21264,0.96479404
21265,0.985780537
21266,1
21267,0.987183571
21268,1
21269,0.987598479
21270,0.986547887
21271,1
21272,1
21273,1
21274,1
21275,0.955670059
21276,0.983226001
21277,1
21278,0.989954472
21279,1
21280,0.971750379
21281,1
21282,1
21283,0.882249355
21284,0.941901028
21285,0.965770602
21286,0.948073149
21287,0.958038509
21288,1
21289,1
21290,0.822762072
21291,0.986655235
21292,0.937801719
21293,1
21294,1
21295,1
21296,0.983051539
21297,0.713353753
21298,0.978740215
21299,1
21300,1
21301,0.987765312
21302,0.979938626
21303,0.747762322
21304,0.983976603
21305,1
21306,0.900833666
21307,0.963979542
21308,1
21309,1
21310,0.608599305
21311,1
21312,1
21313,1
21314,0.987918794
21315,1
21316,1
21317,0.969633997
21318,1
21319,1
21320,1
21321,0.987070739
21322,0.975038469
21323,0.821160495
21324,0.952764869
21325,1
21326,1
21327,0.960209131
21328,1
21329,1
21330,0.982256949
21331,0.933628678
21332,0.789343536
21333,0.974788308
21334,1
21335,0.984428883
21336,0.196394339
21337,0.946041882
21338,0.876554668
21339,0.968442798
21340,1
21341,0.974972069
21342,1
21343,0.978645861
21344,0.981947064
21345,0.93900311
21346,0.961016595
21347,1
21348,0.984137595
21349,1
21350,1
21351,0.979908407
21352,1
21353,1
21354,0.962412179
21355,0.984541655
21356,0.978892326
21357,0.988430142
21358,0.947983563
21359,0.93963182
21360,0.872988999
21361,1
21362,0.953137517
21363,1
21364,1
21365,0.978950143
21366,1
21367,0.961507618
21368,0.974023938
21369,0.928668857
21370,0.860430598
21371,1
21372,1
21373,1
21374,1
21375,0.972720265
21376,0.985629141
21377,1
21378,0.938387692
21379,1
21380,0.424394846
21381,1
21382,1
21383,0.962647855
21384,0.841337383
21385,0.984098613
21386,0.981510282
21387,1
21388,0.929269552
21389,0.971020699
21390,0.957195222
21391,0.982693553
21392,1
21393,0.978326082
21394,0.957531095
21395,1
21396,1
21397,1
21398,1
21399,1
21400,0.900640786
21401,1
21402,0.859367728
21403,0.687357187
21404,0.837041736
21405,1
21406,1
21407,0.974411249
21408,1
21409,0.969644725
21410,0.953700662
21411,0.988877356
21412,0.975245118
21413,0.976115048
21414,0.972389162
21415,0.989411056
21416,0.986933172
21417,0.985614777
21418,0.972097695
21419,0.97078234
21420,1
21421,1
21422,0.987347007
21423,1
21424,0.96814239
21425,1
21426,0.924228847
21427,0.977178693
21428,1
21429,0.9562518
21430,0.503217638
21431,1
21432,0.912676811
21433,1
21434,0.984405577
21435,1
21436,0.970216453
21437,0.967607141
21438,0.979207456
21439,1
21440,1
21441,0.956781626
21442,1
21443,1
21444,1
21445,1
21446,0.984682679
21447,1
21448,1
21449,0.988389373
21450,0.989483178
21451,1
21452,0.974698722
21453,1
21454,1
21455,0.871837437
21456,1
21457,1
21458,0.988773286
21459,1
21460,1
21461,0.915890992
21462,0.940304756
21463,1
21464,0.934390962
21465,0.671995282
21466,0.965540171
21467,0.948526502
21468,1
21469,0.982865512
21470,0.964743853
21471,0.987835705
21472,0.959336698
21473,0.950214088
21474,0.955509067
21475,0.989160955
21476,1
21477,0.987157404
21478,0.980817914
21479,1
21480,0.980846584
21481,1
21482,0.954778135
21483,0.986096084
21484,1
21485,0.989763618
21486,0.892374635
21487,0.975850821
21488,0.984891236
21489,1
21490,0.576325417
21491,0.881885529
21492,0.959917963
21493,1
21494,0.982203364
21495,0.984133363
21496,0.98900032
21497,1
21498,0.982818544
21499,1
21500,0.806366861
21501,0.988780975
21502,0.735402226
21503,0.987902165
21504,1
21505,0.972441912
21506,0.988680959
21507,1
21508,0.984832823
21509,1
21510,1
21511,0.985560954
21512,1
21513,1
21514,0.987619638
21515,1
21516,0.870270848
21517,0.977835238
21518,1
21519,0.984651089
21520,1
21521,0.98748219
21522,0.169093326
21523,0.475847453
21524,1
21525,0.951213479
21526,1
21527,0.960066855
21528,1
21529,1
21530,1
21531,0.976143479
21532,0.366470635
21533,0.980294585
21534,0.978583634
21535,0.98533833
21536,0.98246026
21537,0.948156953
21538,0.6460132
21539,0.983083904
21540,0.969195366
21541,1
21542,0.979176402
21543,0.95489645
21544,0.979320049
21545,0.702848911
21546,1
21547,0.958891273
21548,1
21549,1
21550,1
21551,0.987849534
21552,0.943934143
21553,0.983810067
21554,0.9854725
21555,0.867628217
21556,0.987677038
21557,0.346961647
21558,0.958037853
21559,0.974890947
21560,0.989561975
21561,0.987674654
21562,0.978107512
21563,1
21564,0.958749652
21565,0.817737281
21566,1
21567,0.880525351
21568,1
21569,0.968820632
21570,0.651832283
21571,0.960728884
21572,0.987227678
21573,0.979347885
21574,0.755263507
21575,0.938537002
21576,0.988747835
21577,0.983034134
21578,0.948795021
21579,0.857982397
21580,0.951140463
21581,1
21582,0.711160719
21583,0.356818169
21584,1
21585,0.962705672
21586,0.981205106
21587,1
21588,0.975020111
21589,0.967894614
21590,0.955884576
21591,0.988001764
21592,0.980614424
21593,1
21594,0.887002587
21595,0.983852625
21596,0.960541666
21597,1
21598,0.951121807
21599,0.758538425
21600,0.953283846
21601,0.862368107
21602,0.896775961
21603,0.908439577
21604,0.944052815
21605,0.750574946
21606,0.987219214
21607,1
21608,0.984727144
21609,0.984417915
21610,0.951899946
21611,0.324241459
21612,1
21613,1
21614,0.960172534
21615,0.977793634
21616,1
21617,1
21618,1
21619,1
21620,0.985535502
21621,0.983712554
21622,1
21623,0.974768341
21624,1
21625,0.978812039
21626,0.989604116
21627,0.973813772
21628,1
21629,0.982896507
21630,0.890371919
21631,1
21632,1
21633,1
21634,1
21635,0.91764766
21636,0.857100308
21637,0.976982236
21638,0.983459771
21639,1
21640,0.977369487
21641,0.985957444
21642,0.963903904
21643,0.785521686
21644,0.986293316
21645,1
21646,0.969090581
21647,0.988099277
21648,1
21649,0.972810507
21650,0.870233238
21651,0.627417088
21652,1
21653,0.915238261
21654,0.947767854
21655,0.986654103
21656,0.987801492
21657,0.977837741
21658,0.92466712
21659,1
21660,1
21661,1
21662,1
21663,0.933026075
21664,1
21665,1
21666,1
21667,1
21668,1
21669,0.770211101
21670,1
21671,1
21672,1
21673,1
21674,0.911479354
21675,0.973873317
21676,1
21677,1
21678,1
21679,0.697412074
21680,0.948361993
21681,0.980107069
21682,1
21683,0.922826767
21684,1
21685,0.982613266
21686,0.98747313
21687,1
21688,1
21689,1
21690,1
21691,1
21692,1
21693,1
21694,1
21695,0.983180821
21696,1
21697,1
21698,0.941327512
21699,1
21700,1
21701,0.970358014
21702,1
21703,0.976354539
21704,0.98582691
21705,1
21706,1
21707,1
21708,0.806552112
21709,0.94152689
21710,1
21711,0.96992904
21712,1
21713,0.939385355
21714,1
21715,0.905493319
21716,0.975306034
21717,1
21718,1
21719,0.962267458
21720,0.989559412
21721,0.98320514
21722,0.963622093
21723,0.980846942
21724,1
21725,1
21726,0.91632521199999994
21727,1
21728,0.981758595
21729,0.984062016
21730,1
21731,1
21732,1
21733,0.976348639
21734,0.986877859
21735,0.97858572
21736,1
21737,0.963089109
21738,0.98607558
21739,0.967815995
21740,1
21741,0.941395819
21742,0.98385322099999994
21743,0.972539485
21744,0.774203062
21745,0.962710321
21746,1
21747,0.943522871
21748,0.962919295
21749,0.975354672
21750,0.930647075
21751,0.959314644
21752,1
21753,1
21754,0.972406685
21755,0.951094866
21756,1
21757,0.308568716
21758,1
21759,0.972982109
21760,0.964451492
21761,1
21762,1
21763,1
21764,1
21765,0.95508641
21766,0.988784432
21767,1
21768,0.966106176
21769,0.961053252
21770,0.981614649
21771,0.989901185
21772,0.937622428
21773,0.973921716
21774,0.930018723
21775,0.985486269
21776,0.976849139
21777,0.731672287
21778,0.942350566
21779,1
21780,1
21781,0.983693659
21782,0.982664883
21783,1
21784,1
21785,0.958991766
21786,0.967242718
21787,1
21788,0.988748074
21789,1
21790,0.978743732
21791,0.988267362
21792,1
21793,0.976101577
21794,0.867037594
21795,0.973791599
21796,0.989540756
21797,1
21798,1
21799,0.983399451
21800,1
21801,0.976178467
21802,0.336578518
21803,1
21804,1
21805,0.860547185
21806,1
21807,0.964871585
21808,0.940874338
21809,1
21810,0.935815394
21811,1
21812,0.97069943
21813,1
21814,0.967840552
21815,1
21816,0.746485591
21817,0.97616607
21818,0.89536947
21819,1
21820,0.903547883
21821,1
21822,0.977718175
21823,0.967698872
21824,0.985648513
21825,0.984894455
21826,0.989829958
21827,1
21828,0.989833832
21829,0.974338591
21830,0.898163557
21831,0.733008623
21832,0.976636946
21833,1
21834,1
21835,0.986849785
21836,1
21837,0.979764462
21838,1
21839,1
21840,0.978048563
21841,1
21842,1
21843,0.738669992
21844,0.866643667
21845,0.985695779
21846,0.981875956
21847,1
21848,0.989150584
21849,0.975048542
21850,1
21851,1
21852,0.975785434
21853,0.976565182
21854,0.988597453
21855,0.923307419
21856,0.957107484
21857,1
21858,1
21859,0.924874485
21860,1
21861,0.979593515
21862,0.977646053
21863,0.98971259599999994
21864,1
21865,1
21866,1
21867,0.989838243
21868,0.983756423
21869,0.976938307
21870,1
21871,0.987064242
21872,0.919856966
21873,1
21874,0.975551367
21875,1
21876,0.98499161
21877,0.967308521
21878,0.979663849
21879,1
21880,0.928969145
21881,0.980719745
21882,0.981931567
21883,1
21884,0.988774657
21885,1
21886,0.951768637
21887,0.962235153
21888,0.742841065
21889,0.972311318
21890,1
21891,1
21892,1
21893,1
21894,1
21895,1
21896,1
21897,0.933432043
21898,0.98390621
21899,0.98710084
21900,0.911800861
21901,0.968577743
21902,0.2081521
21903,0.9751243
21904,0.965950191
21905,0.407620519
21906,0.973706961
21907,0.915717542
21908,0.498437226
21909,1
21910,0.978640258
21911,1
21912,0.981070757
21913,0.972496867
21914,1
21915,0.966123402
21916,0.985673845
21917,1
21918,0.972698808
21919,0.989199519
21920,1
21921,0.93837142
21922,1
21923,0.952221513
21924,0.960552633
21925,1
21926,0.983848929
21927,0.909242332
21928,0.759677768
21929,1
21930,0.977959037
21931,1
21932,0.913923919
21933,0.976559281
21934,0.915858388
21935,0.859182417
21936,0.956973314
21937,1
21938,0.945810497
21939,0.959860325
21940,0.964457452
21941,0.98831439
21942,1
21943,0.987643361
21944,1
21945,0.984641254
21946,1
21947,0.974088907
21948,0.98366046
21949,1
21950,0.987856746
21951,0.953950346
21952,0.958043277
21953,0.851714075
21954,1
21955,0.907314181
21956,0.899968743
21957,1
21958,1
21959,0.974890053
21960,0.972846687
21961,0.907769561
21962,0.985793889
21963,0.878396094
21964,0.962655306
21965,1
21966,0.964246035
21967,0.989115477
21968,1
21969,1
21970,1
21971,0.83330822
21972,0.765319824
21973,1
21974,0.97479862
21975,0.940267742
21976,0.973858416
21977,0.898779154
21978,0.986176312
21979,0.982671857
21980,1
21981,0.602912307
21982,0.363537461
21983,1
21984,0.973279655
21985,0.862169087
21986,1
21987,0.977406144
21988,0.977796853
21989,1
21990,0.951689482
21991,1
21992,0.982337117
21993,0.989945591
21994,1
21995,0.955341935
21996,1
21997,0.801547229
21998,0.957639515
21999,0.976677954
22000,1
22001,0.87120074
22002,0.663265586
22003,1
22004,0.979311824
22005,0.9869349
22006,1
22007,0.940424383
22008,0.983885288
22009,0.956684113
22010,0.986772835
22011,0.983844936
22012,0.989425302
22013,1
22014,0.981897771
22015,1
22016,1
22017,1
22018,0.93773216
22019,0.970304906
22020,0.986300826
22021,0.983168244
22022,1
22023,1
22024,1
22025,1
22026,0.966926575
22027,0.969366074
22028,1
22029,0.734589458
22030,1
22031,0.986613929
22032,0.437364996
22033,0.989096761
22034,0.866798163
22035,1
22036,0.962495446
22037,0.982016623
22038,1
22039,0.980834067
22040,1
22041,0.951603651
22042,1
22043,1
22044,0.953677237
22045,0.97798115
22046,0.851496518
22047,0.916827619
22048,0.988173783
22049,0.966687739
22050,0.972994626
22051,1
22052,0.981125355
22053,0.967975676
22054,0.934042335
22055,1
22056,0.989932299
22057,1
22058,1
22059,0.96583974399999994
22060,0.938358188
22061,1
22062,0.975096405
22063,0.967296839
22064,1
22065,0.988086224
22066,1
22067,0.752092958
22068,1
22069,0.965908706
22070,0.966786385
22071,0.977888823
22072,0.958137214
22073,0.984189808
22074,0.969552279
22075,1
22076,1
22077,1
22078,0.947377265
22079,0.359875977
22080,0.975954711
22081,1
22082,0.981096804
22083,1
22084,0.977250755
22085,0.162667036
22086,1
22087,0.878801823
22088,1
22089,1
22090,0.941812933
22091,0.974130034
22092,0.976949036
22093,0.873187721
22094,0.979817092
22095,0.939314663
22096,0.987897396
22097,0.950326145
22098,1
22099,0.924907446
22100,1
22101,0.977527916
22102,0.962300122
22103,1
22104,1
22105,1
22106,0.944969773
22107,0.948093593
22108,1
22109,0.978949189
22110,1
22111,0.984903097
22112,1
22113,1
22114,1
22115,1
22116,1
22117,1
22118,0.97814095
22119,0.979716599
22120,0.98431778
22121,0.983672917
22122,0.88870281
22123,0.96263355
22124,0.917751432
22125,0.268475622
22126,0.968147039
22127,1
22128,1
22129,0.988220811
22130,0.967724323
22131,1
22132,0.962373674
22133,0.962180257
22134,0.987496495
22135,0.954431772
22136,0.943767965
22137,0.979227006
22138,1
22139,0.876312912
22140,1
22141,1
22142,0.971283793
22143,1
22144,0.982276022
22145,1
22146,1
22147,1
22148,0.9822433
22149,0.743069351
22150,1
22151,0.982265711
22152,0.976590216
22153,0.985796392
22154,0.989617884
22155,0.94301194
22156,0.969417393
22157,0.968391955
22158,1
22159,0.988437355
22160,1
22161,0.986035943
22162,1
22163,1
22164,0.947348595
22165,0.929102063
22166,0.985998511
22167,0.963715434
22168,0.984374344
22169,1
22170,0.909490287
22171,1
22172,0.971746922
22173,0.977881312
22174,0.967793226
22175,0.987713099
22176,0.872496605
22177,1
22178,0.95724076
22179,0.976721883
22180,1
22181,0.975109875
22182,0.96248883
22183,0.883980691
22184,1
22185,1
22186,1
22187,1
22188,1
22189,0.983641386
22190,1
22191,0.958067894
22192,1
22193,0.962187231
22194,1
22195,1
22196,0.962582827
22197,0.989532113
22198,0.984469652
22199,1
22200,1
22201,1
22202,0.955922067
22203,1
22204,0.980594456
22205,0.981500387
22206,0.961647749
22207,0.984045744
22208,1
22209,0.753831446
22210,0.938470841
22211,0.956210375
22212,0.852485418
22213,1
22214,0.829306781
22215,1
22216,1
22217,0.957498312
22218,1
22219,0.913701356
22220,1
22221,0.767212927
22222,0.981759965
22223,0.934613228
22224,0.976902843
22225,1
22226,1
22227,1
22228,1
22229,1
22230,1
22231,1
22232,0.964423776
22233,0.98912102
22234,0.988293767
22235,0.988415241
22236,1
22237,0.981170654
22238,1
22239,0.932166755
22240,1
22241,0.982967496
22242,0.987985075
22243,1
22244,1
22245,1
22246,0.936416924
22247,0.736159861
22248,1
22249,1
22250,1
22251,0.989644766
22252,1
22253,0.979561687
22254,1
22255,0.983382285
22256,0.169093326
22257,1
22258,1
22259,1
22260,0.981139481
22261,0.494052589
22262,0.933854461
22263,1
22264,0.942390204
22265,1
22266,1
22267,1
22268,0.9247756
22269,0.982344627
22270,0.925945103
22271,0.968219161
22272,1
22273,1
22274,0.924932599
22275,0.924126864
22276,0.97780174
22277,0.982855618
22278,0.98686856
22279,0.749697864
22280,0.989729285
22281,1
22282,0.95621115
22283,0.947087824
22284,0.89717716
22285,0.988444388
22286,1
22287,1
22288,0.978292525
22289,0.180218637
22290,1
22291,0.929859459
22292,1
22293,0.96148485
22294,1
22295,0.874877513
22296,1
22297,0.933543801
22298,0.988310874
22299,0.982797384
22300,0.981681287
22301,0.977284432
22302,0.985895932
22303,0.987395287
22304,0.987950981
22305,0.68377322
22306,1
22307,0.986225128
22308,1
22309,0.984359682
22310,1
22311,0.98272264
22312,0.959517181
22313,1
22314,1
22315,0.130267531
22316,0.988652885
22317,1
22318,0.87376982
22319,1
22320,0.967202246
22321,1
22322,1
22323,1
22324,0.971619606
22325,1
22326,0.958004594
22327,1
22328,1
22329,1
22330,1
22331,0.986709535
22332,0.978127897
22333,0.964064777
22334,0.985118389
22335,0.885295272
22336,1
22337,0.940797031
22338,0.989624322
22339,0.946486533
22340,1
22341,0.98055768
22342,0.975532055
22343,1
22344,1
22345,0.972529292
22346,0.978104115
22347,0.51778841
22348,0.978290141
22349,1
22350,1
22351,1
22352,1
22353,0.982201994
22354,0.942963898
22355,0.981633186
22356,0.986204505
22357,0.952828825
22358,0.862376809
22359,1
22360,1
22361,1
22362,1
22363,1
22364,0.968341172
22365,0.965751827
22366,0.960532844
22367,0.973649085
22368,0.807664037
22369,0.978462994
22370,0.921638489
22371,0.845512986
22372,0.958311796
22373,0.94339329
22374,1
22375,1
22376,0.785392106
22377,0.974099279
22378,1
22379,0.915946662
22380,1
22381,0.943457842
22382,0.971817792
22383,0.956674516
22384,0.987414181
22385,0.947658658
22386,1
22387,0.811628103
22388,1
22389,0.95811069
22390,0.974193871
22391,0.953160167
22392,0.988734245
22393,1
22394,0.959033012
22395,0.973354638
22396,0.97798115
22397,0.957693219
22398,1
22399,1
22400,0.98576963
22401,0.983444452
22402,0.979492843
22403,0.957211137
22404,1
22405,0.9880023
22406,0.986672998
22407,1
22408,0.960491598
22409,0.951394498
22410,1
22411,0.963209391
22412,1
22413,0.977586508
22414,1
22415,0.9762339
22416,0.984453499
22417,0.960122526
22418,1
22419,0.983947873
22420,1
22421,0.585296035
22422,1
22423,1
22424,0.986201465
22425,0.975414455
22426,0.967291832
22427,0.986822605
22428,1
22429,1
22430,1
22431,1
22432,1
22433,0.982786059
22434,0.981950164
22435,0.553552151
22436,0.811449766
22437,1
22438,0.986099422
22439,0.920424879
22440,0.98153162
22441,0.973880112
22442,1
22443,0.96937561
22444,1
22445,0.97921145
22446,0.988197982
22447,0.792590797
22448,0.857138097
22449,0.879748583
22450,0.942549229
22451,1
22452,0.986393154
22453,0.44264099
22454,0.971900463
22455,0.983989656
22456,1
22457,1
22458,0.683828592
22459,0.986930728
22460,1
22461,0.987966001
22462,0.960447729
22463,0.955159485
22464,1
22465,0.965249836
22466,0.898131967
22467,0.985914946
22468,0.982271791
22469,0.978922129
22470,1
22471,0.965688765
22472,0.345644504
22473,1
22474,1
22475,0.944568396
22476,1
22477,0.91799432
22478,0.989387512
22479,1
22480,0.968097985
22481,1
22482,1
22483,1
22484,0.987114191
22485,1
22486,1
22487,0.897901595
22488,0.966565549
22489,0.93053174
22490,1
22491,0.950462461
22492,0.984309912
22493,1
22494,0.959099233
22495,0.724683523
22496,1
22497,0.851490796
22498,0.980850697
22499,1
22500,1
22501,0.952230394
22502,0.976729929
22503,1
22504,1
22505,0.982617438
22506,1
22507,0.929252207
22508,1
22509,1
22510,0.987539649
22511,0.938987255
22512,0.812291265
22513,0.989471078
22514,1
22515,0.984459996
22516,1
22517,1
22518,0.974986017
22519,0.973352313
22520,0.573081076
22521,1
22522,0.963691652
22523,0.864596844
22524,0.984313607
22525,0.963658392
22526,0.943151593
22527,0.93924737
22528,0.977221727
22529,1
22530,1
22531,0.911331534
22532,0.987122119
22533,0.983550549
22534,0.976775885
22535,1
22536,1
22537,1
22538,1
22539,1
22540,1
22541,0.90910446600000006
22542,1
22543,1
22544,0.983180165
22545,0.966045201
22546,0
22547,0.971675634
22548,0.983659506
22549,0.945791066
22550,0.877373278
22551,0.978698373
22552,1
22553,0.986078024
22554,1
22555,0.519671202
22556,0.954070091
22557,1
22558,0.987126529
22559,0.962268114
22560,0.987650991
22561,1
22562,1
22563,0.420362264
22564,0.953979611
22565,1
22566,0.892603755
22567,0.987397611
22568,1
22569,0.981908321
22570,1
22571,1
22572,0.939913631
22573,0.980499089
22574,0.883014321
22575,0.82086736
22576,0.974521279
22577,0.862924397
22578,0.986939788
22579,0.937685311
22580,0.850142956
22581,1
22582,1
22583,0.988171339
22584,1
22585,0.634787023
22586,1
22587,0.9741081
22588,0.927387357
22589,0.973088622
22590,0.963080227
22591,0.966505647
22592,0.980426312
22593,1
22594,0.977240861
22595,1
22596,0.909326732
22597,0.982065618
22598,1
22599,0.949397564
22600,1
22601,1
22602,0.91696465
22603,1
22604,0.976765096
22605,0.91325748
22606,1
22607,1
22608,1
22609,0.976684451
22610,0.980667234
22611,0.981382549
22612,1
22613,1
22614,0.789650142
22615,0.965699852
22616,1
22617,0.967651546
22618,0.929736912
22619,1
22620,0.987783968
22621,0.98015815
22622,1
22623,1
22624,0.98595643
22625,0.98208642
22626,0.98472321
22627,0.971166968
22628,0.987497807
22629,1
22630,0.914751589
22631,1
22632,0.977424622
22633,0.980461597
22634,0.972095966
22635,1
22636,1
22637,0.98946023
22638,1
22639,0.982846558
22640,0.806802332
22641,1
22642,0.983456433
22643,0.989673734
22644,0.989737332
22645,1
22646,0.981372833
22647,0.981375933
22648,1
22649,0.980467677
22650,0.983255625
22651,1
22652,1
22653,1
22654,0.980325699
22655,0.97835505
22656,0.81643343
22657,1
22658,0.981642127
22659,0.973268151
22660,0.988270164
22661,0.988215089
22662,0.967493057
22663,0.946804225
22664,0.982343018
22665,0.714513183
22666,0.939346671
22667,0.979857504
22668,1
22669,1
22670,1
22671,0.933035851
22672,0.982100904
22673,0.98965925
22674,1
22675,1
22676,0.863353372
22677,0.988758564
22678,1
22679,0.974164128
22680,1
22681,0.98783654
22682,0.984360516
22683,1
22684,0.98508817
22685,0.989902854
22686,0.83021003
22687,1
22688,0.971777856
22689,1
22690,0.847160578
22691,0.988049924
22692,0.862605572
22693,0.979774952
22694,1
22695,0.989736557
22696,1
22697,0.961234391
22698,0.9803617
22699,0.889274657
22700,1
22701,0.96918869
22702,0.896760702
22703,0.986701429
22704,0.95792222
22705,0.987748146
22706,1
22707,1
22708,0.97746861
22709,0.891175687
22710,0.252578974
22711,1
22712,0.96430701
22713,0.918779671
22714,0.955999196
22715,1
22716,0.972539485
22717,0.988053501
22718,0.985582948
22719,0
22720,0.970602512
22721,1
22722,0.979917228
22723,0.987531483
22724,0.956963956
22725,0.695863307
22726,0.763848007
22727,0.981476486
22728,0.986888349
22729,1
22730,1
22731,1
22732,0.983688712
22733,0.973521292
22734,1
22735,0.979940236
22736,0.690311551
22737,1
22738,0.987294734
22739,1
22740,0.979924083
22741,1
22742,1
22743,0.978961468
22744,0.804848254
22745,0.940681577
22746,1
22747,1
22748,1
22749,0.972487569
22750,1
22751,0.58555305
22752,1
22753,0.982673168
22754,0.512273967
22755,0.705332339
22756,0.980386436
22757,0.863535702
22758,0.859724224
22759,1
22760,0.93096292
22761,0.971303046
22762,1
22763,0.968002737
22764,0.983782053
22765,0.794328511
22766,0.841015637
22767,1
22768,0.94829905
22769,0.988082826
22770,1
22771,0.956149042
22772,0.91110605
22773,1
22774,0.981803656
22775,0.972091496
22776,1
22777,0.946735442
22778,1
22779,0.989788473
22780,1
22781,1
22782,1
22783,0.975010932
22784,0.975602388
22785,1
22786,1
22787,1
22788,0.974775732
22789,0.978736222
22790,1
22791,1
22792,0.978950679
22793,1
22794,0.978653669
22795,1
22796,0.967898428
22797,1
22798,0.987958074
22799,0.974238217
22800,0.477914423
22801,1
22802,1
22803,0.988873959
22804,0.976786137
22805,0.949344575
22806,0.989871919
22807,0.950481892
22808,0.98373735
22809,0.956809044
22810,0.95087266
22811,0.981978476
22812,0.980157912
22813,1
22814,1
22815,1
22816,0.98067826
22817,0.956533015
22818,1
22819,0.824885905
22820,0.984649003
22821,1
22822,0.976046145
22823,0.928984046
22824,0.985794783
22825,0.663286448
22826,1
22827,1
22828,0.964076638
22829,1
22830,1
22831,0.984291196
22832,0.948696494
22833,0.938558817
22834,0.937928796
22835,0.98595947
22836,1
22837,1
22838,1
22839,0.952801347
22840,0.920014143
22841,1
22842,1
22843,1
22844,0.974669159
22845,0.977628291
22846,1
22847,1
22848,0.919012547
22849,0.956615269
22850,0.977097273
22851,0.958067834
22852,1
22853,0.929303706
22854,0.96596098
22855,0.963709235
22856,0.961044788
22857,1
22858,0.96720773
22859,0.978129208
22860,0.883711278
22861,0.856553674
22862,0.988467395
22863,0.987095177
22864,1
22865,1
22866,1
22867,0.989256918
22868,0.980231583
22869,1
22870,1
22871,1
22872,0.546176255
22873,0.983204544
22874,1
22875,0.979189634
22876,1
22877,0.928783178
22878,0.984829366
22879,1
22880,0.90432202800000006
22881,0.983550549
22882,0.989769578
22883,0.977092266
22884,0.940173328
22885,0
22886,0.975475252
22887,0.989312589
22888,0.977250278
22889,0.922951579
22890,0.987887263
22891,0.98657608
22892,0.989528358
22893,0.985871136
22894,1
22895,1
22896,0.98949337
22897,1
22898,1
22899,1
22900,0.965368271
22901,0.984455466
22902,0.945613027
22903,1
22904,1
22905,1
22906,0.546250761
22907,0.981844425
22908,0.987620652
22909,1
22910,0.965408444
22911,1
22912,0.950626433
22913,0.974230647
22914,0.988955438
22915,0.871984005
22916,1
22917,1
22918,0.971773326
22919,1
22920,1
22921,1
22922,0.860461116
22923,1
22924,0.970404923
22925,1
22926,0.940981805
22927,0.980368257
22928,0.94190383
22929,1
22930,1
22931,1
22932,0.921903551
22933,1
22934,1
22935,0.580800235
22936,0.968854547
22937,0.984951794
22938,1
22939,1
22940,1
22941,1
22942,0.670919895
22943,0.981964529
22944,1
22945,1
22946,1
22947,0.985208273
22948,1
22949,0.984038889
22950,0.890774488
22951,0.982489467
22952,1
22953,0.989366233
22954,0.536448181
22955,0.987159133
22956,0.796081901
22957,1
22958,0.964268208
22959,0.986111283
22960,1
22961,0.987939477
22962,0.17469947
22963,0.949902952
22964,0.814326346
22965,1
22966,0.960042536
22967,0.78784591
22968,0.630745769
22969,1
22970,0.985199332
22971,0.754696012
22972,1
22973,1
22974,0.966915727
22975,0.977865934
22976,1
22977,0.97480768
22978,0.925572693
22979,0.963212848
22980,0.144767612
22981,1
22982,0.933279991
22983,0.939774513
22984,1
22985,0.979370475
22986,0.982856453
22987,0.984789491
22988,0.980551899
22989,1
22990,0.984005213
22991,0.837367535
22992,0.976429701
22993,1
22994,1
22995,1
22996,0.974843919
22997,0.980960965
22998,0.982892513
22999,0.414254129
23000,0.989057601
23001,1
23002,0.868775725
23003,1
23004,0.973040998
23005,1
23006,0.944622636
23007,1
23008,0.951409519
23009,0.961921454
23010,0.982792795
23011,0.965520024
23012,0.934722602
23013,0.982497037
23014,1
23015,1
23016,0.973707616
23017,1
23018,0.973126471
23019,0.974408388
23020,0.975321531
23021,0.854278803
23022,0.964018881
23023,0.988171995
23024,0.803472698
23025,0.90430373
23026,1
23027,0.963916779
23028,1
23029,1
23030,1
23031,0.879884422
23032,0.844052732
23033,1
23034,0.97758615
23035,0.940963507
23036,0.985052407
23037,1
23038,1
23039,1
23040,0.910700798
23041,0.698261142
23042,0.964305341
23043,0.921811879
23044,0.979521692
23045,0.983183265
23046,0.968632042
23047,0.965809166
23048,0.904013991
23049,0.969976187
23050,0.840725362
23051,0.987439871
23052,1
23053,0.969094813
23054,0.987516522
23055,0.981119812
23056,1
23057,1
23058,1
23059,1
23060,1
23061,0.743763506
23062,1
23063,1
23064,0.846202254
23065,1
23066,0.193706021
23067,0.509446621
23068,0.97378695
23069,0.863724411
23070,1
23071,1
23072,1
23073,1
23074,1
23075,1
23076,1
23077,0.988830268
23078,0.977310717
23079,0.664553762
23080,1
23081,0.9850263
23082,0.949888706
23083,0.971096337
23084,0.987912595
23085,0.989233971
23086,0.981572509
23087,1
23088,0.981450915
23089,1
23090,0.963815332
23091,1
23092,1
23093,1
23094,0.977539182
23095,1
23096,1
23097,0.973494291
23098,1
23099,1
23100,1
23101,0.958852232
23102,1
23103,0.942949414
23104,1
23105,0.460650623
23106,1
23107,1
23108,1
23109,0.913244247
23110,1
23111,0.749229193
23112,1
23113,1
23114,1
23115,0.973095298
23116,1
23117,0.960730851
23118,0.96964103
23119,1
23120,0.984376788
23121,0.964205623
23122,0.972749889
23123,0.464376718
23124,1
23125,0.987994969
23126,0.987689257
23127,0.980392277
23128,0.987798929
23129,0.974238217
23130,1
23131,0.985083997
23132,0.985440791
23133,0.988431871
23134,0.984349668
23135,0.976262391
23136,0.974258483
23137,0.961891115
23138,0.982599258
23139,0.968277276
23140,0.988132536
23141,1
23142,1
23143,1
23144,1
23145,0.970372796
23146,1
23147,0.924483299
23148,1
23149,0.92585516
23150,1
23151,1
23152,1
23153,0.911904752
23154,0.986734629
23155,1
23156,0.144223362
23157,0.987436175
23158,0.987402916
23159,1
23160,1
23161,1
23162,0.981990755
23163,0.861866355
23164,0.944898009
23165,1
23166,1
23167,0.932381153
23168,0.984898865
23169,0.963742256
23170,1
23171,1
23172,1
23173,0.484722734
23174,1
23175,1
23176,0.973407269
23177,0.989685178
23178,1
23179,1
23180,0.849029124
23181,1
23182,1
23183,1
23184,1
23185,0.986838877
23186,1
23187,0.674160242
23188,1
23189,0.978373528
23190,1
23191,1
23192,0.985821784
23193,0.973312974
23194,0.896177054
23195,0.947914362
23196,0.984735489
23197,0.879578769
23198,0.926691711
23199,0.985610664
23200,0.964317083
23201,0.973996282
23202,0.9800331
23203,1
23204,0.982096791
23205,0.973497331
23206,1
23207,1
23208,1
23209,1
23210,1
23211,0.693980336
23212,1
23213,1
23214,1
23215,1
23216,0.96993053
23217,0.955735743
23218,0.986440122
23219,1
23220,1
23221,0.982711375
23222,0.96182251
23223,0.978367508
23224,1
23225,0.981592238
23226,0.979788601
23227,1
23228,1
23229,0.988945901
23230,1
23231,1
23232,1
23233,0.986925125
23234,0.989706755
23235,0.955204308
23236,1
23237,0.949366391
23238,0.966788054
23239,0.989783704
23240,0.875861466
23241,0.934672356
23242,1
23243,0.983161569
23244,0.981813312
23245,1
23246,1
23247,0.980568647
23248,0.56550765
23249,0.986895382
23250,0.987165332
23251,0.950671554
23252,0.849829912
23253,1
23254,0.985122442
23255,1
23256,0.896160007
23257,1
23258,1
23259,1
23260,1
23261,0.850415289
23262,0.918481767
23263,0.976769507
23264,1
23265,1
23266,0.858930767
23267,0.964531004
23268,0.641998112
23269,0.974199057
23270,0.985671461
23271,0.641794026
23272,0.98393631
23273,1
23274,0.986889482
23275,0.908268273
23276,0.982928753
23277,0.989335358
23278,1
23279,0.93840766
23280,0.982054472
23281,0.978978455
23282,1
23283,0.960550666
23284,1
23285,1
23286,0.750802219
23287,0.872347772
23288,1
23289,0.956028402
23290,0.981189489
23291,0.97288686
23292,0.8644557
23293,0.960244119
23294,0
23295,0.959275067
23296,1
23297,0.92049551
23298,1
23299,0.972597539
23300,1
23301,1
23302,0.487834781
23303,1
23304,0.979907513
23305,0.989826441
23306,0.969038308
23307,0.985843778
23308,0.890635967
23309,0.968102276
23310,0.954161286
23311,1
23312,0.776701093
23313,0.976989329
23314,1
23315,0.961603403
23316,0.98734206
23317,1
23318,1
23319,1
23320,0.985476315
23321,1
23322,0.947690845
23323,0.980541825
23324,0.93044579
23325,0.827261627
23326,1
23327,1
23328,0.934293449
23329,0.976486743
23330,1
23331,0.868588507
23332,1
23333,1
23334,0.95614028
23335,0.988889813
23336,0.971458554
23337,0.969646514
23338,1
23339,0.978161335
23340,0.988318443
23341,1
23342,0.957824171
23343,0.831776202
23344,0.806367159
23345,0.972765029
23346,1
23347,0.983537018
23348,0.917117417
23349,1
23350,0.988068759
23351,0.988442004
23352,0.983208478
23353,0.981793225
23354,0.980930448
23355,1
23356,0.951271057
23357,0.975660503
23358,1
23359,0
23360,0.975941122
23361,0.978671789
23362,1
23363,0.98509419
23364,1
23365,0.9828493
23366,0.989615679
23367,1
23368,0.964340508
23369,1
23370,0.958770931
23371,0.982097089
23372,0.899834514
23373,1
23374,1
23375,0.643406212
23376,0.963830173
23377,1
23378,1
23379,1
23380,1
23381,0.950520515
23382,0.975112259
23383,1
23384,1
23385,0.88262701
23386,0.980113804
23387,0.979694188
23388,0.959214926
23389,0.950324774
23390,0.977704048
23391,0.980520666
23392,1
23393,0.958650827
23394,1
23395,0.593938053
23396,0.9139027
23397,0.971021473
23398,0.956394732
23399,1
23400,1
23401,0.986816347
23402,0.963429213
23403,0.570661604
23404,1
23405,0.971412242
23406,0.926601827
23407,0.910960674
23408,0.981124222
23409,0.949759901
23410,0.855258346
23411,0.916800261
23412,0.984777451
23413,0.534184277
23414,1
23415,1
23416,0.987315655
23417,0.959584296
23418,0.982462883
23419,0.987273455
23420,0.985637486
23421,0.93265152
23422,1
23423,0.98331219
23424,1
23425,1
23426,1
23427,0.599218071
23428,0.893757701
23429,0.584030986
23430,0.975144446
23431,0.776559889
23432,1
23433,0.974018335
23434,0.919472039
23435,1
23436,0.958990336
23437,0.976424813
23438,1
23439,0.984182179
23440,0.97480464
23441,0.83106786
23442,1
23443,0.977096379
23444,0.976363659
23445,1
23446,0.925312698
23447,0.98453033
23448,1
23449,1
23450,0.985577166
23451,0.88137722
23452,0.970366657
23453,0.988159299
23454,1
23455,0.988261879
23456,1
23457,0.813364327
23458,0.98566854
23459,0.928510845
23460,0.988248706
23461,1
23462,1
23463,0.983866572
23464,0.987635076
23465,1
23466,1
23467,1
23468,0.87095052
23469,0.920809865
23470,1
23471,1
23472,1
23473,1
23474,0.961883843
23475,0.989830673
23476,1
23477,0.981792271
23478,0.980921924
23479,0.475338697
23480,0.46597755
23481,1
23482,0.985699475
23483,0.970478535
23484,1
23485,0.956952334
23486,0.876689136
23487,0.941388369
23488,0.98530978
23489,0.979412377
23490,1
23491,0.987189353
23492,0.81540817
23493,1
23494,1
23495,0.973639607
23496,1
23497,0.974283278
23498,1
23499,1
23500,1
23501,0.913643599
23502,1
23503,0.937140942
23504,0.947302938
23505,0.986238003
23506,0.875834703
23507,1
23508,1
23509,0.970387876
23510,0.98781836
23511,0.956264675
23512,1
23513,0.81050396
23514,0.939616203
23515,0.961689293
23516,0.957160592
23517,0.970715046
23518,0.976486981
23519,0.736107826
23520,1
23521,0.987112105
23522,0.928999603
23523,0.980395258
23524,1
23525,1
23526,0.978659451
23527,0.984718263
23528,1
23529,1
23530,0.979487836
23531,1
23532,0.98503983
23533,0.978316367
23534,1
23535,0.674653113
23536,1
23537,0.983903766
23538,0.98142761
23539,1
23540,0.9404037
23541,0.976608515
23542,1
23543,1
23544,0.958852232
23545,1
23546,0.986318469
23547,0.554191411
23548,1
23549,0.987890482
23550,1
23551,0.94468677
23552,0.989245951
23553,0.981323898
23554,1
23555,0.96642381
23556,0.987816036
23557,0.824205756
23558,0.987311602
23559,0.956701875
23560,0.98625958
23561,0.97618711
23562,1
23563,0.988913715
23564,1
23565,0.266098797
23566,0.969351292
23567,0.963144898
23568,1
23569,0.962828517
23570,1
23571,0.871853948
23572,1
23573,0.737470567
23574,1
23575,0.788923025
23576,1
23577,0.982816279
23578,1
23579,0.916190803
23580,0.981166184
23581,0.987770677
23582,0.917280257
23583,0.895105481
23584,0.483338416
23585,0.989371061
23586,1
23587,1
23588,1
23589,1
23590,0.987330198
23591,1
23592,1
23593,0.980666995
23594,0.988969803
23595,1
23596,1
23597,0.976653278
23598,0.950572133
23599,0.97502929
23600,1
23601,0.972969234
23602,0.976466715
23603,1
23604,0.161241546
23605,0.941950202
23606,0.97479409
23607,0.96988982
23608,1
23609,0.628402352
23610,1
23611,1
23612,0.931860149
23613,0.963995516
23614,0.984820187
23615,0.975175083
23616,0.946796894
23617,0.978804171
23618,0.985389411
23619,0.986224413
23620,0.890579581
23621,0.961050034
23622,0.968079925
23623,0.989115775
23624,1
23625,1
23626,1
23627,0.967254758
23628,0.988851965
23629,1
23630,1
23631,0.948077619
23632,1
23633,0.988352716
23634,0.987594605
23635,1
23636,0.981963158
23637,0.691912651
23638,0.989530325
23639,0.966167033
23640,0.978421927
23641,0.619477451
23642,0.894350886
23643,0.973504782
23644,1
23645,0.984868646
23646,1
23647,0.398457438
23648,1
23649,0.970401764
23650,1
23651,0.977266014
23652,1
23653,0.953101635
23654,0.982603252
23655,1
23656,0.983852387
23657,0.423786253
23658,0.977364123
23659,0.987047732
23660,0.982224524
23661,0.41716367
23662,0.987137318
23663,0.403924942
23664,1
23665,1
23666,0.982976198
23667,0.986460328
23668,0.913980782
23669,1
23670,0.977940917
23671,1
23672,1
23673,0.921562672
23674,0.982402563
23675,0.951368392
23676,1
23677,0.980500221
23678,0.375818878
23679,0.989111006
23680,0.982014895
23681,1
23682,1
23683,0.872857213
23684,1
23685,0.979039371
23686,1
23687,0.986504734
23688,0.935525894
23689,1
23690,0.87045455
23691,0.973785698
23692,1
23693,1
23694,0.988973737
23695,0.989650369
23696,0.287495494
23697,1
23698,0.704994619
23699,0.8263641
23700,0.949636877
23701,0.969214559
23702,1
23703,1
23704,0.978315711
23705,0.910112321
23706,0.988818348
23707,1
23708,0.988773286
23709,0.986935675
23710,0.976832092
23711,0.952732325
23712,1
23713,1
23714,0.972756565
23715,0.960400522
23716,1
23717,0.982193828
23718,1
23719,0.921063602
23720,0.960017741
23721,0.943188369
23722,0.988727331
23723,0.963286579
23724,0.975182414
23725,0.98380363
23726,1
23727,1
23728,1
23729,1
23730,0.981200635
23731,0.985981226
23732,0.898171186
23733,0.984454215
23734,1
23735,0.982689738
23736,0.989787936
23737,1
23738,0.893246651
23739,0.979476988
23740,1
23741,1
23742,0.951098383
23743,1
23744,0.970499992
23745,1
23746,1
23747,0.606884301
23748,0.805095732
23749,1
23750,0.973825038
23751,0.984483898
23752,0.97843653
23753,0.985486865
23754,0.960136175
23755,0.971080303
23756,0.904566705
23757,0.951937139
23758,1
23759,1
23760,1
23761,1
23762,0.973519683
23763,1
23764,0.987655699
23765,1
23766,1
23767,1
23768,0.98641777
23769,1
23770,0.976255834
23771,0.966510415
23772,0.987318218
23773,1
23774,0.989963472
23775,1
23776,0.984771431
23777,0.985481978
23778,1
23779,1
23780,1
23781,0.987627268
23782,1
23783,0.933388412
23784,1
23785,0.98203963
23786,0.911158979
23787,0.98004055
23788,0.987149954
23789,1
23790,0.25725928
23791,0.97907877
23792,0.944892466
23793,0.980030477
23794,0.971797347
23795,0.978098512
23796,0.977876484
23797,1
23798,1
23799,0.751613021
23800,1
23801,0.98737514
23802,0.546232939
23803,1
23804,0.977990151
23805,0.939244926
23806,1
23807,0.978740871
23808,1
23809,1
23810,0.983124614
23811,0.989446878
23812,0.975446403
23813,0.978853285
23814,0.970760346
23815,1
23816,0.988658488
23817,1
23818,0.952489436
23819,1
23820,1
23821,0.9884637
23822,0
23823,1
23824,0.855116487
23825,0.95671463
23826,0.914493859
23827,0.972745419
23828,0.984759867
23829,0.93277067
23830,1
23831,1
23832,0.935976744
23833,1
23834,1
23835,1
23836,0.57001245
23837,0.987540126
23838,0.986293912
23839,0.96128124
23840,0.916970372
23841,0.988525093
23842,1
23843,0.94396776
23844,0.908915639
23845,0.939930916
23846,0.96112138
23847,1
23848,0.942935705
23849,0.950283885
23850,1
23851,0.984722555
23852,0.978809178
23853,1
23854,1
23855,0.980865479
23856,0.983594239
23857,0.984611571
23858,1
23859,1
23860,0.960578263
23861,0.935775399
23862,1
23863,0.415225565
23864,1
23865,0.936782718
23866,0.98297739
23867,0.95339936
23868,1
23869,1
23870,1
23871,0.965833306
23872,0.989909172
23873,0.966582835
23874,0.940560818
23875,1
23876,0.979343772
23877,1
23878,0.986439109
23879,1
23880,0.983651996
23881,0.802615702
23882,1
23883,0.64060545
23884,1
23885,0.948120713
23886,0.437577248
23887,1
23888,0.979096472
23889,1
23890,1
23891,1
23892,0.983009756
23893,0.983778238
23894,1
23895,0.954250038
23896,1
23897,0.985741496
23898,1
23899,0.989370585
23900,1
23901,0.932233572
23902,1
23903,0.973661721
23904,0.815738857
23905,1
23906,1
23907,0.938714504
23908,0.808048546
23909,0.738965929
23910,0.818381727
23911,0.976336241
23912,0.903029561
23913,0.982474983
23914,0.987234294
23915,0.981576622
23916,0.98886627
23917,1
23918,1
23919,1
23920,1
23921,1
23922,0.987347722
23923,1
23924,0.985940874
23925,0.974802136
23926,0.953435659
23927,1
23928,1
23929,0.979953289
23930,1
23931,1
23932,0.370680869
23933,0.951933026
23934,0.979248762
23935,0.967106938
23936,1
23937,0.957734823
23938,1
23939,0.979212642
23940,1
23941,0.919841528
23942,0.989486694
23943,1
23944,0.909132242
23945,1
23946,1
23947,1
23948,0.986867666
23949,1
23950,0.98533833
23951,1
23952,0.984004736
23953,1
23954,0.933037698
23955,0.975492358
23956,0.869196832
23957,0.397306532
23958,0.924406469
23959,0.988240361
23960,1
23961,0.983381152
23962,0.985150755
23963,0.955426812
23964,1
23965,1
23966,0.956131578
23967,1
23968,0.97520411
23969,1
23970,1
23971,1
23972,1
23973,0.976912141
23974,1
23975,0.425405473
23976,1
23977,1
23978,1
23979,0.967701554
23980,1
23981,0.987061679
23982,0.946566403
23983,1
23984,1
23985,0.978381395
23986,1
23987,0.310610294
23988,0.971639752
23989,0.934492767
23990,0.979605734
23991,1
23992,1
23993,0.902828038
23994,0.725193381
23995,0.98428911
23996,0.939711809
23997,0.986857414
23998,0.956292152
23999,0.978058219
24000,1
24001,0.940047503
24002,0.865044057
24003,1
24004,0.928263128
24005,1
24006,0.500719965
24007,1
24008,1
24009,0.908321381
24010,0.97179383
24011,0.936008155
24012,0.939262211
24013,0.972971916
24014,0.437876195
24015,1
24016,0.983487427
24017,1
24018,0.77571713900000006
24019,1
24020,1
24021,0.98616147
24022,1
24023,1
24024,0.974791467
24025,0.97798115
24026,0.979046583
24027,0.398705632
24028,0.971077561
24029,0.969741345
24030,1
24031,0.977941573
24032,1
24033,1
24034,1
24035,1
24036,0.931296945
24037,0.924694479
24038,0.985788167
24039,0.968752503
24040,1
24041,1
24042,0.988944709
24043,0.94169873
24044,1
24045,1
24046,1
24047,0.981795371
24048,0.985536754
24049,0.972588539
24050,1
24051,1
24052,1
24053,1
24054,0.730424643
24055,1
24056,1
24057,0.84733057
24058,1
24059,0.933000147
24060,1
24061,1
24062,0.95734781
24063,0.960613549
24064,1
24065,1
24066,1
24067,1
24068,1
24069,1
24070,0.790720105
24071,0.709661782
24072,1
24073,1
24074,0.988325834
24075,1
24076,0.988553882
24077,1
24078,0.813081741
24079,0.985034704
24080,1
24081,0.98279804
24082,0.91826725
24083,1
24084,0.968875229
24085,0.989388883
24086,0.933061779
24087,0.97508359
24088,0.967245162
24089,0.959649563
24090,0.959652782
24091,0.97797364
24092,0.945161283
24093,0.982070565
24094,0.97917515
24095,1
24096,0.946289897
24097,0.979522467
24098,0.981336772
24099,1
24100,0.966259599
24101,0.989912868
24102,0.938209891
24103,1
24104,0.989259362
24105,1
24106,0.88296628
24107,1
24108,0.93864727
24109,0.971556604
24110,0.877884507
24111,0.982627094
24112,1
24113,1
24114,1
24115,0.989498377
24116,0.960151434
24117,0.989185333
24118,0.988455415
24119,0.981460869
24120,0.132847622
24121,1
24122,0.93116492
24123,0.920766592
24124,0.980754495
24125,0.962505937
24126,0.98598516
24127,0.92576015
24128,0.972541273
24129,1
24130,0.988475204
24131,1
24132,0.973440945
24133,0.746652365
24134,1
24135,0.982780099
24136,1
24137,0.977848589
24138,0.96904099
24139,1
24140,0.928730726
24141,0.975285292
24142,0.986231148
24143,0.98922652
24144,0.963708341
24145,1
24146,1
24147,0.960362732
24148,0.864332855
24149,0.820581853
24150,0.975505054
24151,0.774553478
24152,1
24153,0.973846316
24154,0.961225271
24155,0.984450638
24156,0.987945557
24157,0.966605663
24158,0.954470038
24159,0.940440595
24160,1
24161,0.94475764
24162,1
24163,1
24164,0.953051627
24165,1
24166,1
24167,0.936947584
24168,0.980454147
24169,0.98278749
24170,1
24171,1
24172,0.963276863
24173,1
24174,0.984105527
24175,1
24176,0.913123608
24177,0.977640927
24178,1
24179,1
24180,0.986944735
24181,1
24182,0.969807625
24183,0.985082507
24184,0.975354672
24185,0.978075683
24186,0.794879615
24187,1
24188,1
24189,1
24190,0.95021981
24191,0.980359078
24192,0.989224017
24193,1
24194,0.963073492
24195,1
24196,1
24197,0.698067546
24198,1
24199,1
24200,1
24201,0.947511673
24202,0.858300984
24203,0.985961556
24204,0.920471847
24205,1
24206,0.984692037
24207,1
24208,1
24209,0.988706827
24210,0.987431407
24211,1
24212,1
24213,1
24214,1
24215,1
24216,0.981622696
24217,0.293841422
24218,0.979440153
24219,1
24220,1
24221,0.978375018
24222,0.90357846
24223,0.955086649
24224,0.914440215
24225,0.984840453
24226,1
24227,0.985188961
24228,0.67119807
24229,0.944965184
24230,0.9694736
24231,0.387131274
24232,0.749523759
24233,1
24234,0.98429215
24235,0.980892003
24236,0.802575946
24237,1
24238,0.9780702
24239,0.79827261
24240,0.935341358
24241,1
24242,0.938818514
24243,1
24244,0.977542937
24245,0.987897694
24246,0.873728752
24247,0.987850845
24248,0.984075487
24249,1
24250,0.986957312
24251,1
24252,1
24253,0.861613274
24254,0.986389458
24255,0.975890696
24256,0.984397352
24257,1
24258,1
24259,1
24260,0.925087035
24261,0.986886263
24262,0.972169459
24263,1
24264,0.985644817
24265,0.968698144
24266,0.97843504
24267,0.9759655
24268,0.984920025
24269,0.971978188
24270,0.707149983
24271,0.920404792
24272,1
24273,1
24274,0.977906942
24275,1
24276,0.68562299
24277,1
24278,0.681403995
24279,0.989413738
24280,1
24281,0.987700999
24282,0.982002974
24283,0.81050247
24284,1
24285,0.863075674
24286,1
24287,0.984231949
24288,1
24289,0.963819623
24290,1
24291,1
24292,1
24293,0.979321241
24294,1
24295,0.989690065
24296,0.978009999
24297,1
24298,1
24299,1
24300,0.970331848
24301,0.976905584
24302,0.98079145
24303,1
24304,1
24305,0.958567023
24306,1
24307,0.977540135
24308,1
24309,1
24310,0.909850299
24311,0.949672699
24312,0.574719906
24313,0.946825326
24314,0.870832622
24315,0.989750683
24316,1
24317,0.936751962
24318,0.973385811
24319,0.957053661
24320,0.944122016
24321,1
24322,0.890957654
24323,0.940544784
24324,0.937696338
24325,0.983670354
24326,0.98904407
24327,0.8115955
24328,1
24329,0.949071407
24330,1
24331,0.989622712
24332,0.809297621
24333,1
24334,0.902093113
24335,0.959564269
24336,1
24337,1
24338,1
24339,0.936721623
24340,0.95214504
24341,0.985585749
24342,1
24343,0.640451908
24344,1
24345,1
24346,1
24347,0.989729404
24348,0.979556024
24349,0.966840148
24350,1
24351,1
24352,0.987740576
24353,1
24354,0.889168918
24355,1
24356,0.945567966
24357,1
24358,0.964522779
24359,1
24360,1
24361,0.982043624
24362,0.979374528
24363,1
24364,0.933610082
24365,0.627731681
24366,0.951893032
24367,1
24368,1
24369,0.915779412
24370,0.957976699
24371,1
24372,1
24373,0.940183878
24374,1
24375,1
24376,0.929265499
24377,0.977051556
24378,0.969281197
24379,0.756288528
24380,0.900430262
24381,0.908603191
24382,1
24383,1
24384,0.960850775
24385,0.934712291
24386,0.978000104
24387,0.976945043
24388,0.978183806
24389,0.86845386
24390,0.641212225
24391,1
24392,0.974940002
24393,0.976808429
24394,1
24395,0.823197961
24396,1
24397,0.974975348
24398,0.984560967
24399,0.972585678
24400,1
24401,0.91371268
24402,0.899484992
24403,0.949236274
24404,0.951093197
24405,0.941129684
24406,1
24407,0.988987863
24408,0.977471769
24409,1
24410,0.973581255
24411,0.67921257
24412,1
24413,0.97815156
24414,0.953462064
24415,1
24416,0.98070693
24417,1
24418,0.981757462
24419,0.953936219
24420,0.873478949
24421,0.98917985
24422,1
24423,1
24424,1
24425,0.982983232
24426,1
24427,1
24428,1
24429,0.953528106
24430,1
24431,0.986671269
24432,0.989528716
24433,1
24434,1
24435,0.837081254
24436,0.983138561
24437,1
24438,0.985283732
24439,0.988758683
24440,0.952563882
24441,0.957995355
24442,0.988803566
24443,0.985588729
24444,1
24445,1
24446,0.961601436
24447,1
24448,0.985635638
24449,0.946041882
24450,1
24451,1
24452,1
24453,1
24454,0.967242718
24455,0.804848254
24456,0.987794638
24457,1
24458,1
24459,0.989918053
24460,0.967524886
24461,0.969854713
24462,0.989498854
24463,0.962318778
24464,0.988959551
24465,0.959610164
24466,1
24467,0.940655112
24468,0.989203155
24469,1
24470,1
24471,1
24472,1
24473,0.985128343
24474,1
24475,1
24476,1
24477,1
24478,0.97524333
24479,0.983638048
24480,0.984160721
24481,0.987075508
24482,0.989064813
24483,0.987038791
24484,0.976902127
24485,1
24486,1
24487,0.983366728
24488,1
24489,0.988255739
24490,0.973729074
24491,0.981486738
24492,0.677873313
24493,0.981738269
24494,0.98551327
24495,0.875424683
24496,1
24497,0.987324238
24498,0.941984057
24499,0.216050983
24500,1
24501,1
24502,0.984394014
24503,0.937702835
24504,1
24505,1
24506,0.825970233
24507,0.975160122
24508,0.934645116
24509,0.978925467
24510,0.949706018
24511,0.271182358
24512,0.941019356
24513,0.985027432
24514,0.987311482
24515,0.676539064
24516,0.976613522
24517,0.703334451
24518,1
24519,0.984726548
24520,1
24521,0.989934743
24522,0.988142312
24523,1
24524,0.970670581
24525,0.818597853
24526,0.988419771
24527,0.952925623
24528,1
24529,1
24530,1
24531,1
24532,1
24533,0.956539869
24534,0.304090053
24535,1
24536,1
24537,1
24538,1
24539,1
24540,0.946323812
24541,1
24542,1
24543,0.986942649
24544,1
24545,0.970150054
24546,0.972747326
24547,0.68935132
24548,0.949629903
24549,0.871682823
24550,1
24551,1
24552,1
24553,0.935999394
24554,0.942385197
24555,0.953498066
24556,1
24557,1
24558,0.807481885
24559,0.981633186
24560,1
24561,1
24562,0.942692936
24563,0.709482253
24564,0.501791775
24565,1
24566,0.917934001
24567,0.460295737
24568,0.892309964
24569,0.43164473799999997
24570,0.986487687
24571,0.303868204
24572,0.97091347
24573,1
24574,0.429759681
24575,0.94346863
24576,1
24577,1
24578,1
24579,1
24580,0.989997804
24581,0.974692166
24582,0.933367312
24583,0.709675551
24584,0.328106791
24585,0.968657851
24586,1
24587,0.980152547
24588,0.879858613
24589,1
24590,1
24591,1
24592,0.951272249
24593,0.969813645
24594,0.270331711
24595,0.962506056
24596,0.955929697
24597,0.957965076
24598,0.9702124
24599,0.875081003
24600,0.961131394
24601,0.97904402
24602,1
24603,1
24604,0.989295065
24605,0.924269974
24606,0.940574825
24607,1
24608,0.98686415
24609,0.977758169
24610,0.857621372
24611,0.986415982
24612,0.44887796
24613,1
24614,0.953816474
24615,0.915815711
24616,0.783790529
24617,1
24618,0.978743732
24619,1
24620,0.956620276
24621,0.950035155
24622,1
24623,0.933615983
24624,0.981983066
24625,1
24626,0.986651421
24627,1
24628,0.98742491
24629,1
24630,0.820450544
24631,0.989648402
24632,0.984650195
24633,0.970378876
24634,0.947750807
24635,1
24636,1
24637,0.98277837
24638,0.96446377
24639,0.943916321
24640,0.989596188
24641,0.986586869
24642,0.980359972
24643,0.989839077
24644,1
24645,0.986483872
24646,0.961399317
24647,0.844232798
24648,1
24649,0.981016219
24650,1
24651,0.986261785
24652,0.915928483
24653,0.977285445
24654,0.534618497
24655,0.987483919
24656,0.98764497
24657,0.419053674
24658,0.875746071
24659,0.98946625
24660,1
24661,0.876767576
24662,1
24663,1
24664,0.956539869
24665,0.95814538
24666,0.92449218
24667,0.939282894
24668,1
24669,1
24670,0.985792458
24671,0.891519845
24672,1
24673,1
24674,0.978794098
24675,0.983377338
24676,1
24677,0.97886318
24678,0.822193921
24679,1
24680,0.989413261
24681,0.980181634
24682,1
24683,0.928977132
24684,1
24685,0.899876654
24686,0.87952435
24687,0.736515403
24688,1
24689,1
24690,0.958460033
24691,0.943122447
24692,0.973813772
24693,0.978664517
24694,1
24695,1
24696,0.94904393
24697,1
24698,0.982512832
24699,1
24700,0.988911986
24701,0.978526354
24702,0.989366055
24703,0.976850033
24704,0.932104707
24705,1
24706,1
24707,1
24708,0.925541878
24709,1
24710,0.982613385
24711,0.984115243
24712,1
24713,0.986223161
24714,0.944266856
24715,0.988945067
24716,0.950365603
24717,0.898014844
24718,0.619344473
24719,0.91062361
24720,0.978127122
24721,0.963005722
24722,0.975345492
24723,0.985393643
24724,0.963436961
24725,0.922914982
24726,0.974025905
24727,0.98026228
24728,0.920331061
24729,1
24730,0.941363812
24731,0.614101768
24732,0.358373761
24733,0.989718437
24734,0.935728669
24735,0.785116136
24736,0.957900226
24737,0.905639947
24738,1
24739,1
24740,1
24741,0.981860757
24742,0.983807504
24743,1
24744,0.989543796
24745,0.916819215
24746,1
24747,0.953814209
24748,1
24749,0.634793699
24750,1
24751,0.977371573
24752,0.976237178
24753,0.927929699
24754,0.97341466
24755,0.969966769
24756,1
24757,0.98324132
24758,0.960799277
24759,1
24760,0.911331534
24761,0.97184819
24762,1
24763,1
24764,0.977027297
24765,1
24766,0.969976485
24767,0.989849448
24768,0.969518781
24769,0.981225908
24770,0.949867427
24771,0.943423986
24772,1
24773,0.949292243
24774,0.943361998
24775,1
24776,0.982534707
24777,0.962402463
24778,1
24779,0.865039825
24780,0.977466643
24781,0.967265606
24782,0.966908813
24783,1
24784,0.981450796
24785,1
24786,1
24787,0.986626923
24788,0.853703737
24789,1
24790,0.977282405
24791,0.971445084
24792,0.954991162
24793,1
24794,1
24795,1
24796,1
24797,0.921446741
24798,1
24799,0.983605862
24800,0.982456982
24801,0.958753586
24802,1
24803,0.927565873
24804,0.983346582
24805,1
24806,1
24807,0.977433741
24808,1
24809,1
24810,0.989757657
24811,0.926398814
24812,1
24813,0.98713845
24814,1
24815,0.961266339
24816,0.986064434
24817,1
24818,1
24819,0.972587287
24820,1
24821,1
24822,1
24823,0.986225724
24824,1
24825,0.927387357
24826,0.729346395
24827,1
24828,0.987401068
24829,1
24830,0.964959383
24831,0.983525157
24832,0.987204015
24833,0.855170608
24834,0.986228824
24835,0.978310764
24836,0.987989843
24837,0.978009462
24838,1
24839,1
24840,1
24841,1
24842,1
24843,1
24844,0.982130826
24845,1
24846,0.977270663
24847,0.989311874
24848,0.988720596
24849,1
24850,0.86644423
24851,0.796101928
24852,0.985838711
24853,0.979842484
24854,0.986780584
24855,1
24856,0.982463121
24857,0.891896606
24858,0.977397502
24859,1
24860,1
24861,1
24862,0.976057291
24863,1
24864,0.913440883
24865,1
24866,0.966237664
24867,0.985344589
24868,1
24869,1
24870,0.982904911
24871,1
24872,1
24873,0.860966563
24874,1
24875,0.98415935
24876,1
24877,0.922292769
24878,1
24879,0.980260074
24880,0.989782214
24881,1
24882,0.817293584
24883,1
24884,0.973817289
24885,1
24886,0.975019097
24887,1
24888,1
24889,1
24890,0.583999515
24891,0.465221912
24892,1
24893,1
24894,1
24895,0.974680245
24896,1
24897,1
24898,1
24899,0.979534805
24900,0.974330306
24901,0.879031003
24902,1
24903,0.967648625
24904,0.725946367
24905,0.929911196
24906,1
24907,0.987176716
24908,1
24909,0.952661693
24910,0.985594988
24911,1
24912,0.977776766
24913,1
24914,0.856333077
24915,1
24916,1
24917,0.976074874
24918,0.966407895
24919,1
24920,0.907623172
24921,1
24922,0.98317337
24923,0.968908787
24924,0.988197267
24925,1
24926,0.921960115
24927,0.982889354
24928,0.980663002
24929,0.977214098
24930,1
24931,0.962353468
24932,0.946922362
24933,0.989350498
24934,0.931504071
24935,0.946448743
24936,0.615331292
24937,1
24938,1
24939,1
24940,0.955120325
24941,0.984892011
24942,1
24943,1
24944,0.929916143
24945,0.979526281
24946,1
24947,0.932811618
24948,0.979673028
24949,0.970000029
24950,1
24951,1
24952,1
24953,0.945075452
24954,0.98097378
24955,0.967385709
24956,1
24957,0.961948037
24958,0.929047227
24959,1
24960,0.61597544
24961,0.987046599
24962,0.985234737
24963,0.973321021
24964,0.333143234
24965,1
24966,0.982658207
24967,0.705948949
24968,1
24969,0.923053026
24970,1
24971,1
24972,0.95881784
24973,0.962955535
24974,0.966081142
24975,0.976914644
24976,0.988145471
24977,0.464998394
24978,1
24979,0.966911852
24980,0.987836182
24981,1
24982,0.899443626
24983,0.857818842
24984,1
24985,1
24986,1
24987,0.988828421
24988,0.973032236
24989,0.981299341
24990,1
24991,0.977000475
24992,1
24993,1
24994,0.569650412
24995,0.921906114
24996,0.971033871
24997,0.938229322
24998,0.956741512
24999,0.567221701
25000,1
25001,1
25002,1
25003,0.929482281
25004,0.967057943
25005,1
25006,1
25007,0.956677198
25008,1
25009,0.886856139
25010,1
25011,0.98220855
25012,1
25013,1
25014,0.971493661
25015,0.984357357
25016,1
25017,0.986053407
25018,1
25019,0.927087784
25020,0.989824235
25021,0.967800498
25022,1
25023,1
25024,0.943129122
25025,0.858578503
25026,1
25027,1
25028,0.980072379
25029,1
25030,0.949952602
25031,0.474681735
25032,0.98716104
25033,0.768197119
25034,1
25035,0.974326253
25036,0.960829794
25037,0
25038,1
25039,0.978854835
25040,1
25041,0.96609813
25042,1
25043,1
25044,0.934055865
25045,0.980154038
25046,0.985587716
25047,0.926371515
25048,0.970090807
25049,1
25050,0.962169588
25051,0.531922281
25052,1
25053,0.988657534
25054,1
25055,1
25056,0.47415939
25057,0.981728613
25058,0.819660485
25059,0.541785777
25060,1
25061,1
25062,0.988873184
25063,0.952424586
25064,0.152104452
25065,1
25066,0.988623262
25067,0.96416539
25068,1
25069,0.982636988
25070,0.930540323
25071,1
25072,1
25073,1
25074,0.989239931
25075,0.944341242
25076,0.978422701
25077,0.988134086
25078,1
25079,1
25080,0.98520875
25081,0.979780257
25082,0.97617471200000006
25083,0.908387482
25084,0.927065432
25085,1
25086,0.984693766
25087,0.961649478
25088,0.97407949
25089,1
25090,0.987974525
25091,0.922439873
25092,0.974677444
25093,1
25094,0.9660514
25095,0.839161038
25096,1
25097,0.882667065
25098,0.931634247
25099,0.982887626
25100,1
25101,0.974800885
25102,1
25103,0.890392184
25104,0.9554106
25105,1
25106,1
25107,0.97442925
25108,1
25109,1
25110,0.62338829
25111,0.988354802
25112,0.984165907
25113,1
25114,0.981413007
25115,1
25116,0.829639494
25117,0.914726675
25118,0.984174311
25119,1
25120,0.982119858
25121,1
25122,0.988614321
25123,0.838279009
25124,0.979624033
25125,0.932840765
25126,0.988176644
25127,0.923169613
25128,0.629113793
25129,0.983380139
25130,0.891896606
25131,0.657271922
25132,1
25133,1
25134,0.755086422
25135,0.982538223
25136,1
25137,0.985033691
25138,0.987949491
25139,1
25140,0.823974371
25141,0.909759045
25142,1
25143,0.873462379
25144,0.978998542
25145,0.913654685
25146,1
25147,0.97642082
25148,0.899639845
25149,0.973997176
25150,0.874284744
25151,0.986895204
25152,1
25153,0.924497545
25154,1
25155,0.972624481
25156,0.953490913
25157,0.688982487
25158,0.983053029
25159,1
25160,1
25161,0.987753809
25162,1
25163,0.957662702
25164,1
25165,1
25166,0.976231515
25167,1
25168,0.975079954
25169,1
25170,0.947592914
25171,0.988535464
25172,0.984174311
25173,1
25174,0.978278399
25175,0.946329773
25176,0.964253485
25177,0.989206791
25178,0.968893588
25179,0.981768012
25180,0.982555747
25181,1
25182,0.867520452
25183,1
25184,0.784825683
25185,1
25186,1
25187,0.904553533
25188,0.974928439
25189,0.989147425
25190,0.987930417
25191,0.939913631
25192,0.988670945
25193,1
25194,1
25195,1
25196,0.938549995
25197,0.940739691
25198,1
25199,1
25200,0.985255837
25201,0.964703918
25202,0.954340041
25203,1
25204,0.919748545
25205,1
25206,1
25207,1
25208,0.93314141
25209,0.988531828
25210,1
25211,0.976596534
25212,0.984942079
25213,0.926689267
25214,0.900400102
25215,0.979982376
25216,0.976656914
25217,0.949945748
25218,0.981002808
25219,0.968906462
25220,0.983738542
25221,0.968759418
25222,0.968205512
25223,0.528947115
25224,1
25225,1
25226,0.92881763
25227,1
25228,0.983223915
25229,0.941182911
25230,0.944519877
25231,0.940770328
25232,1
25233,0.669585526
25234,1
25235,0.981813788
25236,1
25237,0.969333351
25238,0.941929042
25239,0.984182537
25240,1
25241,0.9773736
25242,1
25243,0.986540973
25244,0.912302017
25245,0.275091112
25246,0.94373548
25247,1
25248,1
25249,0.988851845
25250,0.657301068
25251,1
25252,0.986760497
25253,1
25254,0.971083641
25255,0.965197086
25256,0.981554389
25257,0.983915746
25258,0.976852119
25259,1
25260,1
25261,0.405187249
25262,0.984049201
25263,0.976429939
25264,1
25265,0.986942649
25266,0.973937094
25267,0.961494863
25268,1
25269,1
25270,0.946804225
25271,0.962116718
25272,0.988250375
25273,0.921696723
25274,1
25275,1
25276,0.928968608
25277,0.964935482
25278,0.987730801
25279,0.983564019
25280,0.98071748
25281,0.987318099
25282,0.988758445
25283,1
25284,0.950960696
25285,0.989787936
25286,1
25287,0.989831924
25288,0.989580452
25289,0.728018582
25290,1
25291,1
25292,0.894308567
25293,0.979057074
25294,0.97289294
25295,1
25296,0.883874953
25297,0.970222294
25298,1
25299,0.963176131
25300,0.954055786
25301,1
25302,1
25303,0.977300584
25304,1
25305,0.988849819
25306,0.923722029
25307,0.965972006
25308,0.979349256
25309,1
25310,0.989378989
25311,0.976379991
25312,0.984501422
25313,0.9891451
25314,1
25315,0.984186947
25316,0.950328946
25317,0.974034011
25318,0.653929174
25319,0.860922098
25320,0.974602342
25321,0.958502293
25322,1
25323,0.974586248
25324,0.988175273
25325,0.982183933
25326,1
25327,0.704694331
25328,0.130162031
25329,1
25330,1
25331,1
25332,0.315485984
25333,1
25334,0.967184722
25335,1
25336,1
25337,1
25338,1
25339,0.970073998
25340,0.911529601
25341,1
25342,0.972042799
25343,0.900511742
25344,0.858504415
25345,1
25346,0.974938989
25347,1
25348,1
25349,0.86673367
25350,0.954830051
25351,0.987318218
25352,0.976072848
25353,1
25354,0.981903553
25355,0.966659606
25356,1
25357,0.971877158
25358,1
25359,0.986360133
25360,1
25361,1
25362,0.959934652
25363,0.98869288
25364,0.98376596
25365,0.972680092
25366,0.968793988
25367,1
25368,0.938701749
25369,0.918115079
25370,0.957299769
25371,0.933502376
25372,0.989311993
25373,0.945056438
25374,1
25375,1
25376,0.951625168
25377,0.95518136
25378,1
25379,0.986664176
25380,1
25381,0.985415399
25382,1
25383,0.787205398
25384,1
25385,1
25386,1
25387,0.977252543
25388,1
25389,0.76494509
25390,0.982427776
25391,1
25392,1
25393,1
25394,1
25395,0.984087408
25396,0.969560146
25397,1
25398,0.985865593
25399,1
25400,0.938165009
25401,0.974009693
25402,0.965040386
25403,0.980526507
25404,0.983923972
25405,1
25406,1
25407,1
25408,1
25409,0.955929995
25410,0.985066056
25411,0.617935479
25412,0.980020165
25413,1
25414,0.967835844
25415,1
25416,1
25417,1
25418,0.985305727
25419,1
25420,1
25421,0.874401927
25422,1
25423,1
25424,1
25425,0.904669941
25426,0.949306548
25427,0.881575525
25428,0.98220408
25429,0.415995926
25430,1
25431,0.987170517
25432,1
25433,1
25434,0.98533994
25435,1
25436,1
25437,1
25438,0.987182856
25439,0.982345402
25440,1
25441,0.914502382
25442,1
25443,1
25444,0.988730133
25445,1
25446,1
25447,1
25448,1
25449,0.98491621
25450,1
25451,1
25452,0.988348961
25453,1
25454,1
25455,0.971553564
25456,1
25457,0.655922175
25458,0.988450885
25459,1
25460,1
25461,0.417170346
25462,0.971009016
25463,1
25464,1
25465,0.98399514
25466,0.980010629
25467,1
25468,0.905463994
25469,0.243383288
25470,0.967454255
25471,0.958925545
25472,0.977184355
25473,0.981113434
25474,1
25475,0.7022475
25476,1
25477,0.986924887
25478,0.98362881
25479,1
25480,1
25481,0.933610499
25482,1
25483,0.984506786
25484,0.983033359
25485,1
25486,1
25487,1
25488,0.98018378
25489,0.501678765
25490,0.951815844
25491,0.92269218
25492,0.750215769
25493,0.959896088
25494,0.982945383
25495,1
25496,0.984030724
25497,0.950098872
25498,0.672696412
25499,0.989637971
25500,0.832544684
25501,0.408070028
25502,0.926006615
25503,0.871787489
25504,0.96057421
25505,0.941979289
25506,1
25507,0.98761183
25508,0.974305868
25509,1
25510,0.917503297
25511,1
25512,1
25513,1
25514,0.987801135
25515,1
25516,1
25517,0.954953015
25518,0.989687145
25519,1
25520,1
25521,0.97740984
25522,0.989819229
25523,0.97674191
25524,0.975876272
25525,0.976701856
25526,0.978234232
25527,1
25528,0.944174707
25529,1
25530,1
25531,1
25532,0.976429701
25533,1
25534,0.861623704
25535,0.814187884
25536,1
25537,1
25538,1
25539,0.7022475
25540,0.981617212
25541,1
25542,1
25543,1
25544,0.978012204
25545,0.233350366
25546,0.985384166
25547,1
25548,0.97336632
25549,0.892248094
25550,0.655380607
25551,0.983341396
25552,1
25553,1
25554,0.79124862
25555,0.96953404
25556,1
25557,0.986163914
25558,0.976067603
25559,0.839375198
25560,0.904974163
25561,1
25562,1
25563,0.968475103
25564,1
25565,1
25566,1
25567,0.972722054
25568,1
25569,1
25570,0.92734164
25571,1
25572,1
25573,0.889943004
25574,1
25575,0.958109736
25576,0.968820632
25577,1
25578,0.924524069
25579,0.974064112
25580,0.972817898
25581,1
25582,0.892476142
25583,0.881007314
25584,0.986679375
25585,0.977174819
25586,1
25587,1
25588,0.973996937
25589,1
25590,0.93425566
25591,0.975141823
25592,0.974492073
25593,1
25594,0.989310741
25595,0.83307296
25596,1
25597,0.981397033
25598,0.973833323
25599,0.988796711
25600,0.701802313
25601,0.912192881
25602,0.907696009
25603,1
25604,1
25605,1
25606,0.573335826
25607,0.983130038
25608,1
25609,0.981873393
25610,1
25611,0.978770316
25612,0.961474478
25613,0.965116262
25614,1
25615,0.988439798
25616,0.989729166
25617,1
25618,1
25619,0.875653207
25620,1
25621,0.965498388
25622,1
25623,0.803360224
25624,0.91147846
25625,1
25626,0.987355769
25627,0.658756018
25628,1
25629,1
25630,1
25631,0.810214222
25632,0.987212718
25633,1
25634,0.98268342
25635,1
25636,0.97171551
25637,0.985953987
25638,0.894475639
25639,1
25640,0.966385067
25641,0.984684289
25642,1
25643,0.978995621
25644,0.966942132
25645,0.978317857
25646,0.968410075
25647,1
25648,0.961439729
25649,1
25650,0.976307511
25651,0.984541416
25652,0.822900713
25653,0.973882377
25654,1
25655,1
25656,1
25657,0.902765274
25658,0.893361032
25659,1
25660,1
25661,0.98022902
25662,0.977001846
25663,0.984636188
25664,0.986875176
25665,0.850154579
25666,0.973714829
25667,0.989275813
25668,0.98704344
25669,0.956807613
25670,0.982726455
25671,0.730805814
25672,1
25673,0.989405215
25674,1
25675,1
25676,0.963526368
25677,1
25678,0.981121242
25679,0.975664794
25680,0.921473563
25681,1
25682,0.876189828
25683,0.964483321
25684,0.831513465
25685,0.98355788
25686,1
25687,1
25688,0.858128011
25689,0.975057304
25690,0.981869876
25691,1
25692,1
25693,0.831028163
25694,0.943810463
25695,1
25696,1
25697,0.978091657
25698,1
25699,1
25700,0.986643434
25701,0.740501583
25702,0.984404028
25703,0.98258245
25704,0.963758051
25705,0.931769908
25706,0.989375591
25707,1
25708,0.885376334
25709,0.467258245
25710,0.989242852
25711,1
25712,0.981028497
25713,0.92484652999999994
25714,1
25715,0.989266157
25716,0.960131884
25717,0.978522837
25718,0.901879251
25719,0.59568733
25720,1
25721,1
25722,0.280210227
25723,0.986173868
25724,1
25725,0.960360944
25726,0.987546027
25727,0.987017691
25728,0.954652607
25729,0.951385975
25730,1
25731,0.986297011
25732,0.935846925
25733,0.984764159
25734,0.946299136
25735,0.986444175
25736,0.985853434
25737,0.949182987
25738,0.973490775
25739,1
25740,1
25741,1
25742,0.987358332
25743,0.980071783
25744,1
25745,1
25746,0.502759695
25747,1
25748,0.989635289
25749,1
25750,1
25751,0.926780701
25752,1
25753,0.95280385
25754,0.981055677
25755,1
25756,1
25757,0.967541695
25758,0.909178972
25759,1
25760,0.989165843
25761,0.97276932
25762,0.962506056
25763,1
25764,0.896432459
25765,0.96482861
25766,0.587812424
25767,1
25768,0.917820931
25769,0.962742984
25770,0.961668015
25771,1
25772,0.888403535
25773,1
25774,1
25775,0.962575972
25776,1
25777,0.814828277
25778,1
25779,0.97009182
25780,0.957934141
25781,0.954435945
25782,0.962170243
25783,0.902700722
25784,0.938036084
25785,0.956853271
25786,1
25787,0.952539206
25788,0.95996654
25789,1
25790,0.549535573
25791,0.989992917
25792,0.984630048
25793,0.989465475
25794,0.980790854
25795,1
25796,1
25797,1
25798,0.921208024
25799,0.972135067
25800,0.97680378
25801,0.977835
25802,0.965445459
25803,0.850626469
25804,0.983077467
25805,0.984628916
25806,0.983430028
25807,1
25808,0.981948435
25809,0.682284355
25810,1
25811,1
25812,0.124359392
25813,0.989448905
25814,0.950605929
25815,1
25816,0.973656178
25817,0.977206588
25818,0.9123559
25819,0.971780777
25820,0.72992301
25821,0.989126325
25822,0.983254135
25823,1
25824,0.956513286
25825,1
25826,0.979673266
25827,0.90511024
25828,1
25829,0.98931247
25830,1
25831,1
25832,1
25833,0.953509212
25834,0.975413621
25835,1
25836,0.970759213
25837,1
25838,0.889888823
25839,0.920473456
25840,0.553520858
25841,0.974368572
25842,1
25843,0.966960847
25844,1
25845,0.974309981
25846,0.986212373
25847,0.91884166
25848,0.798995733
25849,1
25850,0.977784991
25851,0.985552609
25852,0.920321882
25853,0.861672521
25854,0.98191154
25855,0.981292546
25856,0.944626272
25857,0.949433625
25858,0.960707724
25859,0.964716911
25860,1
25861,1
25862,0.987277985
25863,0.989975989
25864,1
25865,0.973430932
25866,1
25867,1
25868,0.657445669
25869,1
25870,1
25871,1
25872,1
25873,0.96788621
25874,0.92782408
25875,0.90391767
25876,0.919308364
25877,0.946953774
25878,0.973219037
25879,1
25880,0.987019062
25881,0.988519371
25882,0.984624863
25883,0.951653838
25884,0.953474641
25885,1
25886,0.796572566
25887,1
25888,1
25889,1
25890,1
25891,0.989442468
25892,0.584482431
25893,1
25894,1
25895,0.931738019
25896,0.982668996
25897,0.968015909
25898,0.947330713
25899,1
25900,1
25901,0.986037433
25902,0.980184495
25903,0.953719318
25904,1
25905,0.987064719
25906,0.958557725
25907,0.983237624
25908,0.987838149
25909,0.98067081
25910,0.445448607
25911,0.983649254
25912,1
25913,1
25914,0.802779853
25915,1
25916,0.797619581
25917,0.955227256
25918,0.966340184
25919,0.952881455
25920,1
25921,0.960663736
25922,1
25923,0.933340311
25924,1
25925,0.98227936
25926,0.660378814
25927,0.901202679
25928,0.98212713
25929,0.539586783
25930,0.971462071
25931,0.96081996
25932,0.978688598
25933,1
25934,0.784292519
25935,0.795074463
25936,1
25937,0.945446551
25938,0.978292644
25939,0.976661742
25940,0.945982873
25941,0.961658418
25942,1
25943,0.899914205
25944,0.870646477
25945,0.986575961
25946,0.961625934
25947,0.971282303
25948,0.977542281
25949,0.910114288
25950,1
25951,0.937647283
25952,1
25953,0.958705187
25954,0.955619097
25955,1
25956,0.96470701699999994
25957,0.98986572
25958,1
25959,1
25960,0.986503363
25961,0.989006877
25962,1
25963,1
25964,1
25965,0.98316896
25966,1
25967,0.987519383
25968,1
25969,0.982209027
25970,1
25971,0.972208977
25972,0.977640808
25973,1
25974,0.985829651
25975,1
25976,0.958724141
25977,0.964399159
25978,0.987059951
25979,0.984017074
25980,0.86288935
25981,1
25982,0.975203037
25983,0.947856009
25984,0.982214034
25985,0.966012716
25986,0.985279799
25987,0.950889051
25988,0.921088576
25989,1
25990,0.976767004
25991,0.97240597
25992,0.989010871
25993,0.893234789
25994,1
25995,0.979377151
25996,1
25997,1
25998,1
25999,1
26000,0.989902496
26001,1
26002,0.989297986
26003,0.981830418
26004,1
26005,0.945773721
26006,1
26007,1
26008,0.982083082
26009,0.942425966
26010,0.93201834
26011,0.939253569
26012,1
26013,1
26014,0.981942594
26015,1
26016,1
26017,0.885662198
26018,1
26019,0.894043684
26020,0.931822717
26021,1
26022,0.96765846
26023,0.982264519
26024,0.930565
26025,1
26026,0.973531246
26027,0.976937056
26028,1
26029,0.978442252
26030,1
26031,0.837123513
26032,0.98889029
26033,0.988168418
26034,0.970226228
26035,0.909022927
26036,0.985875547
26037,1
26038,0.735327184
26039,1
26040,1
26041,1
26042,1
26043,1
26044,1
26045,0.806074143
26046,1
26047,0.512508869
26048,1
26049,1
26050,1
26051,0.975972772
26052,1
26053,1
26054,0.867441595
26055,0.812260985
26056,0.987280428
26057,1
26058,0.867561936
26059,0.884774327
26060,0.988139629
26061,1
26062,0.938629508
26063,0.906936467
26064,1
26065,1
26066,0.986883581
26067,1
26068,0.973388076
26069,1
26070,0.987572074
26071,1
26072,1
26073,1
26074,1
26075,0.979715467
26076,1
26077,1
26078,1
26079,1
26080,0.985063076
26081,0.983888388
26082,1
26083,1
26084,0.985639215
26085,0.925329626
26086,0.65413475
26087,0.917399883
26088,0.966451883
26089,1
26090,0.968280256
26091,1
26092,1
26093,1
26094,0.985155165
26095,1
26096,1
26097,0.854143739
26098,0.897642553
26099,0.988926768
26100,0.949542403
26101,0.9888466
26102,1
26103,0.983886778
26104,0.973502278
26105,0.906688035
26106,1
26107,1
26108,0.973632336
26109,0.960841775
26110,0.966821909
26111,0.978788257
26112,1
26113,0.966914296
26114,0.9788481
26115,0.989171565
26116,0.982395113
26117,1
26118,0.988295674
26119,1
26120,0.984078407
26121,1
26122,1
26123,0.980741859
26124,1
26125,1
26126,0.862670422
26127,0.959491193
26128,1
26129,0.958808541
26130,0.96559906
26131,0.875204623
26132,0.963528574
26133,0.274333596
26134,1
26135,1
26136,0.971027672
26137,1
26138,1
26139,0.981989741
26140,0.973442793
26141,0.702724457
26142,0.979930878
26143,0.986086845
26144,0.987732768
26145,1
26146,1
26147,0.97020185
26148,0.800584972
26149,0.917551458
26150,1
26151,0.167440161
26152,1
26153,1
26154,0.985461831
26155,0.809665918
26156,0.962787449
26157,1
26158,0.971546352
26159,0.875413358
26160,1
26161,0.989810109
26162,0.987761378
26163,0.583224833
26164,0.957114935
26165,0.986305118
26166,1
26167,0.984751523
26168,1
26169,0.94978267
26170,0.961727142
26171,0.98740989
26172,0.975462496
26173,0.975338459
26174,1
26175,1
26176,1
26177,0.665050209
26178,0.982415915
26179,0.976733923
26180,0.884174824
26181,1
26182,0.955199599
26183,0.975238562
26184,1
26185,0.983942747
26186,1
26187,0.985270977
26188,0.777365863
26189,0.389573485
26190,1
26191,1
26192,0.988434553
26193,0.922114432
26194,0.347714841
26195,1
26196,1
26197,0.506898522
26198,0.965043604
26199,0.933227778
26200,0.968066931
26201,1
26202,0.988629937
26203,0.986567617
26204,1
26205,0.787024081
26206,1
26207,0.988500059
26208,0.963508785
26209,0.928604603
26210,0.873804867
26211,1
26212,0.977960289
26213,1
26214,0.970604181
26215,0.901416659
26216,1
26217,1
26218,0.989048302
26219,1
26220,0.983081281
26221,1
26222,0.972846806
26223,1
26224,0.982600033
26225,1
26226,0.852980793
26227,0.987964749
26228,0.984870255
26229,0.968822777
26230,1
26231,1
26232,0.924226522
26233,0.97998786
26234,0.873024225
26235,1
26236,0.17604433
26237,0.428296834
26238,0.94384253
26239,0.988409162
26240,0.97870642
26241,1
26242,0.967318893
26243,0.989503026
26244,0.964813292
26245,0.981669247
26246,0.695488155
26247,0.87313211
26248,0.978513777
26249,0.972166956
26250,0.966401994
26251,1
26252,0.976735294
26253,0.936394453
26254,0.52219671
26255,1
26256,1
26257,1
26258,1
26259,0.935150206
26260,0.922467411
26261,0.963722169
26262,1
26263,0.896271467
26264,1
26265,0.977745116
26266,0.969662428
26267,1
26268,1
26269,0.95126462
26270,1
26271,0.931085885
26272,1
26273,1
26274,0.950693965
26275,0.935248435
26276,0.786421955
26277,0.977309465
26278,1
26279,0.956611335
26280,0.961602509
26281,1
26282,0.971650779
26283,0.982736468
26284,0.979321003
26285,0.984439492
26286,0.981352747
26287,1
26288,0.838649154
26289,0.977122426
26290,0.910763264
26291,0.94580859
26292,0.903410792
26293,0.972916901
26294,0.979653716
26295,0.979979277
26296,0.968033314
26297,0.96675849
26298,0.917861223
26299,1
26300,0
26301,0.965287626
26302,1
26303,0.95755446
26304,1
26305,1
26306,1
26307,0.968472123
26308,0.616774559
26309,0.950580299
26310,0.986433268
26311,0.953600705
26312,0.584286749
26313,0.986932695
26314,0.973776937
26315,1
26316,0.972197712
26317,0.976149023
26318,1
26319,0.905797601
26320,0.831219018
26321,1
26322,0.977194607
26323,0.541255593
26324,1
26325,0.907071292
26326,0.88817513
26327,1
26328,1
26329,0.98795557
26330,0.256469667
26331,0.912873507
26332,0.976121008
26333,1
26334,1
26335,0.842949092
26336,1
26337,1
26338,0.982070565
26339,1
26340,0.97579068
26341,0.779981434
26342,0.972959101
26343,1
26344,0.954099834
26345,0.967175245
26346,1
26347,0.980773628
26348,0.711408794
26349,0.965722442
26350,1
26351,0.958354354
26352,1
26353,0.989454627
26354,0.987468243
26355,0.989856482
26356,1
26357,0.98449266
26358,0.975541592
26359,1
26360,0.985475183
26361,1
26362,1
26363,0.987967551
26364,0.988285422
26365,0.775619984
26366,1
26367,1
26368,0.988592088
26369,0.972414315
26370,1
26371,1
26372,0.984516025
26373,1
26374,1
26375,1
26376,1
26377,0.986638427
26378,0.725435615
26379,0.984870255
26380,1
26381,0.982004225
26382,1
26383,1
26384,0.962076187
26385,0.972056091
26386,1
26387,1
26388,1
26389,0.923158765
26390,0.981606841
26391,0.987308562
26392,0.972995639
26393,0.935996771
26394,0.911258876
26395,1
26396,1
26397,0.988994062
26398,0.826372564
26399,0.988200069
26400,1
26401,1
26402,1
26403,0.970386386
26404,0.976601124
26405,0.528922796
26406,0.975924969
26407,1
26408,0.983669877
26409,1
26410,0.398620337
26411,0.985484302
26412,1
26413,0.859148026
26414,0.986760974
26415,0.969360113
26416,0.985701203
26417,1
26418,1
26419,0.984269142
26420,0.417565554
26421,0.690213502
26422,0.516903281
26423,0.975576401
26424,1
26425,0.924627721
26426,1
26427,1
26428,0.983921766
26429,1
26430,0.989657223
26431,0.729226232
26432,0.948720455
26433,0.9620561
26434,0.953835249
26435,1
26436,0.680491269
26437,0.97198951200000006
26438,1
26439,0.926980317
26440,0.577895761
26441,0.462790638
26442,0.975015461
26443,0.885611177
26444,0.982868969
26445,1
26446,0.988150835
26447,1
26448,0.984947622
26449,1
26450,1
26451,1
26452,1
26453,1
26454,0.971189916
26455,1
26456,1
26457,0.951311946
26458,0.988337815
26459,1
26460,1
26461,0.867854059
26462,1
26463,0.980990291
26464,1
26465,1
26466,1
26467,0.976647973
26468,0.955748141
26469,1
26470,0.973088622
26471,1
26472,0.9194296
26473,0.98623693
26474,1
26475,0.974518538
26476,0.975672782
26477,1
26478,0.988325596
26479,0.983429134
26480,0.963554144
26481,0.96840477
26482,0.918305039
26483,1
26484,0.981692553
26485,0.78029716
26486,0.978627741
26487,0.972467303
26488,0.981844246
26489,0.902086794
26490,0.928936839
26491,1
26492,0.978030562
26493,0.983823538
26494,0.968387783
26495,0.969844043
26496,1
26497,0.908064902
26498,0.933699369
26499,0.980070531
26500,1
26501,0.982295275
26502,1
26503,0.983966172
26504,0.969810188
26505,1
26506,0.974489152
26507,0.959142864
26508,1
26509,0.948382497
26510,0.961236715
26511,1
26512,1
26513,0.986373186
26514,0.987653136
26515,1
26516,0.97533381
26517,0.981564224
26518,0.984079897
26519,1
26520,0.979226887
26521,0.930355907
26522,1
26523,0.984739661
26524,0.939964533
26525,0.506200492
26526,0.986388862
26527,0.954520285
26528,0.834796608
26529,0.972987175
26530,1
26531,0.965431929
26532,0.987818241
26533,0.882074237
26534,0.987050533
26535,1
26536,0.884642065
26537,0.96766448
26538,0.973890305
26539,1
26540,1
26541,1
26542,0.968056023
26543,1
26544,1
26545,1
26546,0.98832792
26547,1
26548,0.979213893
26549,1
26550,0.980705321
26551,0.651500583
26552,1
26553,0.986454845
26554,0.943059206
26555,0.942351341
26556,0.959265411
26557,0.256028295
26558,0.955237389
26559,1
26560,1
26561,0.960306346
26562,1
26563,1
26564,0.956081688
26565,0.84327215
26566,0.982924521
26567,0.94949317
26568,0.980648816
26569,1
26570,1
26571,0.985015988
26572,1
26573,1
26574,1
26575,0.853855848
26576,0.895762324
26577,1
26578,0.984682083
26579,1
26580,1
26581,1
26582,1
26583,1
26584,0.951779783
26585,1
26586,1
26587,0.984163225
26588,0.934467077
26589,1
26590,0.970620632
26591,0.341919959
26592,0.974937737
26593,1
26594,1
26595,0.989134014
26596,1
26597,0.449536383
26598,1
26599,0.98301214
26600,0.910935581
26601,1
26602,1
26603,0.808446169
26604,1
26605,0.987668455
26606,0.940509558
26607,0.973108947
26608,0.963881671
26609,1
26610,0.987646461
26611,0.98973161
26612,1
26613,1
26614,0.967913449
26615,1
26616,0.8873353
26617,1
26618,0.926558852
26619,0.680691481
26620,0.857198477
26621,1
26622,1
26623,1
26624,0.969649196
26625,1
26626,1
26627,0.977024376
26628,1
26629,0.975446999
26630,1
26631,1
26632,0.821968854
26633,0.74516058
26634,0.98437655
26635,1
26636,1
26637,0.968367457
26638,0.989733279
26639,0.978399456
26640,0.531492174
26641,0.948818505
26642,1
26643,1
26644,0.987562537
26645,1
26646,1
26647,0.943498373
26648,0.982680261
26649,0.926640749
26650,0.986158669
26651,0.985900939
26652,0.986242294
26653,0.976655364
26654,0.588116109
26655,0.988205433
26656,0.964736998
26657,1
26658,1
26659,0.968993187
26660,1
26661,1
26662,0.98928678
26663,1
26664,0.337002814
26665,0.989028335
26666,0.91219914
26667,0.966315806
26668,0.919986367
26669,0.987182021
26670,0.978809178
26671,0.921777964
26672,0.988586128
26673,1
26674,1
26675,1
26676,0.989764094
26677,0.980903149
26678,0.983651102
26679,1
26680,0.971910954
26681,1
26682,0.984008551
26683,1
26684,0.927802682
26685,0.915644348
26686,0.958897531
26687,1
26688,1
26689,0.985618949
26690,0.720082641
26691,0.929667354
26692,0.879573703
26693,0.989991844
26694,0.972052515
26695,1
26696,0.865238369
26697,1
26698,0.923992455
26699,0.957262278
26700,0.555950999
26701,1
26702,0.977832079
26703,0.941215336
26704,0.988155723
26705,1
26706,1
26707,0.983771861
26708,1
26709,0.945365489
26710,1
26711,0.989964306
26712,1
26713,0.982700765
26714,0.967445433
26715,1
26716,0.986151159
26717,1
26718,0.953173995
26719,0.987544656
26720,1
26721,0.977855444
26722,0.964152515
26723,1
26724,0.240351841
26725,0.966914296
26726,0.962803662
26727,1
26728,1
26729,1
26730,0.615906537
26731,1
26732,0.980654299
26733,0.966890574
26734,0.865536571
26735,1
26736,0.363910347
26737,0.986131191
26738,0.988687635
26739,1
26740,0.844362557
26741,0.983568192
26742,0.982204378
26743,0.969433725
26744,0.860220254
26745,1
26746,0.902245939
26747,0.97201097
26748,0.979624629
26749,1
26750,0.965590835
26751,1
26752,0.986952782
26753,1
26754,0.972487509
26755,0.962017596
26756,1
26757,1
26758,0.983830929
26759,0
26760,1
26761,0.988946378
26762,0.948533475
26763,0.984212101
26764,1
26765,0.976659
26766,0.868551552
26767,0.970940888
26768,1
26769,0.853716672
26770,0.927040339
26771,0.975726068
26772,0.970805407
26773,0.976351976
26774,0.989581108
26775,0.842369855
26776,0.764956236
26777,1
26778,1
26779,0.94644177
26780,0.979711473
26781,1
26782,1
26783,1
26784,1
26785,1
26786,0.967936695
26787,1
26788,0.926838756
26789,1
26790,0.446859211
26791,0.934695482
26792,0.985449791
26793,0.973586679
26794,0.477105588
26795,0.981963277
26796,1
26797,0.973937988
26798,1
26799,0.988138616
26800,1
26801,1
26802,1
26803,0.743469119
26804,1
26805,0.981615007
26806,0.9669379
26807,0.976378858
26808,0.970481336
26809,0.893015564
26810,1
26811,0.989947498
26812,0.96837908
26813,0.983447909
26814,1
26815,0.857699812
26816,0.977624893
26817,0.829109252
26818,1
26819,0.944448531
26820,0.975201368
26821,1
26822,0.655380607
26823,0.987560928
26824,0.971971989
26825,0.98608011
26826,1
26827,0.978154838
26828,0.980128706
26829,1
26830,1
26831,1
26832,0.986848712
26833,1
26834,0.988212287
26835,1
26836,0.985380352
26837,0.967700541
26838,1
26839,1
26840,0.987752557
26841,0.986893654
26842,1
26843,1
26844,0.971413493
26845,0.98033911
26846,1
26847,1
26848,0.981359482
26849,0.98243618
26850,1
26851,0.877060115
26852,1
26853,0.881651878
26854,1
26855,1
26856,0.985105515
26857,1
26858,0.988384485
26859,0.889519572
26860,0.989473641
26861,0.986108005
26862,0.825537801
26863,0.780553758
26864,0.875816643
26865,0.987108052
26866,1
26867,0.987307847
26868,0.96662581
26869,0.979996204
26870,0.981604338
26871,1
26872,0.981598258
26873,1
26874,0.988507628
26875,1
26876,0.982214153
26877,0.939289451
26878,0.937015295
26879,0.983738303
26880,1
26881,1
26882,0.972594142
26883,0.983423472
26884,0.981183529
26885,0.915264845
26886,0.972980857
26887,1
26888,0.951342821
26889,0.97120595
26890,1
26891,0.389580727
26892,0.860337317
26893,0.97662431
26894,0.988734901
26895,0.977645636
26896,0.755396366
26897,0.953914881
26898,1
26899,0.987448394
26900,0.902967632
26901,0.952930927
26902,0.958112359
26903,0.860933304
26904,0.921079814
26905,1
26906,0.970281661
26907,0.984069526
26908,0.982022524
26909,0.977005899
26910,1
26911,1
26912,0.988358855
26913,0.974150777
26914,0.895073593
26915,1
26916,0.952714443
26917,0.976025581
26918,0.986099005
26919,1
26920,1
26921,0.962370992
26922,0.948943257
26923,0.983032644
26924,0.988743663
26925,0.985804737
26926,0.692996502
26927,0.898615956
26928,0.978249073
26929,0.987144172
26930,1
26931,0.988616645
26932,1
26933,1
26934,0.986634791
26935,0.982421935
26936,0.448553741
26937,1
26938,0.968011677
26939,0.976745427
26940,1
26941,1
26942,0.962472618
26943,1
26944,1
26945,1
26946,0.976054192
26947,1
26948,0.465454429
26949,1
26950,0.958530903
26951,1
26952,1
26953,1
26954,0.979335487
26955,0.97832799
26956,1
26957,0.982780457
26958,0.656289399
26959,1
26960,0.985455453
26961,0.952985823
26962,0.98896271
26963,0.868354797
26964,1
26965,0.987814903
26966,0.930746853
26967,0.95958221
26968,0.966500402
26969,0.989410162
26970,0.928309858
26971,1
26972,1
26973,1
26974,1
26975,0.981342614
26976,0.961818278
26977,0.982247889
26978,0.968100905
26979,0.868491292
26980,1
26981,0.886559308
26982,1
26983,0.976050079
26984,1
26985,1
26986,0.847338617
26987,1
26988,1
26989,0.902559936
26990,1
26991,1
26992,0.981865466
26993,0.975716233
26994,0.981123865
26995,0.976443768
26996,0.979411066
26997,0.981014967
26998,1
26999,0.983843625
27000,0.988175154
27001,0.930851996
27002,0.984338999
27003,1
27004,1
27005,0.944146037
27006,0.98513478
27007,1
27008,0.972461641
27009,0.984750629
27010,0.982705712
27011,1
27012,0.636396945
27013,0.9695701
27014,1
27015,0.861668289
27016,0.986276269
27017,1
27018,0.97369951
27019,1
27020,0.965453386
27021,0.977539539
27022,0.975043237
27023,1
27024,1
27025,0.970433533
27026,1
27027,1
27028,0.333073318
27029,0.986921668
27030,0.982917249
27031,1
27032,0.968904913
27033,0.985106826
27034,0.983786404
27035,0.86386478
27036,0.959579885
27037,0.974030733
27038,0.973063052
27039,1
27040,0.464374006
27041,1
27042,0.900885999
27043,0.984101951
27044,0.867455423
27045,0.720747411
27046,0.436009228
27047,1
27048,0.834374368
27049,1
27050,0.480157793
27051,1
27052,0.967893839
27053,1
27054,0.988333821
27055,1
27056,0.979553938
27057,1
27058,0.696880817
27059,0
27060,0.989561975
27061,1
27062,0.940581918
27063,0.97598207
27064,0.959804833
27065,1
27066,1
27067,0.915415108
27068,1
27069,0.971973896
27070,0.984624863
27071,1
27072,1
27073,1
27074,0.988214254
27075,0.975455046
27076,0.989138544
27077,0.981582165
27078,0.868728638
27079,0.981259763
27080,1
27081,0.989438355
27082,0.961864531
27083,0.749181271
27084,1
27085,0.977203965
27086,0.948739648
27087,1
27088,0.943619251
27089,0.959688246
27090,1
27091,0.950143158
27092,0.989304662
27093,0.946424365
27094,1
27095,0.973447263
27096,1
27097,1
27098,0.961999953
27099,1
27100,0.982148945
27101,1
27102,0.977030277
27103,1
27104,1
27105,1
27106,0.529146671
27107,0.977013111
27108,0.978586257
27109,1
27110,0.979606807
27111,1
27112,0.975345373
27113,0.96468395
27114,1
27115,0.971535325
27116,0.97615552
27117,0.986380041
27118,0.987465143
27119,0.981125712
27120,1
27121,1
27122,0.989839435
27123,0.548244834
27124,0.749924123
27125,0.981584251
27126,0.967476428
27127,0.985442877
27128,1
27129,0.951122999
27130,0.955120564
27131,1
27132,1
27133,1
27134,0.979076147
27135,0.983268857
27136,0.972649872
27137,0.96773159500000006
27138,0.984633625
27139,1
27140,1
27141,1
27142,0.934776127
27143,0.977950633
27144,0.958828151
27145,0.950092912
27146,0.980185032
27147,1
27148,0.919378102
27149,1
27150,0.975403547
27151,0.982955158
27152,0.855668545
27153,0.971367717
27154,1
27155,0.961239934
27156,0.98130554
27157,1
27158,1
27159,0.974150419
27160,0.986816943
27161,0.963697612
27162,1
27163,1
27164,0.447637469
27165,1
27166,1
27167,0.978320599
27168,0.988883972
27169,0.968638837
27170,1
27171,1
27172,0.968895733
27173,0.978415668
27174,1
27175,1
27176,1
27177,0.980278552
27178,1
27179,0.986516476
27180,0.948421419
27181,0.537922859
27182,0.486349225
27183,1
27184,0.662673771
27185,1
27186,0.870646179
27187,0.988445163
27188,0.880657494
27189,1
27190,0.983209968
27191,1
27192,0.86926651
27193,1
27194,1
27195,0.9634341
27196,0.98871547
27197,0.987359345
27198,0.949235439
27199,0.979372919
27200,0.982322753
27201,0.977211714
27202,0.925706744
27203,0.970543444
27204,0.983201563
27205,1
27206,0.986573696
27207,0.976044655
27208,0.986849308
27209,0.967038214
27210,0.924957693
27211,1
27212,0.959397376
27213,0.894373477
27214,0.986139417
27215,0.694707215
27216,1
27217,0.890439332
27218,0.970926881
27219,0.962631106
27220,0.984565318
27221,1
27222,0.975797355
27223,0.879368901
27224,1
27225,1
27226,0.88354677
27227,0.951554239
27228,1
27229,1
27230,0.987244546
27231,0.967903674
27232,0.984335542
27233,0.948584199
27234,0.974452198
27235,1
27236,0.770553768
27237,0.342564076
27238,0.710540354
27239,0.838817835
27240,0.971913636
27241,1
27242,1
27243,0.984360993
27244,0.970540226
27245,0.97279954
27246,0.978234589
27247,0.987065792
27248,0.767773092
27249,0.972601831
27250,0.861231268
27251,0.82380116
27252,0.936463296
27253,0.961887777
27254,0.966915727
27255,1
27256,1
27257,0.985795617
27258,0.926862299
27259,1
27260,0.985730529
27261,1
27262,0.839320421
27263,0.986850679
27264,1
27265,0.399555236
27266,0.984366953
27267,1
27268,1
27269,0.955884934
27270,0.98056823
27271,1
27272,0.890491307
27273,1
27274,1
27275,0.98232919
27276,1
27277,0.978841722
27278,1
27279,1
27280,1
27281,0.944786608
27282,0.601622522
27283,0.955433071
27284,1
27285,0.984352529
27286,0.954421818
27287,0.789382994
27288,0.953602016
27289,0.856775224
27290,1
27291,1
27292,0.959080935
27293,0.989760101
27294,0.980693638
27295,1
27296,0.982334852
27297,0.960369229
27298,0.979599357
27299,1
27300,1
27301,0.980561674
27302,0.977700293
27303,0.973172963
27304,1
27305,0.904470265
27306,0.908155441
27307,0.982514978
27308,1
27309,0.957023561
27310,0.963628531
27311,0.978659451
27312,1
27313,0.817265987
27314,1
27315,0.937924981
27316,1
27317,1
27318,1
27319,0.982140362
27320,1
27321,0.970364809
27322,1
27323,0.769863904
27324,1
27325,0.984593988
27326,0.910232425
27327,0.974629641
27328,0.986701787
27329,0.976476193
27330,1
27331,0.983300209
27332,0.983468771
27333,1
27334,1
27335,1
27336,0.988244772
27337,1
27338,0.988581002
27339,0.873550654
27340,0.979839504
27341,0.583193719
27342,0.432145506
27343,0.967998028
27344,0.984244227
27345,0.941673458
27346,1
27347,1
27348,1
27349,0.951078475
27350,1
27351,0.970209837
27352,1
27353,0.924755812
27354,1
27355,0.747321427
27356,0.982246578
27357,0.970484376
27358,0.980605364
27359,0.982879579
27360,1
27361,0.953485251
27362,1
27363,0.890604019
27364,0.988678753
27365,1
27366,0.952925623
27367,0.848224759
27368,1
27369,0.85710305
27370,0.918513477
27371,1
27372,0.989465118
27373,1
27374,0.902640402
27375,1
27376,0.970419288
27377,0.985081017
27378,0.964585364
27379,1
27380,0.970878184
27381,1
27382,1
27383,1
27384,1
27385,0.965728343
27386,1
27387,0.987230241
27388,1
27389,0.985202253
27390,0.919150114
27391,0.92117101
27392,1
27393,0.988106847
27394,0.983199298
27395,1
27396,1
27397,0.977578938
27398,0.935331225
27399,0.938107073
27400,1
27401,1
27402,1
27403,0.974013925
27404,0.910697997
27405,1
27406,1
27407,1
27408,0.810006261
27409,0.958575249
27410,1
27411,0.982966304
27412,1
27413,1
27414,0.977428138
27415,1
27416,1
27417,0.983563006
27418,0.976914764
27419,0.978020608
27420,0.946809471
27421,0.96423918
27422,1
27423,1
27424,1
27425,0.983424127
27426,1
27427,0.984764278
27428,1
27429,0.986345351
27430,0.904029787
27431,0.988917232
27432,1
27433,0.972670496
27434,0.966310263
27435,1
27436,1
27437,0.872904122
27438,0.938169539
27439,0.972977042
27440,1
27441,1
27442,0.980500817
27443,0.980501056
27444,1
27445,0.722937524
27446,1
27447,0.989310026
27448,1
27449,1
27450,0.974159718
27451,0.875211
27452,0.978596807
27453,1
27454,1
27455,0.972963572
27456,0.988125682
27457,0.98795563
27458,0.90626049
27459,0.900846422
27460,1
27461,0.987145305
27462,1
27463,0.98848933
27464,1
27465,0.977514625
27466,0.981393039
27467,1
27468,0.847221613
27469,0.913510978
27470,0.984567642
27471,0.986019731
27472,0.989834964
27473,0.981019557
27474,0.986005664
27475,1
27476,0.959551573
27477,0.987318218
27478,1
27479,0.988877237
27480,1
27481,0.987264514
27482,0.961450338
27483,1
27484,0.976409316
27485,1
27486,0.965842068
27487,0.986397803
27488,0.987505436
27489,0.972514212
27490,0.979843199
27491,1
27492,0.963292003
27493,0.962041795
27494,0.974603593
27495,1
27496,0.981577694
27497,0.965924382
27498,1
27499,0.95889771
27500,0.982053757
27501,0.989396393
27502,0.988653362
27503,0.978750467
27504,0.932063937
27505,1
27506,0.871437967
27507,1
27508,0.97702539
27509,0.951152623
27510,1
27511,0.986534894
27512,0.987402022
27513,1
27514,0.897150636
27515,0.850283682
27516,1
27517,0.98684746
27518,0.980997741
27519,1
27520,0.95945036400000006
27521,0.984663785
27522,0.988902867
27523,1
27524,0.843144059
27525,0.97233969
27526,0.951567054
27527,1
27528,0.971251309
27529,1
27530,0.987974763
27531,0.978407323
27532,0.972501099
27533,1
27534,0.95836091
27535,0.983991146
27536,0.986466825
27537,1
27538,0.931728303
27539,0.982701004
27540,1
27541,1
27542,0.974521279
27543,0.939482451
27544,1
27545,0.922765136
27546,0.969675005
27547,0.98716104
27548,0.971717835
27549,0.986832738
27550,1
27551,1
27552,0.981815696
27553,1
27554,1
27555,0.964792907
27556,0.986050546
27557,0.9892658
27558,0.97293514
27559,0.948843002
27560,0.948291898
27561,0.959175587
27562,1
27563,0.968511105
27564,1
27565,0.763634801
27566,0.989850521
27567,0.985494733
27568,1
27569,0.967287242
27570,0.976014793
27571,1
27572,0.984455824
27573,0.95320195
27574,0.971897543
27575,0.987852812
27576,1
27577,1
27578,1
27579,0.939744234
27580,1
27581,0.982779324
27582,0.949147761
27583,1
27584,1
27585,0.971425176
27586,0.983252764
27587,1
27588,0.974136949
27589,1
27590,0.955185294
27591,1
27592,0.944460154
27593,1
27594,0.956086338
27595,0.974908292
27596,1
27597,0.93532747
27598,1
27599,0.767411232
27600,0.983620763
27601,1
27602,1
27603,0.960095286
27604,1
27605,0.98387593
27606,0.970641971
27607,1
27608,1
27609,0.969646394
27610,1
27611,0.982533395
27612,0.984317899
27613,1
27614,1
27615,0.953035176
27616,1
27617,0.982524931
27618,0.894714892
27619,1
27620,1
27621,0.974816382
27622,0.984401286
27623,0.966219902
27624,0.935344994
27625,1
27626,0.421961069
27627,0.594887435
27628,0.979542255
27629,1
27630,0.986396968
27631,1
27632,0.956336618
27633,1
27634,0.971016765
27635,1
27636,1
27637,1
27638,0.976764262
27639,1
27640,0.983383894
27641,0.964856148
27642,1
27643,1
27644,0.958780885
27645,0.969803333
27646,0.980420828
27647,1
27648,0.895151198
27649,0.959956527
27650,1
27651,1
27652,0.915860295
27653,0.986711979
27654,1
27655,0.951046646
27656,0.985254407
27657,0.912422895
27658,1
27659,0.985216498
27660,0.958343625
27661,0.982408702
27662,0.989037216
27663,1
27664,1
27665,0.972518504
27666,0.967399597
27667,0.971497417
27668,1
27669,0.98958379
27670,0.907678843
27671,0.885035515
27672,1
27673,1
27674,0.956952334
27675,0.989469647
27676,0.979211271
27677,0.914532125
27678,1
27679,1
27680,1
27681,0.944446743
27682,0.956870377
27683,0.915536404
27684,1
27685,0.875964463
27686,0.983053386
27687,0.957862914
27688,0.98627466
27689,1
27690,0.982127786
27691,0.95374471
27692,0.976822972
27693,1
27694,1
27695,0.984807372
27696,1
27697,0.873702288
27698,0.987395048
27699,0.901300967
27700,0.92609936
27701,0.166526362
27702,0.969541729
27703,1
27704,0.949882507
27705,0.972569466
27706,0.471745104
27707,0.988019645
27708,1
27709,0.979487121
27710,0.977542877
27711,1
27712,1
27713,1
27714,0.941435278
27715,0.967550218
27716,1
27717,0.980047882
27718,0.942197859
27719,1
27720,0.979699552
27721,0.979413509
27722,0.960869968
27723,0.975505412
27724,0.960476875
27725,0.986574352
27726,0.452549964
27727,0.91704315
27728,1
27729,0.913980782
27730,0.956236839
27731,0.988741815
27732,0.978001595
27733,0.959347665
27734,0.95116967
27735,1
27736,0.983471096
27737,1
27738,1
27739,0.983262897
27740,0.722633958
27741,1
27742,1
27743,0.883592427
27744,1
27745,1
27746,1
27747,1
27748,0.980895698
27749,0.904792368
27750,0.97281903
27751,1
27752,0.400658786
27753,0.91450119
27754,1
27755,0.971937537
27756,1
27757,0.987202108
27758,0.948730826
27759,0.989754975
27760,1
27761,0.811681032
27762,0.941615224
27763,0.967152298
27764,0.633782744
27765,1
27766,1
27767,1
27768,1
27769,1
27770,0.933421433
27771,1
27772,0.933652878
27773,1
27774,0.988844156
27775,1
27776,0.980568767
27777,0.56472218
27778,0.94600004
27779,0.969145238
27780,0.983892441
27781,0.96917969
27782,0.970763803
27783,1
27784,0.94553566
27785,1
27786,1
27787,1
27788,1
27789,0.968095422
27790,1
27791,0.372475267
27792,1
27793,1
27794,0.960599721
27795,0.976819098
27796,0.971658766
27797,1
27798,1
27799,1
27800,0.971771419
27801,1
27802,1
27803,1
27804,0.98681438
27805,0.954124689
27806,0.987199009
27807,1
27808,1
27809,0.958656669
27810,1
27811,0.984443545
27812,1
27813,0.976355791
27814,0.963688672
27815,0.948160708
27816,0.97662884
27817,1
27818,1
27819,1
27820,1
27821,1
27822,0.605412006
27823,1
27824,0.61656177
27825,0.989391089
27826,0.876428723
27827,0.975543618
27828,0.969023407
27829,0.813356638
27830,0.830437362
27831,1
27832,1
27833,1
27834,0.947841764
27835,0.984993696
27836,0.987327516
27837,1
27838,1
27839,0.693799734
27840,1
27841,1
27842,1
27843,1
27844,1
27845,0.988394737
27846,0.968861342
27847,0.940654039
27848,1
27849,1
27850,1
27851,1
27852,1
27853,1
27854,1
27855,1
27856,1
27857,0.985765517
27858,0.980452895
27859,0.919961274
27860,0.976395845
27861,1
27862,1
27863,0.967987776
27864,1
27865,0.931398511
27866,1
27867,0.985681415
27868,1
27869,1
27870,0.947367668
27871,1
27872,1
27873,1
27874,0.981905341
27875,0.720689654
27876,1
27877,0.98562187
27878,0.42836374
27879,1
27880,0.932622492
27881,0.928449154
27882,1
27883,1
27884,0.972187579
27885,0.927250564
27886,0.977872431
27887,0.857636631
27888,1
27889,0.980208218
27890,0.968025625
27891,1
27892,0.965507567
27893,0.753132701
27894,0.82864511
27895,0.966179252
27896,1
27897,0.986832738
27898,0.87131536
27899,1
27900,0.989973426
27901,0.90975982
27902,1
27903,1
27904,0.852585137
27905,0.983180165
27906,1
27907,1
27908,0.937688887
27909,0.91742295
27910,0.98926723
27911,0.727809429
27912,1
27913,1
27914,0.978969574
27915,1
27916,0.98088443299999994
27917,0.962276399
27918,1
27919,1
27920,0.975518346
27921,0.971214056
27922,1
27923,0.985572875
27924,0.962958098
27925,1
27926,0.9832744
27927,1
27928,0.948506534
27929,0.83119154
27930,0.965196669
27931,1
27932,0.988605201
27933,0.977204084
27934,0.957528472
27935,0.974991918
27936,1
27937,0.957227409
27938,0.987258613
27939,1
27940,0.850393832
27941,0.962223291
27942,0.977794647
27943,1
27944,0.987526476
27945,1
27946,0.92680513899999994
27947,1
27948,0.936358988
27949,1
27950,0.988765895
27951,1
27952,0.971855223
27953,0.979124963
27954,1
27955,1
27956,0.973495722
27957,1
27958,0.836465478
27959,0.959462762
27960,0.841846824
27961,1
27962,1
27963,1
27964,0.948260248
27965,1
27966,0.987159133
27967,0.958865166
27968,0.984404266
27969,0.982004225
27970,0.955860436
27971,0.981387258
27972,0.986679137
27973,0.987575412
27974,0.953717589
27975,1
27976,0.987102211
27977,1
27978,1
27979,1
27980,0.967045367
27981,0.950596809
27982,0.685785532
27983,0.976109266
27984,0.989982903
27985,1
27986,0.925584853
27987,0.472025394
27988,0.952617765
27989,0.981476843
27990,0.949578524
27991,1
27992,1
27993,0.975842536
27994,1
27995,0.966573894
27996,0.97539413
27997,1
27998,1
27999,0.981256783
28000,1
28001,0.956637621
28002,1
28003,0.948918641
28004,0.976067483
28005,0.988240242
28006,0.98052752
28007,1
28008,0.959791124
28009,0.961288273
28010,0.95901829
28011,1
28012,1
28013,1
28014,1
28015,0.965856075
28016,1
28017,0.960417569
28018,0.962742984
28019,0.987704039
28020,0.952176452
28021,0.980201304
28022,0.96203506
28023,0.261727333
28024,0.980609596
28025,0.989453316
28026,0.988057613
28027,1
28028,1
28029,0.979062915
28030,0.98449415
28031,1
28032,1
28033,1
28034,1
28035,1
28036,1
28037,1
28038,0.94168824
28039,0.854220808
28040,0.98403132
28041,0.927948892
28042,0.983342528
28043,1
28044,1
28045,1
28046,0.979631841
28047,0.954588413
28048,1
28049,0.987769544
28050,1
28051,0.986447215
28052,1
28053,1
28054,0.980985463
28055,1
28056,1
28057,1
28058,0.984934211
28059,0.971001506
28060,0.925131142
28061,1
28062,0.9879632
28063,0.191661418
28064,0.80101186
28065,1
28066,1
28067,1
28068,0.964185178
28069,1
28070,1
28071,0.977795124
28072,1
28073,0.98953855
28074,0.920032084
28075,0.980624616
28076,0.915771902
28077,0.947358251
28078,0.931513071
28079,1
28080,0.962747872
28081,1
28082,0.914082289
28083,0.95266813
28084,1
28085,0.948080838
28086,0.989753962
28087,0.896137834
28088,0.989659131
28089,0.988566876
28090,0.952187896
28091,0.974678099
28092,1
28093,0.989782572
28094,1
28095,0.971673966
28096,0.93950069
28097,1
28098,1
28099,0.988153875
28100,0.949105799
28101,1
28102,1
28103,0.887445331
28104,1
28105,1
28106,1
28107,1
28108,0.911248744
28109,0.95562923
28110,0.988020837
28111,0.983861208
28112,1
28113,1
28114,0.973771155
28115,0.973635376
28116,0.976043403
28117,0.985680819
28118,0.85892421
28119,0.988437355
28120,0.964091003
28121,1
28122,1
28123,0.988179326
28124,0.980255842
28125,0.88250339
28126,1
28127,0.734052122
28128,0.947767019
28129,1
28130,1
28131,1
28132,1
28133,0.988315105
28134,1
28135,0.971594393
28136,0.980902433
28137,0.983973444
28138,1
28139,1
28140,0.885360003
28141,1
28142,0.9441306
28143,0.325193137
28144,0.989562094
28145,0.904867649
28146,0.630459607
28147,1
28148,0.971666992
28149,0.537574649
28150,1
28151,1
28152,0.968177557
28153,0.924888551
28154,0.98946476
28155,0.973311842
28156,0.981475711
28157,1
28158,1
28159,0.964406908
28160,0.980305791
28161,1
28162,0.975069881
28163,0.931104064
28164,1
28165,1
28166,0.988801122
28167,0.722769976
28168,1
28169,1
28170,0.983446181
28171,0.97205078600000006
28172,0.549408197
28173,1
28174,0.983496904
28175,1
28176,0.981569767
28177,1
28178,0.858995497
28179,1
28180,0.985688686
28181,1
28182,1
28183,1
28184,1
28185,0.974206448
28186,1
28187,0.980019689
28188,0.9732669
28189,0.981583059
28190,1
28191,0.985751689
28192,0.973225355
28193,0.983215988
28194,0.974449039
28195,0.975262046
28196,1
28197,0.971835494
28198,1
28199,0.981783986
28200,0.982516527
28201,1
28202,1
28203,0.952818871
28204,0.946200013
28205,1
28206,0.979728758
28207,0.976472974
28208,0.97447896
28209,0.971487284
28210,0.96735996
28211,0.987266958
28212,1
28213,1
28214,0.970257223
28215,0.958668888
28216,1
28217,0.988050818
28218,0.980841994
28219,0.926849723
28220,0.984966278
28221,0.975764811
28222,0.920256555
28223,1
28224,0.984844983
28225,0.971214294
28226,0.949948311
28227,0.96918273
28228,0.953948021
28229,0.987827778
28230,1
28231,0.98955965
28232,0.982853115
28233,0.962520659
28234,0.985644102
28235,1
28236,1
28237,1
28238,1
28239,1
28240,0.583750844
28241,0.970650137
28242,1
28243,0.932685077
28244,1
28245,1
28246,0.985866189
28247,0.989114165
28248,1
28249,0.925673187
28250,0.51706177
28251,0.782917261
28252,1
28253,1
28254,0.284471691
28255,0.963813186
28256,1
28257,1
28258,0.966395855
28259,0.977406144
28260,1
28261,0.947319269
28262,0.967091322
28263,1
28264,0.974736512
28265,0.96770221
28266,0.959432483
28267,0.962389886
28268,1
28269,0.984475434
28270,1
28271,0.938391984
28272,0.981368363
28273,0.976635337
28274,1
28275,0.988870561
28276,0.98915571
28277,1
28278,0.984898031
28279,0.987954378
28280,0.865496635
28281,0.960298419
28282,1
28283,0.988661528
28284,1
28285,1
28286,1
28287,1
28288,0.988001287
28289,1
28290,0.911989987
28291,0.964271426
28292,1
28293,1
28294,1
28295,1
28296,1
28297,1
28298,1
28299,0.975071907
28300,0.981959164
28301,0.94725585
28302,0.957027018
28303,0.780499399
28304,1
28305,1
28306,0.943858981
28307,1
28308,0.915353715
28309,1
28310,0.953024149
28311,1
28312,0.987189591
28313,0.976578713
28314,0.985575914
28315,0.988482773
28316,0.960277736
28317,1
28318,0.986030579
28319,0.936653018
28320,1
28321,0.951960027
28322,0.963254213
28323,0.933202446
28324,0.981628895
28325,0.922760785
28326,0.988949418
28327,0.965330243
28328,1
28329,0.97536546
28330,0.941070437
28331,0.965954661
28332,1
28333,0.957906306
28334,0.972849429
28335,0.9681741
28336,1
28337,0.95797044
28338,0.975960195
28339,0.955637157
28340,0.987338066
28341,1
28342,1
28343,0.961625934
28344,0.982656777
28345,0.973716438
28346,0.897988498
28347,0.983515918
28348,0.658497095
28349,0.987433374
28350,0.932293594
28351,0.98637718
28352,1
28353,0.923071683
28354,0.987816155
28355,1
28356,1
28357,0.984203339
28358,1
28359,0.980019569
28360,0.988245845
28361,0.811019659
28362,0.989465475
28363,0.845064819
28364,0.978195906
28365,0.973159671
28366,1
28367,0.920039058
28368,0.989718914
28369,1
28370,0.971182466
28371,0.97302264
28372,0.954169214
28373,0.923297763
28374,1
28375,0.986004531
28376,1
28377,0.921062172
28378,1
28379,1
28380,0.98818934
28381,0.318485946
28382,1
28383,0.901283681
28384,0.960480154
28385,0.628336668
28386,1
28387,0.982379913
28388,0.951768398
28389,0.972741306
28390,1
28391,0.980047524
28392,1
28393,0.874950051
28394,1
28395,0.980086923
28396,1
28397,1
28398,0.978536308
28399,0.934523463
28400,1
28401,0.944357336
28402,0.575114667
28403,0.744332194
28404,0.983968139
28405,0.439975679
28406,0.778735697
28407,0.973303258
28408,0.915586591
28409,0.987658024
28410,0.977628291
28411,0.978837371
28412,0.985766172
28413,0.973992646
28414,1
28415,0.987955749
28416,0.237284899
28417,0.984905541
28418,0.959987938
28419,1
28420,1
28421,0.968034864
28422,0.895274818
28423,0.658385575
28424,1
28425,1
28426,1
28427,0.981342137
28428,0.960974276
28429,0.955720246
28430,0.789997041
28431,1
28432,1
28433,0.96816963
28434,0.829403579
28435,0.982244313
28436,0.970978439
28437,1
28438,0.965123475
28439,0.962926447
28440,1
28441,0.974069119
28442,0.984952748
28443,1
28444,1
28445,1
28446,0.961219847
28447,1
28448,1
28449,1
28450,0.915484548
28451,1
28452,0.987987876
28453,1
28454,1
28455,1
28456,0.978500009
28457,0.989367306
28458,1
28459,0.985568821
28460,0.928041518
28461,0.96952939
28462,1
28463,0.938393593
28464,1
28465,0.442951143
28466,0.964432299
28467,1
28468,0.972526491
28469,1
28470,1
28471,0.960668266
28472,0.655380607
28473,0.987565339
28474,1
28475,0.984434068
28476,1
28477,0.732489586
28478,0.972922623
28479,0.149669275
28480,0.978829145
28481,1
28482,1
28483,1
28484,0.94869148700000006
28485,0.920225799
28486,0.979962111
28487,0.984392047
28488,0.937513232
28489,0.9889341
28490,0.7222386
28491,0.801769912
28492,0.430948973
28493,1
28494,1
28495,0.943547726
28496,0.846123934
28497,0.983184993
28498,1
28499,0.926935196
28500,0.975964725
28501,1
28502,1
28503,1
28504,1
28505,1
28506,1
28507,0.91579169
28508,1
28509,0.984863102
28510,1
28511,1
28512,0.981517732
28513,0.989884973
28514,0.961734295
28515,0.988672555
28516,0.986785948
28517,1
28518,1
28519,1
28520,0.985993028
28521,1
28522,0.967045724
28523,1
28524,0.935168386
28525,0.959950388
28526,1
28527,0.115707964
28528,1
28529,0.972591639
28530,0.975281835
28531,0.958820045
28532,0.649147332
28533,0.974060476
28534,0.970071852
28535,0.984477282
28536,0.975970149
28537,1
28538,0.983315229
28539,1
28540,0.958990276
28541,1
28542,0.981170356
28543,0.908565104
28544,1
28545,0.981708884
28546,1
28547,1
28548,0.479922622
28549,0.98088479
28550,0.98869729
28551,1
28552,1
28553,0.916837871
28554,0.976906955
28555,0.727723897
28556,0.969455242
28557,1
28558,0.98564595
28559,1
28560,1
28561,0.945966542
28562,0.971756816
28563,0.98960191
28564,1
28565,1
28566,0.913345814
28567,0.812338889
28568,0.979955375
28569,0.859583795
28570,0.949645698
28571,0.984810054
28572,0.953955114
28573,0.735367537
28574,1
28575,0.988572121
28576,0.979636073
28577,1
28578,0.986442566
28579,1
28580,0.987759769
28581,0.973325193
28582,1
28583,0.982591212
28584,1
28585,0.959931493
28586,0.977021992
28587,1
28588,0.958897054
28589,1
28590,0.303868204
28591,1
28592,0.964292526
28593,0.937829077
28594,0.985262752
28595,1
28596,1
28597,0.951952994
28598,1
28599,0.954898894
28600,0.985336483
28601,0.971228898
28602,1
28603,0.982275128
28604,1
28605,1
28606,1
28607,0.347612977
28608,1
28609,0.975726664
28610,0.601140022
28611,0.987458706
28612,0.976515591
28613,0.988632977
28614,0.683002472
28615,0.851519406
28616,1
28617,0.987760127
28618,0.971609116
28619,0.980757356
28620,0.97471273
28621,0.982197702
28622,0.954704642
28623,1
28624,0.983486533
28625,0.980450153
28626,1
28627,0.984315217
28628,1
28629,0.96976459
28630,1
28631,0.92889446
28632,1
28633,1
28634,0.982259631
28635,0.889287412
28636,0.989295423
28637,1
28638,0.983394623
28639,1
28640,0.978062213
28641,0.986940682
28642,1
28643,1
28644,0.976021171
28645,0.743599832
28646,0.982655883
28647,0.988111973
28648,0.936139584
28649,0.937412918
28650,1
28651,1
28652,0.968958616
28653,1
28654,1
28655,0.920854211
28656,1
28657,0.978688836
28658,0.94665134
28659,1
28660,0.970319629
28661,1
28662,0.905047059
28663,0.987996042
28664,1
28665,0.965920389
28666,0.96882087
28667,0.970003188
28668,0.966044426
28669,0.65748471
28670,0.943463743
28671,0.971417427
28672,0.985568941
28673,1
28674,0.778586686
28675,0.973421991
28676,1
28677,0.980628252
28678,0.987734377
28679,0.967713594
28680,0.98153162
28681,0.982786775
28682,0.985389948
28683,0.824741125
28684,0.899149954
28685,0.987902165
28686,1
28687,0.988601148
28688,0.53931123
28689,1
28690,0.970509648
28691,0.925592423
28692,0.960244417
28693,1
28694,0.978817284
28695,0.970191002
28696,1
28697,0.359525979
28698,0.835491836
28699,0.906405032
28700,0.985859096
28701,0.985850275
28702,0.957756162
28703,1
28704,1
28705,1
28706,0.983486772
28707,0.933728755
28708,0.900012016
28709,0.912747622
28710,1
28711,0.978329837
28712,1
28713,1
28714,0.953519642
28715,1
28716,0.988124311
28717,0.954021931
28718,0.90269649
28719,0.981787205
28720,0.984836757
28721,0.96660167
28722,1
28723,0.982380748
28724,0.970515728
28725,1
28726,0.957071364
28727,0.978124619
28728,0.985992491
28729,1
28730,0.972303867
28731,0.892415643
28732,0.923341453
28733,0.988963604
28734,1
28735,0.922148407
28736,0.96111393
28737,0.929829538
28738,0.98995626
28739,1
28740,1
28741,0.957013845
28742,0.981200039
28743,0.986208558
28744,0.959415615
28745,0.986706555
28746,1
28747,0.969743729
28748,1
28749,0.989756286
28750,1
28751,0.974764645
28752,0.873462498
28753,0.980843127
28754,0.963015139
28755,0.747557581
28756,0.951251686
28757,1
28758,1
28759,1
28760,0.883477747
28761,0.962124527
28762,0.988655448
28763,1
28764,0.939817727
28765,0.782052338
28766,0.97166723
28767,0.971374333
28768,0.982675195
28769,1
28770,0.913170397
28771,0.972447693
28772,0.963812232
28773,1
28774,1
28775,0.98843956
28776,0.969184279
28777,1
28778,0.956966877
28779,1
28780,0.920454264
28781,0.91996479
28782,0.969915152
28783,1
28784,0.971209347
28785,0.982366562
28786,0.973674953
28787,0.965953529
28788,1
28789,0.989444673
28790,1
28791,1
28792,1
28793,1
28794,1
28795,1
28796,1
28797,0.202146426
28798,0.978474855
28799,0.968127489
28800,0.631237507
28801,0.943713903
28802,1
28803,1
28804,1
28805,1
28806,0.988062143
28807,0.981518209
28808,0.942828059
28809,0.959343255
28810,1
28811,0.971394002
28812,0.943973601
28813,0.929630578
28814,0.943001211
28815,1
28816,0.54330951
28817,1
28818,1
28819,1
28820,1
28821,1
28822,0.981472731
28823,0.899039924
28824,1
28825,1
28826,0.982768357
28827,0.89984643499999994
28828,0.599128783
28829,0.354073823
28830,1
28831,0.851496518
28832,0.989361703
28833,0.958050191
28834,0.96022737
28835,1
28836,0.983142793
28837,1
28838,0.943113625
28839,0.951490879
28840,0.983690202
28841,0.987976849
28842,1
28843,0.982918859
28844,0.942187727
28845,0.983824849
28846,0.982468844
28847,0.966307461
28848,1
28849,1
28850,1
28851,1
28852,0.982573211
28853,1
28854,0.927608967
28855,1
28856,0.851661801
28857,0.944786787
28858,1
28859,0.865786791
28860,0.962307096
28861,0.985278487
28862,0.963332832
28863,1
28864,0.897080898
28865,0.966652453
28866,1
28867,1
28868,0.898476124
28869,0.962677181
28870,0.985248327
28871,0.926061034
28872,1
28873,1
28874,0.919731915
28875,0.961528361
28876,0.984746218
28877,1
28878,0.980738878
28879,0.973130405
28880,0.468984425
28881,0.986697733
28882,0.982983232
28883,0.854544222
28884,0.979428709
28885,0.910401046
28886,0.987302303
28887,0.930300832
28888,1
28889,1
28890,1
28891,0.943662107
28892,1
28893,1
28894,0.925413132
28895,1
28896,0.961125374
28897,0.880109251
28898,1
28899,0.975020111
28900,1
28901,0.980942607
28902,1
28903,0.875945509
28904,1
28905,0.982713103
28906,0.984520972
28907,0.953649402
28908,0.988935411
28909,1
28910,0.959306002
28911,0.922833085
28912,0.933674514
28913,0.957091451
28914,0.985212982
28915,0.97901386
28916,0.948614955
28917,0.963760376
28918,0.97959739
28919,1
28920,0.90638721
28921,1
28922,0.937014282
28923,0.493798077
28924,0.969841957
28925,1
28926,0.988530338
28927,0.983343899
28928,1
28929,0.950353861
28930,0.971334934
28931,0.973202467
28932,0.934895396
28933,1
28934,0.941901624
28935,1
28936,0.92205286
28937,0.973844051
28938,0.984048724
28939,0.679499805
28940,1
28941,1
28942,0.973923981
28943,0.938126624
28944,1
28945,0.927418172
28946,0.982369781
28947,0.640350461
28948,0.983156264
28949,0.94930774
28950,0.956672728
28951,0.978740215
28952,0.874035478
28953,0.971843481
28954,0.973719239
28955,1
28956,1
28957,0.982264519
28958,1
28959,0.987866402
28960,1
28961,1
28962,0.987849295
28963,0.987486243
28964,0.975690007
28965,1
28966,1
28967,1
28968,0.98076725
28969,0.960474968
28970,0.9827739
28971,0.878976524
28972,1
28973,0.95951438
28974,1
28975,0.979111671
28976,0.973715544
28977,0.974474967
28978,0.989558816
28979,1
28980,0.88615936
28981,0.942163587
28982,0.959275186
28983,0.976546884
28984,0.976944566
28985,0.98749733
28986,1
28987,0.874401927
28988,0.522593021
28989,0.825881183
28990,0.975020111
28991,0.971393228
28992,1
28993,0.977423489
28994,0.983608425
28995,1
28996,0.935858011
28997,1
28998,0.964741409
28999,0.974512339
29000,0.967110157
29001,1
29002,0.989607394
29003,0.983958483
29004,0.695711315
29005,0.906166911
29006,0.286304414
29007,1
29008,0.986078441
29009,0.922838986
29010,1
29011,0.98307842
29012,0.980152547
29013,0.98230207
29014,0.943831921
29015,0.912581682
29016,0.983023465
29017,0.803038597
29018,1
29019,0.986348271
29020,0.968165636
29021,0.983271778
29022,0.118935764
29023,0.927374721
29024,1
29025,0.964816213
29026,1
29027,0.984757781
29028,0.966597438
29029,0.985593975
29030,1
29031,0.973972142
29032,0.923243702
29033,1
29034,0.977885842
29035,1
29036,1
29037,1
29038,0.989964306
29039,1
29040,0.972573519
29041,1
29042,1
29043,0.881451666
29044,1
29045,1
29046,0.924048781
29047,0.984086812
29048,0.96958828
29049,0.979167819
29050,0.916985393
29051,1
29052,1
29053,0.976438463
29054,1
29055,0.98253274
29056,0.962446511
29057,1
29058,0.97509557
29059,0.980143368
29060,0.97732085
29061,1
29062,1
29063,0.989580333
29064,1
29065,1
29066,0.988751829
29067,0.958579421
29068,0.937762797
29069,0.975378692
29070,0.875759542
29071,1
29072,1
29073,0.97699374
29074,0.985711515
29075,0.366133779
29076,0.97779578
29077,0.965408444
29078,0.4806692
29079,0.982064664
29080,1
29081,0.941275418
29082,1
29083,0.975609183
29084,0.989812791
29085,0.859175146
29086,1
29087,1
29088,0.923471093
29089,0.747153103
29090,0.887732446
29091,1
29092,0.972373068
29093,1
29094,0.31219992
29095,0.883651316
29096,1
29097,0.98746258
29098,0.983032346
29099,0.647913039
29100,1
29101,0.989133894
29102,0.977613509
29103,1
29104,1
29105,1
29106,0.988086224
29107,0.980989397
29108,0.733876348
29109,0.972011387
29110,1
29111,0.977513433
29112,0.485336572
29113,0.987332761
29114,0.888396442
29115,1
29116,0.916481972
29117,0.98396492
29118,0.901016116
29119,0.984944642
29120,0.957866967
29121,1
29122,0.98507154
29123,0.935810089
29124,1
29125,0.983487129
29126,1
29127,0.981998801
29128,0.937207222
29129,0.980569899
29130,0.973202646
29131,0.969403386
29132,0.984642863
29133,0.981418312
29134,1
29135,0.916023731
29136,1
29137,1
29138,0.910652816
29139,0.989873648
29140,1
29141,0.812486649
29142,0.952596963
29143,0.301536679
29144,1
29145,1
29146,0.984427035
29147,0.932251751
29148,1
29149,1
29150,0.96527952
29151,0.988483369
29152,0.979698777
29153,0.931714416
29154,0.906725466
29155,0.962377966
29156,0.983641505
29157,1
29158,0.968811214
29159,1
29160,0.930529416
29161,0.922950327
29162,1
29163,0.9770841
29164,1
29165,1
29166,0.975253165
29167,1
29168,0.727947176
29169,1
29170,0.93255353
29171,0.989082813
29172,1
29173,0.979929805
29174,1
29175,1
29176,0.975974262
29177,1
29178,0.946453989
29179,0.965099454
29180,0.966160893
29181,1
29182,0.958045602
29183,0.98817724
29184,0.975778282
29185,1
29186,0.981003821
29187,0.9892748
29188,1
29189,0.812486649
29190,0.989193618
29191,0.987157047
29192,0.98713845
29193,0.978181899
29194,0.984655738
29195,0.966828823
29196,1
29197,1
29198,0.741123259
29199,0.959881067
29200,0.954657495
29201,1
29202,0.985030234
29203,1
29204,0.904183149
29205,0.981014848
29206,0.928904355
29207,1
29208,0.986268461
29209,0.935211122
29210,0.984613061
29211,0.986633182
29212,1
29213,0.97816509
29214,0.988419771
29215,0.880303085
29216,0.39478597
29217,0.982619405
29218,1
29219,0.762666166
29220,0.704299331
29221,0.969486952
29222,0.985876381
29223,1
29224,0.980115891
29225,0.981049418
29226,0.949487805
29227,0.883081198
29228,0.978773534
29229,1
29230,0.982182205
29231,1
29232,0.985836506
29233,0.900064349
29234,0.949023545
29235,0.985246539
29236,1
29237,0.957143664
29238,0.768877924
29239,0.989954948
29240,1
29241,0.973738492
29242,0.887953997
29243,1
29244,1
29245,0.959110975
29246,1
29247,1
29248,0.987353742
29249,1
29250,0.963535428
29251,0.972899854
29252,0.960777402
29253,0.918263495
29254,0.944416523
29255,1
29256,1
29257,0.951471448
29258,0.84474808
29259,1
29260,1
29261,0.98078388
29262,1
29263,1
29264,1
29265,0.98656857
29266,1
29267,0.590229452
29268,1
29269,1
29270,1
29271,1
29272,0.959803104
29273,1
29274,0.982759118
29275,0.944226027
29276,0.969725311
29277,1
29278,0.9897995
29279,1
29280,0.989661574
29281,0.964404106
29282,0.930690348
29283,1
29284,0.977665305
29285,0.97485739
29286,0.965286493
29287,1
29288,0.956385791
29289,1
29290,0.546170592
29291,1
29292,0.966969132
29293,1
29294,0.970430613
29295,0.893318653
29296,0.977614522
29297,0.950829327
29298,1
29299,0.977176189
29300,0.947564006
29301,0.812429071
29302,1
29303,0.984786928
29304,1
29305,0.958161295
29306,0.971446335
29307,1
29308,1
29309,0.850449085
29310,0.965345264
29311,1
29312,1
29313,0.842940986
29314,0.920557022
29315,1
29316,0.967990995
29317,1
29318,1
29319,0.979017198
29320,1
29321,1
29322,1
29323,1
29324,0.967190325
29325,0.974760532
29326,0.976896346
29327,1
29328,1
29329,0.747762322
29330,1
29331,0.972058713
29332,0.958639801
29333,1
29334,0.957923174
29335,0.962068915
29336,0.962129176
29337,0.96034205
29338,0.981568277
29339,1
29340,0.972453415
29341,0.828463554
29342,0.910619021
29343,0.707524478
29344,1
29345,1
29346,0.987764061
29347,0.97506839
29348,1
29349,1
29350,0.916819513
29351,0.927080393
29352,0.587913275
29353,1
29354,0.885286093
29355,1
29356,0.94406271
29357,0.986073852
29358,1
29359,1
29360,0.977835476
29361,1
29362,0.946507573
29363,0.985906482
29364,0.7477296
29365,1
29366,0.924836159
29367,1
29368,0.988644123
29369,0.981397629
29370,1
29371,0.975964725
29372,0.80199486
29373,0.987352848
29374,0.98963052
29375,1
29376,0.920133114
29377,0.985876143
29378,0.954297602
29379,0.706252873
29380,0.980107069
29381,1
29382,0.968480349
29383,1
29384,0.971996307
29385,1
29386,0.982888579
29387,1
29388,0.927680552
29389,0.980872154
29390,1
29391,1
29392,0.985437632
29393,1
29394,0.921101809
29395,1
29396,0.947062314
29397,1
29398,0.988689244
29399,0.855932295
29400,1
29401,0.985343635
29402,0.968870759
29403,1
29404,0.985287428
29405,0.989587069
29406,0.97663337
29407,0.968259275
29408,0.906591356
29409,1
29410,0.618644118
29411,0.982528031
29412,0.982737243
29413,0.979420364
29414,0.940968514
29415,0.983810186
29416,0.96712887299999994
29417,1
29418,0.968534946
29419,1
29420,1
29421,1
29422,0.899532735
29423,0.968155325
29424,0.944929838
29425,1
29426,0.988779783
29427,1
29428,1
29429,0.869689286
29430,0.987415254
29431,0.940086782
29432,0.649225652
29433,0.977828622
29434,1
29435,0.983481586
29436,0.989748657
29437,0.480951518
29438,1
29439,0.955205143
29440,1
29441,0.967903674
29442,0.989634156
29443,1
29444,0.978399992
29445,0.975619316
29446,0.988649488
29447,1
29448,0.967917919
29449,1
29450,0.961166084
29451,0.959656596
29452,0.975774646
29453,0.988590419
29454,1
29455,0.541702569
29456,1
29457,0.946262777
29458,0.951409698
29459,0.971371651
29460,0.948716164
29461,0.913943529
29462,0.985024691
29463,0.97592485
29464,1
29465,0.920064688
29466,1
29467,1
29468,1
29469,0.92877084
29470,0.725070834
29471,0.978882492
29472,0.676531196
29473,0.963767231
29474,1
29475,0.98533833
29476,0.811826229
29477,0.985451639
29478,0.968472123
29479,0.739612997
29480,0.988351286
29481,0.714361846
29482,0.943191528
29483,1
29484,0.97402364
29485,1
29486,0.98990798
29487,1
29488,0.985193253
29489,0.977851331
29490,0.973265767
29491,0.987949967
29492,0.909186184
29493,0.817454457
29494,0.952379704
29495,1
29496,0.97228694
29497,1
29498,0.982438028
29499,1
29500,1
29501,0.982816458
29502,0.960253358
29503,1
29504,1
29505,0.969880045
29506,0.916051507
29507,0.989694476
29508,1
29509,1
29510,0.947739244
29511,1
29512,1
29513,0.976281166
29514,0.974436402
29515,1
29516,1
29517,1
29518,1
29519,1
29520,0.986473322
29521,0.988131642
29522,1
29523,1
29524,1
29525,0.985844493
29526,0.887939215
29527,0.937031925
29528,1
29529,0.941100121
29530,1
29531,1
29532,0.977442861
29533,1
29534,0.962311745
29535,0.984046519
29536,0.966457129
29537,0.908273399
29538,1
29539,1
29540,1
29541,1
29542,0.984203696
29543,1
29544,0.97057724
29545,0.973274231
29546,0.988550484
29547,0.961027563
29548,0.978627741
29549,0.979012072
29550,0.989059687
29551,0.984965324
29552,0.893389463
29553,0.982255697
29554,0.95006299
29555,1
29556,0.974335849
29557,0.952294052
29558,0.979863584
29559,0.970177531
29560,1
29561,0.976109266
29562,0.972285628
29563,1
29564,1
29565,0.794217885
29566,0.984187126
29567,0.628947079
29568,0.989582062
29569,0.981593847
29570,0.973236978
29571,1
29572,1
29573,0.979160726
29574,1
29575,0.88360554
29576,0.984995782
29577,1
29578,0.963675678
29579,1
29580,1
29581,0.951305389
29582,0.951653004
29583,1
29584,0.975677073
29585,1
29586,0.959353268
29587,0.982953429
29588,1
29589,0.987456262
29590,0.272739291
29591,1
29592,0.606710136
29593,0.976918519
29594,1
29595,0.934524298
29596,1
29597,0.983992994
29598,0.986875117
29599,1
29600,0.979687452
29601,0.967446744
29602,0.98701638
29603,1
29604,0.958325565
29605,0.982779622
29606,0.98029846
29607,0.983399928
29608,0.366119206
29609,0.95693773
29610,0.982024789
29611,0.509060681
29612,0.922103822
29613,1
29614,0.988204122
29615,0.93601346
29616,1
29617,1
29618,0.987300694
29619,1
29620,1
29621,0.98463732
29622,0.98059994
29623,0.973018348
29624,0.970162273
29625,1
29626,1
29627,0.984435499
29628,0.989233375
29629,1
29630,0.882032514
29631,0.242860168
29632,0.771545768
29633,1
29634,0.987145305
29635,0.979651034
29636,0.977181077
29637,1
29638,1
29639,0.975272477
29640,0.988066435
29641,0.979517222
29642,0.932004273
29643,1
29644,1
29645,1
29646,0.945614636
29647,0.937348604
29648,1
29649,1
29650,1
29651,0.987967551
29652,0.907729328
29653,0.879309595
29654,1
29655,1
29656,1
29657,1
29658,1
29659,0.985849917
29660,0.889396012
29661,0.902038872
29662,0.963060677
29663,0.987866998
29664,0.949117184
29665,1
29666,1
29667,0.983688951
29668,0.983079195
29669,0.988373995
29670,1
29671,0.973641634
29672,0.982318819
29673,1
29674,0.983740509
29675,0.982116401
29676,0.965352476
29677,1
29678,0.98529619
29679,1
29680,1
29681,0.983819544
29682,0.965186417
29683,1
29684,0.956697524
29685,1
29686,0.976387501
29687,0.968608618
29688,0.988435507
29689,0.980101585
29690,1
29691,1
29692,0.963911891
29693,0.981828272
29694,1
29695,1
29696,1
29697,0.923764229
29698,0.98263526
29699,0.947532892
29700,0.988712668
29701,1
29702,1
29703,0.984297335
29704,1
29705,1
29706,0.972158253
29707,0.967687845
29708,1
29709,1
29710,1
29711,0.925038397
29712,0.987660348
29713,0.941989422
29714,1
29715,1
29716,0.972660244
29717,1
29718,1
29719,0.931496859
29720,0.963331103
29721,0.941798925
29722,1
29723,1
29724,0.978568494
29725,0.921157777
29726,0.978865385
29727,1
29728,1
29729,0.987887025
29730,1
29731,0.972084284
29732,0.976574063
29733,0.969755173
29734,0.987978816
29735,0.913432539
29736,0.975596845
29737,1
29738,0.986633301
29739,0.974983037
29740,1
29741,0.965547502
29742,1
29743,1
29744,0.965028524
29745,0.989903092
29746,1
29747,0.966688752
29748,0.962412179
29749,0.979824185
29750,0.98314327
29751,0.964261711
29752,1
29753,0.940006018
29754,1
29755,1
29756,1
29757,0.981899738
29758,1
29759,0.981397033
29760,0.942589581
29761,0.92395401
29762,0.848517776
29763,1
29764,0.897524118
29765,1
29766,0.989931107
29767,1
29768,1
29769,0.848223984
29770,0.982496798
29771,0.808050633
29772,1
29773,1
29774,0.173827678
29775,0.769059658
29776,0.972950935
29777,1
29778,1
29779,0.9696787
29780,0.944478869
29781,1
29782,0.987553001
29783,0.983516038
29784,0.988510191
29785,1
29786,0.988093317
29787,1
29788,1
29789,1
29790,0.860720813
29791,1
29792,0.98000139
29793,0.904869616
29794,0.98948741
29795,1
29796,0.883632958
29797,0.951578319
29798,0.962477326
29799,0.977050185
29800,0.973752379
29801,0.738457441
29802,0.968138814
29803,0.950490475
29804,0.98115027
29805,1
29806,0.973222077
29807,0.976561785
29808,0.924867272
29809,0.976522684
29810,0.986172974
29811,0.976494372
29812,0.984400928
29813,1
29814,0.91682595
29815,0.987534165
29816,1
29817,0.920791566
29818,0.877276301
29819,0.951949239
29820,0.988674104
29821,0.944078207
29822,0.880437732
29823,0.988674998
29824,1
29825,0.961690486
29826,0.466681361
29827,0.944085896
29828,1
29829,0.93417131900000006
29830,0.96984762
29831,0.922506511
29832,0.930135071
29833,0.338775158
29834,1
29835,0.987475812
29836,0.962842464
29837,0.978820622
29838,0.972191095
29839,0.936655164
29840,0.983594477
29841,0.979183018
29842,1
29843,1
29844,1
29845,1
29846,0.9645859
29847,1
29848,1
29849,0.534331918
29850,1
29851,0.988095999
29852,1
29853,0.966545641
29854,0.984395504
29855,0.987368643
29856,0.971071959
29857,0.950638354
29858,0.980163753
29859,0.985496581
29860,0.755032122
29861,0.979504764
29862,1
29863,0.975715339
29864,0.988373578
29865,1
29866,0.962614298
29867,0.951145768
29868,0.902496159
29869,1
29870,0.985265076
29871,1
29872,0.989119053
29873,0.983376324
29874,0.89119035
29875,1
29876,0.964364231
29877,0.516739011
29878,0.986626685
29879,0.98472935
29880,0.984053791
29881,0.943758428
29882,0.984401286
29883,0.989219964
29884,1
29885,0.944037974
29886,0.984636784
29887,0.978869617
29888,0.985222638
29889,1
29890,0.976996839
29891,0.967502117
29892,0.961013854
29893,0.987693906
29894,0.436935127
29895,0.985645115
29896,1
29897,1
29898,0.965800524
29899,0.955992639
29900,1
29901,1
29902,0.897518456
29903,0.988582373
29904,0.970034599
29905,0.933597624
29906,0.983791351
29907,1
29908,0.989133298
29909,0.93871218
29910,0.953603447
29911,1
29912,1
29913,1
29914,0.971623659
29915,1
29916,0.982395351
29917,1
29918,1
29919,0.978790462
29920,0.983606577
29921,0.977667928
29922,1
29923,0.955551922
29924,0.950202942
29925,0.987570763
29926,1
29927,0.982387304
29928,0.967571974
29929,1
29930,1
29931,0.933833003
29932,0.936634719
29933,0.928281903
29934,1
29935,1
29936,0.96736753
29937,0.965545952
29938,1
29939,0.862479091
29940,0.980036199
29941,1
29942,0.970768869
29943,0.986413121
29944,0.902144253
29945,0.951329887
29946,0.96189791
29947,0.903028369
29948,0.73796761
29949,1
29950,1
29951,1
29952,1
29953,1
29954,0.978985906
29955,0.951600194
29956,1
29957,0.970540226
29958,0.796822131
29959,0.970359445
29960,0.97045958
29961,0.975718617
29962,0.664123833
29963,1
29964,1
29965,1
29966,0.976682425
29967,0.986160994
29968,0.952831149
29969,0.958095372
29970,0.986230791
29971,1
29972,1
29973,1
29974,1
29975,0.789292276
29976,0.971877933
29977,1
29978,0.842680812
29979,1
29980,1
29981,0.986769438
29982,0.987686932
29983,0.946406543
29984,0.989310503
29985,1
29986,0.809248447
29987,0.951476097
29988,0.98503834
29989,1
29990,1
29991,1
29992,1
29993,1
29994,0.979338169
29995,0.947041571
29996,0.84564352
29997,0.989764094
29998,0.909884453
29999,1
30000,0.964509606
30001,0.981326103
30002,0.981867075
30003,0.986399889
30004,0.956804574
30005,0.943739116
30006,0.954270005
30007,0
30008,1
30009,0.989759326
30010,0.599520743
30011,1
30012,0.981296599
30013,0.988139629
30014,0.975571871
30015,0.89678967
30016,1
30017,1
30018,1
30019,0.989675701
30020,0.936741591
30021,0.976554632
30022,0.910543501
30023,0.861215711
30024,1
30025,0.979735613
30026,0.779637575
30027,1
30028,0.977680385
30029,1
30030,1
30031,0.931813896
30032,0.951957464
30033,0.978536189
30034,0.982747495
30035,0.976994216
30036,1
30037,1
30038,0.79452908
30039,0.982561946
30040,0.989001155
30041,0.988631785
30042,0.966172934
30043,0.893039823
30044,0.939346552
30045,1
30046,0.937449992
30047,0.989031851
30048,1
30049,0.971781373
30050,1
30051,0.94108516
30052,0.984846711
30053,0.956102788
30054,1
30055,0.942921221
30056,0.970414996
30057,1
30058,1
30059,0.985957444
30060,1
30061,1
30062,0.985329747
30063,0.978552818
30064,0.9430691
30065,0.8228634
30066,0.957485735
30067,1
30068,0.971759737
30069,1
30070,1
30071,1
30072,0.988237321
30073,0.965336382
30074,0.98868829
30075,0.960708201
30076,0.972696126
30077,0.857179999
30078,0.974502146
30079,0.979038775
30080,0.936214566
30081,1
30082,0.987061024
30083,1
30084,0.935851097
30085,0.630280733
30086,1
30087,0.925378323
30088,1
30089,0.987633467
30090,0.95147413
30091,0.856708765
30092,1
30093,0.276135445
30094,0.989190579
30095,1
30096,0.978740871
30097,1
30098,0.88392514
30099,0.974621832
30100,1
30101,1
30102,1
30103,0.972841382
30104,0.874396384
30105,0.752555966
30106,1
30107,0.948118806
30108,0.800502837
30109,0.955279052
30110,0.98933512
30111,0.9897995
30112,1
30113,1
30114,0.947115302
30115,0.98837471
30116,1
30117,1
30118,1
30119,1
30120,1
30121,1
30122,0.784279287
30123,0.884494603
30124,1
30125,0.984294236
30126,0.989717722
30127,1
30128,1
30129,1
30130,0.985298872
30131,0.974482656
30132,0.878681421
30133,0.961503863
30134,1
30135,1
30136,0.930650473
30137,0.984161735
30138,0.947392821
30139,0.980887532
30140,1
30141,1
30142,1
30143,0.966873527
30144,1
30145,1
30146,0.982823074
30147,0.982599258
30148,0.937590361
30149,0.902953148
30150,1
30151,1
30152,0.979174793
30153,1
30154,0.985346437
30155,0.946071744
30156,1
30157,1
30158,1
30159,1
30160,0.851954997
30161,1
30162,1
30163,1
30164,1
30165,1
30166,0.934629679
30167,1
30168,1
30169,0.985757589
30170,1
30171,1
30172,1
30173,0.984406352
30174,0.987762094
30175,0.982224882
30176,1
30177,0.905212402
30178,0.957048237
30179,0.975658357
30180,0.989999116
30181,0.969765604
30182,1
30183,0.977446377
30184,0.7997123
30185,1
30186,0.969493687
30187,0.978478551
30188,0.987876654
30189,0.970730662
30190,0.985300005
30191,0.987649024
30192,0.926280379
30193,1
30194,0.965800822
30195,1
30196,1
30197,0.969259977
30198,1
30199,1
30200,1
30201,0.934753954
30202,1
30203,0.954420507
30204,1
30205,0.411764413
30206,1
30207,0.966270506
30208,0.936110914
30209,1
30210,0.977268517
30211,1
30212,0.948306918
30213,0.987251997
30214,0.974746168
30215,0.973026335
30216,0.982234061
30217,0.974908948
30218,1
30219,0.930891514
30220,0.978807032
30221,0.982817054
30222,0.947348595
30223,1
30224,0.932006061
30225,0.972826958
30226,1
30227,0.982075036
30228,0.947606087
30229,0.971956313
30230,1
30231,0.978355169
30232,0.95656997
30233,0.98148948
30234,0.989870131
30235,0.229319647
30236,0.980688214
30237,0.885071278
30238,0.98086381
30239,1
30240,1
30241,1
30242,0.989878893
30243,0.976029337
30244,0.914922416
30245,0.963336051
30246,1
30247,1
30248,0.982527673
30249,1
30250,1
30251,0.965444148
30252,0.952724218
30253,0.988417804
30254,0.980664492
30255,1
30256,0.987679958
30257,0.96078676
30258,1
30259,0.989526987
30260,1
30261,1
30262,0.946019471
30263,1
30264,1
30265,1
30266,0.985720754
30267,1
30268,0.949872494
30269,0.988897979
30270,0.97448808
30271,0.989842951
30272,1
30273,0.988867462
30274,0.987842917
30275,0.987217724
30276,1
30277,0.960514903
30278,1
30279,1
30280,0.947005212
30281,0.979336858
30282,1
30283,1
30284,1
30285,0.923696935
30286,0.880352914
30287,0.74103266
30288,1
30289,0.784027755
30290,0.984493017
30291,0.207660526
30292,0.470815897
30293,0.53477478
30294,1
30295,1
30296,1
30297,1
30298,1
30299,0.980793715
30300,1
30301,0.987892151
30302,1
30303,1
30304,1
30305,0.982412279
30306,0.890748024
30307,1
30308,1
30309,0.958080053
30310,1
30311,1
30312,0.796614826
30313,0.987941563
30314,0.982524931
30315,1
30316,0.988532186
30317,1
30318,0.988707662
30319,0.985367537
30320,0.971121728
30321,1
30322,0.866654754
30323,1
30324,1
30325,0.983522177
30326,1
30327,1
30328,0.904295325
30329,1
30330,1
30331,0.943364263
30332,1
30333,1
30334,1
30335,0.98685503
30336,0.97619766
30337,1
30338,0.972634077
30339,1
30340,0.988287509
30341,0.978028953
30342,0.979771674
30343,0.972216964
30344,0.989025056
30345,1
30346,1
30347,1
30348,0.988973439
30349,0.985738933
30350,1
30351,0.988634467
30352,0.985851467
30353,0.981795013
30354,0.328465134
30355,0.939542472
30356,0.98153621
30357,0.970532894
30358,0.971900225
30359,1
30360,1
30361,1
30362,0.872020125
30363,0.611651719
30364,0.969432712
30365,0.890706718
30366,1
30367,1
30368,1
30369,1
30370,0.934688032
30371,0.778496862
30372,1
30373,1
30374,0.957370222
30375,1
30376,0.980748177
30377,0.985183954
30378,1
30379,1
30380,0.893461943
30381,1
30382,0.982035577
30383,0.955207586
30384,0.976585448
30385,0.947637677
30386,0.93757689
30387,1
30388,0.923727751
30389,0.397499114
30390,1
30391,1
30392,0.848603547
30393,0.982979894
30394,0.76751703
30395,0.986247718
30396,0.978644729
30397,0.408067197
30398,0.856523752
30399,0.98992002
30400,0.58134687
30401,0.89675945
30402,1
30403,0.953587174
30404,1
30405,0.923858345
30406,1
30407,0.97647661
30408,1
30409,1
30410,0.980831444
30411,1
30412,0.982668877
30413,0.968330324
30414,1
30415,1
30416,0.969344139
30417,1
30418,0.966525257
30419,1
30420,1
30421,0.942411542
30422,0.966797471
30423,1
30424,1
30425,0.977464914
30426,1
30427,0.987882853
30428,0.98262167
30429,0.983585
30430,1
30431,0.96101898
30432,0.929877698
30433,1
30434,1
30435,0.86677742
30436,0.920173287
30437,0.989943624
30438,0.935437083
30439,1
30440,1
30441,0.854868829
30442,0.19158715
30443,1
30444,1
30445,1
30446,0.959034443
30447,1
30448,0.946325123
30449,0.924049079
30450,0.976650596
30451,1
30452,0.954525173
30453,1
30454,0.708497167
30455,1
30456,0.372669667
30457,0.980452359
30458,1
30459,0.971128404
30460,0.939383149
30461,0.974683404
30462,0.988335371
30463,1
30464,1
30465,0.952927232
30466,0.923690617
30467,0.820136428
30468,0.961302996
30469,0.985361815
30470,0.987908423
30471,1
30472,0.957002163
30473,0.98974973
30474,0.951889515
30475,0.939409137
30476,0.861892819
30477,1
30478,1
30479,1
30480,1
30481,1
30482,0.91696465
30483,1
30484,0.984682679
30485,0.985932887
30486,0.791894734
30487,0.960281014
30488,0.908396363
30489,0.799427986
30490,0.958307207
30491,1
30492,0.812809467
30493,1
30494,1
30495,1
30496,0.976492643
30497,0.836073935
30498,0.972266913
30499,1
30500,1
30501,1
30502,0.98034817
30503,1
30504,0.977129638
30505,0.98287946
30506,0.982489705
30507,0.969161034
30508,1
30509,1
30510,0.93702358
30511,1
30512,0.935908616
30513,0.989253223
30514,0.926936984
30515,0.986885071
30516,1
30517,0.970928073
30518,1
30519,0.976239681
30520,0.952770114
30521,0.983643591
30522,1
30523,0.960012972
30524,1
30525,0.917983353
30526,0.896069527
30527,0.984156072
30528,1
30529,1
30530,0.807782888
30531,0.968325079
30532,1
30533,0.593055308
30534,0.978826881
30535,1
30536,1
30537,0.87505126
30538,1
30539,1
30540,0.968720615
30541,0.982887626
30542,0.904451847
30543,0.984925926
30544,0.970992386
30545,0.980112135
30546,0.974123061
30547,0.89085418
30548,1
30549,1
30550,0.968520045
30551,0.968271434
30552,0.98598665
30553,1
30554,1
30555,0.963065743
30556,1
30557,0.918375969
30558,1
30559,0.982761204
30560,0.981456995
30561,0.985660195
30562,1
30563,0.972994626
30564,0.965670288
30565,0.984876871
30566,0.977889836
30567,0.960491598
30568,1
30569,0.965793729
30570,0.988107979
30571,0.940519571
30572,1
30573,0.963915765
30574,1
30575,0.989230573
30576,0.947319269
30577,0.101420842
30578,0.977777004
30579,0.9833529
30580,0.94567883
30581,0.962795377
30582,0.98746258
30583,0.963959873
30584,1
30585,1
30586,1
30587,1
30588,0.972856045
30589,0.987290442
30590,1
30591,1
30592,0.989092708
30593,0.826263845
30594,0.980995596
30595,1
30596,1
30597,0.951590836
30598,1
30599,1
30600,1
30601,0.987312615
30602,0.263013661
30603,0.98967135
30604,0.983231664
30605,0.985898495
30606,1
30607,0.870697081
30608,0.941862822
30609,0.979129732
30610,1
30611,0.980515719
30612,1
30613,0.933504522
30614,0.973618031
30615,1
30616,0.971911728
30617,0.944075465
30618,0.974856496
30619,0.986386776
30620,0.984423459
30621,0.973581374
30622,1
30623,0.956109047
30624,1
30625,0.967838407
30626,0.975601494
30627,0.799183905
30628,1
30629,0.977516294
30630,0.98288786400000006
30631,0.989955783
30632,0.987647772
30633,0.955110431
30634,0.980862618
30635,0.855786443
30636,1
30637,0.972038627
30638,1
30639,0.959613681
30640,1
30641,1
30642,0.881126106
30643,0.364916802
30644,0.971512139
30645,0.907827854
30646,0.972483099
30647,0.84250313
30648,1
30649,0.958984137
30650,0.943693757
30651,0.170102358
30652,0.963102102
30653,0.899792373
30654,1
30655,0.985812426
30656,0.942171633
30657,1
30658,1
30659,0.981686711
30660,1
30661,1
30662,0.984978497
30663,0.985619307
30664,1
30665,0.571466565
30666,0.979809105
30667,1
30668,0.868677795
30669,1
30670,0.98284483
30671,1
30672,1
30673,0.962083817
30674,0.972685695
30675,1
30676,0.825945556
30677,0.988143981
30678,1
30679,1
30680,1
30681,1
30682,1
30683,0.977385104
30684,1
30685,0.968906999
30686,1
30687,0.971928418
30688,0.983780205
30689,1
30690,0.982355893
30691,1
30692,1
30693,1
30694,1
30695,0.984758854
30696,0.982039154
30697,1
30698,0.963154852
30699,0.960771799
30700,1
30701,1
30702,0.906220853
30703,0.967643857
30704,1
30705,0.983098805
30706,1
30707,0.900411904
30708,1
30709,0.712134242
30710,0.82744509
30711,0.97119081
30712,0.96051842
30713,0.988045931
30714,0.914368033
30715,0.970245898
30716,0.918474734
30717,1
30718,0.984467387
30719,1
30720,0.32014665
30721,0.904046238
30722,1
30723,0.965219617
30724,1
30725,1
30726,1
30727,0.979601264
30728,0.799427986
30729,1
30730,0.980171204
30731,0.9593274
30732,1
30733,0.975306451
30734,1
30735,0.968220115
30736,0.589187205
30737,0.974550486
30738,0.981109619
30739,1
30740,0.978190184
30741,0.96533227
30742,0.967131019
30743,1
30744,1
30745,1
30746,0.97997874
30747,1
30748,0.976742446
30749,0.981087625
30750,1
30751,1
30752,1
30753,0.922121346
30754,0.986727297
30755,1
30756,0.54554075
30757,0.988858104
30758,1
30759,0.980345428
30760,0.612743676
30761,0.926544011
30762,0.98473489299999994
30763,0.987141371
30764,1
30765,0.902958989
30766,1
30767,0.989567816
30768,1
30769,0.977373362
30770,0.986700058
30771,0
30772,1
30773,0.925814986
30774,1
30775,1
30776,0.983123243
30777,1
30778,1
30779,1
30780,1
30781,0.943526924
30782,1
30783,0.980285049
30784,1
30785,1
30786,0.965892375
30787,0.971283913
30788,0.977718175
30789,1
30790,0.989145398
30791,0.98666966
30792,0.987226307
30793,0.987505078
30794,0.974287748
30795,1
30796,0.987258732
30797,0.592602372
30798,0.96113497
30799,0.989143312
30800,0.96141398
30801,1
30802,0.978147447
30803,0.970820785
30804,1
30805,0.90590328
30806,0.851714075
30807,1
30808,0.989359021
30809,0.98411417
30810,1
30811,0.981575728
30812,0.199594766
30813,0.965294182
30814,0.979082644
30815,0.980198681
30816,0.737104476
30817,0.316365898
30818,0.966821253
30819,1
30820,1
30821,1
30822,0.857569695
30823,1
30824,0.988481998
30825,0.925847113
30826,0.911435008
30827,1
30828,0.987338066
30829,0.939542651
30830,1
30831,0.329761297
30832,0.978741109
30833,1
30834,1
30835,0.865453303
30836,0.891618371
30837,1
30838,0.980611324
30839,0.90101248
30840,0.978919506
30841,0.947550654
30842,0.930585027
30843,1
30844,0.888234913
30845,0.956828713
30846,0.98701185
30847,0.985105991
30848,0.971785069
30849,0.985199809
30850,0.977416635
30851,0.985714078
30852,1
30853,0.980473995
30854,0.959632039
30855,1
30856,1
30857,1
30858,1
30859,1
30860,0.91158998
30861,0.980602801
30862,1
30863,0.947733462
30864,0.950421333
30865,0.699032366
30866,0.937774301
30867,0.979441643
30868,1
30869,1
30870,1
30871,1
30872,0.935478509
30873,0.966184378
30874,1
30875,1
30876,1
30877,0.98802745300000006
30878,1
30879,1
30880,1
30881,0.97311461
30882,0.989986122
30883,0.969360113
30884,0.945733726
30885,1
30886,1
30887,0.987812221
30888,0.820884228
30889,0.97058481
30890,0.986524582
30891,1
30892,0.89876914
30893,0.968408287
30894,1
30895,1
30896,0.985015273
30897,1
30898,1
30899,0.988397062
30900,0.939244092
30901,1
30902,0.981998801
30903,0.852636337
30904,1
30905,0.988587737
30906,1
30907,0.900241911
30908,1
30909,1
30910,1
30911,0.977855861
30912,1
30913,1
30914,1
30915,0.967797995
30916,0.957578421
30917,0.79473424
30918,1
30919,0.977521062
30920,0.967760921
30921,0.879953086
30922,0.899834514
30923,1
30924,0.90998137
30925,0.980342567
30926,0.656073272
30927,0.380286485
30928,0.989698708
30929,0.988563418
30930,0
30931,0.971959829
30932,0.521693349
30933,0.985765398
30934,0.962901831
30935,0.931740105
30936,0.958099246
30937,0.987474859
30938,0.974302232
30939,0.948069572
30940,1
30941,0.871643305
30942,0.982566536
30943,0.942286313
30944,0.970073998
30945,0.95677042
30946,0.927505672
30947,0.949280322
30948,1
30949,1
30950,0.964684486
30951,1
30952,1
30953,0.969496489
30954,1
30955,1
30956,0.981371462
30957,0.984934449
30958,1
30959,1
30960,0.98367852
30961,1
30962,0.806369305
30963,0.952937603
30964,1
30965,1
30966,0.971966565
30967,1
30968,0.989445031
30969,0.982363939
30970,1
30971,1
30972,0.605311871
30973,0.98504585
30974,0.928296387
30975,0.981534839
30976,0.978270412
30977,0.954194248
30978,0.862605572
30979,1
30980,0.954795182
30981,0.944986761
30982,1
30983,0.89821291
30984,0.858349562
30985,0.988425612
30986,0.984231591
30987,0.987382114
30988,0.958645701
30989,1
30990,0.981475473
30991,1
30992,0.95780617
30993,1
30994,0.980175316
30995,1
30996,0.570907474
30997,0.963426232
30998,0.956729353
30999,0.989660144
31000,1
31001,0.989528358
31002,1
31003,0.986074626
31004,0.781869829
31005,0.389327675
31006,0.696593821
31007,1
31008,0.985585272
31009,0.98723352
31010,1
31011,0.490617186
31012,0.985813201
31013,1
31014,1
31015,1
31016,0.985321879
31017,0.852148414
31018,0.955721855
31019,0.977832139
31020,1
31021,0.873274803
31022,0.987871766
31023,1
31024,0.987631261
31025,1
31026,1
31027,1
31028,0.842327654
31029,0.935056329
31030,1
31031,0.902907074
31032,1
31033,0.986983299
31034,1
31035,0.976119161
31036,0.988759756
31037,1
31038,0.46936807
31039,0.940052867
31040,0.96883094300000006
31041,1
31042,0.928647637
31043,0.632110655
31044,0.861427248
31045,0.987329006
31046,1
31047,0.92338711
31048,0.689165175
31049,0.826923013
31050,1
31051,1
31052,0.905053318
31053,0.979247034
31054,0.917199552
31055,0.928055584
31056,0.714615822
31057,0.88745820500000006
31058,0.986049116
31059,0.965418816
31060,1
31061,0.576342523
31062,0.959852755
31063,0.980015695
31064,1
31065,1
31066,0.974836886
31067,0.986555934
31068,0.983129919
31069,0.985832334
31070,1
31071,0.984079301
31072,0.757760167
31073,1
31074,0.981137395
31075,0.969167173
31076,1
31077,0.874297023
31078,1
31079,0.978808403
31080,0.937649787
31081,0.705759287
31082,1
31083,1
31084,0.984531939
31085,1
31086,1
31087,0.974417329
31088,0.984182537
31089,0.988004327
31090,0.967751145
31091,0.97027123
31092,0.970086515
31093,0.986798585
31094,0.968541861
31095,0.96820426
31096,1
31097,0.956811309
31098,0.696880817
31099,0.975594699
31100,1
31101,0.91496384100000006
31102,1
31103,0.95896470599999994
31104,0.95186311
31105,1
31106,1
31107,0.93432647
31108,1
31109,1
31110,1
31111,0.665511847
31112,0.981333673
31113,1
31114,1
31115,1
31116,0.84520483
31117,0.956052482
31118,0.971684218
31119,0.97620368
31120,0.982045054
31121,0.976528704
31122,0.98845458
31123,0.958780885
31124,0.987864196
31125,0.989079058
31126,0.916179955
31127,1
31128,0.959361732
31129,1
31130,0.965786696
31131,1
31132,1
31133,0.714759111
31134,1
31135,0.981895149
31136,0.967203677
31137,0.981430769
31138,1
31139,0.920153379
31140,0.86405623
31141,0.975709438
31142,0.983550549
31143,0.379879654
31144,1
31145,1
31146,1
31147,0.970945597
31148,0.900921702
31149,0.944491625
31150,0.978925347
31151,1
31152,0.95421499
31153,1
31154,0.988677263
31155,0.979587555
31156,0.676219165
31157,0.966266871
31158,0.988579571
31159,1
31160,0.911563575
31161,1
31162,0.913980782
31163,0.901904345
31164,0.653204501
31165,0.970912218
31166,1
31167,0.979298592
31168,1
31169,0.813434541
31170,0.971628487
31171,1
31172,0.959092557
31173,0.963068724
31174,1
31175,0.984113514
31176,0.796798527
31177,1
31178,0.986216426
31179,0.971277833
31180,0.983421743
31181,0.986516476
31182,1
31183,1
31184,1
31185,1
31186,0.623042464
31187,1
31188,0.652733624
31189,0.965631604
31190,0.977039516
31191,0.983394623
31192,1
31193,1
31194,1
31195,0.976672292
31196,0.975364327
31197,0.96601361
31198,1
31199,0.986709774
31200,0.951778591
31201,1
31202,0.982619524
31203,0.980241299
31204,1
31205,0.989395082
31206,0.907097399
31207,0.401584357
31208,0.984227777
31209,0.977240026
31210,1
31211,1
31212,0.968168616
31213,0.987249076
31214,0.773555696
31215,1
31216,0.98866874
31217,0.986165166
31218,0.829871953
31219,1
31220,0.579930127
31221,0.989043593
31222,1
31223,0.956550598
31224,0.733886361
31225,1
31226,1
31227,1
31228,0.928388238
31229,0.829442322
31230,1
31231,1
31232,1
31233,0.946408153
31234,0.988068521
31235,0.984677553
31236,0.962368488
31237,0.963424921
31238,1
31239,0.95372504
31240,1
31241,0.988485932
31242,0.974927306
31243,0.977218092
31244,0.967440605
31245,1
31246,1
31247,0.987259328
31248,1
31249,1
31250,0.888667047
31251,0.988680482
31252,0.936470091
31253,1
31254,0.980660498
31255,0.731832087
31256,1
31257,1
31258,1
31259,0.982510626
31260,1
31261,1
31262,1
31263,0.984638631
31264,0.9720999
31265,0.986027241
31266,0.981997788
31267,0.965647101
31268,0.980834186
31269,0.956534207
31270,0.830334425
31271,1
31272,0.97704953
31273,0.900359392
31274,1
31275,1
31276,0.979524195
31277,0.962035835
31278,0.922853291
31279,0.960558236
31280,1
31281,1
31282,1
31283,0.962184668
31284,0.980438948
31285,0.92415309
31286,1
31287,0.867593706
31288,0.957962751
31289,0.937450588
31290,1
31291,1
31292,0.989391208
31293,0.971508443
31294,1
31295,0.920766473
31296,1
31297,0.977858365
31298,0.725585818
31299,0.981120408
31300,0.525021017
31301,1
31302,1
31303,0.970616102
31304,0.825339258
31305,1
31306,1
31307,0.326813728
31308,0.742893755
31309,0.989201665
31310,1
31311,1
31312,1
31313,0.974165142
31314,0.986435831
31315,0.516035318
31316,0.96782076399999994
31317,0.986247957
31318,1
31319,0.93533355
31320,0.893850505
31321,0.866900325
31322,1
31323,0.923443198
31324,0.941735923
31325,1
31326,0.961721242
31327,0.986465752
31328,0.969747663
31329,1
31330,1
31331,0.579933643
31332,0.27010259
31333,0.982823074
31334,1
31335,1
31336,0.987189829
31337,1
31338,0.983560681
31339,0.844526887
31340,0.968485057
31341,0.989307463
31342,0.628488362
31343,1
31344,0.975836873
31345,1
31346,1
31347,0.97740525
31348,0.983162284
31349,1
31350,1
31351,0.959515035
31352,0.982975543
31353,1
31354,0.959531248
31355,1
31356,1
31357,1
31358,1
31359,1
31360,1
31361,1
31362,0.96865046
31363,0.965512693
31364,0.987542749
31365,1
31366,0.952859461
31367,0.934155285
31368,0.926846445
31369,0.989223719
31370,1
31371,0.889065266
31372,1
31373,0.969768822
31374,0.842017114
31375,0.987311482
31376,1
31377,0.979324162
31378,0.94861865
31379,1
31380,0.90222168
31381,1
31382,1
31383,0.726474166
31384,0.698831022
31385,1
31386,1
31387,0.933468998
31388,1
31389,0.984952152
31390,0.949767292
31391,0.96248883
31392,0.613447607
31393,1
31394,0.979364872
31395,1
31396,0.970338583
31397,0.899120212
31398,0.836381376
31399,0.430903286
31400,0.986101866
31401,1
31402,0.779564619
31403,0.983705282
31404,1
31405,1
31406,1
31407,1
31408,0.980873048
31409,0.940300643
31410,0.858196676
31411,1
31412,1
31413,1
31414,0.655154467
31415,0.983764172
31416,0.966981947
31417,0.945340872
31418,0.958785832
31419,1
31420,1
31421,1
31422,0.974938393
31423,1
31424,1
31425,1
31426,0.976229906
31427,0.9868837
31428,0.960022688
31429,0.988534033
31430,1
31431,1
31432,0.988647044
31433,0.984637439
31434,0.863422036
31435,0.968065262
31436,0.706879318
31437,1
31438,0.905944049
31439,1
31440,0.962413967
31441,1
31442,0.970432282
31443,1
31444,1
31445,0.987006903
31446,0.987600684
31447,1
31448,0.960162759
31449,1
31450,0.974627256
31451,1
31452,0.977005363
31453,0.988762438
31454,1
31455,0.730400443
31456,0.987115145
31457,0.986705959
31458,1
31459,1
31460,1
31461,0.982392132
31462,0.984811902
31463,0.982560217
31464,0.834935248
31465,1
31466,0.977269054
31467,0.984163225
31468,0.955865741
31469,0.930657923
31470,0.980309427
31471,0.964362443
31472,0.928513289
31473,1
31474,1
31475,1
31476,0.922747791
31477,1
31478,0.961934209
31479,1
31480,1
31481,1
31482,0.983670473
31483,0.981739759
31484,0.642937064
31485,1
31486,0.941454291
31487,0.983716011
31488,0.953554988
31489,1
31490,1
31491,0.986721993
31492,0.983728945
31493,1
31494,0.565469921
31495,1
31496,0.955147088
31497,1
31498,0.94897145
31499,0.980772018
31500,0.988438904
31501,0.981418848
31502,0.95477736
31503,0.985757589
31504,0.817133546
31505,1
31506,1
31507,0.982662559
31508,0.909969747
31509,1
31510,0.482008278
31511,0.958744168
31512,0.987503946
31513,1
31514,1
31515,1
31516,1
31517,0.985194624
31518,0.943802595
31519,0.978643596
31520,0.780885518
31521,1
31522,1
31523,0.966256738
31524,1
31525,0.989455521
31526,1
31527,0.987082243
31528,0.983653724
31529,1
31530,0.909790158
31531,0.969246447
31532,1
31533,0.979813755
31534,0.528922796
31535,1
31536,1
31537,0.970195234
31538,1
31539,0.862211406
31540,1
31541,1
31542,0.961236358
31543,0.963470936
31544,0.957902193
31545,0.94754827
31546,0.963268042
31547,0.914997041
31548,0.887387991
31549,1
31550,0.970737219
31551,1
31552,1
31553,1
31554,1
31555,1
31556,0.980042577
31557,0.978416681
31558,0.970575929
31559,1
31560,0.919757545
31561,0.960555494
31562,0.925682485
31563,0.98921752
31564,0.979698658
31565,1
31566,1
31567,0.90190059
31568,0.897894859
31569,1
31570,1
31571,1
31572,0.918109655
31573,0.980074108
31574,0.78899622
31575,1
31576,1
31577,0.971828401
31578,0.957315385
31579,0.977122426
31580,0.963265717
31581,1
31582,1
31583,0.988553762
31584,0.951680422
31585,1
31586,0.984437883
31587,1
31588,0.941715002
31589,1
31590,0.917080343
31591,0.978446484
31592,1
31593,0.962551117
31594,0.973291338
31595,0.839531183
31596,1
31597,0.977578938
31598,1
31599,0.978428066
31600,1
31601,1
31602,1
31603,1
31604,0.980605662
31605,0.960179389
31606,0.972822309
31607,1
31608,1
31609,1
31610,1
31611,1
31612,1
31613,0.98880589
31614,1
31615,0.98465997
31616,0.596678853
31617,0.680691481
31618,1
31619,0.989682674
31620,0.988440275
31621,0.982755482
31622,0.959289312
31623,1
31624,0.959325194
31625,0.86414963
31626,1
31627,0.982765615
31628,1
31629,0.772074997
31630,0.989447713
31631,0.979609311
31632,1
31633,1
31634,0.987089455
31635,0.96536004500000006
31636,0.967734933
31637,0.961601973
31638,0.974922121
31639,1
31640,0.988498151
31641,0.98652494
31642,0.968447745
31643,0.97116828
31644,0.95759809
31645,0.974984765
31646,1
31647,1
31648,0.986898184
31649,0.961048067
31650,0.95965451
31651,1
31652,0.981268585
31653,1
31654,0.865693927
31655,1
31656,1
31657,0.947583616
31658,1
31659,0.821994245
31660,0.902090609
31661,1
31662,1
31663,0.965332687
31664,0.981231272
31665,1
31666,1
31667,1
31668,1
31669,1
31670,1
31671,1
31672,0.981957674
31673,0.98701489
31674,1
31675,0.977120876
31676,1
31677,0.982759595
31678,0.980615318
31679,0.98168391
31680,0.952763259
31681,0.836256683
31682,1
31683,0.543137789
31684,1
31685,0.591026902
31686,1
31687,0.984094441
31688,1
31689,0.97956740899999994
31690,0.939860225
31691,0.952827871
31692,0.974396288
31693,0.333842903
31694,0.975432932
31695,1
31696,0.954164326
31697,1
31698,0.974798262
31699,0.972396314
31700,1
31701,0.946033955
31702,1
31703,1
31704,0.838144124
31705,0.958102524
31706,1
31707,1
31708,1
31709,1
31710,0.985568941
31711,0.53924948
31712,0.98318404
31713,1
31714,1
31715,0.917536616
31716,0.988914788
31717,1
31718,1
31719,1
31720,0.971618235
31721,1
31722,1
31723,0.980462551
31724,0.95546943
31725,0.95187521
31726,0.441469729
31727,1
31728,0.914049208
31729,0.988991022
31730,0.968096554
31731,0.989565969
31732,0.395165652
31733,1
31734,1
31735,0.94095701
31736,0.972960234
31737,0.978952527
31738,0.883403719
31739,0.985019207
31740,0.974228621
31741,0.989442468
31742,1
31743,0.989112854
31744,0.98683399
31745,1
31746,1
31747,0.968106926
31748,1
31749,0.985672116
31750,0.985659182
31751,1
31752,0.953982234
31753,0.926094055
31754,0.97776252
31755,0.987938643
31756,1
31757,0.950083375
31758,0.950388193
31759,0.983496428
31760,0.964354932
31761,1
31762,0.743919015
31763,1
31764,0.97325933
31765,1
31766,0.974660635
31767,0.986939192
31768,0.970693052
31769,0.97254169
31770,1
31771,0.942235768
31772,1
31773,0.976446271
31774,0.825293243
31775,1
31776,0.975988984
31777,1
31778,1
31779,0.986260116
31780,0.974565864
31781,0.975129962
31782,1
31783,1
31784,0.984871209
31785,0.967396677
31786,0.968499363
31787,1
31788,0.979561389
31789,0.949655175
31790,0.733771741
31791,0.943740904
31792,0.766941905
31793,0.958052158
31794,0.925187647
31795,0.981947303
31796,0.95941031
31797,0.877455294
31798,0.975721896
31799,0.985689521
31800,0.973197162
31801,1
31802,0.976239443
31803,0.980320334
31804,1
31805,0.940272689
31806,0.967897534
31807,1
31808,1
31809,0.878763318
31810,0.981396556
31811,1
31812,1
31813,1
31814,0.97917819
31815,0.669461429
31816,1
31817,0.779617071
31818,1
31819,1
31820,1
31821,0.985725999
31822,0.976223767
31823,1
31824,1
31825,0.983327329
31826,0.976747811
31827,0.417978376
31828,1
31829,1
31830,0.985531092
31831,1
31832,1
31833,0.971885264
31834,1
31835,1
31836,0.968167722
31837,1
31838,0.976879656
31839,0.972929835
31840,0.923662305
31841,0.977383852
31842,0.97938031
31843,1
31844,1
31845,0.979625642
31846,0.982718527
31847,0.988754273
31848,1
31849,1
31850,0.985131562
31851,0.988807857
31852,0.875885606
31853,1
31854,0.945001066
31855,1
31856,0.974891603
31857,0.944856286
31858,1
31859,0.987749517
31860,1
31861,1
31862,1
31863,0.896042466
31864,0.959230065
31865,0.824765503
31866,0.986068487
31867,1
31868,0.94411552
31869,1
31870,1
31871,0.972135544
31872,0.986634374
31873,0.555940867
31874,0.937564313
31875,1
31876,0.987835944
31877,1
31878,1
31879,1
31880,1
31881,0.788287878
31882,1
31883,0.958803356
31884,0.985736787
31885,1
31886,1
31887,0.766426981
31888,0.919522226
31889,0.987770677
31890,1
31891,0.984771788
31892,1
31893,1
31894,0.903872728
31895,1
31896,1
31897,1
31898,0.934733808
31899,1
31900,1
31901,1
31902,0.976354539
31903,1
31904,0.274370968
31905,0.913226783
31906,0.908106387
31907,0.972314
31908,0.989049435
31909,0.962828517
31910,0.968303323
31911,0.946004748
31912,0.849623323
31913,1
31914,1
31915,1
31916,0.970836163
31917,0.891843259
31918,0.979018927
31919,0.266148418
31920,0.97959125
31921,0.968400121
31922,1
31923,1
31924,0.909175336
31925,1
31926,0.964645147
31927,0.97159934
31928,0.96494329
31929,0.890057623
31930,0.98994714
31931,0.973001182
31932,0.946835041
31933,0.958069801
31934,1
31935,1
31936,0.988003016
31937,0.984885991
31938,0.936244369
31939,1
31940,0.929496765
31941,0.971137166
31942,0.987845719
31943,0.920653582
31944,0.960653484
31945,0.354992271
31946,1
31947,0.978607953
31948,0.984377027
31949,1
31950,0.987440586
31951,1
31952,1
31953,0.95515906800000006
31954,0.976427317
31955,1
31956,0.825197697
31957,1
31958,0.975687981
31959,0.974216938
31960,0.98780489
31961,0.97440356
31962,0.954250693
31963,1
31964,1
31965,1
31966,0.729611099
31967,1
31968,0.982388198
31969,0.975478053
31970,0.920234442
31971,0.969685674
31972,1
31973,1
31974,0.964116037
31975,0.592123091
31976,0.962704778
31977,0.985138297
31978,0.974474609
31979,1
31980,1
31981,0.769129455
31982,0.853542149
31983,0.985162318
31984,0.976000845
31985,1
31986,1
31987,0.336542547
31988,0.989413977
31989,0.923034728
31990,0.965867341
31991,1
31992,1
31993,0.962813616
31994,0.955906928
31995,0.974577308
31996,1
31997,0.78880614
31998,0.974974453
31999,0.924412072
32000,0.958062649
32001,1
32002,0.986014009
32003,0.93468374
32004,1
32005,1
32006,1
32007,1
32008,0.960080683
32009,0.955843091
32010,1
32011,0.763370037
32012,0.988867819
32013,0.989448071
32014,0.986827254
32015,0.970824957
32016,1
32017,1
32018,0.958034992
32019,1
32020,0.945794582
32021,0.938614309
32022,0.964446127
32023,1
32024,0.984457672
32025,0.897452891
32026,0.958744168
32027,0.961129427
32028,0.987265468
32029,1
32030,0.983048439
32031,0.984901607
32032,1
32033,0.980581701
32034,0.756506741
32035,0.981714487
32036,0.967975676
32037,1
32038,0.94074285
32039,0.841003239
32040,1
32041,1
32042,1
32043,0.954708993
32044,0.989023447
32045,0.631392777
32046,0.973965466
32047,0.852739394
32048,0.969370306
32049,0.971633911
32050,0.98645246
32051,1
32052,0.978973448
32053,1
32054,1
32055,0.970767736
32056,1
32057,0.917193234
32058,1
32059,0.961862862
32060,0.95477891
32061,0.984379709
32062,0.961957157
32063,1
32064,1
32065,0.951447249
32066,1
32067,0.981343567
32068,1
32069,0.928695798
32070,1
32071,1
32072,0.880718172
32073,0.95169574
32074,0.922872841
32075,1
32076,0.989442706
32077,0.988072753
32078,1
32079,0.955389142
32080,1
32081,0.854265153
32082,1
32083,0.976197302
32084,1
32085,1
32086,1
32087,1
32088,1
32089,1
32090,1
32091,0.526645243
32092,0.916612446
32093,0.937955082
32094,1
32095,1
32096,0.982259512
32097,1
32098,1
32099,1
32100,1
32101,1
32102,0.976137459
32103,0.940786541
32104,1
32105,1
32106,1
32107,0.983893514
32108,0.975783527
32109,1
32110,0.867349565
32111,0.687376142
32112,0.975713372
32113,1
32114,1
32115,0.988650203
32116,1
32117,0.800001681
32118,0.987315178
32119,0.969471037
32120,0.968874574
32121,1
32122,0.97181952
32123,1
32124,0.953830361
32125,0.984390676
32126,1
32127,0.98185432
32128,0.979425848
32129,1
32130,1
32131,0.987544179
32132,0.972396314
32133,0.97303021
32134,0.966645777
32135,0.610700071
32136,1
32137,1
32138,1
32139,1
32140,0.94837904
32141,1
32142,0.970506847
32143,0.976764262
32144,0.983486056
32145,0.880846739
32146,1
32147,0.97998029
32148,0.916096032
32149,1
32150,1
32151,1
32152,0.938023806
32153,1
32154,0.987849176
32155,1
32156,1
32157,0.941715002
32158,1
32159,0.973775685
32160,0.942578793
32161,1
32162,1
32163,0.684202135
32164,0.963326097
32165,0.988792718
32166,0.974758267
32167,0.977175593
32168,0.977521658
32169,0.984705627
32170,1
32171,0.75312525
32172,1
32173,0.984121442
32174,0.886386514
32175,0.97477752
32176,1
32177,1
32178,0.987697065
32179,1
32180,1
32181,1
32182,1
32183,1
32184,1
32185,1
32186,0.938549995
32187,1
32188,0.98726058
32189,0.980351031
32190,1
32191,1
32192,1
32193,0.987680674
32194,1
32195,0.98811698
32196,1
32197,1
32198,0.975667059
32199,1
32200,1
32201,1
32202,0.937767386
32203,0.974224746
32204,1
32205,1
32206,0.96479702
32207,0.984891236
32208,0.333977222
32209,0.96116823
32210,1
32211,1
32212,0.953326821
32213,0.872107983
32214,0.98148948
32215,0.987532914
32216,0.817835569
32217,0.955168963
32218,0.939291239
32219,0.983514905
32220,0.987396896
32221,1
32222,0.916221798
32223,0.923095882
32224,0.802075505
32225,0.986165881
32226,1
32227,0.982138991
32228,1
32229,1
32230,1
32231,0.987803161
32232,0.97991997
32233,0.984489918
32234,0.927285969
32235,1
32236,0.979529798
32237,0.987297535
32238,0.981903553
32239,1
32240,1
32241,0.987534642
32242,0.917513251
32243,0.956817448
32244,1
32245,0.983844578
32246,0.971659303
32247,1
32248,0.840111196
32249,0.964526117
32250,0.973872006
32251,0.550879419
32252,1
32253,1
32254,0.987933219
32255,1
32256,0.898313403
32257,0.944816053
32258,0.34921959
32259,0.976318061
32260,1
32261,0.958137393
32262,0.951643407
32263,1
32264,0.98182261
32265,0.979502261
32266,0.961451352
32267,1
32268,0.894398868
32269,1
32270,1
32271,0.765451551
32272,1
32273,1
32274,0.888414264
32275,0.987169743
32276,1
32277,0.989075542
32278,0.973491013
32279,1
32280,0.987182975
32281,0.894218087
32282,1
32283,1
32284,1
32285,1
32286,0.967316568
32287,0.944333494
32288,1
32289,0.413695842
32290,0.94524926
32291,1
32292,0.766320229
32293,0.929328382
32294,0.855279505
32295,0.986579716
32296,0.987433374
32297,0.983235478
32298,0.274097949
32299,0.982648373
32300,0.978281379
32301,1
32302,0.964076281
32303,0.93142020700000006
32304,0.970886052
32305,0.984985113
32306,0.986721873
32307,1
32308,0.973028481
32309,0.981795967
32310,1
32311,0.985981226
32312,1
32313,0.967101097
32314,1
32315,0.825089634
32316,0.981597066
32317,1
32318,1
32319,0.98181653
32320,0.983217955
32321,0.980560958
32322,0.986430407
32323,1
32324,1
32325,0.967416644
32326,0.951400638
32327,0.987909138
32328,1
32329,0.989203632
32330,0.979922533
32331,0.980459333
32332,1
32333,0.978942156
32334,1
32335,0.973970115
32336,0.914637625
32337,0.948875725
32338,1
32339,1
32340,0.866540909
32341,0.986680865
32342,1
32343,0.989252627
32344,1
32345,1
32346,1
32347,1
32348,0.988035262
32349,0.579837143
32350,0.986568332
32351,0.981672108
32352,0.953355432
32353,0.949499846
32354,1
32355,1
32356,1
32357,0.986451864
32358,1
32359,0.894661367
32360,0.95521485800000006
32361,1
32362,0.973380864
32363,0.822564483
32364,0.730793655
32365,1
32366,0.988637507
32367,0.942106545
32368,0.964822114
32369,0.973727167
32370,0.979520321
32371,1
32372,1
32373,0.956607282
32374,0.87606144
32375,0.967332542
32376,0.899783015
32377,1
32378,1
32379,1
32380,0.925617456
32381,0.958154619
32382,1
32383,0.981628656
32384,0.710107029
32385,1
32386,0.962781251
32387,0.93618983
32388,0.944842458
32389,0.981349766
32390,0.468824744
32391,1
32392,0.977424741
32393,0.970404148
32394,1
32395,0.984872341
32396,0.750137389
32397,1
32398,0.927161932
32399,1
32400,0.950839996
32401,0.892508864
32402,0.955499589
32403,1
32404,0.949418366
32405,0.987656713
32406,0.970988214
32407,0.98258096
32408,1
32409,0.953355432
32410,0.98824048
32411,0.947399855
32412,0.940190792
32413,0.985935569
32414,1
32415,0.985833466
32416,1
32417,0.953454077
32418,0.983005345
32419,0.967447639
32420,0.983259678
32421,0.973613262
32422,1
32423,1
32424,0.977122426
32425,0.821983159
32426,0.988571107
32427,1
32428,0.978439629
32429,0.97091192
32430,1
32431,1
32432,1
32433,0.964607954
32434,0.982015848
32435,1
32436,1
32437,0.970041335
32438,1
32439,1
32440,0.984118819
32441,0.981481314
32442,0.493559659
32443,1
32444,0.986054242
32445,0.957109571
32446,0.928100467
32447,0.729866564
32448,0.945607722
32449,0.978568912
32450,1
32451,0.952627361
32452,0.987493694
32453,0.978198171
32454,1
32455,0.878079712
32456,0.987439334
32457,1
32458,1
32459,0.95443928200000006
32460,0.965893686
32461,0.986237288
32462,1
32463,0.984832823
32464,1
32465,0.964735091
32466,0.969311953
32467,1
32468,0.707267523
32469,0.965734661
32470,1
32471,1
32472,0.940378308
32473,0.89207828
32474,1
32475,0.981238067
32476,0.988966167
32477,1
32478,1
32479,0.954694152
32480,1
32481,1
32482,0.986680985
32483,1
32484,1
32485,0.989077687
32486,0.91620481
32487,0.973423421
32488,1
32489,0.955230832
32490,0.988165975
32491,1
32492,0.788220465
32493,0.982418597
32494,1
32495,0.957516193
32496,0.963352323
32497,1
32498,1
32499,0.973289371
32500,0.904096544
32501,0.910822511
32502,0.758988202
32503,1
32504,1
32505,0.961518228
32506,0.944774985
32507,1
32508,0.919833958
32509,0.970063567
32510,0.934060633
32511,0.988772452
32512,1
32513,0.974228382
32514,1
32515,0.989349484
32516,1
32517,0.938256741
32518,0.858554065
32519,0.940631986
32520,0.883086205
32521,0.95487237
32522,0.987169862
32523,1
32524,1
32525,1
32526,1
32527,1
32528,1
32529,0.981698275
32530,0.988247454
32531,0.989664376
32532,0.979349911
32533,0.986602008
32534,0.984658718
32535,0.969716251
32536,1
32537,0.985564649
32538,1
32539,0.779198587
32540,0.937318504
32541,0.982022822
32542,0.988425612
32543,0.946512699
32544,1
32545,0.987347007
32546,1
32547,0.893381715
32548,1
32549,1
32550,0.971656501
32551,0.96088922
32552,0.937045455
32553,0.940079093
32554,1
32555,0.74997586
32556,0.898738563
32557,0.97751379
32558,1
32559,1
32560,0.989624679
32561,1
32562,1
32563,0.963203788
32564,0.972877383
32565,0.974096
32566,0.987100601
32567,1
32568,0.979727745
32569,0.988387048
32570,0.934397221
32571,1
32572,1
32573,1
32574,0.712342501
32575,0.933833003
32576,0.490869641
32577,0.92386812
32578,0.946441054
32579,0.901534021
32580,1
32581,1
32582,0.806842148
32583,0.945382297
32584,1
32585,0.969264925
32586,0.982618213
32587,0.982004225
32588,1
32589,0.869346321
32590,1
32591,0.943081498
32592,1
32593,0.982350111
32594,1
32595,0.989759684
32596,0.916795194
32597,0.977016509
32598,1
32599,0.978876472
32600,1
32601,0.964521468
32602,0.96214211
32603,0.984520376
32604,1
32605,1
32606,0.97651881
32607,0.982789636
32608,1
32609,1
32610,0.940848708
32611,1
32612,1
32613,0.949785054
32614,0.977636159
32615,0.65779978
32616,0.987287283
32617,1
32618,0.615529537
32619,0.989410698
32620,0.981393039
32621,0.892807126
32622,0.965718567
32623,1
32624,0.986830652
32625,0.495035827
32626,0.931514263
32627,1
32628,0.988949299
32629,1
32630,1
32631,0.986579955
32632,0.9881562
32633,0.981197298
32634,0.973093152
32635,0.957202971
32636,0.987087607
32637,1
32638,0.98869729
32639,0.987127185
32640,0.987745583
32641,0.848980367
32642,0.687463522
32643,1
32644,0.980991364
32645,1
32646,0.988837361
32647,1
32648,0.748570204
32649,1
32650,1
32651,0.474701524
32652,0.96206063
32653,1
32654,0.987370133
32655,0.983821571
32656,1
32657,0.98318547
32658,0.895601451
32659,0.980499089
32660,0.887176812
32661,1
32662,0.968989611
32663,0.981653273
32664,1
32665,0.982548058
32666,0.869144738
32667,1
32668,1
32669,1
32670,0.966442168
32671,0.96968317
32672,0.912951052
32673,1
32674,0.895752847
32675,0.988910019
32676,1
32677,0.75736624
32678,0.942097545
32679,0.984924972
32680,0.983465552
32681,1
32682,1
32683,0.949683309
32684,0.884142697
32685,0.981105149
32686,1
32687,0.896181583
32688,0.931030989
32689,0.983088076
32690,0.906653345
32691,0.950912297
32692,0.97895205
32693,0.972453892
32694,1
32695,0.987297893
32696,0.989662826
32697,0.849078596
32698,0.954742014
32699,1
32700,0.959325075
32701,0.971228898
32702,0.978449106
32703,0.986752987
32704,0.984671652
32705,0.971612275
32706,0.694529712
32707,0.958503723
32708,0.97489106699999994
32709,1
32710,1
32711,1
32712,0.954600275
32713,0.988347113
32714,0.696512163
32715,1
32716,0.947568834
32717,1
32718,0.988337219
32719,1
32720,0.961152017
32721,1
32722,0.989791513
32723,1
32724,1
32725,1
32726,1
32727,0.971733391
32728,0.98306042
32729,0.988736332
32730,1
32731,0.987157404
32732,0.984084725
32733,0.989899576
32734,0.976899564
32735,0.919391573
32736,1
32737,0.758886337
32738,0.982044816
32739,1
32740,0.945621371
32741,1
32742,1
32743,1
32744,1
32745,0.92923969
32746,0.981011629
32747,0.934315503
32748,0.984501302
32749,0.956072211
32750,0.980054855
32751,0.976146102
32752,0.739989817
32753,0.978445411
32754,1
32755,0.875945509
32756,0.98760277
32757,0.98344326
32758,0.711881518
32759,1
32760,0.94439292
32761,0.976136684
32762,0.982817054
32763,0.954635799
32764,0.982677162
32765,0.980171084
32766,1
32767,1
32768,0.984070301
32769,0.967751145
32770,0.987845957
32771,0.969419718
32772,0.983474672
32773,1
32774,1
32775,0.987794042
32776,1
32777,1
32778,0.977268159
32779,0.987044394
32780,0.977030397
32781,1
32782,0.952509463
32783,0.907214344
32784,1
32785,0.49011004
32786,0.958095074
32787,0.984039724
32788,1
32789,0.969955981
32790,0.977901459
32791,0.976319432
32792,1
32793,1
32794,1
32795,1
32796,1
32797,1
32798,0.979764581
32799,0.98201561
32800,1
32801,0.988036275
32802,0.77240932
32803,1
32804,0.98379159
32805,0.975447655
32806,0.984518528
32807,1
32808,1
32809,1
32810,0.937318504
32811,0.87513423
32812,1
32813,0.964411438
32814,0.988942266
32815,0.989647806
32816,1
32817,0.941724598
32818,1
32819,0.982935906
32820,0.335527837
32821,1
32822,0.960477293
32823,1
32824,1
32825,0.985578239
32826,0.883534432
32827,1
32828,0.953276932
32829,1
32830,0.963982999
32831,0.867457032
32832,0.934384108
32833,0.844460607
32834,0.905230403
32835,0.836402834
32836,1
32837,1
32838,1
32839,0.907275558
32840,0.959935308
32841,0.973736227
32842,0.963537574
32843,0.844161212
32844,0.980042934
32845,0.934051395
32846,0.982869566
32847,0.989622831
32848,0.904497981
32849,0.964937866
32850,0.962593734
32851,1
32852,0.973399162
32853,1
32854,0.501678765
32855,1
32856,0.663629651
32857,0.891158998
32858,0.970853925
32859,1
32860,0.583843231
32861,0.986672878
32862,0.970126033
32863,1
32864,0.960403204
32865,1
32866,0.949703574
32867,0.988316476
32868,0.586987257
32869,0.806046426
32870,0.988617837
32871,0.983267129
32872,0.944115281
32873,1
32874,0.959796846
32875,0.505237222
32876,0.980305791
32877,0.94785279
32878,1
32879,1
32880,0.646970332
32881,0.971055448
32882,0.702786863
32883,0.984486759
32884,1
32885,0.989052236
32886,0.887543261
32887,1
32888,0.985422373
32889,0.967741311
32890,0.986376584
32891,1
32892,1
32893,0.775035679
32894,0.964359999
32895,1
32896,1
32897,1
32898,1
32899,0.980844379
32900,1
32901,0.965134263
32902,1
32903,1
32904,0.935750663
32905,1
32906,0.85554415
32907,0.986379445
32908,0.989914656
32909,1
32910,0.984950066
32911,0.984317422
32912,1
32913,0.913960099
32914,1
32915,1
32916,0.922388613
32917,0.981577575
32918,1
32919,0.985804737
32920,0.975818813
32921,0.973925233
32922,1
32923,0.988075197
32924,0.98213011
32925,0.949631214
32926,0.946512163
32927,0.988951981
32928,1
32929,1
32930,0.963112772
32931,0.964545727
32932,0.986098647
32933,0.921327233
32934,0.940045834
32935,0.959654093
32936,0.961086035
32937,0.927698314
32938,1
32939,1
32940,0.982874632
32941,1
32942,1
32943,0.933723152
32944,1
32945,0.981077135
32946,1
32947,1
32948,1
32949,0.984621882
32950,0.976369679
32951,0.915315628
32952,0.98085653799999994
32953,1
32954,0.890068591
32955,0.986084044
32956,1
32957,0.981540144
32958,0.967831373
32959,0.975165188
32960,0.945306063
32961,0.985743821
32962,0.984337509
32963,0.982971132
32964,0.975201488
32965,0.988348067
32966,1
32967,1
32968,1
32969,1
32970,0.810269296
32971,1
32972,0.988992989
32973,0.988174439
32974,0.899946928
32975,0.900040805
32976,0.970047712
32977,0.987941563
32978,1
32979,0.961999178
32980,0.978192926
32981,0.97996074
32982,0.987723112
32983,0.979448915
32984,0.980763435
32985,0.988868475
32986,1
32987,0.94219774
32988,0.988303423
32989,1
32990,0.87758404
32991,1
32992,0.983150899
32993,0.174711466
32994,0.958659947
32995,1
32996,1
32997,1
32998,0.975370765
32999,0.938147068
33000,1
33001,1
33002,1
33003,1
33004,1
33005,0.589868665
33006,1
33007,1
33008,1
33009,0.982809246
33010,0.98609829
33011,0.98174876
33012,0.9261235
33013,1
33014,1
33015,0.989309192
33016,0.984687507
33017,1
33018,0.943229497
33019,0.976226509
33020,0.957728863
33021,0.986956596
33022,0.989639998
33023,0.988356888
33024,1
33025,0.970027983
33026,1
33027,0.979160488
33028,0.986488879
33029,0.986763895
33030,0.970141947
33031,0.956937611
33032,0.982764006
33033,0.961917341
33034,0.964525759
33035,1
33036,0.989680827
33037,0.906621873
33038,0.981215775
33039,1
33040,1
33041,0.698701799
33042,0.761438847
33043,0.964694142
33044,0.890358031
33045,0.928036392
33046,0.839254081
33047,0.948558331
33048,1
33049,0.818191588
33050,1
33051,0.985008001
33052,0.955349624
33053,1
33054,0.96702975
33055,0.980604887
33056,0.965265155
33057,0.987198293
33058,1
33059,0.825945556
33060,1
33061,0.950664222
33062,1
33063,0.952616572
33064,0.807680786
33065,0.545345962
33066,0.882492304
33067,1
33068,0.876015484
33069,1
33070,0.917781174
33071,0.973501146
33072,0.986650467
33073,0.983792543
33074,0.956627667
33075,0.969127953
33076,1
33077,0.939044356
33078,1
33079,1
33080,0.902978241
33081,0.966434181
33082,1
33083,0.983065367
33084,1
33085,0.985951781
33086,1
33087,0.988762915
33088,0.855234325
33089,1
33090,0.974714696
33091,1
33092,1
33093,0.966264188
33094,1
33095,1
33096,0.980285525
33097,0.98828119
33098,0.976568341
33099,0.964041054
33100,1
33101,0.975877643
33102,0.836461484
33103,0.961341023
33104,1
33105,1
33106,1
33107,1
33108,1
33109,0.512768924
33110,0.987331092
33111,1
33112,0.198391065
33113,0.9523049
33114,0.984000385
33115,0.983242035
33116,1
33117,1
33118,0.97699374
33119,0.907360435
33120,0.969075918
33121,1
33122,0.643497646
33123,0.489344448
33124,1
33125,0.961943626
33126,0.379991978
33127,1
33128,0.95901829
33129,1
33130,0.27744028
33131,0.968487978
33132,1
33133,1
33134,0.892508864
33135,1
33136,0.986758649
33137,0.985158384
33138,0.970740914
33139,0.976675034
33140,0.92100668
33141,1
33142,0.820749342
33143,0.98659873
33144,1
33145,0.737641335
33146,0.762416899
33147,0.980077744
33148,0.987417936
33149,0.982254863
33150,0.98525095
33151,1
33152,1
33153,1
33154,0.943974614
33155,1
33156,0.926119208
33157,1
33158,0.841003239
33159,0.64752519100000006
33160,1
33161,1
33162,0.978977561
33163,1
33164,0.957452059
33165,0.98292172
33166,1
33167,0.977415979
33168,0.985596418
33169,0.949433625
33170,1
33171,1
33172,1
33173,1
33174,1
33175,1
33176,0.969561219
33177,0.982142091
33178,0.820448518
33179,0.977053464
33180,0.985692382
33181,1
33182,1
33183,0.973350585
33184,0.599494338
33185,1
33186,0.955251396
33187,1
33188,0.974165559
33189,1
33190,0.976624072
33191,1
33192,0.988489926
33193,0.908556223
33194,0.97846961
33195,0.983735979
33196,0.927302539
33197,1
33198,0.987829208
33199,1
33200,0.922947407
33201,1
33202,1
33203,1
33204,0.978995025
33205,0.960563839
33206,0.966438949
33207,0.926126242
33208,1
33209,0.91119659
33210,1
33211,1
33212,0.971130729
33213,0.948604703
33214,0.473408312
33215,0.565975845
33216,1
33217,0.884086311
33218,1
33219,1
33220,0.984707058
33221,0.96781987
33222,0.981506228
33223,1
33224,0.984611094
33225,0.9898839
33226,1
33227,0.715982974
33228,1
33229,0.943409205
33230,0.989774048
33231,1
33232,1
33233,1
33234,1
33235,0.914635003
33236,0.316194326
33237,1
33238,0.962410092
33239,0.980942488
33240,1
33241,1
33242,0.883394599
33243,0.966539264
33244,1
33245,0.955560565
33246,0.949981809
33247,1
33248,0.96222949
33249,0.988947749
33250,0.770956934
33251,1
33252,0.968991518
33253,0.967095673
33254,1
33255,0.985317648
33256,1
33257,0.975336433
33258,0.846915901
33259,1
33260,0.347529829
33261,0.986541629
33262,0.888104022
33263,0.97254622
33264,1
33265,0.989337564
33266,0.970021904
33267,1
33268,0.980009198
33269,1
33270,1
33271,1
33272,0.955906928
33273,1
33274,1
33275,1
33276,0.982244074
33277,0.976230383
33278,1
33279,0.936472297
33280,0.720190287
33281,0.919790804
33282,1
33283,0.97517699
33284,1
33285,0.989409566
33286,0.917995095
33287,0.969917715
33288,0.987648666
33289,0.983182073
33290,1
33291,0.982835829
33292,0.955892861
33293,0.986801863
33294,0.970257223
33295,1
33296,1
33297,1
33298,1
33299,0.946417868
33300,1
33301,0.933847368
33302,0.956681728
33303,1
33304,1
33305,0.943239152
33306,0.97822088
33307,0.923616886
33308,1
33309,0.404159218
33310,0.984440088
33311,0.962342322
33312,0.980813444
33313,0.984048963
33314,1
33315,0.986637831
33316,0.974543154
33317,0.980390668
33318,1
33319,0.967396677
33320,0.978896916
33321,0.988632977
33322,0.969153702
33323,0.989649773
33324,1
33325,0.96518451
33326,0.852586925
33327,0.477052301
33328,1
33329,0.975952208
33330,0.988142788
33331,0.987968445
33332,0.989658892
33333,0.975631893
33334,1
33335,1
33336,0.957827807
33337,1
33338,0.98711127
33339,0.939729929
33340,0.975664377
33341,1
33342,0.989261508
33343,1
33344,0.897544861
33345,1
33346,0.734579444
33347,1
33348,0.981363952
33349,0.912745059
33350,0.984383166
33351,1
33352,1
33353,1
33354,1
33355,1
33356,0.954116881
33357,0.975534201
33358,0.982535243
33359,0.987765312
33360,0.987126291
33361,0.955870867
33362,0.961532533
33363,0.960656583
33364,0.962210834
33365,0.987972081
33366,0.964090228
33367,0.262977034
33368,1
33369,0.953403235
33370,0.981912494
33371,0.989097476
33372,1
33373,1
33374,0.981865108
33375,1
33376,1
33377,1
33378,1
33379,0.984692037
33380,0.961836815
33381,0.906385839
33382,1
33383,0.574514031
33384,0.552359819
33385,0.979860127
33386,1
33387,0.961836815
33388,0.959223628
33389,0.988723993
33390,0.896143854
33391,1
33392,1
33393,1
33394,1
33395,1
33396,1
33397,1
33398,1
33399,0.951222301
33400,0.708897829
33401,0.920630038
33402,1
33403,1
33404,0.989809156
33405,0.987251639
33406,0.989699662
33407,1
33408,0.935057879
33409,1
33410,1
33411,0.962922275
33412,0.979688585
33413,1
33414,1
33415,0.989918411
33416,0.97446841
33417,1
33418,0.967117846
33419,1
33420,1
33421,0.654948771
33422,1
33423,0.97819829
33424,1
33425,0.970984399
33426,0.893054366
33427,0.974264324
33428,0.989052117
33429,1
33430,0.97334981
33431,1
33432,0.974663019
33433,0.95301646
33434,0.685850024
33435,0.986538291
33436,0.955920339
33437,1
33438,1
33439,0.89303118
33440,0.988605559
33441,0.978558421
33442,1
33443,0.918598771
33444,1
33445,0.774878204
33446,1
33447,0.959403276
33448,0.803572536
33449,1
33450,0.987718582
33451,0.948221982
33452,1
33453,0.988485694
33454,0.980866194
33455,1
33456,0.988958955
33457,0.987444758
33458,0.97401911
33459,0.631039918
33460,1
33461,0.883510411
33462,1
33463,0.984507799
33464,0.966010571
33465,1
33466,0.951408625
33467,0.987451077
33468,0.98472482
33469,1
33470,1
33471,1
33472,0.921312153
33473,0.950671554
33474,0.964210451
33475,0.907982409
33476,0.965604186
33477,1
33478,1
33479,0.956583619
33480,0.974580824
33481,1
33482,0.635774016
33483,0.984346211
33484,1
33485,1
33486,1
33487,0.985189199
33488,0.946138322
33489,0.98799485
33490,1
33491,0.966536045
33492,0.966945171
33493,1
33494,0.960283339
33495,0.989079297
33496,1
33497,1
33498,1
33499,0.944975317
33500,0.830434978
33501,1
33502,0.885010719
33503,1
33504,0.98538661
33505,1
33506,0.954024077
33507,0.960425079
33508,0.965307593
33509,0.973131657
33510,0.966783106
33511,0.980226517
33512,0.6571154
33513,0.984223425
33514,0.958848715
33515,1
33516,1
33517,0.879380643
33518,0.976490855
33519,1
33520,1
33521,1
33522,0.758320928
33523,1
33524,1
33525,0.408948839
33526,0.889869809
33527,0.986697257
33528,0.931657493
33529,1
33530,1
33531,1
33532,1
33533,1
33534,0.988833964
33535,1
33536,0.922542632
33537,0.979495823
33538,0.797444046
33539,0.968590319
33540,1
33541,0.983380795
33542,1
33543,1
33544,0.966718614
33545,1
33546,0.971031487
33547,1
33548,1
33549,1
33550,1
33551,1
33552,1
33553,0.190233484
33554,0.98064363
33555,0.369162947
33556,0.988794386
33557,1
33558,0.987518251
33559,1
33560,0.982754171
33561,0.871942818
33562,0.987610996
33563,0.835036337
33564,1
33565,1
33566,0.975296378
33567,0.96243155
33568,1
33569,0.98308599
33570,0.987661243
33571,1
33572,0.978393734
33573,0.989931941
33574,0.989100158
33575,1
33576,0.862857819
33577,0.986849785
33578,0.974913836
33579,0.93110311
33580,1
33581,0.977942288
33582,0.375189692
33583,0.857959569
33584,0.939075232
33585,0.269303829
33586,1
33587,0.982020676
33588,1
33589,0.315054387
33590,0.967556119
33591,1
33592,1
33593,0.972742796
33594,1
33595,0.857722879
33596,1
33597,0.956895173
33598,0.91678977
33599,0.689421058
33600,0.979570866
33601,1
33602,0.986260235
33603,0.985015988
33604,0.910627425
33605,0.981484056
33606,0.906648457
33607,0.968643963
33608,0.978054345
33609,0.95889467
33610,0.964298904
33611,0.811605334
33612,1
33613,0.973975241
33614,1
33615,0.964092374
33616,0.979086578
33617,1
33618,0.979168356
33619,0.983286619
33620,0.893382311
33621,1
33622,1
33623,0.98995626
33624,0.94915992
33625,1
33626,1
33627,0.989753246
33628,0.975317717
33629,1
33630,0.731113851
33631,1
33632,0.941507757
33633,0.984008789
33634,1
33635,1
33636,0.970282018
33637,0.986019731
33638,1
33639,0.73428762
33640,1
33641,0.865061343
33642,0.914291918
33643,0.988105416
33644,1
33645,0.269740075
33646,0.956807971
33647,1
33648,0.951337397
33649,0.407111675
33650,0.983588696
33651,0.940617859
33652,0.988978088
33653,1
33654,0.988084853
33655,0.677751184
33656,1
33657,0.923873901
33658,0.978036106
33659,0.984615386
33660,0.930028498
33661,1
33662,0.953580082
33663,0.795510352
33664,0.919877946
33665,0.968123913
33666,0.983500242
33667,0.968924165
33668,1
33669,0.786888421
33670,0.954861343
33671,1
33672,1
33673,1
33674,1
33675,0.935352802
33676,0.961364389
33677,0.420111895
33678,0.788241148
33679,1
33680,1
33681,0.974053502
33682,0.982367396
33683,0.947582305
33684,0.973486602
33685,0.986877859
33686,1
33687,0.982006848
33688,0.985075355
33689,0.962886572
33690,0.972989082
33691,1
33692,0.902059376
33693,0.953389287
33694,0.968472123
33695,0.973090231
33696,1
33697,1
33698,1
33699,0.644134045
33700,0.97816509
33701,0.982981622
33702,0.946826041
33703,1
33704,1
33705,0.985487998
33706,0.969305337
33707,1
33708,1
33709,1
33710,0.981375933
33711,0.989666939
33712,0.986292601
33713,0.9485237
33714,1
33715,0.987060785
33716,0.978157818
33717,1
33718,0.981466949
33719,0.476127565
33720,1
33721,0.951370657
33722,0.977212012
33723,1
33724,1
33725,1
33726,0.971005321
33727,0.676513732
33728,0.98836118
33729,1
33730,1
33731,0.972917795
33732,0.968564034
33733,0.97217226
33734,1
33735,0.965910375
33736,0.982597649
33737,1
33738,1
33739,0.987761736
33740,1
33741,0.977140546
33742,1
33743,0.969706297
33744,0.937181413
33745,1
33746,0.809809923
33747,0.979378402
33748,1
33749,0.961676717
33750,0.75846529
33751,1
33752,1
33753,1
33754,1
33755,1
33756,0.969758749
33757,0.988000095
33758,0.865065873
33759,0.978743613
33760,1
33761,1
33762,0.976336241
33763,0.975041449
33764,1
33765,0.980596423
33766,0.245672524
33767,1
33768,0.860683143
33769,1
33770,0.989410937
33771,0.969624877
33772,0.9517169
33773,1
33774,1
33775,0.962950647
33776,0.976645768
33777,0.968449652
33778,1
33779,1
33780,0.989896774
33781,0.987002373
33782,0.946883142
33783,1
33784,0.985457361
33785,0.906096816
33786,0.982806146
33787,1
33788,0.98157835
33789,0.952713788
33790,0.98613745
33791,0.988836229
33792,1
33793,0.981856763
33794,1
33795,0.829607248
33796,1
33797,0.815451622
33798,1
33799,1
33800,0.982907474
33801,0.929911196
33802,0.939104915
33803,0.976748943
33804,0.973876715
33805,0.987960339
33806,0.988391161
33807,0.895630419
33808,1
33809,0.925691724
33810,0.988119602
33811,0.956160247
33812,0.989083052
33813,0.579844832
33814,0.98979938
33815,0.330339104
33816,0.893299162
33817,1
33818,1
33819,1
33820,0.950882912
33821,1
33822,0.985563636
33823,0.921696723
33824,1
33825,0.986070097
33826,1
33827,0.981865466
33828,0.962246358
33829,0.94907862
33830,1
33831,0.914139926
33832,1
33833,1
33834,0.97411114
33835,0.983672202
33836,1
33837,0.989957035
33838,1
33839,0.967762053
33840,1
33841,1
33842,0.988000691
33843,0.989461362
33844,1
33845,1
33846,0.778442442
33847,1
33848,0.973931253
33849,0.989148319
33850,0.98682642
33851,0.885317206
33852,0.782077789
33853,1
33854,0.984388471
33855,0.973747194
33856,0.927878797
33857,0.901905894
33858,0.989480257
33859,1
33860,0.398894697
33861,0.960083842
33862,0.883725524
33863,0.987355173
33864,1
33865,0.980652928
33866,0.956121326
33867,0.958312452
33868,0.838249028
33869,0.985623717
33870,1
33871,0.855588496
33872,1
33873,0.983206511
33874,1
33875,0.970162273
33876,0.987269521
33877,0.223202884
33878,1
33879,0.952770114
33880,0.970100701
33881,1
33882,0.979150116
33883,1
33884,0.971397519
33885,0.84974879
33886,0.876375079
33887,0.968289554
33888,0.972662628
33889,1
33890,1
33891,1
33892,0.760324478
33893,0.567953646
33894,0.376791745
33895,0.983019292
33896,1
33897,1
33898,1
33899,1
33900,0.541597962
33901,1
33902,0.985233843
33903,0.590460777
33904,0.989743769
33905,1
33906,1
33907,0.979614437
33908,1
33909,1
33910,0.977246404
33911,0.800157487
33912,1
33913,0.971666217
33914,1
33915,1
33916,0.983943105
33917,1
33918,1
33919,0.93604064
33920,1
33921,0.959575176
33922,1
33923,1
33924,0.970748663
33925,0.974174857
33926,1
33927,0.972539544
33928,0.917577088
33929,0.983687878
33930,0.937255919
33931,0.970184803
33932,0.969164789
33933,1
33934,0.980080187
33935,1
33936,0.978026867
33937,0.936569035
33938,0.986132264
33939,1
33940,0.988090873
33941,0.981800556
33942,1
33943,0.989724994
33944,0.983140051
33945,0.951622248
33946,1
33947,0.938104153
33948,0.827623904
33949,1
33950,0.938526154
33951,1
33952,1
33953,0.984403014
33954,0.988841236
33955,1
33956,1
33957,1
33958,0.956203759
33959,0.979804516
33960,0.882802665
33961,0.985487104
33962,1
33963,0.986690521
33964,1
33965,1
33966,0.981086195
33967,0.974517107
33968,0.938471973
33969,1
33970,0.837299407
33971,0.924904704
33972,1
33973,1
33974,0.986769557
33975,0.973966718
33976,1
33977,1
33978,0.956352294
33979,0.983416438
33980,0.427764058
33981,0.968564928
33982,0.982590377
33983,0.980715632
33984,0.983519137
33985,0.980350256
33986,0.983645678
33987,0.972760856
33988,1
33989,0.862340272
33990,0.988873959
33991,0.95725166799999994
33992,1
33993,0.792787492
33994,1
33995,0.97213012
33996,0.97904551
33997,1
33998,0.974988699
33999,0.986582041
34000,0.987424314
34001,1
34002,1
34003,0.814423144
34004,1
34005,1
34006,0.945210934
34007,0.828585029
34008,1
34009,0.415245384
34010,0.875987709
34011,0.989436746
34012,0.979437709
34013,0.977294028
34014,1
34015,0.987991989
34016,0.976698339
34017,0.971303046
34018,0.986010075
34019,0.989305615
34020,1
34021,0.959374905
34022,0.938169122
34023,0.978085935
34024,0.974060357
34025,1
34026,0.981168509
34027,0.329537422
34028,1
34029,0.846716285
34030,0.941033542
34031,1
34032,0.85156101
34033,0.887398839
34034,0.979772449
34035,1
34036,0.956293762
34037,1
34038,0.873808801
34039,1
34040,0.926039338
34041,1
34042,1
34043,1
34044,1
34045,0.976501763
34046,1
34047,1
34048,1
34049,1
34050,0.959754109
34051,1
34052,0.951912403
34053,0.9795084
34054,0.976982832
34055,1
34056,1
34057,1
34058,1
34059,1
34060,1
34061,1
34062,0.971175849
34063,0.907238185
34064,0.981889606
34065,1
34066,0.974956214
34067,1
34068,0.674085975
34069,0.978512406
34070,1
34071,0.616995573
34072,1
34073,1
34074,0.973119438
34075,0.988473356
34076,1
34077,0.946868718
34078,0.970515609
34079,1
34080,1
34081,1
34082,1
34083,1
34084,0.984394491
34085,0.927647293
34086,1
34087,0.983844936
34088,0.953027606
34089,0.969698072
34090,0.975352645
34091,0.98800385
34092,1
34093,0.982752144
34094,1
34095,0.982561708
34096,0.92630744
34097,0.972899497
34098,1
34099,0.966585934
34100,1
34101,0.98207134
34102,0.971066356
34103,0.932476997
34104,0.932796776
34105,0.988107085
34106,0.987057626
34107,0.979542255
34108,1
34109,1
34110,0.954762697
34111,0.986487031
34112,1
34113,0.981501281
34114,0.833822489
34115,1
34116,0.973538995
34117,1
34118,0.949624658
34119,0.967435181
34120,0.942441404
34121,0.982745647
34122,1
34123,1
34124,1
34125,0.983477652
34126,1
34127,0.988820791
34128,1
34129,1
34130,0.946733177
34131,1
34132,0.983055949
34133,0.966923535
34134,0.94897908
34135,1
34136,0.836421609
34137,0.865404367
34138,0.989398122
34139,1
34140,0.986917913
34141,1
34142,0.95941031
34143,0.446769953
34144,1
34145,1
34146,1
34147,0.97812736
34148,0.970642865
34149,0.95906347
34150,1
34151,0.870273769
34152,0.895045519
34153,0.961702943
34154,0.949124038
34155,1
34156,0.985091865
34157,1
34158,0.978459358
34159,1
34160,0.970530987
34161,0.917805195
34162,0.861382604
34163,0.548444986
34164,1
34165,0.987790823
34166,1
34167,0.824067473
34168,0.987429082
34169,0.983638883
34170,0.984510362
34171,0.76337713
34172,0.506562829
34173,0.892680883
34174,0.928562105
34175,1
34176,1
34177,0.987544537
34178,0.903828442
34179,1
34180,0.978255212
34181,1
34182,0.989412725
34183,0.76234901
34184,0.963368774
34185,1
34186,0.984297812
34187,0.937551916
34188,0.931141496
34189,1
34190,0.947185159
34191,1
34192,0.932771087
34193,0.976465464
34194,1
34195,1
34196,1
34197,0.970492721
34198,0.957668364
34199,1
34200,1
34201,0.935665309
34202,0.981488884
34203,0.972000897
34204,1
34205,0.989610434
34206,1
34207,1
34208,1
34209,0.695992529
34210,0.951422036
34211,1
34212,1
34213,0.983356357
34214,0.907345295
34215,0.958067894
34216,0.898700595
34217,1
34218,0.885824025
34219,0.926368535
34220,1
34221,0.976552546
34222,0.91082269
34223,0.97326988
34224,0.983873189
34225,0.976590395
34226,0.978377402
34227,1
34228,1
34229,0.9822433
34230,1
34231,1
34232,0.967499971
34233,1
34234,1
34235,0.920399666
34236,0.800598085
34237,1
34238,0.890988171
34239,1
34240,0.926886439
34241,0.974601448
34242,1
34243,0.98675561
34244,0.974180162
34245,0.889235556
34246,0.897002935
34247,1
34248,1
34249,1
34250,1
34251,0.975507438
34252,0.985053241
34253,0.980028987
34254,0.980058968
34255,0.893307805
34256,0.988826513
34257,0.884857178
34258,0.813585222
34259,0.989800394
34260,1
34261,1
34262,1
34263,1
34264,0.979574382
34265,0.985404909
34266,1
34267,1
34268,0.979593039
34269,1
34270,1
34271,1
34272,0.982291937
34273,1
34274,0.926407099
34275,0.985400379
34276,0.953607976
34277,0.982780099
34278,0.923113585
34279,1
34280,1
34281,1
34282,0.945977628
34283,1
34284,0.953957915
34285,0.966078222
34286,0.956071436
34287,0.858263373
34288,0.920281231
34289,0.702843249
34290,0.989831507
34291,0.981462598
34292,1
34293,1
34294,0.979743183
34295,0.949978471
34296,1
34297,0.989697993
34298,0.976988852
34299,1
34300,0.981217623
34301,0.856891692
34302,0.638791859
34303,0.941378713
34304,1
34305,1
34306,1
34307,1
34308,0.961904526
34309,0.720515609
34310,0.826197803
34311,0.885637701
34312,0.983985961
34313,0.982901931
34314,1
34315,0.688384593
34316,0.974913716
34317,0.989830792
34318,1
34319,0.711888313
34320,1
34321,0.982025147
34322,1
34323,0.962551355
34324,0.977026045
34325,1
34326,1
34327,1
34328,0.93612349
34329,0.760501146
34330,1
34331,1
34332,1
34333,1
34334,0.980464935
34335,0.971298039
34336,0.901873946
34337,0.981343567
34338,0.981530607
34339,1
34340,0.964430988
34341,1
34342,0.988988102
34343,0.822094679
34344,0.893676519
34345,0.842235446
34346,1
34347,0.977960646
34348,1
34349,1
34350,1
34351,0.983150899
34352,1
34353,1
34354,0.945678175
34355,1
34356,0.925724924
34357,1
34358,0.982398927
34359,0.371381402
34360,0.96596241
34361,0.987310886
34362,1
34363,0.967341125
34364,0.97164911
34365,1
34366,0.97583288
34367,0.967458487
34368,0.989023209
34369,0.912626505
34370,0.985426307
34371,1
34372,1
34373,1
34374,1
34375,1
34376,0.989565611
34377,0.961529255
34378,1
34379,1
34380,0.955742657
34381,0.890140832
34382,0.964851499
34383,0.925890327
34384,0.985339403
34385,1
34386,0.98824954
34387,0.917760789
34388,1
34389,0.958108842
34390,0.977722287
34391,0.898049057
34392,0.919815183
34393,1
34394,0.897795498
34395,1
34396,1
34397,0.978969455
34398,0.981434465
34399,0.925188601
34400,0.984604776
34401,0.210003108
34402,0.95773375
34403,0.743991256
34404,0.978270829
34405,0.975327134
34406,0.985205233
34407,1
34408,1
34409,0.988857746
34410,0.972986758
34411,1
34412,0.959863186
34413,0.897888124
34414,0.978651822
34415,1
34416,1
34417,0.981037796
34418,1
34419,0.961423218
34420,0.971508443
34421,0.668738127
34422,0.986730933
34423,0.9551723
34424,0.840461135
34425,1
34426,1
34427,1
34428,0.986664772
34429,1
34430,1
34431,0.989407599
34432,1
34433,0.939963341
34434,1
34435,0.958210409
34436,1
34437,1
34438,1
34439,0.960084617
34440,1
34441,0.964366436
34442,0.924977899
34443,0.988148749
34444,0.942532361
34445,0.963314056
34446,0.974729955
34447,0.989759564
34448,0.944429696
34449,1
34450,0.909822106
34451,0.949960709
34452,0.986377597
34453,0.987577319
34454,0.984376311
34455,0.978058815
34456,1
34457,0.958755374
34458,0.87314117
34459,1
34460,0.833061874
34461,0.97719121
34462,0.433548302
34463,1
34464,0.981662571
34465,1
34466,0.970722675
34467,0.987038493
34468,0.98221612
34469,0.98229593
34470,0.961815894
34471,0.9773736
34472,0.669689715
34473,1
34474,0.989717841
34475,1
34476,0.877830148
34477,0.963914096
34478,1
34479,1
34480,0.958085656
34481,1
34482,0.98690182
34483,1
34484,1
34485,0.987930179
34486,0.956368327
34487,1
34488,0.589087427
34489,0.916092753
34490,0.969624341
34491,1
34492,0.9861449
34493,0.985161305
34494,1
34495,0.989223719
34496,1
34497,1
34498,0.969619632
34499,1
34500,1
34501,0.609865308
34502,0.968595564
34503,0.844660521
34504,0.986589193
34505,1
34506,0.9802742
34507,0.921921074
34508,1
34509,1
34510,1
34511,0.974682391
34512,0.983552039
34513,0.976718545
34514,1
34515,0.950201869
34516,0.979351878
34517,1
34518,1
34519,1
34520,0.954738915
34521,1
34522,0.9753685
34523,0.980477095
34524,0.666823745
34525,1
34526,1
34527,1
34528,0.987206996
34529,0.879510164
34530,0.98224777
34531,1
34532,0.975876153
34533,1
34534,1
34535,1
34536,0.938280642
34537,0.964915633
34538,1
34539,0.226555333
34540,0.984354973
34541,1
34542,1
34543,1
34544,0.88942337
34545,1
34546,0.960694432
34547,0.981344223
34548,0.903912306
34549,0.97438895700000006
34550,0.989121854
34551,1
34552,0.980738878
34553,0.91670531
34554,0.893579483
34555,0.988450289
34556,0.989251077
34557,0.950198948
34558,0.970990002
34559,0.961340129
34560,0.978045225
34561,0.947540164
34562,0.961857319
34563,1
34564,0.957320809
34565,1
34566,0.989878893
34567,1
34568,0.95330137
34569,0.912179232
34570,1
34571,1
34572,0.981564224
34573,0.95937568
34574,0.988187611
34575,0.897603273
34576,0.964665294
34577,1
34578,0.938032389
34579,0.948118329
34580,1
34581,0.987537563
34582,0.967178404
34583,0.968384087
34584,1
34585,0.831241727
34586,0.897766888
34587,1
34588,0.94477582
34589,0.95991832
34590,0.970000923
34591,1
34592,0.959329486
34593,0.985293448
34594,0.92916894
34595,0.814650238
34596,1
34597,0.957292318
34598,1
34599,1
34600,0.954263628
34601,0.984751523
34602,0.898693204
34603,0.98305434
34604,0.98913902
34605,0.976450503
34606,1
34607,0.894499958
34608,0.22300306
34609,0.980313838
34610,0.987717331
34611,0.975173473
34612,0.985781729
34613,1
34614,0.973487735
34615,0.986773729
34616,1
34617,0.806033969
34618,0.986529112
34619,1
34620,0.958501756
34621,0.973210573
34622,0.975725055
34623,1
34624,0.980180383
34625,1
34626,1
34627,1
34628,1
34629,0.981159747
34630,0.982598424
34631,0.985456049
34632,0.96514236900000006
34633,0.925646246
34634,1
34635,0.878787816
34636,0.987039149
34637,0.976260245
34638,0.964198589
34639,0.981910288
34640,0.980755508
34641,1
34642,0.983796418
34643,1
34644,0.946317732
34645,0.892622113
34646,0.908803701
34647,0.983084977
34648,0.94933039
34649,0.977976501
34650,0.948863149
34651,1
34652,0.978605688
34653,0.916668057
34654,0.966284216
34655,1
34656,0.958007395
34657,1
34658,1
34659,0.989274204
34660,0.980659246
34661,0.964516997
34662,0.982513487
34663,1
34664,1
34665,1
34666,0.988196135
34667,1
34668,0.94135654
34669,1
34670,0.985403717
34671,0.988930762
34672,1
34673,0.98970592
34674,0.979562879
34675,1
34676,0.956681609
34677,0.98925972
34678,0.895968199
34679,1
34680,0.27398327
34681,0.906044543
34682,0.935934544
34683,1
34684,1
34685,0.975833237
34686,1
34687,0.92410981699999994
34688,1
34689,0.970139504
34690,1
34691,1
34692,0.986407757
34693,0.953285158
34694,0.989556015
34695,1
34696,1
34697,1
34698,1
34699,0.970782816
34700,1
34701,1
34702,1
34703,0.965543568
34704,0.986991525
34705,1
34706,1
34707,0.989305019
34708,0.971807778
34709,1
34710,1
34711,0.934029222
34712,0.985901058
34713,1
34714,0.985187352
34715,0.816784322
34716,0.961765468
34717,1
34718,1
34719,0.968128979
34720,0.956863403
34721,0.976220608
34722,0.984318554
34723,1
34724,0.983895481
34725,1
34726,0.97847569
34727,0.933005095
34728,0.965363264
34729,0.981782496
34730,0.974885404
34731,0.9429003
34732,1
34733,0.761179149
34734,0.903689802
34735,1
34736,0.904414296
34737,0.862696946
34738,0.959065259
34739,0.9641608
34740,0.843807876
34741,0.971601248
34742,1
34743,1
34744,0.911416471
34745,1
34746,0.980972767
34747,0.976037502
34748,0.940634728
34749,1
34750,0.918686271
34751,0.974171579
34752,0.983088195
34753,1
34754,0.985805571
34755,0.983132899
34756,0.98767030200000006
34757,0.987939835
34758,1
34759,1
34760,1
34761,1
34762,0.891856253
34763,0.967336893
34764,0.957753658
34765,1
34766,1
34767,1
34768,0.92856288
34769,1
34770,1
34771,0.988869786
34772,0.966539264
34773,1
34774,0.95623368
34775,0.958474398
34776,0.949609816
34777,0.979649365
34778,1
34779,1
34780,0.804609597
34781,0.987967551
34782,0.985691845
34783,0.959680557
34784,0.985335767
34785,1
34786,0.957982063
34787,1
34788,1
34789,1
34790,1
34791,0.9823277
34792,0.985402584
34793,1
34794,1
34795,1
34796,0.905710101
34797,1
34798,0.815613389
34799,0.904263735
34800,1
34801,0.962353766
34802,0.951856971
34803,0.928148508
34804,0.988186419
34805,0.9847911
34806,0.506669641
34807,1
34808,1
34809,0.9811095
34810,0.918326318
34811,0.607225359
34812,0.972470999
34813,0.989586473
34814,1
34815,0.984248102
34816,1
34817,0.907134056
34818,0.734941721
34819,0.851337671
34820,0.964815974
34821,0.984644532
34822,1
34823,1
34824,1
34825,1
34826,1
34827,1
34828,1
34829,0.988503039
34830,0.927354753
34831,0.97620809099999994
34832,0.894172907
34833,1
34834,1
34835,1
34836,1
34837,0.978857577
34838,1
34839,0.981823444
34840,0.988861859
34841,1
34842,0.983125746
34843,1
34844,1
34845,0.984911919
34846,0.965974331
34847,1
34848,0.988425612
34849,0.965215087
34850,1
34851,0.969199061
34852,1
34853,0.952788711
34854,0.963723958
34855,1
34856,1
34857,0.961229026
34858,1
34859,0.957028151
34860,0.988917232
34861,1
34862,1
34863,0.977671385
34864,1
34865,0.924676895
34866,0.978222013
34867,0.666675687
34868,1
34869,0.987873495
34870,1
34871,0.464408755
34872,1
34873,0.958944082
34874,1
34875,1
34876,1
34877,0.987958014
34878,0.955127418
34879,0.984918296
34880,0.945263743
34881,0.941628456
34882,0.989664733
34883,0.989485323
34884,0.96714294
34885,0.978774786
34886,1
34887,0.639076293
34888,0.986133754
34889,0.972702861
34890,0.986199617
34891,0.971080184
34892,0.877149046
34893,1
34894,1
34895,0.98323375
34896,0.953518331
34897,1
34898,1
34899,0.961683095
34900,0.960661113
34901,0.981163561
34902,1
34903,1
34904,1
34905,1
34906,1
34907,1
34908,1
34909,0.988219023
34910,1
34911,0.98573643
34912,1
34913,0.776646674
34914,0.975632727
34915,0.965095937
34916,0.989520073
34917,1
34918,0.96952939
34919,1
34920,1
34921,1
34922,0.98250097
34923,0.968246758
34924,0.934143722
34925,0.98835969
34926,0.976447165
34927,1
34928,1
34929,1
34930,0.966727436
34931,0.259027243
34932,1
34933,1
34934,1
34935,0.943155587
34936,1
34937,1
34938,1
34939,1
34940,0.987374365
34941,0.972604752
34942,0.98514384
34943,1
34944,0.732489586
34945,0.967175841
34946,0.950933099
34947,0.971267939
34948,0.98306793
34949,1
34950,0.984502137
34951,0.983208835
34952,0.679585576
34953,0.978525341
34954,0.88792479
34955,0.97721225
34956,0.983402371
34957,1
34958,0.986011267
34959,1
34960,0.979846597
34961,0.980043292
34962,1
34963,1
34964,0.695896983
34965,1
34966,0.975964606
34967,0.989294529
34968,1
34969,0.968506992
34970,0.987347007
34971,1
34972,1
34973,1
34974,0.98987329
34975,1
34976,0.989561737
34977,0.98254329
34978,1
34979,0.960456431
34980,0.981802762
34981,0.978269458
34982,0.960041106
34983,0.968064725
34984,0.985030592
34985,0.983966053
34986,1
34987,0.975857556
34988,0.940064251
34989,1
34990,0.975832224
34991,1
34992,1
34993,0.984685421
34994,0.947213829
34995,0.970359922
34996,0.98320955
34997,0.985637844
34998,0.905465066
34999,0.910483718
35000,0.904709041
35001,0.98383534
35002,0.987709522
35003,1
35004,1
35005,0.940373898
35006,0.985343993
35007,0.987476409
35008,0.946777761
35009,1
35010,1
35011,0.942803443
35012,0.988224387
35013,0.978377283
35014,0.217856094
35015,0.956342042
35016,0.981822491
35017,1
35018,1
35019,0.833228946
35020,1
35021,1
35022,1
35023,0.986279368
35024,0.420559764
35025,1
35026,0.981123745
35027,0.971734285
35028,0.971977294
35029,0.715622604
35030,0.97364974
35031,1
35032,0.9838202
35033,1
35034,1
35035,0.533429325
35036,0.978102863
35037,0.977986753
35038,0.981768251
35039,0.981532335
35040,0.90505743
35041,1
35042,0.98108381
35043,0.980043173
35044,1
35045,1
35046,0.898483992
35047,1
35048,0.982202888
35049,0.950663388
35050,0.960728765
35051,0.984174311
35052,0.933901191
35053,1
35054,1
35055,1
35056,0.982937396
35057,1
35058,0.982800245
35059,1
35060,1
35061,0.350755721
35062,1
35063,1
35064,0.985573113
35065,1
35066,0.948350012
35067,0.950699031
35068,0.982575417
35069,0.983296454
35070,0.982278585
35071,1
35072,0.974168837
35073,1
35074,0.956474245
35075,1
35076,1
35077,1
35078,0.913250446
35079,0.988436341
35080,1
35081,1
35082,0.957916498
35083,0.941280484
35084,1
35085,0.945837796
35086,0.987209916
35087,0.989163756
35088,1
35089,0.987167418
35090,0.942278087
35091,1
35092,0.969573438
35093,0.983585
35094,1
35095,0.981845915
35096,1
35097,1
35098,0.989959955
35099,0.653231502
35100,0.984041691
35101,0.928559959
35102,1
35103,1
35104,1
35105,1
35106,0.659754336
35107,1
35108,1
35109,1
35110,1
35111,1
35112,1
35113,1
35114,0.987945199
35115,1
35116,0.988404036
35117,1
35118,1
35119,0.988897502
35120,1
35121,1
35122,1
35123,0.859993696
35124,0.984411657
35125,1
35126,0.973181665
35127,0.983556867
35128,0.97433316700000006
35129,0.727752626
35130,1
35131,0.978008866
35132,1
35133,1
35134,0.951554239
35135,0.984621882
35136,0.774507284
35137,1
35138,1
35139,0.981742621
35140,1
35141,1
35142,0.97476691
35143,0.966659904
35144,0.973212481
35145,1
35146,1
35147,0.989458561
35148,1
35149,1
35150,1
35151,0.980217218
35152,1
35153,0.986449301
35154,1
35155,1
35156,1
35157,0.97748524
35158,0.96266675
35159,0.942352295
35160,0.944993258
35161,0.962612629
35162,0.977714658
35163,0.985834777
35164,1
35165,1
35166,0.819473624
35167,0.960761905
35168,1
35169,1
35170,0.975392103
35171,1
35172,0.205702767
35173,0.98248291
35174,0.601934969
35175,0.986327887
35176,0.939369798
35177,0.987453818
35178,0.98900348
35179,1
35180,1
35181,0.97759819
35182,0.854641497
35183,0.985684872
35184,1
35185,1
35186,0.989329994
35187,0.978693485
35188,0.859272659
35189,1
35190,0.476579845
35191,0.572163105
35192,1
35193,0.951282084
35194,0.959345698
35195,0.944348395
35196,1
35197,0.918044806
35198,0.982487738
35199,0.957825065
35200,0.244260043
35201,1
35202,0.981005311
35203,0.985723198
35204,1
35205,1
35206,0.843998969
35207,0.913068533
35208,0.9372738
35209,0.124359392
35210,1
35211,1
35212,1
35213,0.981251597
35214,0.981573522
35215,0.983818233
35216,0.881741464
35217,1
35218,0.597325087
35219,1
35220,0.922880769
35221,0.986582398
35222,0.937960982
35223,0.964648783
35224,0.979601085
35225,0.541633904
35226,0.967783153
35227,1
35228,0.986966252
35229,0.976231039
35230,1
35231,1
35232,1
35233,0.961582482
35234,0.984921038
35235,1
35236,0.828540504
35237,1
35238,0.981466532
35239,1
35240,1
35241,1
35242,1
35243,0.455544025
35244,1
35245,1
35246,0.988423049
35247,1
35248,0.899154306
35249,0.977950633
35250,0.988897383
35251,0.982383847
35252,0.949960709
35253,1
35254,0.959996402
35255,0.960955501
35256,0.961766362
35257,0.980964243
35258,1
35259,0.989803553
35260,0.975889981
35261,0.983821809
35262,0.957448542
35263,0.980939508
35264,0.985937655
35265,0.809193671
35266,1
35267,0
35268,0.976451039
35269,0.987740576
35270,0.947921097
35271,0.964494944
35272,1
35273,0.981473863
35274,1
35275,1
35276,1
35277,1
35278,1
35279,0.96581018
35280,1
35281,1
35282,0.987802327
35283,0.945237339
35284,0.852073133
35285,0.966599345
35286,0.985165775
35287,0.858664632
35288,1
35289,0.977869451
35290,1
35291,0.869236469
35292,0.917580605
35293,0.982481778
35294,1
35295,0.987635434
35296,1
35297,0.983059526
35298,0.986712456
35299,0.987050772
35300,0.966598213
35301,0.970763505
35302,0.680737853
35303,0.949736893
35304,1
35305,0.936381996
35306,0.957224071
35307,0.93925935
35308,0.983267605
35309,0.979515255
35310,1
35311,0.958575249
35312,0.471745104
35313,0.833280146
35314,0.871805191
35315,0.987042189
35316,0.959950507
35317,0.986011028
35318,0.92990791799999994
35319,1
35320,1
35321,0.959706545
35322,0.474139035
35323,0.98714149
35324,0.909082413
35325,0.966905475
35326,0.963061333
35327,1
35328,0.952634513
35329,0.900613904
35330,1
35331,1
35332,0.985277593
35333,0.979279399
35334,1
35335,0.943332851
35336,0.83904016
35337,0.861251533
35338,0.971070707
35339,0.780557931
35340,1
35341,1
35342,0.988422096
35343,0.624277592
35344,0.965272605
35345,0.983762503
35346,0.975218475
35347,0.630570948
35348,1
35349,1
35350,0.972296
35351,0.965573371
35352,1
35353,1
35354,1
35355,0.797366381
35356,0.987053454
35357,0.970944822
35358,1
35359,1
35360,0.953395128
35361,0.967308998
35362,0.97092551
35363,1
35364,0.976651013
35365,0.98929894
35366,1
35367,0.987614751
35368,0.959168792
35369,0.989593148
35370,1
35371,0.975555301
35372,0.987414658
35373,0.862340272
35374,1
35375,0.968741298
35376,0.932557225
35377,0.877320528
35378,0.975049794
35379,0.963121176
35380,0.766049206
35381,0.976813793
35382,0.986919463
35383,1
35384,0.98581624
35385,1
35386,0.974727452
35387,1
35388,0.961955309
35389,1
35390,0.98437959
35391,0.929655731
35392,1
35393,0.927362859
35394,1
35395,1
35396,0.985300839
35397,0.380000234
35398,0.983246744
35399,0.832442582
35400,0.988525093
35401,1
35402,1
35403,1
35404,0.968444467
35405,0.367960811
35406,0.882532001
35407,0.989288092
35408,0.410948902
35409,1
35410,0.980172098
35411,0.981597304
35412,0.976068378
35413,0.983666539
35414,1
35415,1
35416,0.964661956
35417,0.970445871
35418,0.97659874
35419,0.953622401
35420,0.970969439
35421,1
35422,1
35423,0.978323579
35424,0.970779002
35425,0.963415504
35426,1
35427,0.966903806
35428,0.957114935
35429,0.496806532
35430,0.60665369
35431,1
35432,0.816168129
35433,0.936625183
35434,1
35435,0.928819776
35436,1
35437,0.951429904
35438,0.977516294
35439,1
35440,0.90672791
35441,0.989443421
35442,0.975681841
35443,0.976559162
35444,1
35445,0.986579835
35446,1
35447,1
35448,0.956062079
35449,0.976230383
35450,1
35451,1
35452,0.979427218
35453,1
35454,0.986643612
35455,0.98624599
35456,0.989019573
35457,1
35458,0.95478183
35459,0.983288944
35460,0.952033937
35461,0.973512709
35462,0.988050282
35463,0.966308355
35464,0.944160879
35465,0.964240313
35466,0.977128744
35467,0.883539915
35468,0.97720921
35469,1
35470,0.873951793
35471,0.970398188
35472,0.987404704
35473,1
35474,0.950882375
35475,0.760815561
35476,0.972712219
35477,0.957903683
35478,1
35479,0.965946615
35480,0.466147095
35481,1
35482,0.981321931
35483,1
35484,1
35485,0.973146319
35486,1
35487,0.973145187
35488,0.954268932
35489,1
35490,0.714873731
35491,1
35492,0.931942761
35493,0.850735784
35494,0.948539376
35495,0.981711268
35496,1
35497,0.797779918
35498,0.977015913
35499,1
35500,0.863834262
35501,0.986162841
35502,1
35503,1
35504,0.905964613
35505,1
35506,0.97428447
35507,0.982745647
35508,0.974156737
35509,1
35510,0.977932811
35511,1
35512,0.983630419
35513,0.975206137
35514,0.508461952
35515,1
35516,0.985000372
35517,1
35518,0.987974525
35519,0.986305237
35520,0.984365344
35521,1
35522,0.988511205
35523,1
35524,1
35525,0.912063956
35526,1
35527,1
35528,0.985061109
35529,1
35530,0.965439677
35531,0.958724797
35532,0.953488648
35533,1
35534,1
35535,0.907556653
35536,0.961679578
35537,0.876397252
35538,1
35539,1
35540,1
35541,1
35542,0.986691475
35543,1
35544,0.941998303
35545,1
35546,1
35547,0.886402011
35548,0.988606274
35549,1
35550,0.983991146
35551,0.978973568
35552,0.963318229
35553,0.985622108
35554,0.493412584
35555,0.921818078
35556,0.917235076
35557,0.932059467
35558,1
35559,0.983778
35560,0.928368509
35561,0.696882248
35562,0.973636329
35563,1
35564,0.988292515
35565,0.987927973
35566,0.965838313
35567,0.98471731
35568,0.97603184
35569,0.988811731
35570,0.979541838
35571,0.909431279
35572,0.897659957
35573,0.988075495
35574,0.979456365
35575,0.93101114
35576,0.940045834
35577,0.929223597
35578,0.950154483
35579,1
35580,1
35581,0.976941526
35582,0.917559385
35583,0.984901726
35584,0.949850738
35585,0.497058749
35586,1
35587,1
35588,0.981591225
35589,1
35590,1
35591,1
35592,0.978903532
35593,0.975313842
35594,1
35595,1
35596,0.875546992
35597,1
35598,0.948279321
35599,1
35600,1
35601,0.972201228
35602,0.958110273
35603,1
35604,1
35605,0.985607505
35606,1
35607,0.978741765
35608,0.980181515
35609,0.957402647
35610,0.921107709
35611,0.98871392
35612,0.881602585
35613,1
35614,1
35615,0.984461725
35616,0.801817119
35617,1
35618,1
35619,1
35620,1
35621,0.865948439
35622,1
35623,1
35624,1
35625,0.967967093
35626,0.983969986
35627,0.989562094
35628,1
35629,1
35630,0.975020111
35631,0.981021643
35632,0.98007822
35633,0.28129971
35634,0.966043055
35635,0.989720285
35636,0.984729111
35637,0.935672104
35638,0.83689034
35639,0.987870157
35640,0.941929162
35641,0.98503834
35642,1
35643,0.915435493
35644,1
35645,1
35646,0.955612123
35647,0.585233092
35648,0.985159874
35649,0.960816264
35650,1
35651,0.957664788
35652,0.913772821
35653,0.982493401
35654,1
35655,0.941412449
35656,0.973665893
35657,0.981838584
35658,0.982479692
35659,0.610450447
35660,0.97567898
35661,0.974649251
35662,1
35663,0.966835856
35664,0.97651732
35665,0.721127093
35666,0.975133002
35667,0.897913933
35668,1
35669,0.986834824
35670,1
35671,1
35672,0.957677424
35673,1
35674,0.924639702
35675,1
35676,0.965468168
35677,1
35678,0.510839284
35679,1
35680,1
35681,0.871101916
35682,0.883534312
35683,1
35684,0.978937089
35685,0.985182107
35686,0.972754061
35687,0.978961885
35688,0.982824445
35689,0.984512627
35690,1
35691,1
35692,1
35693,1
35694,1
35695,1
35696,0.987529516
35697,1
35698,0.983553886
35699,0.985795617
35700,1
35701,0.986048102
35702,0.982264757
35703,1
35704,0.987815678
35705,0.942191422
35706,1
35707,1
35708,0.945007861
35709,1
35710,0.983398557
35711,0.942048669
35712,0.695708513
35713,1
35714,0.94568491
35715,0.951984882
35716,1
35717,1
35718,0.94288975
35719,0.903164208
35720,1
35721,1
35722,1
35723,0.95857501
35724,1
35725,0.954976022
35726,0.943106413
35727,0.967911601
35728,1
35729,0.970009565
35730,0.936228156
35731,1
35732,0.975581765
35733,0.932779968
35734,0.916959345
35735,1
35736,0.859017491
35737,1
35738,0.940826118
35739,0.959168792
35740,0.98929894
35741,0.965589583
35742,0.951297641
35743,1
35744,0.968785703
35745,0.748865664
35746,0.98503625399999994
35747,0.982737839
35748,1
35749,0.883962154
35750,1
35751,0.923626244
35752,1
35753,0.94210577
35754,0.954125464
35755,1
35756,1
35757,0.987748385
35758,0.978253961
35759,1
35760,0.983176827
35761,0.9697029
35762,1
35763,1
35764,1
35765,0.948589146
35766,0.938399673
35767,1
35768,0.977150023
35769,1
35770,0.932569146
35771,0.945364952
35772,0.934282541
35773,0.954313695
35774,0.988444269
35775,0.829986692
35776,0.960315585
35777,0.953349471
35778,0.929123759
35779,0.942127824
35780,0.971314132
35781,0.918670058
35782,1
35783,0.975096405
35784,1
35785,0.988772452
35786,0.961480498
35787,0.947603703
35788,0.987213433
35789,1
35790,0.98421037199999994
35791,0.960676611
35792,0.932786644
35793,1
35794,1
35795,1
35796,1
35797,0.978034437
35798,0.846983612
35799,1
35800,0.937190533
35801,1
35802,0.633937955
35803,1
35804,1
35805,0.886801183
35806,1
35807,0.978595078
35808,0.968248665
35809,0.983661354
35810,0.949029326
35811,0.982776523
35812,0.986670792
35813,0.982553244
35814,0.982054591
35815,1
35816,1
35817,1
35818,0.98992157
35819,0.896673262
35820,0.97846359
35821,0.981319308
35822,1
35823,0.926298082
35824,0.97544378
35825,1
35826,0.987025678
35827,0.987317503
35828,0.974417329
35829,0.963109732
35830,0.822257698
35831,1
35832,0.719898582
35833,0.872615755
35834,0.979874313
35835,1
35836,0.966401994
35837,0.38994270599999997
35838,1
35839,1
35840,0.98296088
35841,1
35842,1
35843,1
35844,0.932330668
35845,0.764745235
35846,1
35847,0.906934977
35848,0.955763698
35849,0.976301253
35850,1
35851,0.618761063
35852,1
35853,1
35854,1
35855,0.936001241
35856,0.976969719
35857,1
35858,1
35859,0.984758496
35860,1
35861,0.987714052
35862,0.966210961
35863,0.985980272
35864,1
35865,1
35866,1
35867,0.885190547
35868,0.85518527
35869,0.513373792
35870,1
35871,0.985667408
35872,0.767751515
35873,0.960066855
35874,0.534286559
35875,1
35876,1
35877,0.989534915
35878,0.63586694
35879,1
35880,0.951430559
35881,1
35882,1
35883,0.871176183
35884,0.984044313
35885,1
35886,0.981591463
35887,1
35888,0.861661553
35889,1
35890,0.923089683
35891,0.989187658
35892,0.829097271
35893,0.975775361
35894,1
35895,1
35896,0.983286619
35897,1
35898,1
35899,0.960065424
35900,0.951957464
35901,0.938763142
35902,1
35903,1
35904,0.467714965
35905,0.950094461
35906,0.802989006
35907,1
35908,1
35909,1
35910,0.927355647
35911,0.985612392
35912,1
35913,1
35914,1
35915,1
35916,0.948974073
35917,0.988808692
35918,1
35919,0.987727523
35920,0.963097692
35921,1
35922,1
35923,0.977292955
35924,0.816091538
35925,0.407302648
35926,0.985032558
35927,0.989755213
35928,0.577705205
35929,1
35930,0.96935904
35931,1
35932,1
35933,0.92073977
35934,0.986294568
35935,0.972605765
35936,0.704065502
35937,0.979504407
35938,1
35939,1
35940,1
35941,0.956973195
35942,1
35943,0.987404764
35944,0.972376645
35945,0.895466924
35946,1
35947,0.989533484
35948,0.970307827
35949,0.984798014
35950,1
35951,1
35952,0.968400776
35953,0.952881336
35954,0.552285135
35955,1
35956,0.987954259
35957,0.989714205
35958,1
35959,0.97705406
35960,0.985848069
35961,0.989430189
35962,0.931093216
35963,0.947207272
35964,1
35965,1
35966,1
35967,0.97235322
35968,0.77258414
35969,0.952648342
35970,0.987699628
35971,1
35972,0.830735445
35973,1
35974,1
35975,1
35976,1
35977,0.978755176
35978,0.949372828
35979,0.944325447
35980,0.970738888
35981,0.930296063
35982,0.983169198
35983,0.907911062
35984,0.888782919
35985,0.988627851
35986,1
35987,1
35988,1
35989,0.962764025
35990,0.986292601
35991,0.918397844
35992,1
35993,0.972388148
35994,1
35995,1
35996,1
35997,1
35998,0.704633594
35999,1
36000,0.979407072
36001,1
36002,0.976779759
36003,0.954725623
36004,0.963835597
36005,0.920251906
36006,1
36007,0.978382886
36008,1
36009,0.945838451
36010,0.849045038
36011,0.989383519
36012,1
36013,0.942799449
36014,0.981549084
36015,1
36016,0.919169247
36017,1
36018,0.980409265
36019,1
36020,1
36021,0.987478614
36022,0.983736098
36023,0.746339679
36024,0.814679742
36025,0.937454701
36026,1
36027,1
36028,0.98803407
36029,0.983406842
36030,1
36031,1
36032,0.955218017
36033,0.866753638
36034,1
36035,1
36036,0.638308406
36037,0.983642817
36038,1
36039,1
36040,1
36041,0.602663755
36042,1
36043,1
36044,0.762886167
36045,0.963416457
36046,0.963595629
36047,1
36048,1
36049,1
36050,1
36051,1
36052,1
36053,0.89763701
36054,0.979462683
36055,1
36056,0.909419179
36057,0.952840328
36058,0.987600327
36059,0.967521966
36060,1
36061,1
36062,1
36063,0.974369347
36064,0.986957967
36065,1
36066,0.822814047
36067,0.869371831
36068,0.176783517
36069,0.938083708
36070,0.980723321
36071,0.976585865
36072,1
36073,1
36074,0.966450989
36075,1
36076,0.980804861
36077,1
36078,0.98230058
36079,1
36080,0.981095314
36081,0.982751072
36082,0.975150585
36083,0.987972319
36084,0.980007231
36085,0.98220694099999994
36086,0.981830418
36087,0.986201584
36088,0.984378517
36089,0.972854137
36090,0.985636354
36091,1
36092,1
36093,1
36094,1
36095,0.975613654
36096,1
36097,0.989778101
36098,0.979672134
36099,1
36100,1
36101,1
36102,1
36103,0.985791564
36104,0.98307991
36105,0.976121008
36106,1
36107,0.956408918
36108,1
36109,0.988785744
36110,0.798626185
36111,1
36112,0.987395704
36113,0.982716799
36114,1
36115,1
36116,1
36117,1
36118,1
36119,1
36120,0.902557254
36121,0.985715687
36122,0.9704175
36123,0.98069948
36124,0.846109569
36125,0.985255837
36126,0.988276184
36127,0.908296645
36128,0.986667872
36129,0.967571378
36130,0.91401577
36131,0.889750719
36132,0.974963367
36133,0.974917233
36134,0.940962493
36135,0.98740989
36136,1
36137,1
36138,1
36139,0.973727167
36140,1
36141,0.940969944
36142,0.981983066
36143,0.477052301
36144,0.865003526
36145,0.890078962
36146,1
36147,0.969360113
36148,1
36149,0.576167345
36150,1
36151,0.965361893
36152,0.97902894
36153,0.987545669
36154,0.988286793
36155,1
36156,0.963456214
36157,0.982743621
36158,1
36159,1
36160,1
36161,0.983214915
36162,1
36163,1
36164,0.972095549
36165,0.912591338
36166,1
36167,1
36168,1
36169,1
36170,0.950205922
36171,0.966155767
36172,1
36173,0.965722442
36174,1
36175,0.944360077
36176,0.985600531
36177,0.982793212
36178,1
36179,0.98373735
36180,1
36181,0.957892537
36182,1
36183,0.783713937
36184,0.982435167
36185,0.985563636
36186,1
36187,1
36188,0.962725639
36189,1
36190,0.984465182
36191,0.477122635
36192,0.543364823
36193,0.986329138
36194,1
36195,1
36196,0.98503232
36197,1
36198,1
36199,0.51137054
36200,1
36201,0.972000122
36202,0.936833561
36203,0.837700427
36204,0.872304499
36205,0.988743901
36206,0.972691357
36207,0.976367652
36208,0.477877557
36209,0.989661336
36210,0.97600627
36211,1
36212,0.982225239
36213,0.83460933
36214,0.983081043
36215,0.901752055
36216,0.960219145
36217,1
36218,1
36219,0.978232503
36220,0.926638782
36221,0.966178834
36222,1
36223,1
36224,0.962215006
36225,0.961259186
36226,0.890239477
36227,0.979098201
36228,0.987646461
36229,0.460709214
36230,0.972065449
36231,0.986869037
36232,1
36233,0.963796914
36234,1
36235,0.928950429
36236,0.976323545
36237,0.301062316
36238,1
36239,1
36240,0.393708706
36241,0.985066295
36242,0.982625485
36243,1
36244,1
36245,0.779311597
36246,1
36247,0.986903071
36248,0.970641971
36249,1
36250,1
36251,0.974402428
36252,1
36253,1
36254,0.989938259
36255,1
36256,0.962942958
36257,1
36258,1
36259,1
36260,0.975626349
36261,1
36262,1
36263,0.973202765
36264,1
36265,1
36266,1
36267,1
36268,1
36269,1
36270,0.9249928
36271,1
36272,0.960688949
36273,0.84780848
36274,0.98701036
36275,0.979184866
36276,1
36277,0.980833411
36278,0.970197737
36279,0.94695729
36280,0.981481791
36281,0.868448317
36282,1
36283,1
36284,1
36285,0.964924991
36286,0.960322678
36287,0.921775699
36288,0.9557271
36289,0.9612059
36290,0.986666739
36291,0.914984465
36292,0.981966138
36293,0.918586195
36294,0.967715263
36295,0.316139102
36296,0.983924091
36297,0.975126863
36298,1
36299,1
36300,1
36301,1
36302,0.965451598
36303,0.980562687
36304,0.983001351
36305,0.79845053
36306,1
36307,1
36308,0.774882674
36309,1
36310,0.978361189
36311,0.985259652
36312,0.956982791
36313,1
36314,0.971890867
36315,0.962119162
36316,0.985656977
36317,0.979989231
36318,0.695823193
36319,0.974459827
36320,0.898400426
36321,1
36322,0.959578812
36323,1
36324,0.98282975
36325,0.985599518
36326,0.967164099
36327,0.949198484
36328,0.955595255
36329,1
36330,1
36331,1
36332,0.944171429
36333,0.884584427
36334,0.94113034
36335,0.983408153
36336,0.936591685
36337,0.564408183
36338,0.98412317
36339,1
36340,0.986426771
36341,0.989345849
36342,0.988708377
36343,0.974440813
36344,0.972986758
36345,0.981867075
36346,1
36347,0.983297825
36348,0.96143204
36349,0.927067161
36350,1
36351,0.971819401
36352,0.940634728
36353,0.963106215
36354,0.852866292
36355,1
36356,0.961303353
36357,0.979490936
36358,0.986374497
36359,0.988432705
36360,0.919663966
36361,0.818313897
36362,1
36363,1
36364,1
36365,0.987312198
36366,1
36367,1
36368,1
36369,0.985084117
36370,1
36371,1
36372,1
36373,0.554368615
36374,0.982259929
36375,1
36376,0.95910579
36377,1
36378,0.830076277
36379,0.950001597
36380,0.817708135
36381,0.987696111
36382,1
36383,0.986963928
36384,0.981782973
36385,0.962970913
36386,0.977885723
36387,1
36388,0.987399101
36389,0.889735043
36390,0.970625758
36391,0.989514232
36392,0.988503277
36393,1
36394,0.963551283
36395,0.985903561
36396,0.985774398
36397,0.499720901
36398,0.917253614
36399,0.981800437
36400,1
36401,0.944064438
36402,0.969357789
36403,0.98047149199999994
36404,0.960141003
36405,1
36406,1
36407,0.842826903
36408,0.903547883
36409,0.972684503
36410,1
36411,1
36412,1
36413,0.107276835
36414,0.985832691
36415,0.978890955
36416,0.97346127
36417,0.987505436
36418,1
36419,0.988408625
36420,1
36421,0.958689153
36422,1
36423,0.913280547
36424,1
36425,0.987117589
36426,1
36427,1
36428,0.986124396
36429,0.979869366
36430,0.965629041
36431,1
36432,0.966838419
36433,0.977000773
36434,0.874353886
36435,1
36436,1
36437,0.9485147
36438,1
36439,1
36440,1
36441,0.964655757
36442,0.98828727
36443,0.817496061
36444,0.952067733
36445,1
36446,1
36447,0.932586253
36448,0.872394443
36449,1
36450,0.989655018
36451,0.845961988
36452,1
36453,0.918859363
36454,0.939003885
36455,0.979199469
36456,0.982061148
36457,0.982263148
36458,0.400019378
36459,0.945120812
36460,0.970825732
36461,0.771116257
36462,0.958236694
36463,0.97720623
36464,1
36465,0.898618102
36466,0.970581949
36467,0.952813268
36468,0.979020596
36469,0.957612276
36470,0.889292181
36471,0.935277104
36472,0.97803694
36473,0.984763444
36474,0.973494947
36475,0.628835022
36476,1
36477,1
36478,0.958195627
36479,0.982123077
36480,0.812266707
36481,0.979545355
36482,0.510102272
36483,0.979409516
36484,0.944064915
36485,1
36486,0.853666544
36487,0.978452861
36488,0.931781292
36489,0.987953186
36490,0.828602433
36491,1
36492,1
36493,0.983680844
36494,1
36495,1
36496,1
36497,0.86459887
36498,0.820042133
36499,1
36500,0.979992449
36501,0.970569313
36502,0.98001641
36503,1
36504,0.980835795
36505,0.984103918
36506,0.961883843
36507,0.988247097
36508,0.940800369
36509,0.988920927
36510,1
36511,0.963559449
36512,1
36513,1
36514,0.953206062
36515,0.988212407
36516,0.452885509
36517,0.979164958
36518,1
36519,0.969619632
36520,0.976671398
36521,0.777270794
36522,0.971080601
36523,0.963457882
36524,0.877524734
36525,0.988437355
36526,1
36527,1
36528,1
36529,0.86293745
36530,0.956707656
36531,1
36532,1
36533,0.97540921
36534,0.976872027
36535,1
36536,1
36537,0.987515926
36538,0.977500916
36539,0.816244125
36540,0.966294766
36541,0.988519251
36542,0.799841464
36543,0.940869272
36544,0.35360086
36545,1
36546,0.95024401
36547,1
36548,1
36549,0.97432828
36550,0.953299344
36551,0.941531003
36552,0.497733414
36553,1
36554,1
36555,0.9839499
36556,1
36557,0.714651167
36558,0.972964525
36559,1
36560,0.974552989
36561,1
36562,0.850770056
36563,1
36564,1
36565,1
36566,0.961341143
36567,0.971830189
36568,0.974921525
36569,1
36570,0.985834181
36571,1
36572,0.95012939
36573,0.984880686
36574,0.984651327
36575,1
36576,0.95188343500000006
36577,0.902080178
36578,0.986655831
36579,0.972817481
36580,1
36581,0.947289527
36582,0.980743349
36583,0.988579035
36584,0.937667847
36585,0.96424228
36586,0.963284612
36587,1
36588,1
36589,1
36590,1
36591,0.967981935
36592,0.951741397
36593,0.749811709
36594,0.971375585
36595,1
36596,1
36597,0.974055171
36598,1
36599,0.966705918
36600,1
36601,0.981084168
36602,0.932767212
36603,0.974553227
36604,1
36605,0.989865243
36606,1
36607,1
36608,0.737603605
36609,1
36610,1
36611,0.851675034
36612,1
36613,0.964622378
36614,1
36615,0.916216075
36616,1
36617,0.986231387
36618,0.948643744
36619,1
36620,1
36621,1
36622,1
36623,1
36624,0.895324528
36625,1
36626,0.987846077
36627,0.835538268
36628,0.985737801
36629,1
36630,1
36631,1
36632,1
36633,1
36634,0.962764025
36635,0.967477083
36636,1
36637,1
36638,0.883382201
36639,0.983827591
36640,0.314983189
36641,0.935032249
36642,1
36643,1
36644,0.949494124
36645,0.859425485
36646,1
36647,0.972115815
36648,1
36649,0.766823411
36650,1
36651,0.820727229
36652,0.980179548
36653,0.919051409
36654,1
36655,1
36656,1
36657,0.987600327
36658,1
36659,0.989551604
36660,0.977838457
36661,0.987619281
36662,0.971264005
36663,0.988889217
36664,0.973514497
36665,0.978881717
36666,0.934776962
36667,0.94660157
36668,0.948791146
36669,0.940668821
36670,1
36671,0.575797498
36672,0.981524825
36673,0.477052301
36674,0.986705244
36675,0.985396445
36676,0.96335882
36677,0.963435829
36678,1
36679,0.988010585
36680,0.988677681
36681,1
36682,0.981286168
36683,1
36684,0.986308932
36685,0.981805861
36686,1
36687,1
36688,0.987372577
36689,1
36690,0.986830652
36691,0.983697832
36692,1
36693,0.987956584
36694,0.548605442
36695,1
36696,1
36697,1
36698,1
36699,0.944369435
36700,1
36701,0.988895178
36702,1
36703,1
36704,1
36705,0.966824234
36706,1
36707,1
36708,0.964137793
36709,0.970594347
36710,0.953143597
36711,0.960268736
36712,0.977590919
36713,0.971673846
36714,0.989606202
36715,0.901129305
36716,1
36717,0.9898808
36718,0.958151639
36719,1
36720,0.951003194
36721,1
36722,0.941649556
36723,1
36724,1
36725,0.980964243
36726,0.965655088
36727,0.686176479
36728,0.980109572
36729,0.745772421
36730,1
36731,0.964021683
36732,1
36733,0.9403373
36734,0.977981865
36735,0.948528826
36736,0.95554781
36737,0.95848763
36738,0.987530112
36739,0.968518257
36740,0.902010083
36741,0.920916915
36742,0.985784113
36743,0.989495933
36744,0.960163236
36745,0.987719655
36746,0.976378441
36747,1
36748,0.910311341
36749,1
36750,0.88703543
36751,1
36752,1
36753,0.98808986
36754,0.98732692
36755,0.956101179
36756,1
36757,0.97458148
36758,0.982510984
36759,0.963139951
36760,0.984314203
36761,0.894039393
36762,0.953849793
36763,1
36764,1
36765,1
36766,1
36767,0.981298566
36768,0.988047719
36769,1
36770,0.985104263
36771,0.983695626
36772,0.986301303
36773,0.915304244
36774,0.956137359
36775,0.96509403
36776,0.982314587
36777,0.717125952
36778,0.972124457
36779,0.895337701
36780,0.972898603
36781,0.986693442
36782,0.986100376
36783,0.39165917
36784,0.944748819
36785,1
36786,1
36787,0.977931321
36788,0.989396811
36789,0.417170346
36790,0.800540745
36791,0.969996452
36792,1
36793,0.982163131
36794,0.980970323
36795,1
36796,0.986636102
36797,0.985936046
36798,0.982922792
36799,1
36800,0.972011149
36801,1
36802,0.885798156
36803,1
36804,1
36805,0.984816372
36806,0.958524406
36807,0.985238016
36808,0.195631281
36809,1
36810,0.986909449
36811,0.983494461
36812,1
36813,0.959996283
36814,0.972989976
36815,1
36816,0.973080516
36817,0.962800682
36818,1
36819,1
36820,1
36821,0.442035288
36822,0.979324102
36823,0.927981734
36824,0.980857015
36825,0.979675531
36826,1
36827,1
36828,0.988850057
36829,1
36830,1
36831,1
36832,0.964999974
36833,1
36834,0.95792222
36835,0.744177342
36836,0.911861599
36837,1
36838,0.970176876
36839,1
36840,1
36841,1
36842,1
36843,0.863506138
36844,0.988428533
36845,0.985587835
36846,1
36847,1
36848,1
36849,1
36850,1
36851,0.643812537
36852,1
36853,1
36854,0.965095043
36855,0.989704192
36856,0.957446575
36857,1
36858,0.967768669
36859,0.973157644
36860,0.976431847
36861,1
36862,1
36863,1
36864,1
36865,0.987166226
36866,1
36867,0.976906955
36868,0.908956409
36869,0.91633302
36870,0.916279733
36871,0.983784676
36872,0.988813937
36873,0.983857811
36874,0.989119649
36875,0.563377202
36876,0.603377163
36877,0.867022812
36878,1
36879,0.93659085
36880,0.980278313
36881,0.983517885
36882,0.924917758
36883,0.984726012
36884,0.976387739
36885,1
36886,0.97196883
36887,0.947948873
36888,0.981894076
36889,1
36890,1
36891,1
36892,0.980689943
36893,1
36894,1
36895,0.434770227
36896,0.971869826
36897,0.80775094
36898,0.946892858
36899,1
36900,0.98529309
36901,0.978365183
36902,0.967674196
36903,0.935874999
36904,1
36905,0.978115499
36906,0.972666204
36907,0.966324985
36908,0.974276602
36909,0.96939069
36910,0.97524035
36911,1
36912,1
36913,0.948012292
36914,0.950930417
36915,0.975207925
36916,0.986581802
36917,0.987362742
36918,1
36919,0.906053186
36920,1
36921,0.969145238
36922,1
36923,0.884020269
36924,0.885810614
36925,0.793639362
36926,0.988931537
36927,0.959531248
36928,0.942753434
36929,1
36930,0.970861256
36931,0.985257924
36932,1
36933,0.767269135
36934,0.986514151
36935,0.985959768
36936,0.960756362
36937,1
36938,0.97314477
36939,0.981217742
36940,1
36941,1
36942,1
36943,1
36944,0.986563087
36945,0.898947537
36946,0.972401679
36947,0.734258115
36948,0.987654746
36949,0.968581557
36950,0.989241183
36951,0.989929497
36952,0.876602411
36953,0.981905043
36954,0.978200674
36955,0.983338952
36956,0.956150651
36957,0.237284899
36958,1
36959,1
36960,0.530179143
36961,0.960776985
36962,0.98282373
36963,1
36964,1
36965,0.843261957
36966,0.937658727
36967,0.974133015
36968,1
36969,0.985496581
36970,1
36971,1
36972,0.96989429
36973,0.970985532
36974,1
36975,1
36976,1
36977,0.987521827
36978,0.977283657
36979,0.97475183
36980,0.983782589
36981,0.832657993
36982,0.95572263
36983,1
36984,0.723728597
36985,0.970039845
36986,1
36987,1
36988,0.897048473
36989,1
36990,0.893707991
36991,1
36992,1
36993,0.935569406
36994,0.989805102
36995,0.989223123
36996,1
36997,0.947295845
36998,1
36999,1
37000,0.987645924
37001,0.971264899
37002,1
37003,1
37004,0.912735343
37005,0.836187899
37006,1
37007,0.975656331
37008,1
37009,0.988625944
37010,0.897048473
37011,0.982071579
37012,0.974115253
37013,0.987880588
37014,0.973188341
37015,0.979547203
37016,0.836306155
37017,1
37018,0.972741664
37019,1
37020,1
37021,0.989690065
37022,0.97246784
37023,0.916743398
37024,0.477612525
37025,1
37026,1
37027,1
37028,0.966344118
37029,0.915066361
37030,0.988403261
37031,0.977834761
37032,0.972970486
37033,1
37034,0.978505373
37035,1
37036,0.948512137
37037,1
37038,0.985771656
37039,1
37040,1
37041,1
37042,0.965111911
37043,1
37044,1
37045,0.975319028
37046,0.974887192
37047,0.980608761
37048,0.981102169
37049,0.980448782
37050,0.978740215
37051,1
37052,0.983488619
37053,0.966974258
37054,0.925577104
37055,0.977965772
37056,0.957068861
37057,0.95982933
37058,0.770592451
37059,1
37060,1
37061,0.981131792
37062,1
37063,0.9572469
37064,0.985258281
37065,0.98456502
37066,0.95149678
37067,1
37068,0.984531343
37069,0.985461831
37070,1
37071,1
37072,0.989049435
37073,1
37074,0.975814939
37075,0.891424358
37076,0.972061157
37077,0.94033205500000006
37078,0.988959909
37079,0.989644051
37080,0.97394222
37081,1
37082,0.987154186
37083,1
37084,1
37085,0.973626256
37086,0.975774765
37087,1
37088,1
37089,0.832206667
37090,0.965890884
37091,0.981088638
37092,1
37093,0.973264337
37094,0.985266686
37095,1
37096,0.955233693
37097,1
37098,1
37099,0.982953191
37100,0.680076122
37101,0.961175919
37102,1
37103,0.944151878
37104,0.96700114
37105,0.867783845
37106,0.978392601
37107,0.986435175
37108,1
37109,1
37110,0.985741735
37111,0.762741208
37112,1
37113,1
37114,0.98860776400000006
37115,0.971544445
37116,0.981079936
37117,0.978499293
37118,0.946953356
37119,1
37120,0.978347957
37121,1
37122,0.797894359
37123,0.831773579
37124,1
37125,1
37126,0.953973353
37127,0.985876679
37128,0.988421202
37129,0.880624414
37130,0.972991228
37131,0.655268848
37132,0.963920832
37133,0.937158406
37134,0.950958252
37135,0.964699686
37136,1
37137,1
37138,1
37139,1
37140,0.98996824
37141,1
37142,0.951694369
37143,1
37144,0.986584246
37145,1
37146,0.935418427
37147,1
37148,0.971426547
37149,0.983793438
37150,0.965135992
37151,0.92343998
37152,0.988030255
37153,0.986659646
37154,1
37155,0.949416339
37156,0.864880443
37157,1
37158,0.466562957
37159,1
37160,1
37161,0.978615522
37162,0.970849991
37163,0.981948435
37164,1
37165,0.971787214
37166,0.974178016
37167,1
37168,0.124359392
37169,1
37170,1
37171,0.978392243
37172,0.975970984
37173,1
37174,1
37175,1
37176,1
37177,0.929911077
37178,0.986490607
37179,0.97757268
37180,1
37181,0.980099142
37182,1
37183,0.790572643
37184,1
37185,0.988271296
37186,1
37187,0.961028993
37188,1
37189,0.952771366
37190,0.988501906
37191,0.94467032
37192,1
37193,0.984928429
37194,1
37195,0.963440836
37196,1
37197,0.941188514
37198,1
37199,0.981653273
37200,0.985530734
37201,0.966499746
37202,0.98213011
37203,0.987822712
37204,0.869143605
37205,0.971395135
37206,0.939331174
37207,0.98959887
37208,0.986928403
37209,0.983627677
37210,1
37211,1
37212,1
37213,0.975774884
37214,0.787966669
37215,0.972095966
37216,0.98727417
37217,0.875579238
37218,1
37219,0.983393729
37220,0.980866671
37221,1
37222,0.977730274
37223,0.752251923
37224,0.743608773
37225,0.959406495
37226,1
37227,1
37228,0.256294549
37229,0.972771585
37230,0.970362127
37231,0.98332572
37232,0.959686816
37233,0.517338097
37234,0.988395333
37235,0.908493161
37236,0.97499167900000006
37237,1
37238,1
37239,1
37240,0.944418132
37241,0.957003892
37242,0.954926789
37243,0.987498343
37244,0.987033367
37245,1
37246,0.953470647
37247,1
37248,0.954795957
37249,0.949239194
37250,0.985389292
37251,0.979668319
37252,1
37253,0.905749679
37254,1
37255,0.966748834
37256,0.884272695
37257,0.967181385
37258,0.957935751
37259,0.962414086
37260,0.931159854
37261,1
37262,0.938188911
37263,1
37264,0.986566722
37265,0.976157546
37266,1
37267,1
37268,1
37269,1
37270,0.974811316
37271,0.787250698
37272,0.987846077
37273,1
37274,0.920176446
37275,1
37276,0.973317385
37277,1
37278,1
37279,1
37280,1
37281,0.977793634
37282,1
37283,0.957970083
37284,1
37285,0.972997248
37286,0.986379802
37287,0.976041794
37288,0.785750151
37289,0.839708567
37290,0.987121046
37291,1
37292,0.978167415
37293,0.689295709
37294,0.964375556
37295,1
37296,0.982424438
37297,0.932593346
37298,0.974337816
37299,0.98990202
37300,0.945956409
37301,0.956672192
37302,1
37303,0.978551269
37304,0.634720981
37305,1
37306,0.984621763
37307,1
37308,0.968265832
37309,0.808146179
37310,0.955848098
37311,0.984537482
37312,0.973282397
37313,0.985616863
37314,1
37315,0.985474229
37316,0.9719401
37317,0.83076727399999994
37318,0.981708527
37319,1
37320,1
37321,1
37322,1
37323,0.903611839
37324,1
37325,0.980228484
37326,0.970757663
37327,0.963011384
37328,0.929894984
37329,0.989410281
37330,0.989100039
37331,1
37332,0.636292875
37333,0.362555653
37334,0.977743924
37335,0.983955562
37336,0.965674758
37337,1
37338,0.55751884
37339,0.988629937
37340,0.957485616
37341,1
37342,1
37343,0.947120786
37344,0.987091661
37345,1
37346,0.913727701
37347,0.98981595
37348,0.946829379
37349,0.953085005
37350,1
37351,0.784668446
37352,1
37353,0.976378441
37354,1
37355,1
37356,0.985966146
37357,0.967986643
37358,1
37359,0.985182107
37360,0.987328231
37361,0.830780447
37362,1
37363,1
37364,0.978396833
37365,1
37366,0.964595974
37367,0.802850902
37368,0.985228062
37369,1
37370,0.987296104
37371,1
37372,0.979827046
37373,0.603787065
37374,0.983920038
37375,0.846884191
37376,0.962441444
37377,1
37378,1
37379,0.960944891
37380,1
37381,1
37382,1
37383,0.891351998
37384,0.980446279
37385,0.977288187
37386,0.479863346
37387,0.927256048
37388,1
37389,0.981985271
37390,1
37391,0.923045933
37392,0.800769389
37393,0.977758169
37394,0.972799778
37395,0.964430094
37396,0.977124929
37397,0.983568728
37398,0.978243709
37399,0.931011379
37400,0.964689076
37401,0.985594451
37402,1
37403,1
37404,1
37405,0.957300961
37406,1
37407,1
37408,0.98674380799999994
37409,1
37410,0.979788601
37411,0.952187479
37412,0.976144373
37413,0.988452733
37414,0.507354677
37415,1
37416,0.968381226
37417,1
37418,0.98861444
37419,0.940226317
37420,0.954698026
37421,1
37422,0.971552193
37423,0.971721351
37424,0.801931322
37425,0.880659461
37426,0.982693732
37427,0.284071505
37428,0.987993717
37429,0.984865546
37430,1
37431,0.846912503
37432,0.833512306
37433,1
37434,1
37435,0.982176662
37436,1
37437,0.985451877
37438,0.977191329
37439,1
37440,0.955424368
37441,1
37442,0.975321651
37443,1
37444,0.973388553
37445,0.958209395
37446,0.988357961
37447,1
37448,0.921493411
37449,0.964605093
37450,0.944115639
37451,0.886928916
37452,0.952787638
37453,1
37454,0.989920735
37455,0.97725004
37456,0.846018255
37457,0.981302798
37458,0.943407416
37459,0.989440143
37460,1
37461,0.983184755
37462,0.924771726
37463,1
37464,0.979845941
37465,0.9820503
37466,0.980089665
37467,0.906685889
37468,0.984896421
37469,0.975899339
37470,0.984382927
37471,0.94046253
37472,0.9611094
37473,0.973961413
37474,0.98508656000000006
37475,0.813374698
37476,1
37477,0.984290838
37478,0.805822194
37479,1
37480,0.98605758
37481,0.959079921
37482,1
37483,1
37484,1
37485,0.975457847
37486,0.690364182
37487,0.938920081
37488,0.989956021
37489,0.962073565
37490,0.897170484
37491,0.973527253
37492,0.986179769
37493,1
37494,1
37495,1
37496,0.987224937
37497,1
37498,1
37499,0.948019803
37500,0.473202795
37501,1
37502,1
37503,0.978176713
37504,0.978782535
37505,1
37506,0.765472353
37507,0.966581047
37508,1
37509,0.982387424
37510,1
37511,0.311514735
37512,1
37513,0.938747466
37514,1
37515,0.954692185
37516,0.981810331
37517,0.988560736
37518,1
37519,0.97644335
37520,0.668239653
37521,0.898770213
37522,1
37523,1
37524,0.979601264
37525,0.988140822
37526,0.599581718
37527,0.722864986
37528,0.975976765
37529,0.97246629
37530,1
37531,0.9555794
37532,1
37533,0.978230476
37534,1
37535,1
37536,1
37537,1
37538,0.93420428
37539,0.95551616
37540,0.978486657
37541,1
37542,0.899401307
37543,0.947084129
37544,0.973480821
37545,0.985015988
37546,0.982925296
37547,0.969595432
37548,1
37549,0.825836539
37550,1
37551,0.972230852
37552,0.676622987
37553,1
37554,0.913668215
37555,1
37556,0.958016515
37557,0.984989405
37558,1
37559,0.873128116
37560,0.974359512
37561,0.962259829
37562,1
37563,1
37564,0.965362012
37565,0.931001544
37566,1
37567,0.972372413
37568,0.968060613
37569,0.941828787
37570,1
37571,1
37572,0.8485201
37573,0.878020763
37574,1
37575,0.941008091
37576,1
37577,0.987146258
37578,0.977122426
37579,1
37580,0.985701203
37581,1
37582,1
37583,1
37584,1
37585,1
37586,0.976617396
37587,0.964314342
37588,0.453955084
37589,1
37590,0.961538374
37591,0.989973664
37592,1
37593,0.979201734
37594,1
37595,0.772384882
37596,0.96529758
37597,0.974817514
37598,0.975831986
37599,1
37600,0.987105131
37601,0.984832585
37602,0.951233089
37603,0.981243193
37604,0.967358053
37605,0.967072904
37606,0.974946797
37607,1
37608,0.977628291
37609,0.988262713
37610,0.944446743
37611,0.973358631
37612,0.960126817
37613,0.966115415
37614,0.98047626
37615,1
37616,1
37617,1
37618,0.973462105
37619,0.988582969
37620,0.939943135
37621,1
37622,0.392860383
37623,1
37624,1
37625,0.973469198
37626,0.433934718
37627,1
37628,1
37629,0.975228012
37630,1
37631,0.336965859
37632,1
37633,0.932117045
37634,0.941678643
37635,0.780188143
37636,0.892604113
37637,0.986659765
37638,0.97924155
37639,1
37640,0.98714298
37641,1
37642,0.987720192
37643,0.957966387
37644,0.953421414
37645,1
37646,0.860385418
37647,0.865829408
37648,0.973444462
37649,0.974689663
37650,0.983015358
37651,1
37652,1
37653,0.986220479
37654,1
37655,1
37656,1
37657,0.98503834
37658,1
37659,0.943537712
37660,1
37661,0.983437777
37662,0.177794859
37663,0.982269704
37664,1
37665,0.905632913
37666,1
37667,1
37668,0.979832649
37669,1
37670,0.987644732
37671,0.965004325
37672,0.967165589
37673,0.736419022
37674,0.754962266
37675,0.989036143
37676,1
37677,0.985801041
37678,0.977397621
37679,0.915763497
37680,0.988948822
37681,0.968953371
37682,0.989112973
37683,0.989032209
37684,1
37685,1
37686,1
37687,1
37688,0.987843037
37689,1
37690,0.979829431
37691,0.985102773
37692,1
37693,0.965599954
37694,0.978686631
37695,1
37696,0.975123704
37697,1
37698,1
37699,1
37700,0.958818913
37701,1
37702,1
37703,0.971360922
37704,0.807071626
37705,0.617796958
37706,0.974309027
37707,0.98319602
37708,0.905878902
37709,0.930841506
37710,0.986679852
37711,0.960485876
37712,0.988042355
37713,0.98538512
37714,1
37715,1
37716,1
37717,0.975649953
37718,0.979370296
37719,1
37720,0.984664619
37721,1
37722,0.989549756
37723,0.948990881
37724,0.956960678
37725,0.985046327
37726,1
37727,0.981651187
37728,1
37729,1
37730,0.851198912
37731,1
37732,0.965449929
37733,0.985063314
37734,1
37735,0.958633006
37736,0.978028119
37737,1
37738,1
37739,0.917631388
37740,1
37741,0.973312676
37742,1
37743,1
37744,0.92407769
37745,1
37746,1
37747,0.922465622
37748,1
37749,0.901444376
37750,1
37751,0.988389731
37752,0.964904428
37753,0.985456049
37754,0.983488739
37755,1
37756,0.869657934
37757,0.953024447
37758,0.977892339
37759,1
37760,1
37761,0.932813287
37762,0.230115488
37763,0.971926451
37764,0.94092375
37765,1
37766,0.981223345
37767,1
37768,1
37769,0.976322174
37770,0.9886114
37771,0.986397445
37772,0.985497594
37773,0.610239327
37774,1
37775,0.97978425
37776,0.900110245
37777,1
37778,0.981404364
37779,1
37780,1
37781,1
37782,0.983977497
37783,1
37784,0.927175283
37785,0.980062068
37786,0.987377465
37787,1
37788,1
37789,0.97031939
37790,0.988167107
37791,0.985883534
37792,0.989404678
37793,1
37794,0.988597512
37795,0.955884934
37796,1
37797,1
37798,0.984119713
37799,1
37800,1
37801,0.889219403
37802,0.967396677
37803,1
37804,1
37805,1
37806,0.962582827
37807,0.937495351
37808,1
37809,1
37810,0.927281976
37811,1
37812,0.878305495
37813,0.989943624
37814,1
37815,1
37816,0.978178442
37817,1
37818,1
37819,1
37820,0.962354541
37821,0.538267016
37822,0.934671938
37823,1
37824,1
37825,1
37826,0.984718919
37827,1
37828,0.986238778
37829,1
37830,0.961755455
37831,1
37832,1
37833,0.961328924
37834,0.772135139
37835,0.989701152
37836,0.962525845
37837,0.987296045
37838,0.921625018
37839,1
37840,1
37841,0.974731565
37842,0.981791377
37843,1
37844,0.9642362
37845,0.730099022
37846,1
37847,0.984578311
37848,0.986838758
37849,1
37850,1
37851,0.948220611
37852,1
37853,0.986991882
37854,0.535402894
37855,1
37856,1
37857,0.973695099
37858,1
37859,0.93610549
37860,0.980111182
37861,0.456109285
37862,0.963259637
37863,0.880536616
37864,1
37865,1
37866,0.983250558
37867,1
37868,0.943410814
37869,1
37870,0.974991083
37871,0.989093542
37872,1
37873,0.935310721
37874,0.950654984
37875,1
37876,0.910601437
37877,1
37878,0.977881551
37879,1
37880,0.977321565
37881,1
37882,1
37883,1
37884,0.979746938
37885,0.988392651
37886,1
37887,1
37888,1
37889,0.974696696
37890,0.989718556
37891,1
37892,0.902882755
37893,0.982975662
37894,1
37895,0.974123716
37896,0.964166343
37897,0.97748214
37898,1
37899,0.926156223
37900,1
37901,1
37902,1
37903,0.966652095
37904,0.980498076
37905,0.969104588
37906,1
37907,0.97849083
37908,0.810638964
37909,1
37910,0.938154101
37911,0.975295782
37912,0.979762852
37913,0.971648276
37914,0.946263194
37915,0.96642226
37916,1
37917,0.834371567
37918,1
37919,1
37920,1
37921,1
37922,0.987681806
37923,0.950291097
37924,0.934449136
37925,0.962779939
37926,0.989971638
37927,0.856069148
37928,0.96741885
37929,0.960919619
37930,0.835156202
37931,0.744680345
37932,1
37933,1
37934,0.966513693
37935,1
37936,1
37937,1
37938,0.984051943
37939,1
37940,0.892942786
37941,0.692376375
37942,0.958251894
37943,1
37944,0.984814465
37945,0.957656026
37946,0.989330351
37947,0.988540828
37948,1
37949,1
37950,0.551273108
37951,1
37952,0.948823988
37953,1
37954,1
37955,0.957811415
37956,0.98943162
37957,1
37958,0.989240706
37959,0.340740234
37960,0.983698368
37961,0.985754848
37962,0.947562099
37963,0.987115681
37964,1
37965,0.965835393
37966,0.983380556
37967,0.850083947
37968,0.988538265
37969,0.989476085
37970,0.984287024
37971,1
37972,1
37973,0.945256591
37974,0.988280535
37975,0.945457876
37976,0.980053842
37977,1
37978,0.741219521
37979,1
37980,1
37981,1
37982,1
37983,0.949935079
37984,1
37985,0.838245273
37986,0.969786227
37987,0.589026988
37988,0.986680865
37989,1
37990,0.875970244
37991,1
37992,0.983808994
37993,0.952895105
37994,1
37995,0.920516312
37996,0.983419657
37997,1
37998,0.973443806
37999,0.771060169
38000,0.727322817
38001,0.778155983
38002,1
38003,0.954853654
38004,1
38005,1
38006,0.980230629
38007,1
38008,0.981501758
38009,1
38010,1
38011,0.989582062
38012,1
38013,1
38014,1
38015,1
38016,1
38017,0.925635397
38018,1
38019,0.954034388
38020,0.502346337
38021,0.857922435
38022,0.957797527
38023,1
38024,0.800741911
38025,0.984693527
38026,0.832055688
38027,1
38028,1
38029,0.957475245
38030,0.988281786
38031,0.983810186
38032,0.52933079
38033,0.926078737
38034,1
38035,0.985983908
38036,0.968126416
38037,0.912470996
38038,0.989671171
38039,0.962765336
38040,0.983336866
38041,1
38042,0.976070225
38043,1
38044,1
38045,1
38046,1
38047,0.927077711
38048,0.922355235
38049,0.831630826
38050,0.979905307
38051,0.986056328
38052,0.766891003
38053,1
38054,0.912632167
38055,0.663152695
38056,0.986105919
38057,0.979452729
38058,0.963637829
38059,0.973592699
38060,0.968723178
38061,0.964046359
38062,1
38063,1
38064,0.765347898
38065,0.863668084
38066,0.979899585
38067,0.788943172
38068,0.955531359
38069,0.971166372
38070,0.940734565
38071,0.743306756
38072,0.968379974
38073,0.966905832
38074,0.979170442
38075,0.967466533
38076,1
38077,0.530711949
38078,0.974372327
38079,0.957989037
38080,0.95670253
38081,1
38082,1
38083,0.984056354
38084,0.967314482
38085,0.866068244
38086,1
38087,1
38088,0.976135075
38089,1
38090,1
38091,0.861735225
38092,1
38093,1
38094,0.988396347
38095,0.793251813
38096,0.96585685
38097,0.608156741
38098,1
38099,0.94563967
38100,0.987161458
38101,0.975424767
38102,0.984799504
38103,0.98803407
38104,0.904004157
38105,0.985317648
38106,1
38107,0.939926088
38108,0.876633883
38109,0.924901903
38110,1
38111,1
38112,0.829981029
38113,0.988234639
38114,1
38115,1
38116,0.973325968
38117,0.944139957
38118,0.987600684
38119,1
38120,1
38121,1
38122,1
38123,0.98904711
38124,0.976675332
38125,0.958817184
38126,0.986944318
38127,0.984720767
38128,1
38129,0.928337097
38130,1
38131,0.945231259
38132,1
38133,1
38134,0.694071591
38135,0.985561788
38136,0.966005266
38137,0.968480468
38138,0.871662676
38139,0.97491914
38140,1
38141,0.988318265
38142,0.868973076
38143,1
38144,1
38145,0.712256789
38146,0.983060777
38147,1
38148,1
38149,1
38150,0.962334931
38151,0.988698661
38152,1
38153,0.980840862
38154,1
38155,0.933611035
38156,0.887125969
38157,1
38158,1
38159,1
38160,1
38161,0.970452726
38162,1
38163,0.938849807
38164,0.944786906
38165,0.98294121
38166,0.845239937
38167,1
38168,0.981360734
38169,0.953018189
38170,1
38171,0.971439242
38172,1
38173,0.987451494
38174,1
38175,1
38176,1
38177,0.917825282
38178,0.981974006
38179,0.989006519
38180,1
38181,0.9060781
38182,0.908027828
38183,0.892127395
38184,1
38185,0.984404981
38186,0.48189643
38187,0.959623337
38188,0.988799274
38189,1
38190,1
38191,0.933904886
38192,0.888489068
38193,0.989485741
38194,1
38195,0.962885559
38196,1
38197,0.928188443
38198,1
38199,0.957670867
38200,1
38201,0.976153016
38202,0.971397281
38203,0.98142761
38204,1
38205,1
38206,0.973368228
38207,0.988431096
38208,1
38209,0.979824662
38210,0.970252931
38211,0.808835387
38212,1
38213,0.986385167
38214,0.932445526
38215,0.982573032
38216,0.986860812
38217,0.886061728
38218,0.245672524
38219,0.977833986
38220,0.828433633
38221,0.942303062
38222,0.729887247
38223,0.974816084
38224,0.989674628
38225,0.927949429
38226,0.967600763
38227,1
38228,1
38229,0.94233799
38230,0.902953148
38231,0.983183742
38232,1
38233,0.9637326
38234,0.373113513
38235,1
38236,0.98832649
38237,0.973653495
38238,0.984669447
38239,1
38240,1
38241,1
38242,0.984342396
38243,0.938224316
38244,0.973422408
38245,0.971097589
38246,1
38247,1
38248,0.98241663
38249,0.821115732
38250,0.938902259
38251,0.944581032
38252,0.324492902
38253,1
38254,1
38255,1
38256,0.906955183
38257,0.987964392
38258,1
38259,0.958308935
38260,0.96686995
38261,0.974554241
38262,0.95023185
38263,1
38264,0.964069426
38265,0.967882216
38266,0.797169626
38267,1
38268,0.983555615
38269,0.972541392
38270,0.936633349
38271,0.930762529
38272,1
38273,0.970100701
38274,1
38275,0.594789684
38276,0.952181637
38277,0.983264148
38278,1
38279,1
38280,0.977158964
38281,1
38282,1
38283,0.848648071
38284,0.985806286
38285,1
38286,1
38287,0.980437636
38288,0.971130729
38289,1
38290,1
38291,0.954269826
38292,0.940248847
38293,0.843357563
38294,0.958754718
38295,0.833040535
38296,1
38297,1
38298,1
38299,0.988540709
38300,1
38301,0.931664228
38302,0.713835895
38303,1
38304,0.986218274
38305,0.977106273
38306,1
38307,1
38308,1
38309,1
38310,0.9695701
38311,0.959727764
38312,1
38313,0.883276701
38314,1
38315,0.978910029
38316,1
38317,0.986956596
38318,0.729381442
38319,0.980315864
38320,1
38321,1
38322,0.986725092
38323,1
38324,1
38325,1
38326,1
38327,0.94693464
38328,0.975489318
38329,0.964560151
38330,1
38331,1
38332,1
38333,1
38334,0.96752274
38335,1
38336,1
38337,0.989133298
38338,1
38339,1
38340,1
38341,0.976117373
38342,1
38343,0.881742299
38344,1
38345,1
38346,1
38347,1
38348,0.986875296
38349,1
38350,1
38351,0.959661126
38352,0.972563684
38353,1
38354,0.975322127
38355,0.762518227
38356,0.963098705
38357,1
38358,0.962267578
38359,1
38360,0.972649157
38361,0.965557277
38362,1
38363,0.965934932
38364,1
38365,1
38366,1
38367,1
38368,1
38369,0.908817112
38370,0.982292056
38371,0.965408444
38372,0.814872563
38373,1
38374,1
38375,0.930651724
38376,0.928858221
38377,1
38378,0.948256612
38379,0.886425436
38380,0.988642037
38381,1
38382,0.976424456
38383,1
38384,0.951811314
38385,0.989501536
38386,0.984711886
38387,1
38388,0.982546449
38389,1
38390,1
38391,1
38392,1
38393,0.890804231
38394,0.968375981
38395,0.973629177
38396,1
38397,0.887965918
38398,1
38399,0.896651149
38400,0.988822818
38401,1
38402,0.985392034
38403,0.988747835
38404,0.989551842
38405,1
38406,0.642600238
38407,0.977086008
38408,0.624508202
38409,1
38410,0.938632369
38411,0.967396677
38412,1
38413,0.978533983
38414,0.956530392
38415,0.967238963
38416,0.989050269
38417,0.987432897
38418,0.979949653
38419,1
38420,1
38421,0.926564455
38422,0.975096047
38423,0.736318171
38424,0.917747021
38425,0.530327797
38426,1
38427,1
38428,0.965156317
38429,0.980972648
38430,0.989431381
38431,0.894381285
38432,0.949106216
38433,0.98721993
38434,0.98177886
38435,0.976487219
38436,1
38437,0.955403626
38438,1
38439,1
38440,1
38441,0.96792388
38442,0.986263037
38443,0.978287756
38444,1
38445,0.986423314
38446,1
38447,1
38448,1
38449,0.843607843
38450,1
38451,0.988081455
38452,0.951753497
38453,1
38454,0.987466514
38455,1
38456,0.966474116
38457,1
38458,1
38459,1
38460,0.936688364
38461,1
38462,0.885939717
38463,0.982161403
38464,0.968880177
38465,1
38466,0.989233851
38467,1
38468,0.963744879
38469,0.919257402
38470,0.975141704
38471,0.942780495
38472,1
38473,0.983148575
38474,1
38475,1
38476,1
38477,0.965867341
38478,0.987846196
38479,0.977547884
38480,0.977403104
38481,1
38482,1
38483,1
38484,1
38485,1
38486,0.97711587
38487,1
38488,0.979761243
38489,0.977789223
38490,0.941687703
38491,0.85684073
38492,0.927055478
38493,0.975228429
38494,0.984422326
38495,0.980631471
38496,0.953278422
38497,0.970590711
38498,0.712479591
38499,0.559729755
38500,0.979981899
38501,1
38502,0.989773214
38503,0.954917014
38504,1
38505,1
38506,0.975964725
38507,0.368129402
38508,0.976550996
38509,0.860594869
38510,0.988400579
38511,1
38512,0.976948023
38513,1
38514,0.977287769
38515,0.985689402
38516,0.962820053
38517,0.944740295
38518,1
38519,1
38520,1
38521,0.971932352
38522,1
38523,0.986834586
38524,0.982481539
38525,1
38526,0.919709206
38527,0.979228497
38528,0.950045705
38529,0.942760468
38530,0.955352128
38531,0.984807134
38532,0.913243949
38533,1
38534,1
38535,0.93421644
38536,1
38537,0.988912582
38538,1
38539,0.957645416
38540,0.945106566
38541,1
38542,0.975614667
38543,0.594198048
38544,0.97447896
38545,0.977446616
38546,1
38547,1
38548,1
38549,0.735173345
38550,0.982482433
38551,1
38552,0.973300993
38553,0.719158649
38554,0.933006346
38555,0.960071921
38556,0.939119518
38557,0.958561361
38558,1
38559,1
38560,1
38561,1
38562,0.964362085
38563,0.934009075
38564,0.72160238
38565,0.983268738
38566,0.939473748
38567,0.957862914
38568,1
38569,0.986695886
38570,1
38571,1
38572,0.98680079
38573,1
38574,0.836818218
38575,0.988439679
38576,0.989860475
38577,0.94033205500000006
38578,0.970613301
38579,1
38580,1
38581,0.985306978
38582,1
38583,1
38584,0.979436934
38585,0.985471487
38586,1
38587,1
38588,0.980142772
38589,1
38590,0.927342415
38591,0.697323561
38592,0.904490829
38593,0.949967504
38594,1
38595,0.983213902
38596,1
38597,1
38598,1
38599,1
38600,1
38601,1
38602,1
38603,1
38604,0.947056413
38605,0.980707943
38606,0.851222396
38607,0.982066512
38608,0.988448441
38609,0.989570499
38610,0.988182008
38611,0.971880853
38612,0.982142985
38613,0.988741219
38614,0.984003007
38615,0.966203332
38616,1
38617,0.968226731
38618,0.888020098
38619,0.92680513899999994
38620,0.956250906
38621,1
38622,0.920853198
38623,0.987802565
38624,0.974315167
38625,0.9887532
38626,0.989563286
38627,0.989324153
38628,0.948207974
38629,1
38630,0.963842332
38631,0.984842897
38632,1
38633,0.397139132
38634,0.911582053
38635,1
38636,0.884381533
38637,0.945940733
38638,0.980644405
38639,0.784247994
38640,0.987242103
38641,0.895226121
38642,0.773136735
38643,0.47292456
38644,1
38645,0.965550244
38646,1
38647,0.975151599
38648,1
38649,0.981878221
38650,0.955277205
38651,1
38652,0.984359562
38653,1
38654,0.989832878
38655,0.967002034
38656,0.976078033
38657,1
38658,0.594556987
38659,0.920899689
38660,1
38661,1
38662,0.964181423
38663,0.90050602
38664,0.977881193
38665,0.984594703
38666,1
38667,0.986461937
38668,0.982519984
38669,0.988649726
38670,0.96725744
38671,0.983673573
38672,0.987798631
38673,0.98747617
38674,0.942634404
38675,1
38676,0.928518653
38677,0.970913589
38678,0.977069974
38679,0.989113569
38680,0.928649485
38681,1
38682,0.31752339
38683,0.988517284
38684,0.987634838
38685,1
38686,0.982000887
38687,0.984075487
38688,1
38689,0.96663183
38690,0.970763505
38691,1
38692,0.701317608
38693,0.988237917
38694,1
38695,1
38696,1
38697,1
38698,0.919024229
38699,0.958391607
38700,1
38701,0.981469035
38702,1
38703,0.969405174
38704,0.98824966
38705,0.87360692
38706,0.964602649
38707,0.957534373
38708,0.27682367
38709,1
38710,0.977478504
38711,0.890574098
38712,0.663127899
38713,0.97352016
38714,0.95698303
38715,0.938532352
38716,1
38717,0.980887651
38718,0.645005345
38719,1
38720,1
38721,0.963883281
38722,0.989289463
38723,0.872245669
38724,1
38725,0.744417608
38726,1
38727,0.977986157
38728,0.985124588
38729,1
38730,1
38731,0.75547576
38732,1
38733,0.983223796
38734,0.929601133
38735,0.989901424
38736,0.981157243
38737,1
38738,1
38739,0.968709528
38740,1
38741,0.985000014
38742,1
38743,0.963617027
38744,0.885960877
38745,0.930719793
38746,0.930663884
38747,0.984914362
38748,1
38749,1
38750,0.976763725
38751,0.909935713
38752,1
38753,0.977903664
38754,0.42002660000000003
38755,0.96814549
38756,0.987796605
38757,0.958579421
38758,0.976852238
38759,1
38760,1
38761,1
38762,1
38763,0.971646369
38764,1
38765,0.970988214
38766,0.989794195
38767,0.988060415
38768,1
38769,1
38770,1
38771,0.979839087
38772,0.982383132
38773,0.967652977
38774,0.98967427
38775,1
38776,0.68811971
38777,0.938842773
38778,0.982206821
38779,0.976769507
38780,0.989961982
38781,0.985941708
38782,0.204029352
38783,0.988747597
38784,0.972168446
38785,1
38786,1
38787,0.989341438
38788,0.98204422
38789,1
38790,1
38791,0.98431474
38792,0.945849538
38793,0.972044706
38794,0.97885716
38795,1
38796,1
38797,1
38798,1
38799,0.984442651
38800,1
38801,0.978458762
38802,0.987941206
38803,0.976688206
38804,0.98507601
38805,0.983740509
38806,0.964399159
38807,1
38808,1
38809,0.975997984
38810,0.813343227
38811,1
38812,0.863326073
38813,0.986228824
38814,1
38815,0.893209457
38816,0.955766201
38817,0.976454139
38818,0.989580989
38819,0.261469841
38820,0.979218125
38821,0.861382425
38822,0.988277018
38823,0.973305762
38824,1
38825,0.987308323
38826,0.632136703
38827,0.952271819
38828,0.986440122
38829,1
38830,0.969351411
38831,0.961306632
38832,0.98682946
38833,1
38834,0.989707351
38835,0.919585943
38836,1
38837,0.983600557
38838,0.986652136
38839,0.434927255
38840,0.904396415
38841,0.987582982
38842,1
38843,0.905285955
38844,1
38845,1
38846,0.953191102
38847,1
38848,0.88533318
38849,0.955483377
38850,1
38851,0.917826235
38852,0.9261235
38853,0.944854677
38854,0.986428082
38855,1
38856,0.98716104
38857,0.989232183
38858,1
38859,0.964399159
38860,1
38861,0.978266418
38862,0.965312362
38863,0.909274578
38864,0.972050905
38865,0.955254972
38866,0.980028391
38867,1
38868,0.888137877
38869,0.898562431
38870,0.976651013
38871,1
38872,1
38873,0.949873269
38874,0.982855976
38875,1
38876,1
38877,0.967393518
38878,1
38879,0.968276143
38880,0.958066165
38881,0.989019692
38882,0.989671052
38883,0.980126083
38884,0.986089826
38885,0.986630321
38886,1
38887,1
38888,1
38889,0.412300617
38890,0.61881727
38891,0.872279108
38892,0.970390439
38893,1
38894,0.960402191
38895,0.974215448
38896,0.957795441
38897,0.978680491
38898,0.975914776
38899,1
38900,0.947675109
38901,0.980087698
38902,1
38903,0.979375899
38904,0.954444826
38905,0.966840267
38906,0.97430563
38907,0.933559597
38908,1
38909,0.982199132
38910,0.932659149
38911,1
38912,1
38913,0.983632863
38914,0.981239319
38915,0.911248744
38916,0.964123249
38917,1
38918,0.833883345
38919,0.969377816
38920,0.942510247
38921,1
38922,1
38923,0.848808169
38924,1
38925,0.947301626
38926,1
38927,0.984095812
38928,0.975951195
38929,1
38930,0.982985556
38931,0.895178258
38932,0.97690022
38933,0.98699075
38934,0.988971174
38935,0.974990964
38936,0.954830587
38937,1
38938,1
38939,0.822330296
38940,0.988907218
38941,0.971790135
38942,0.897594631
38943,0.956135631
38944,1
38945,1
38946,0.971099019
38947,1
38948,0.983672679
38949,1
38950,0.956206977
38951,1
38952,0.955986798
38953,0.980045557
38954,0.953718364
38955,1
38956,0.966987729
38957,1
38958,1
38959,1
38960,1
38961,1
38962,0.989509106
38963,1
38964,0.939978123
38965,0.98642391
38966,0.982792854
38967,0.986046016
38968,0.981942594
38969,1
38970,0.959046066
38971,0.986237168
38972,1
38973,0.925262868
38974,0.970904589
38975,0.971005321
38976,1
38977,1
38978,0.912706435
38979,0.908436179
38980,0.964831531
38981,1
38982,1
38983,1
38984,0.955582559
38985,0.965309382
38986,0.978541076
38987,1
38988,0.97010541
38989,0.625481069
38990,1
38991,0.954558849
38992,1
38993,1
38994,0.97051394
38995,0.989530921
38996,0.969031036
38997,0.978943288
38998,0.983719707
38999,0.911543727
39000,1
39001,1
39002,0.945814014
39003,1
39004,0.985308111
39005,0.963310182
39006,0.945743859
39007,0.92251575
39008,0.917206168
39009,1
39010,1
39011,0.9888888
39012,1
39013,1
39014,1
39015,1
39016,1
39017,0.918637812
39018,0.969994009
39019,0.982457459
39020,0.984338999
39021,1
39022,0.962435365
39023,1
39024,0.86722064
39025,1
39026,0.884515882
39027,0.945056856
39028,0.94585371
39029,0.988948822
39030,0.918606281
39031,1
39032,1
39033,1
39034,0.984822869
39035,0.980450392
39036,0.922914982
39037,0.94934392
39038,0.978656709
39039,0.971548379
39040,1
39041,1
39042,1
39043,1
39044,0.979704142
39045,0.984253347
39046,0.93387723
39047,1
39048,0.974766016
39049,0.511521578
39050,1
39051,0.97827965
39052,1
39053,0.988398373
39054,0.978744328
39055,1
39056,1
39057,0.904884934
39058,0.9884848
39059,0.983164609
39060,1
39061,0.939522862
39062,1
39063,0.978836834
39064,0.969698429
39065,1
39066,0.98496455
39067,1
39068,0.966091275
39069,1
39070,0.816579819
39071,0.987254977
39072,1
39073,0.943202913
39074,0.92887193
39075,0.83727628
39076,1
39077,0.94079417
39078,0.971045315
39079,1
39080,1
39081,0.894310057
39082,1
39083,0.933654785
39084,0.633516192
39085,0.977015615
39086,0.914489865
39087,0.983592868
39088,1
39089,1
39090,0.987692177
39091,0.914573371
39092,1
39093,0.976394892
39094,0.892286718
39095,0.953324556
39096,0.984044135
39097,1
39098,1
39099,1
39100,1
39101,0.985079587
39102,1
39103,1
39104,1
39105,1
39106,0.984466672
39107,0.987791836
39108,1
39109,0.982204378
39110,0.989138544
39111,0.981409669
39112,1
39113,1
39114,0.988201678
39115,1
39116,0.978867412
39117,0.73276186
39118,0.978439927
39119,0.979634106
39120,1
39121,0.982860923
39122,0.982235789
39123,0.984157682
39124,0.977636159
39125,0.940576851
39126,1
39127,1
39128,0.908620596
39129,0.966368258
39130,0.983145833
39131,1
39132,0.812559247
39133,1
39134,0.475726992
39135,0.942829847
39136,0.784677208
39137,1
39138,1
39139,0.977578938
39140,1
39141,1
39142,1
39143,0.987051964
39144,0.986062944
39145,1
39146,0.965722919
39147,1
39148,0.974987507
39149,1
39150,1
39151,1
39152,0.987266958
39153,0.857044041
39154,0.974717379
39155,0.744589627
39156,1
39157,0.937476814
39158,1
39159,1
39160,0.958067596
39161,0.946768105
39162,1
39163,1
39164,1
39165,1
39166,0.966068327
39167,1
39168,1
39169,1
39170,1
39171,0.939467192
39172,1
39173,0.855065227
39174,1
39175,0.984233677
39176,0.989874959
39177,1
39178,0.981003523
39179,0.93990773
39180,0.950116277
39181,1
39182,1
39183,1
39184,1
39185,0.900102735
39186,0.806790948
39187,1
39188,0.981081545
39189,0.827176571
39190,0.980110049
39191,1
39192,0.959347129
39193,1
39194,1
39195,0.98850888
39196,0.986599326
39197,0.976986587
39198,0.980850577
39199,0.981359065
39200,0.927654386
39201,0.874740541
39202,1
39203,0.969351411
39204,0.808358371
39205,0.981393695
39206,1
39207,0.989915252
39208,0.979331076
39209,1
39210,1
39211,0.953864336
39212,0.974236429
39213,0.982953787
39214,0.967674553
39215,0.986652553
39216,1
39217,1
39218,1
39219,0.851730883
39220,1
39221,0.95169121
39222,0.978910506
39223,0.97886318
39224,1
39225,1
39226,1
39227,0.493572265
39228,0.988279581
39229,0.916137278
39230,1
39231,0.988124192
39232,0.974688053
39233,0.981070757
39234,0.748505473
39235,1
39236,0.292109489
39237,0.93761617
39238,1
39239,1
39240,0.979203463
39241,0.947887182
39242,0.985345721
39243,0.976006031
39244,0.958595514
39245,1
39246,0.97940135
39247,0.955274165
39248,1
39249,0.988246501
39250,0.986989677
39251,0.97991699
39252,0.986464024
39253,0.930490077
39254,0.957550645
39255,1
39256,0.976130664
39257,0.94488585
39258,1
39259,1
39260,0.984776855
39261,0.973524094
39262,0.984451532
39263,0.977972627
39264,1
39265,0.976099968
39266,0.920849264
39267,1
39268,1
39269,0.941974223
39270,1
39271,1
39272,0.988643229
39273,1
39274,0.976267099
39275,1
39276,0.969727933
39277,1
39278,1
39279,0.975285709
39280,1
39281,0.974534154
39282,0.925555766
39283,0.981821954
39284,0.961395264
39285,1
39286,0.812677801
39287,0.954137385
39288,0.982938886
39289,0.96867162
39290,0.97717344799999994
39291,0.952692092
39292,1
39293,0.989335716
39294,0.986156702
39295,1
39296,1
39297,1
39298,1
39299,0.428289145
39300,0.988770247
39301,0.94705087
39302,0.982731998
39303,0.983830392
39304,0.950728357
39305,0.987985671
39306,1
39307,0.949685156
39308,1
39309,1
39310,0.946838975
39311,1
39312,1
39313,1
39314,0.984944642
39315,0.975557029
39316,0.975932598
39317,0.981426179
39318,0.98396802
39319,1
39320,1
39321,0.949326396
39322,0.983732641
39323,0.929268003
39324,1
39325,0.956044495
39326,0.98448354
39327,1
39328,1
39329,0.964229643
39330,0.981597662
39331,1
39332,0.985682309
39333,1
39334,0.937788904
39335,0.646790445
39336,0.981900215
39337,0.961023212
39338,0.929710448
39339,1
39340,0.981547356
39341,1
39342,0.97837764
39343,1
39344,1
39345,0.955438852
39346,0.976680815
39347,1
39348,1
39349,1
39350,0.533652186
39351,1
39352,1
39353,0.97938925
39354,1
39355,1
39356,1
39357,0.879714191
39358,1
39359,1
39360,0.988369584
39361,1
39362,1
39363,1
39364,1
39365,0.781961024
39366,0.962862909
39367,0.986370862
39368,0.271642178
39369,0.985852599
39370,0.941255331
39371,0.920117199
39372,0.867090464
39373,1
39374,0.601329327
39375,0.985132456
39376,0.982690394
39377,1
39378,1
39379,0.977959633
39380,0.961529255
39381,1
39382,1
39383,1
39384,0.980568409
39385,0.944399297
39386,0.889212549
39387,0.951217234
39388,0.967574954
39389,1
39390,0.971248269
39391,1
39392,1
39393,0.982556224
39394,0.883373559
39395,1
39396,0.979084015
39397,0.978502631
39398,1
39399,1
39400,0.974265456
39401,0.911796987
39402,1
39403,1
39404,1
39405,1
39406,1
39407,0.97843802
39408,1
39409,1
39410,0.433923096
39411,1
39412,0.95572561
39413,0.971398532
39414,0.938856125
39415,1
39416,0.971771419
39417,0.989445269
39418,0.839480579
39419,0.980513096
39420,0.967002571
39421,1
39422,1
39423,0.986736357
39424,0.860008419
39425,0.97978884
39426,0.923769653
39427,0.973757803
39428,1
39429,1
39430,0.959443033
39431,1
39432,0.974753737
39433,0.98597008
39434,0.986067832
39435,0.737249136
39436,0.98149097
39437,0.962098718
39438,0.986082077
39439,0.82641542
39440,0.982712388
39441,0.959252775
39442,1
39443,0.910944998
39444,0.97680521
39445,0.983132184
39446,0.955503523
39447,1
39448,0.929830194
39449,0.954208791
39450,0.898872137
39451,0.346308321
39452,0.982707799
39453,0.987338424
39454,0.940446079
39455,1
39456,0.982503593
39457,0.989662051
39458,0.927855909
39459,0.983068943
39460,0.970825493
39461,1
39462,1
39463,0.982808054
39464,0.448391318
39465,1
39466,1
39467,1
39468,1
39469,1
39470,1
39471,0.987508714
39472,0.989715636
39473,0.966036618
39474,1
39475,0.983507514
39476,0.97435987
39477,1
39478,0.972998262
39479,1
39480,0.988152325
39481,1
39482,1
39483,1
39484,0.96860081
39485,0.989486694
39486,0.955274165
39487,1
39488,1
39489,1
39490,0.460416704
39491,1
39492,1
39493,1
39494,1
39495,1
39496,1
39497,0.97164613
39498,0.843552113
39499,1
39500,0.96331346
39501,0.729274154
39502,0.94643718
39503,1
39504,0.986844182
39505,1
39506,0.836585939
39507,0.987864196
39508,0.911433816
39509,1
39510,0.322364658
39511,0.912879825
39512,0.912636697
39513,0.988239884
39514,0.988880992
39515,0.980971634
39516,1
39517,0.93106395
39518,1
39519,1
39520,0.981945336
39521,0.776240885
39522,0.97485143
39523,0.817513645
39524,1
39525,1
39526,0.536607325
39527,1
39528,0.98348999
39529,0.958898604
39530,0.984139919
39531,1
39532,0.980333865
39533,1
39534,0.989968836
39535,0.95969516
39536,0.989176214
39537,0.939510763
39538,1
39539,0.953707397
39540,1
39541,0.987416387
39542,1
39543,0.982322633
39544,0.816820383
39545,0.961223722
39546,1
39547,0.970169783
39548,0.958813667
39549,0.978596687
39550,1
39551,0.974107087
39552,1
39553,0.980482578
39554,1
39555,0.988565862
39556,0.967340767
39557,0.966224313
39558,1
39559,0.932947755
39560,0.987955451
39561,0.976694703
39562,0.816673279
39563,0.949645817
39564,0.956247866
39565,0.956468344
39566,0.613882005
39567,0.945395112
39568,0.985758305
39569,0.846039474
39570,0.923202932
39571,0.747724652
39572,0.989960313
39573,0.982005477
39574,1
39575,1
39576,0.988596261
39577,1
39578,1
39579,0.987432599
39580,0.967637479
39581,0.973931432
39582,1
39583,0.97185427
39584,1
39585,0.961993694
39586,1
39587,0.974778771
39588,0.760831058
39589,1
39590,1
39591,0.971984685
39592,0.978369117
39593,0.943967521
39594,0.921334505
39595,1
39596,0.980166256
39597,1
39598,0.766195834
39599,1
39600,1
39601,0.973115146
39602,1
39603,0.983669877
39604,0.969040752
39605,0.939027846
39606,1
39607,0.941536486
39608,1
39609,0.942418337
39610,0.976898611
39611,0.888104022
39612,0.95263201
39613,1
39614,1
39615,0.988245368
39616,0.198931143
39617,0.956597507
39618,1
39619,0.89639771
39620,1
39621,1
39622,1
39623,0.982347369
39624,0.890223324
39625,0.981070519
39626,1
39627,0.910125732
39628,0.63345134299999994
39629,0.973008633
39630,1
39631,0.987056375
39632,0.959169447
39633,1
39634,0.981050968
39635,0.907364845
39636,1
39637,0.944821715
39638,1
39639,0.954886675
39640,0.948202193
39641,0.817194045
39642,1
39643,1
39644,0.959995091
39645,0.96599859
39646,0.930920243
39647,0.936988711
39648,0.941422701
39649,1
39650,0.796263278
39651,1
39652,1
39653,1
39654,1
39655,0.934651017
39656,0.8875705
39657,1
39658,0.975228012
39659,0.987493336
39660,1
39661,0.941706657
39662,0.964203358
39663,1
39664,0.983072758
39665,1
39666,0.984713256
39667,1
39668,0.962429643
39669,1
39670,0.981285095
39671,0.424729586
39672,0.552285135
39673,0.985819936
39674,0.842734277
39675,0.985942543
39676,0.984543264
39677,0.974535525
39678,0.983644605
39679,0.98033005
39680,0.793671072
39681,1
39682,0.828170776
39683,0.956323743
39684,0.950929105
39685,1
39686,1
39687,0.892680883
39688,0.988630951
39689,0.936289489
39690,0.988762915
39691,0.957578421
39692,0.982004225
39693,0.9864676
39694,1
39695,0.97688669
39696,1
39697,0.34383592
39698,0.974545062
39699,1
39700,0.989352703
39701,1
39702,0.967561245
39703,1
39704,0.557099164
39705,0.988845289
39706,1
39707,0.986278474
39708,0.986244738
39709,0.957139969
39710,0.93213582
39711,1
39712,1
39713,1
39714,1
39715,1
39716,1
39717,0.970702231
39718,0.976156175
39719,0.978673041
39720,0.885264337
39721,1
39722,0.960308492
39723,0.952063322
39724,0.980030477
39725,0.98094064
39726,0.959627986
39727,0.464677334
39728,0.975010455
39729,1
39730,0.935554385
39731,0.937031746
39732,1
39733,0.941932857
39734,0.583784223
39735,0.967486799
39736,0.982519269
39737,0.98745805
39738,0.920400739
39739,1
39740,0.938439667
39741,1
39742,1
39743,0.936688364
39744,1
39745,0.977801263
39746,1
39747,0.977618277
39748,0.989901125
39749,0.985980749
39750,0.956147909
39751,0.977098644
39752,1
39753,1
39754,0.980338216
39755,1
39756,0.972994626
39757,1
39758,0.975464225
39759,0.989392996
39760,0.967176616
39761,1
39762,1
39763,0.978461385
39764,0.976982236
39765,0.979155898
39766,0.966138065
39767,1
39768,1
39769,0.967517376
39770,0.972269595
39771,0.962827742
39772,0.937915862
39773,1
39774,1
39775,0.825038016
39776,0.985109568
39777,1
39778,0.947180867
39779,0.974368215
39780,1
39781,0.965075135
39782,0.960444391
39783,1
39784,0.975884914
39785,0.977719784
39786,0.927355647
39787,1
39788,1
39789,0.290907443
39790,0.27744028
39791,0.879262626
39792,0.973258019
39793,1
39794,1
39795,0.989766896
39796,0.954481959
39797,1
39798,0.963871658
39799,1
39800,1
39801,0.974598408
39802,0.958332479
39803,1
39804,1
39805,0.965196848
39806,0.869619966
39807,1
39808,0.879709661
39809,0.9125247
39810,0.934633851
39811,0.90192616
39812,1
39813,1
39814,0.98449707
39815,0.844613612
39816,1
39817,0.95759809
39818,1
39819,1
39820,0.97503823
39821,1
39822,1
39823,0.987574637
39824,0.986471355
39825,0.971207082
39826,1
39827,1
39828,0.97606498
39829,1
39830,0.970571995
39831,0.937410355
39832,0.979088605
39833,0.985437334
39834,0.938723624
39835,0.985215187
39836,0.68540597
39837,0.835850895
39838,1
39839,1
39840,0.973656535
39841,0.478075862
39842,1
39843,0.964864671
39844,0.930733383
39845,1
39846,1
39847,0.837153018
39848,1
39849,1
39850,0.822208583
39851,1
39852,1
39853,0.520796716
39854,1
39855,0.971486151
39856,0.978541076
39857,1
39858,0.979975283
39859,1
39860,0.964987457
39861,1
39862,0.979647398
39863,1
39864,0.27010259
39865,0.884635568
39866,0.950886309
39867,0.982803226
39868,1
39869,0.792119563
39870,0.955532432
39871,0.978204548
39872,1
39873,0.768560171
39874,0.978452146
39875,0.889882565
39876,0.967607021
39877,1
39878,0.807099879
39879,0.972135186
39880,0.97383976
39881,1
39882,0.950546145
39883,1
39884,0.986041248
39885,1
39886,0.988031626
39887,0.983671486
39888,0.986631334
39889,0.97631079
39890,0.941033542
39891,0.979291737
39892,0.987000585
39893,1
39894,0.988322914
39895,1
39896,1
39897,0.974280655
39898,0.976406932
39899,1
39900,0.956608415
39901,0.621005297
39902,1
39903,0.974415779
39904,1
39905,0.949314296
39906,1
39907,1
39908,0.983443081
39909,1
39910,0.97054714
39911,0.978591681
39912,1
39913,0.963585675
39914,0.915654779
39915,0.976195037
39916,1
39917,1
39918,0.971721351
39919,1
39920,0.927025855
39921,0.987138331
39922,0.987008035
39923,1
39924,0.986145794
39925,0.959460795
39926,0.964800477
39927,1
39928,0.986738563
39929,1
39930,0.975395858
39931,0.847667635
39932,0.940094948
39933,0.97023713599999994
39934,0.985334873
39935,0.973535955
39936,0.988713503
39937,0.966439068
39938,0.984168887
39939,0.229588419
39940,0.966495872
39941,0.983541071
39942,1
39943,0.956145644
39944,0.839521647
39945,1
39946,0.989160717
39947,0.974700749
39948,0.779413819
39949,1
39950,0.497733414
39951,0.984794319
39952,0.962843478
39953,1
39954,0.976601362
39955,0.984999895
39956,1
39957,0.958963037
39958,0.980358243
39959,0.955659509
39960,1
39961,0.986147881
39962,1
39963,1
39964,0.987787306
39965,1
39966,0.964327216
39967,0.986936271
39968,0.987366438
39969,0.984632015
39970,0.964836419
39971,1
39972,0.989074647
39973,1
39974,1
39975,1
39976,1
39977,0.979287624
39978,0.968259275
39979,1
39980,1
39981,0.970333397
39982,0.976194799
39983,0.98787421
39984,0.507973135
39985,1
39986,1
39987,0.366786331
39988,0.91870820500000006
39989,1
39990,1
39991,0.749647081
39992,0.945224226
39993,1
39994,0.822715819
39995,0.988976657
39996,1
39997,0.974564731
39998,0.9887833
39999,0.975541711
40000,0.988578916
40001,0.982398927
40002,1
40003,0.970306456
40004,1
40005,0.986744463
40006,0.985895574
40007,1
40008,1
40009,0.988686323
40010,0.854721785
40011,0.988589525
40012,1
40013,0.986827016
40014,1
40015,1
40016,0.432837308
40017,0.887186289
40018,1
40019,0.881399632
40020,0.988080502
40021,0.98550123
40022,0.982769966
40023,0.97971797
40024,0.872838199
40025,1
40026,0.98927784
40027,1
40028,0.947707892
40029,1
40030,1
40031,0.955991983
40032,1
40033,1
40034,0.366264105
40035,1
40036,1
40037,1
40038,0.987950206
40039,0.94391048
40040,1
40041,1
40042,0.975553274
40043,0.984465718
40044,0.934381902
40045,0.979834974
40046,0.956795812
40047,0.835134447
40048,0.981076598
40049,0.980036318
40050,0.976957917
40051,1
40052,1
40053,1
40054,0.828169406
40055,0.964098871
40056,1
40057,1
40058,1
40059,1
40060,0.440975487
40061,1
40062,0.978066325
40063,0.980012953
40064,0.987404883
40065,0.966414809
40066,0.969637692
40067,1
40068,0.740392864
40069,1
40070,0.988380671
40071,0.977578938
40072,0.959586382
40073,1
40074,1
40075,1
40076,0.94035542
40077,0.986394644
40078,0.963799894
40079,0.739845932
40080,0.977035165
40081,0.976792634
40082,1
40083,1
40084,0.982754648
40085,1
40086,1
40087,0.576925218
40088,0.665245354
40089,0.96754694
40090,1
40091,0.97840482
40092,0.97360307
40093,0.985499382
40094,0.984518528
40095,0.964964032
40096,0.894186437
40097,0.986887157
40098,0.922591209
40099,1
40100,1
40101,1
40102,0.984115362
40103,0.985296786
40104,0.988747954
40105,0.982812226
40106,0.973047137
40107,1
40108,1
40109,0.981016457
40110,0.988538683
40111,0.922786653
40112,0.951797903
40113,1
40114,0.940970063
40115,0.968539774
40116,1
40117,1
40118,0.957285881
40119,0.960326195
40120,0.878281295
40121,0.630897284
40122,1
40123,1
40124,1
40125,0.856567502
40126,0.907663524
40127,1
40128,1
40129,1
40130,0.442326367
40131,1
40132,1
40133,1
40134,1
40135,1
40136,1
40137,0.986082614
40138,1
40139,0.979623139
40140,0.968677759
40141,0.934956789
40142,1
40143,1
40144,1
40145,1
40146,1
40147,1
40148,0.93104434
40149,1
40150,0.836301386
40151,1
40152,0.650727809
40153,0.947958052
40154,1
40155,1
40156,0.958691835
40157,1
40158,0.623144448
40159,1
40160,0.934355915
40161,0.977496505
40162,1
40163,0.973223209
40164,0.969015479
40165,0.958880723
40166,0.607916057
40167,0.912541688
40168,0.959988952
40169,1
40170,0.985303402
40171,0.980608106
40172,0.976044297
40173,0.816266716
40174,0.989163756
40175,0.949723959
40176,0.984422743
40177,1
40178,1
40179,0.835103154
40180,0.846360147
40181,1
40182,0.959369421
40183,0.728426337
40184,0.988012433
40185,0.984184146
40186,0.978003621
40187,1
40188,0.669922769
40189,0.957680047
40190,0.985102892
40191,0.69938004
40192,1
40193,0.979964376
40194,0.945853353
40195,0.987226784
40196,0.969720066
40197,0.982308924
40198,0.988681793
40199,1
40200,0.945159674
40201,1
40202,1
40203,1
40204,1
40205,0.957732201
40206,0.854262829
40207,0.988478482
40208,1
40209,1
40210,0.989359021
40211,1
40212,0.716673493
40213,0.683428884
40214,0.885142148
40215,0.988375545
40216,0.986717939
40217,0.981422782
40218,0.926924646
40219,0.557547391
40220,1
40221,0
40222,0.980247021
40223,0.973697543
40224,0.984331608
40225,1
40226,1
40227,0.971557379
40228,1
40229,1
40230,0.979008734
40231,0.708495855
40232,1
40233,0.897486627
40234,0.951533616
40235,0.741427958
40236,0.989444554
40237,0.98736763
40238,0.908977509
40239,1
40240,0.972458184
40241,0.987268031
40242,1
40243,0.967819095
40244,0.989070892
40245,0.908314824
40246,0.865069926
40247,0.986798585
40248,1
40249,0.947847664
40250,0.962535083
40251,1
40252,0.960211813
40253,1
40254,0.980496228
40255,1
40256,0.673446
40257,1
40258,0.707861185
40259,0.856899202
40260,0.934200883
40261,0.913980782
40262,1
40263,0.969741941
40264,1
40265,0.98725152
40266,0.974045575
40267,1
40268,0.610606134
40269,0.984425187
40270,1
40271,0.985923767
40272,0.963852286
40273,0.983627677
40274,1
40275,1
40276,0.813677073
40277,1
40278,0.873611689
40279,0.730805814
40280,0.683206499
40281,1
40282,0.977894306
40283,1
40284,0.519459248
40285,0.942885816
40286,0.985501885
40287,0.977826357
40288,0.600669742
40289,0.950732529
40290,0.989826918
40291,0.89338696
40292,0.96921283
40293,0.987701595
40294,0.853601396
40295,0.902557135
40296,0.960707724
40297,0.172279537
40298,0.989183068
40299,0.559069216
40300,0.942064941
40301,0.573752642
40302,1
40303,0.94966656
40304,0.984373212
40305,0.987780333
40306,0.981831133
40307,0.980425417
40308,1
40309,1
40310,1
40311,0.927949429
40312,0.927034676
40313,1
40314,1
40315,1
40316,1
40317,0.982427776
40318,1
40319,0.911478877
40320,0.910159886
40321,0.364481181
40322,1
40323,0.985513628
40324,1
40325,1
40326,1
40327,0.954518437
40328,1
40329,1
40330,0.985753119
40331,1
40332,1
40333,0.905999422
40334,0.936053395
40335,0.943791628
40336,1
40337,0.947324932
40338,1
40339,0.986763299
40340,1
40341,0.984097004
40342,0.975792587
40343,0.984711111
40344,0.926371276
40345,1
40346,0.980606973
40347,1
40348,0.989968836
40349,1
40350,0.981064975
40351,0.908581913
40352,0.962168992
40353,1
40354,0.951255679
40355,1
40356,0.982476831
40357,1
40358,1
40359,1
40360,1
40361,0.988195777
40362,0.9618963
40363,1
40364,1
40365,0.983746469
40366,1
40367,0.955477178
40368,1
40369,1
40370,0.986469626
40371,1
40372,1
40373,0.852228701
40374,1
40375,0.975950956
40376,0.965810955
40377,1
40378,0.982888341
40379,1
40380,0.982116103
40381,0.954427898
40382,1
40383,0.962561965
40384,0.967568815
40385,0.605659723
40386,1
40387,0.986407101
40388,0.617340684
40389,1
40390,1
40391,0.901793659
40392,1
40393,0.939966619
40394,1
40395,0.986711204
40396,1
40397,0.908982456
40398,0.978913903
40399,0.982702255
40400,0.933327973
40401,1
40402,0.986423552
40403,1
40404,1
40405,1
40406,1
40407,0.978713453
40408,0.989266753
40409,1
40410,0.983221054
40411,0.974755228
40412,1
40413,1
40414,1
40415,0.965146124
40416,1
40417,1
40418,0.953867018
40419,0.969311833
40420,0.256607145
40421,1
40422,0.983772576
40423,0.979720831
40424,1
40425,1
40426,0.955259204
40427,0.987625539
40428,0.906098783
40429,0.989935815
40430,0.918623626
40431,0.271469146
40432,0.988224626
40433,0.989606202
40434,1
40435,0.953911066
40436,0.963364899
40437,0.960506856
40438,0.97696656
40439,0.864860237
40440,0.713480651
40441,0.868423939
40442,0
40443,1
40444,0.663340509
40445,1
40446,0.987870276
40447,0.808864534
40448,0.958451271
40449,0.984991968
40450,1
40451,0.257300496
40452,0.947052956
40453,0.982720137
40454,1
40455,0.987557292
40456,1
40457,1
40458,1
40459,0.985800028
40460,0.98365283
40461,0.853981912
40462,1
40463,0.416121155
40464,0.964495301
40465,1
40466,1
40467,0.973197222
40468,0.173585236
40469,1
40470,0.988134086
40471,0.945794523
40472,1
40473,1
40474,1
40475,0.969578922
40476,1
40477,1
40478,0.962825775
40479,1
40480,1
40481,0.942515314
40482,1
40483,0.987792432
40484,0.912774861
40485,0.915692926
40486,0.917113721
40487,0.980120003
40488,0.988196909
40489,1
40490,0.958179772
40491,0.948299587
40492,0.94446671
40493,0.938063324
40494,0.972551405
40495,0.872512758
40496,1
40497,0.978194416
40498,0.742622435
40499,0.989587665
40500,0.942615211
40501,0.957046568
40502,1
40503,0.979312301
40504,1
40505,0.91359508
40506,0.987416327
40507,0.986528158
40508,0.9769274
40509,1
40510,0.633591533
40511,0.75561142
40512,0.982105017
40513,1
40514,1
40515,0.932593823
40516,1
40517,1
40518,0.958285511
40519,1
40520,0.981212556
40521,0.96406275
40522,0.952202737
40523,1
40524,0.793401659
40525,1
40526,0.984206677
40527,0.973211467
40528,0.98785162
40529,1
40530,0.97689122
40531,0.987940073
40532,1
40533,1
40534,0.905992568
40535,0.923356831
40536,0.970358312
40537,0.989401758
40538,0.983336747
40539,0.989453673
40540,1
40541,0.987353563
40542,0.969752014
40543,0.984334648
40544,0.920974135
40545,1
40546,0.988395214
40547,1
40548,1
40549,1
40550,1
40551,0.987684131
40552,0.446404815
40553,0.983516395
40554,1
40555,1
40556,1
40557,1
40558,1
40559,0.84416002
40560,0.978658199
40561,0.96969372
40562,0.729632556
40563,0.987574399
40564,1
40565,0.975173593
40566,0.978012204
40567,0.882865846
40568,0.978021383
40569,0.962442219
40570,0.962692499
40571,1
40572,1
40573,0.958217204
40574,0.989838123
40575,0.985164046
40576,0.964473784
40577,0.980790019
40578,0.881842017
40579,0.983019292
40580,1
40581,1
40582,0.989479244
40583,0.989289284
40584,0.960578919
40585,0.985363901
40586,0.979405046
40587,0.763067424
40588,1
40589,1
40590,0.983853579
40591,0.982163131
40592,0.978491426
40593,0.915134013
40594,0.979939103
40595,0.988366187
40596,0.976915777
40597,0.970795035
40598,0.949227452
40599,0.935434401
40600,0.962809742
40601,1
40602,0.79393059
40603,0.982470155
40604,0.983311772
40605,0.979790092
40606,0.683091104
40607,1
40608,0.98128593
40609,0.940839231
40610,0.946449459
40611,1
40612,1
40613,0.979366839
40614,0.98097986
40615,0.963502049
40616,0.985401511
40617,0.93375206
40618,0.98044359699999994
40619,0.682692111
40620,1
40621,1
40622,0.964250267
40623,0.978191555
40624,1
40625,0.935952902
40626,1
40627,0.927802026
40628,1
40629,0.963243365
40630,0.930807889
40631,1
40632,0.978503645
40633,0.97034061
40634,1
40635,0.909557641
40636,0.9858796
40637,1
40638,0.925089419
40639,0.985354543
40640,0.961948037
40641,0.968121052
40642,0.97880733
40643,1
40644,0.265214086
40645,0.989718318
40646,1
40647,0.970961809
40648,0.973725379
40649,0.467410356
40650,1
40651,0.958356857
40652,0.983827353
40653,0.951254487
40654,0.922445238
40655,1
40656,1
40657,0.933654666
40658,0.914198041
40659,1
40660,0.97701478
40661,1
40662,0.940849662
40663,1
40664,1
40665,0.951075852
40666,0.96903193
40667,0.978697121
40668,0.956433237
40669,1
40670,1
40671,1
40672,1
40673,1
40674,0.726849914
40675,0.952674091
40676,1
40677,0.922690749
40678,1
40679,0.932789922
40680,0.931491196
40681,1
40682,0.934457302
40683,0.956606627
40684,0.983955801
40685,0.846553266
40686,0.986794293
40687,1
40688,0.957382679
40689,1
40690,0.969744623
40691,0.986754954
40692,0.959531069
40693,1
40694,1
40695,0.976220608
40696,1
40697,0.984511972
40698,0.970573664
40699,0.424276173
40700,1
40701,0.978025854
40702,0.989219725
40703,1
40704,0.940559566
40705,0.982868969
40706,0.989662051
40707,0.965308368
40708,0.878650844
40709,0.981375694
40710,1
40711,0.981981218
40712,1
40713,0.3087807
40714,0.966226876
40715,0.913693667
40716,0.909298301
40717,1
40718,0.986963689
40719,0.985936046
40720,1
40721,0.964658737
40722,1
40723,0.985989451
40724,0.915021718
40725,1
40726,1
40727,0.799656451
40728,0.984399796
40729,0.986830652
40730,0.97551167
40731,1
40732,1
40733,1
40734,0.393141747
40735,0.979542255
40736,1
40737,0.965088129
40738,0.982966185
40739,0.951561868
40740,1
40741,1
40742,0.912279725
40743,0.326952398
40744,0.915854394
40745,1
40746,0.97939086
40747,0.981406093
40748,0.277605414
40749,1
40750,1
40751,0.963500917
40752,1
40753,1
40754,1
40755,1
40756,0.959931493
40757,1
40758,1
40759,1
40760,1
40761,0.96832943
40762,1
40763,0.973403812
40764,0.98990041
40765,0.928954959
40766,1
40767,0.98524344
40768,0.908921659
40769,1
40770,1
40771,0.94838202
40772,1
40773,0.968542516
40774,0.975347996
40775,0.142571271
40776,1
40777,1
40778,1
40779,0.892195225
40780,0.978910267
40781,0.971490562
40782,0.989236534
40783,0.834111273
40784,0.989169538
40785,1
40786,0.961844862
40787,0.759443164
40788,0.916562557
40789,0.862795532
40790,0.976747811
40791,0.930146575
40792,0.983266473
40793,0.975042105
40794,1
40795,1
40796,1
40797,1
40798,0.951212049
40799,0.952466965
40800,0.954625666
40801,0.978963852
40802,0.979903519
40803,0.850248873
40804,1
40805,1
40806,0.983579934
40807,0.98485446
40808,0.980374157
40809,1
40810,0.984169722
40811,0.930934072
40812,0.95609194
40813,1
40814,1
40815,1
40816,1
40817,1
40818,1
40819,0.882413566
40820,0.923270404
40821,0.440047413
40822,0.946091771
40823,1
40824,0.970341623
40825,1
40826,1
40827,0.974525809
40828,1
40829,0.988429666
40830,0.977453113
40831,0.963052154
40832,0.979871929
40833,1
40834,1
40835,0.984918058
40836,0.705264628
40837,0.923501968
40838,0.982601881
40839,1
40840,0.891045392
40841,0.444580674
40842,0.975956678
40843,1
40844,1
40845,0.898142636
40846,0.984704971
40847,0.958523631
40848,0.965775788
40849,0.483282894
40850,0.967603982
40851,0.891241074
40852,0.988200426
40853,1
40854,0.913342416
40855,0.950657427
40856,1
40857,1
40858,1
40859,1
40860,1
40861,0.915409863
40862,1
40863,0.931781292
40864,0.988173842
40865,0.98390156
40866,0.984941602
40867,0.505540192
40868,1
40869,0.975579619
40870,1
40871,0.970214009
40872,1
40873,0.942015529
40874,0.980897725
40875,0.972667992
40876,0.989920259
40877,1
40878,0.977940559
40879,1
40880,0.979502261
40881,0.968783617
40882,0.950826705
40883,0.981812298
40884,1
40885,0.944184065
40886,0.946313381
40887,1
40888,0.97504288
40889,1
40890,0.933994889
40891,0.982930064
40892,1
40893,0.973288357
40894,0.671248257
40895,1
40896,0.948134661
40897,0.989273965
40898,1
40899,1
40900,0.87045455
40901,1
40902,1
40903,0.98475951
40904,0.969832838
40905,1
40906,1
40907,0.974489152
40908,1
40909,0.987170994
40910,0.932488859
40911,1
40912,0.982127488
40913,0.984434784
40914,0.948162496
40915,0.977202117
40916,0.989339531
40917,1
40918,0.88048929
40919,1
40920,0.947005212
40921,1
40922,1
40923,0.9498353
40924,1
40925,1
40926,0.986712813
40927,1
40928,0.982204378
40929,0.979167819
40930,0.927384675
40931,0.95574826
40932,0.933000147
40933,0.774153769
40934,0.943399012
40935,1
40936,0.967146039
40937,0.876348436
40938,0.911362112
40939,1
40940,0.978195906
40941,1
40942,0.942461669
40943,0.867327631
40944,0.972691476
40945,1
40946,1
40947,1
40948,1
40949,0.978101373
40950,0.979481757
40951,0.415806472
40952,1
40953,1
40954,0.981295109
40955,0.971764684
40956,0.976729274
40957,1
40958,0.988114595
40959,1
40960,0.979772329
40961,0.944225848
40962,1
40963,0.96829772
40964,1
40965,1
40966,1
40967,0.942897439
40968,0.983792663
40969,0.950728357
40970,0.986858487
40971,1
40972,0.925042987
40973,1
40974,0.879780829
40975,0.866541684
40976,1
40977,1
40978,1
40979,1
40980,1
40981,0.981244385
40982,0.979749918
40983,0.982965529
40984,1
40985,0.961675525
40986,0.961602509
40987,0.970082402
40988,1
40989,1
40990,0.930519998
40991,0.951896071
40992,0.989386082
40993,1
40994,1
40995,1
40996,0.988812983
40997,0.959423184
40998,1
40999,0.963219464
41000,0.949490488
41001,0.973381519
41002,0.975886822
41003,0.971577942
41004,0.945457876
41005,0.971763551
41006,0.974888563
41007,0.989120841
41008,1
41009,0.849669874
41010,0.988053501
41011,0.983833849
41012,1
41013,1
41014,1
41015,1
41016,1
41017,0.986636937
41018,0.952489376
41019,0.955096304
41020,0.989720047
41021,0.887954593
41022,0.984518528
41023,1
41024,0.938760698
41025,1
41026,0.82969743
41027,0.988168061
41028,0.985583782
41029,1
41030,0.958999693
41031,0.820914567
41032,1
41033,0.985509992
41034,1
41035,1
41036,0.900967538
41037,1
41038,1
41039,0.935309053
41040,0.973041475
41041,0.927078128
41042,0.980199933
41043,0.986737967
41044,1
41045,1
41046,1
41047,1
41048,0.948461831
41049,1
41050,0.920984626
41051,1
41052,1
41053,1
41054,0.989977121
41055,0.939244926
41056,1
41057,1
41058,0.982102871
41059,0.942440927
41060,1
41061,0.945605457
41062,0.977578938
41063,1
41064,0.348530233
41065,1
41066,1
41067,0.860663295
41068,0.981406689
41069,0.943129122
41070,0.743584275
41071,0.904039502
41072,0.982569873
41073,0.982049048
41074,1
41075,1
41076,1
41077,0.972391129
41078,0.948663175
41079,0.959554195
41080,1
41081,0.879791439
41082,0.984469116
41083,0.988621771
41084,1
41085,1
41086,1
41087,0.919103921
41088,0.980682731
41089,1
41090,1
41091,0.974643588
41092,0.980930746
41093,0.98989749
41094,1
41095,1
41096,1
41097,0.987135232
41098,0.971363425
41099,0.785042763
41100,0.978036702
41101,0.853972793
41102,0.964491844
41103,0.98479718
41104,1
41105,1
41106,0.523702681
41107,0.979794204
41108,1
41109,0.979318261
41110,0.979476035
41111,1
41112,0.966830254
41113,0.920424819
41114,1
41115,0.98996824
41116,1
41117,0.945858061
41118,0.944214046
41119,1
41120,0.312559426
41121,0.918341398
41122,0.989256382
41123,1
41124,1
41125,0.98271817
41126,0.967094064
41127,0.983488739
41128,0.989922226
41129,1
41130,0.988526464
41131,1
41132,0.98828584
41133,1
41134,1
41135,0.943256676
41136,0.988393128
41137,0.971657395
41138,0.947422445
41139,1
41140,0.93699491
41141,0.917805195
41142,0.960093439
41143,0.885801911
41144,0.978295863
41145,1
41146,0.947898626
41147,0.98712033
41148,0.972049356
41149,0.855816782
41150,1
41151,1
41152,0.987695813
41153,0.982626736
41154,0.940120816
41155,0.967771113
41156,1
41157,0.979336441
41158,0.985228777
41159,0.978295982
41160,0.942268372
41161,0.987447321
41162,0.946187913
41163,0.932033598
41164,1
41165,0.980884194
41166,0.983652353
41167,0.960343361
41168,0.987120807
41169,0.977193832
41170,0.983881831
41171,1
41172,1
41173,0.900688291
41174,0.966622174
41175,1
41176,0.93609494
41177,1
41178,0.987471521
41179,1
41180,0.968363881
41181,0.978140593
41182,0.976206183
41183,0.989408374
41184,0.656350195
41185,1
41186,1
41187,0.977994263
41188,0.98935461
41189,0.958434165
41190,0.971891701
41191,0.764321744
41192,1
41193,0.767493427
41194,1
41195,0.377579659
41196,0.904162169
41197,0.984135091
41198,0.938395798
41199,0.986925244
41200,1
41201,0.888558865
41202,0.975382567
41203,0.984577835
41204,1
41205,1
41206,0.980459094
41207,1
41208,1
41209,0.900665283
41210,1
41211,1
41212,1
41213,0.903051913
41214,0.984118819
41215,1
41216,0.96420449
41217,1
41218,1
41219,0.981392086
41220,0.964147866
41221,0.934143305
41222,1
41223,0.979265451
41224,0.988694251
41225,1
41226,1
41227,0.982140482
41228,0.700506985
41229,1
41230,1
41231,1
41232,1
41233,0.884136438
41234,0.977508128
41235,0.708394468
41236,0.989081264
41237,0.934987545
41238,0.984762967
41239,1
41240,1
41241,0.974980354
41242,0.965721786
41243,0.951283455
41244,1
41245,0.972453535
41246,1
41247,0.980758071
41248,1
41249,0.973958254
41250,0.97235626
41251,0.989816785
41252,0.452781171
41253,0.913611293
41254,0.983534515
41255,0.989134133
41256,0.974839985
41257,0.963806868
41258,1
41259,1
41260,1
41261,0.891049981
41262,1
41263,1
41264,0.869878233
41265,0.984505236
41266,1
41267,0.986598492
41268,1
41269,0.977369249
41270,1
41271,1
41272,1
41273,0.988357484
41274,0.760130882
41275,0.960435391
41276,0.974137843
41277,1
41278,0.967620313
41279,0.978250444
41280,0.985867202
41281,0.90206176
41282,1
41283,1
41284,0.986110687
41285,1
41286,0.932333589
41287,1
41288,0.98145777
41289,1
41290,1
41291,0.96675849
41292,0.509797394
41293,0.952534914
41294,1
41295,0.953506053
41296,0.963058353
41297,1
41298,0.985155881
41299,1
41300,1
41301,1
41302,0.930128455
41303,0.972110868
41304,0.96490252
41305,0.989097238
41306,1
41307,0.93702358
41308,1
41309,1
41310,1
41311,0.860223949
41312,1
41313,0.971940756
41314,1
41315,0.983185887
41316,1
41317,0.976926386
41318,0.975553036
41319,0.950415134
41320,1
41321,0.943579733
41322,0.237834379
41323,0.973097563
41324,0.972667337
41325,1
41326,0.978167415
41327,0.984642983
41328,0.985069215
41329,0.975590289
41330,0.987777293
41331,0.905540943
41332,1
41333,0.658802331
41334,0.965008855
41335,1
41336,1
41337,0.968354821
41338,1
41339,0.945412695
41340,1
41341,1
41342,0.981733203
41343,0.982866824
41344,1
41345,1
41346,0.968843222
41347,0.976488352
41348,0.924841344
41349,0.986836672
41350,0.983128309
41351,0.968067527
41352,0.903060257
41353,1
41354,0.978547454
41355,1
41356,1
41357,1
41358,0.98738122
41359,0.979668915
41360,0.977013111
41361,1
41362,0.963988006
41363,1
41364,1
41365,0.978919268
41366,1
41367,0.88795805
41368,1
41369,0.953446031
41370,1
41371,0.970568478
41372,0.985863864
41373,0.971801817
41374,1
41375,0.984716654
41376,1
41377,0.824760675
41378,1
41379,0.690916121
41380,1
41381,0.977022409
41382,1
41383,0.959442258
41384,0.968466282
41385,0.935292423
41386,1
41387,0.951138437
41388,1
41389,0.983286977
41390,0.980152547
41391,1
41392,1
41393,0.963444829
41394,1
41395,0.985461175
41396,0.982276976
41397,1
41398,1
41399,0.983386219
41400,0.989459395
41401,0.909753501
41402,1
41403,1
41404,0.929475427
41405,0.988749266
41406,0.970394909
41407,1
41408,0.974661112
41409,0.989950061
41410,0.809813619
41411,0.968537986
41412,0.966589987
41413,1
41414,0.917040408
41415,0.979967833
41416,1
41417,1
41418,1
41419,1
41420,0.967672527
41421,0.987633348
41422,0.934922934
41423,1
41424,1
41425,1
41426,0.984920442
41427,0.989193022
41428,0.978577375
41429,0.963005483
41430,0.969013214
41431,1
41432,0.985788286
41433,0.846910775
41434,1
41435,0.986208201
41436,0.981733799
41437,0.943916321
41438,0.975872636
41439,0.986284375
41440,0.972610414
41441,1
41442,0.982923269
41443,1
41444,0.954985201
41445,0.977290452
41446,0.642937064
41447,1
41448,0.845107317
41449,0.821471155
41450,1
41451,0.973611534
41452,1
41453,1
41454,1
41455,1
41456,0.986233234
41457,0.694940805
41458,1
41459,0.977835
41460,0.983198464
41461,1
41462,1
41463,0.972426951
41464,1
41465,0.968785703
41466,1
41467,0.987097681
41468,0.917125762
41469,1
41470,1
41471,1
41472,0.983476162
41473,1
41474,0.847895622
41475,1
41476,0.976389468
41477,0.986465871
41478,0.967233121
41479,0.96655488
41480,0.975625694
41481,1
41482,0.913224757
41483,0.805961907
41484,0.984107018
41485,0.981794834
41486,1
41487,0.987882018
41488,0.988479793
41489,1
41490,1
41491,1
41492,1
41493,1
41494,0.916957498
41495,0.967882454
41496,0.876221657
41497,0.974766314
41498,0.923810005
41499,0.984398723
41500,0.988253593
41501,0.980759561
41502,1
41503,0.946190417
41504,1
41505,0.981395543
41506,0.152002469
41507,0.636176467
41508,1
41509,1
41510,1
41511,0.97960496
41512,1
41513,1
41514,1
41515,0.417578518
41516,1
41517,0.984177113
41518,0.852370799
41519,0.989001274
41520,0.909740329
41521,1
41522,0.905865789
41523,1
41524,0.960293591
41525,1
41526,0.910401404
41527,0.986696422
41528,0.961769104
41529,1
41530,0.894308567
41531,0.785095632
41532,1
41533,0.969055414
41534,0.623805046
41535,1
41536,1
41537,0.897948623
41538,0.945977628
41539,1
41540,0.64413017
41541,1
41542,0.983362675
41543,0.971450388
41544,1
41545,0.84133029
41546,1
41547,0.979349911
41548,1
41549,0.983197749
41550,1
41551,0.981056511
41552,0.901310921
41553,1
41554,1
41555,1
41556,0.983044982
41557,0.949024916
41558,1
41559,1
41560,0.946228147
41561,1
41562,0.986253321
41563,0.970406473
41564,0.903195143
41565,1
41566,1
41567,1
41568,1
41569,0.986891091
41570,1
41571,0.986884058
41572,0.983819664
41573,1
41574,1
41575,1
41576,0.973552227
41577,1
41578,1
41579,1
41580,0.989058197
41581,0.927727222
41582,0.972059369
41583,0.877030194
41584,1
41585,0.83799094
41586,1
41587,0.745792806
41588,0.869383633
41589,0.988108814
41590,0.982768118
41591,1
41592,0.964558184
41593,0.985661566
41594,0.395500779
41595,0.60761565
41596,0.927005172
41597,0.955669284
41598,0.820012808
41599,1
41600,0.625142932
41601,0.985706747
41602,0.967365861
41603,0.895681977
41604,1
41605,0.957195222
41606,0.989718199
41607,1
41608,1
41609,0.975138247
41610,1
41611,1
41612,1
41613,1
41614,0.919908822
41615,0.941563249
41616,0.46983695
41617,0.988440156
41618,0.477839559
41619,1
41620,0.983829796
41621,1
41622,0.812631667
41623,0.989980161
41624,1
41625,0.958505034
41626,0.955103576
41627,0.968265057
41628,1
41629,0.989299536
41630,0.95095402
41631,0.746475101
41632,1
41633,0.829540551
41634,0.914637208
41635,0.988945782
41636,0.946235836
41637,1
41638,1
41639,0.982720554
41640,1
41641,0.972897112
41642,0.961255431
41643,0.948323607
41644,0.970659673
41645,0.832687199
41646,0.988770247
41647,1
41648,0.983231664
41649,0.968831956
41650,0.757114649
41651,1
41652,0.942209363
41653,1
41654,1
41655,0.976950169
41656,0.9648332
41657,0.708319247
41658,0.985423088
41659,0.987814426
41660,0.949006558
41661,0.85652709
41662,1
41663,0.944637418
41664,0.96661669
41665,1
41666,0.951701701
41667,1
41668,0.980960965
41669,0.696812391
41670,0.96421659
41671,0.947889864
41672,0.986529112
41673,1
41674,1
41675,0.988789141
41676,0.754876196
41677,0.978009999
41678,0.98693037
41679,0.961793602
41680,0.983749151
41681,0.975006044
41682,0.979134321
41683,1
41684,1
41685,0.984537959
41686,1
41687,0.981442988
41688,1
41689,0.970754921
41690,0.98188442
41691,0.983985364
41692,0.980885208
41693,1
41694,0.895725489
41695,1
41696,0.985376537
41697,1
41698,0.982790947
41699,1
41700,0.963491738
41701,0.886488259
41702,0.987539649
41703,0.914079309
41704,0.959669232
41705,0.979771435
41706,1
41707,0.989114761
41708,0.981509805
41709,0.983180165
41710,0.989194512
41711,0.648144543
41712,0.977605403
41713,0.48152718
41714,0.985344827
41715,0.985743821
41716,0.865855694
41717,0.968146861
41718,1
41719,1
41720,1
41721,1
41722,1
41723,1
41724,1
41725,0.969999015
41726,0.972054422
41727,0.946478427
41728,0.971611917
41729,1
41730,0.983659148
41731,0.9848364
41732,0.986641884
41733,0.96805054
41734,0.500427246
41735,1
41736,1
41737,0.988503873
41738,1
41739,0.979199231
41740,0.945005298
41741,0.964869559
41742,0.639995635
41743,0.984786451
41744,1
41745,0.982243955
41746,0.980351031
41747,0.981126487
41748,0.98339808
41749,0
41750,0.96944648
41751,0.98751694
41752,1
41753,1
41754,0.975596249
41755,0.96822381
41756,1
41757,0.971787214
41758,0.856772423
41759,0.95970690299999994
41760,0.975975633
41761,1
41762,1
41763,0.954994738
41764,0.973537445
41765,0.978146076
41766,1
41767,0.954773963
41768,1
41769,0.987110376
41770,1
41771,1
41772,1
41773,0.976589382
41774,0.987846196
41775,1
41776,0.977314532
41777,0.981215179
41778,1
41779,0.43182081
41780,0.976280034
41781,0.903604507
41782,1
41783,1
41784,0.951901138
41785,0.888161302
41786,0.988036752
41787,0.865444422
41788,0.971493542
41789,0.978270412
41790,1
41791,0.956501484
41792,1
41793,0.989571214
41794,1
41795,1
41796,0.985698164
41797,1
41798,0.982291818
41799,1
41800,0.983283639
41801,1
41802,1
41803,0.97729969
41804,0.923689902
41805,0.987701953
41806,1
41807,0.933399439
41808,0.986465991
41809,0.867691755
41810,0.953956962
41811,0.988249421
41812,0.984232426
41813,1
41814,0.985159993
41815,0.932783544
41816,1
41817,1
41818,1
41819,1
41820,0.928647637
41821,0.984768093
41822,0.90243876
41823,1
41824,1
41825,1
41826,0.989182055
41827,0.958698392
41828,1
41829,0.979055822
41830,0.966759741
41831,0.979924083
41832,1
41833,0.987223506
41834,1
41835,0.935291529
41836,1
41837,0.948324919
41838,1
41839,0.984289348
41840,0.978677988
41841,0.474910051
41842,1
41843,0.913061559
41844,1
41845,0.971821189
41846,1
41847,1
41848,1
41849,0.989301384
41850,1
41851,0.988473713
41852,1
41853,1
41854,0.942285895
41855,0.37716668800000003
41856,0.918210149
41857,0.934511423
41858,0.979293764
41859,0.558359265
41860,1
41861,0.929664552
41862,1
41863,0.968558788
41864,0.983514547
41865,1
41866,0.981087804
41867,0.984440565
41868,1
41869,0.988792598
41870,0.976068139
41871,0.986016929
41872,0.954479694
41873,0.863890946
41874,0.968558848
41875,0.874158144
41876,1
41877,0.983079553
41878,1
41879,0.988876045
41880,0.983090758
41881,0.961535096
41882,0.967938602
41883,0.984015465
41884,0.989457846
41885,1
41886,1
41887,0.978809059
41888,1
41889,0.971773684
41890,0.803624153
41891,0.984273791
41892,0.295231193
41893,0.984296739
41894,1
41895,0.92727685
41896,0.839294195
41897,0.926995039
41898,1
41899,0.981185257
41900,0.962153792
41901,0.987891913
41902,1
41903,0.988818944
41904,0.916609466
41905,1
41906,1
41907,0.962147176
41908,1
41909,0.983691692
41910,0.987669528
41911,0.965634644
41912,1
41913,0.954841018
41914,0.966820777
41915,0.976254463
41916,0.981577814
41917,1
41918,0.983143747
41919,1
41920,1
41921,0.980620801
41922,1
41923,1
41924,1
41925,0.975979686
41926,1
41927,0.777363479
41928,0.695054829
41929,1
41930,0.985842049
41931,0.922559261
41932,1
41933,1
41934,1
41935,1
41936,0.981992841
41937,1
41938,0.972613215
41939,0.802627385
41940,0.986655355
41941,1
41942,1
41943,0.380991459
41944,0.985509992
41945,1
41946,0.898660719
41947,0.983886659
41948,0.880947352
41949,1
41950,0.987727523
41951,1
41952,0.960495353
41953,0.973758936
41954,1
41955,0.936688244
41956,0.962003171
41957,1
41958,0.794176102
41959,0.804446101
41960,0.987171829
41961,0.881526053
41962,1
41963,0.984532416
41964,0.982105374
41965,1
41966,1
41967,0.924152196
41968,1
41969,0.97653383
41970,1
41971,1
41972,1
41973,0.955828607
41974,1
41975,0.946206212
41976,0.945648134
41977,1
41978,1
41979,0.653204501
41980,0.86561667900000006
41981,0.963577807
41982,0.915709317
41983,1
41984,0.962001085
41985,0.98802048
41986,0.981643975
41987,1
41988,0.98246026
41989,1
41990,0.97192353
41991,0.964525759
41992,0.983427584
41993,0.955149829
41994,1
41995,0.973055124
41996,0.788063407
41997,1
41998,0.968492031
41999,0.777285397
42000,0.977821887
42001,1
42002,1
42003,1
42004,0.988006711
42005,0.950938106
42006,1
42007,1
42008,1
42009,0.97995007
42010,1
42011,1
42012,1
42013,0.98153472
42014,0.923133671
42015,0.964307547
42016,0.975973666
42017,1
42018,0.988843083
42019,1
42020,1
42021,0.970762134
42022,0.701399684
42023,0.668952167
42024,1
42025,0.949277759
42026,0.937090457
42027,1
42028,1
42029,1
42030,0.988164663
42031,0.959984899
42032,1
42033,1
42034,0.956733286
42035,0.964895785
42036,1
42037,1
42038,1
42039,1
42040,0.987972081
42041,0.947936833
42042,0.96305126
42043,0.920842111
42044,1
42045,0.989618003
42046,1
42047,1
42048,0.978134096
42049,1
42050,0.987785697
42051,1
42052,0.127583981
42053,0.970811427
42054,1
42055,1
42056,0.989373505
42057,1
42058,1
42059,0.982171536
42060,1
42061,0.537226379
42062,0.986909688
42063,0.937388063
42064,0.906726241
42065,1
42066,0.957745552
42067,1
42068,0.949535549
42069,1
42070,1
42071,0.971374869
42072,1
42073,1
42074,1
42075,1
42076,0.979299963
42077,0.671273172
42078,1
42079,0.976515591
42080,1
42081,0.958728313
42082,0.977407754
42083,1
42084,0.968826652
42085,0.971614957
42086,0.987807453
42087,1
42088,0.718188107
42089,0.973298848
42090,0.971134245
42091,0.810585558
42092,0.982251525
42093,0.987998843
42094,0.951003075
42095,0.626441062
42096,0.988746226
42097,1
42098,0.972573042
42099,1
42100,0.984044313
42101,1
42102,0.957546175
42103,0.987708092
42104,0.959778845
42105,0.977939189
42106,0.92050004
42107,0.985729933
42108,0.979595602
42109,0.987973929
42110,0.69159627
42111,0.954740763
42112,0.935750663
42113,0.468874216
42114,0.958190918
42115,1
42116,0.973691464
42117,1
42118,0.973993003
42119,0.971152902
42120,0.941941619
42121,1
42122,0.770582438
42123,0.91032636199999994
42124,1
42125,0.975872874
42126,0.970715642
42127,1
42128,0.837535262
42129,0.978802919
42130,1
42131,1
42132,0.620162964
42133,1
42134,1
42135,1
42136,0.982189238
42137,0.987425923
42138,0.955496132
42139,0.939594209
42140,0.96628499
42141,0.985133529
42142,0.98365885
42143,0.987343431
42144,1
42145,0.804429114
42146,0.967804611
42147,0.983209312
42148,0.956283331
42149,0.985694587
42150,1
42151,0.981994689
42152,1
42153,0.935132921
42154,0.974820137
42155,1
42156,0.975116551
42157,0.921620548
42158,1
42159,0.97467345
42160,0.985448659
42161,0.989609599
42162,1
42163,1
42164,0.979020953
42165,1
42166,1
42167,0.853473306
42168,1
42169,0.986875117
42170,1
42171,0.659193873
42172,0.988831878
42173,0.983858764
42174,1
42175,1
42176,1
42177,0.946511746
42178,0.98740828
42179,0.952373445
42180,0.966354907
42181,0.906078339
42182,0.971380174
42183,0.946402848
42184,0.902357757
42185,1
42186,0.938407779
42187,0.988847256
42188,1
42189,0.988374233
42190,0.975540698
42191,0.911347985
42192,1
42193,0.936481953
42194,1
42195,0.749926865
42196,0.989615917
42197,1
42198,1
42199,0.95239687
42200,0.98560679
42201,0.96228832
42202,1
42203,1
42204,0.89340651
42205,0.977075934
42206,0.930352271
42207,0.944554031
42208,1
42209,0.978247464
42210,0.951049209
42211,0.645553172
42212,0.976852238
42213,1
42214,0.940013826
42215,0.852858603
42216,0.966091037
42217,1
42218,0.86509794
42219,1
42220,0.938587189
42221,1
42222,0.987115264
42223,0.788303971
42224,1
42225,0.975178778
42226,0.924639702
42227,0.979536891
42228,1
42229,0.97480756
42230,0.822383463
42231,1
42232,0.985869288
42233,0.989556015
42234,0.858657062
42235,1
42236,0.640267134
42237,1
42238,1
42239,0.989815354
42240,0.975822806
42241,0.985434651
42242,0.900840044
42243,1
42244,1
42245,1
42246,0.947639585
42247,1
42248,0.975751638
42249,0.530314803
42250,1
42251,0.984899879
42252,1
42253,0.982908726
42254,1
42255,0.95455634599999994
42256,0.913224757
42257,1
42258,0.680860937
42259,1
42260,0.972174168
42261,0.982147932
42262,0.989115
42263,0.969707966
42264,0.828663051
42265,0.970726609
42266,1
42267,1
42268,1
42269,0.987528265
42270,0.979195237
42271,1
42272,0.986260235
42273,1
42274,0.984864175
42275,1
42276,0.986487806
42277,0.980474234
42278,0.967464507
42279,0.963195443
42280,1
42281,0.977211356
42282,0.942562282
42283,1
42284,1
42285,1
42286,0.946176708
42287,1
42288,0.940812409
42289,0.959938645
42290,1
42291,0.98407054
42292,0.98234093199999994
42293,0.390149891
42294,0.950831473
42295,0.989182293
42296,0.989997923
42297,1
42298,0.978805721
42299,0.988747835
42300,0.846139491
42301,0.967387319
42302,0.986231625
42303,0.987721264
42304,1
42305,0.816091418
42306,1
42307,0.933894873
42308,0.830123484
42309,1
42310,1
42311,0.655380607
42312,0.987459183
42313,0.971539915
42314,0.912640452
42315,1
42316,0.496868849
42317,0.977295578
42318,1
42319,0.536831856
42320,0.981781244
42321,1
42322,1
42323,1
42324,0.986949384
42325,1
42326,1
42327,1
42328,1
42329,1
42330,1
42331,0.945547938
42332,0.970654726
42333,0.941293359
42334,0.739222229
42335,0.565935075
42336,1
42337,0.984655023
42338,1
42339,0.940754592
42340,1
42341,1
42342,0.966526508
42343,1
42344,0.986626446
42345,0.984581649
42346,1
42347,1
42348,0.986167967
42349,1
42350,0.908961773
42351,0.967589796
42352,0.966375947
42353,1
42354,0.989789546
42355,0.917380512
42356,0.766028583
42357,0.812594116
42358,0.941433787
42359,0.973565102
42360,0.938917279
42361,0.972893179
42362,0.771982253
42363,0.984728396
42364,0.942362547
42365,0.989988923
42366,0.967245102
42367,0.989359379
42368,0.956288993
42369,0.844437659
42370,1
42371,0.981609941
42372,0.98388046
42373,0.948845446
42374,0.987460792
42375,0.971789539
42376,0.959101737
42377,0.978002489
42378,0.802498996
42379,1
42380,0.957754552
42381,1
42382,1
42383,0.96180141
42384,0.966445088
42385,1
42386,0.427186221
42387,0.976254344
42388,0.978560805
42389,0.982809126
42390,1
42391,0.98968035
42392,0.8824386
42393,0.917116642
42394,1
42395,0.9619416
42396,0.972371578
42397,0.876179278
42398,1
42399,1
42400,1
42401,1
42402,0.955868006
42403,0.90909195
42404,1
42405,0.955531061
42406,1
42407,0.982027412
42408,1
42409,1
42410,0.984339953
42411,0.64831847
42412,0.982269704
42413,1
42414,1
42415,0.959907413
42416,0.743059933
42417,0.898616433
42418,0.987779081
42419,0.721253395
42420,0.940351188
42421,0.55929333
42422,0.937667847
42423,1
42424,0.846816301
42425,0.879371226
42426,1
42427,1
42428,1
42429,0.94550091
42430,0.941375673
42431,0.986472964
42432,0.91539079
42433,0.957297325
42434,1
42435,0.960693419
42436,0.92318815
42437,0.974167168
42438,1
42439,1
42440,1
42441,0.972901404
42442,0.989594996
42443,1
42444,0.964469791
42445,0.962497473
42446,1
42447,0.465630889
42448,0.960462153
42449,0.814941466
42450,0.976120174
42451,0.93070668
42452,1
42453,1
42454,0.985046089
42455,0.943541348
42456,1
42457,0.954975486
42458,0.979910374
42459,0.987390041
42460,1
42461,0.989413381
42462,1
42463,0.961937428
42464,1
42465,0.973087728
42466,1
42467,1
42468,0.886192918
42469,0.965763688
42470,1
42471,0.988179326
42472,1
42473,0.959461033
42474,0.987901449
42475,1
42476,1
42477,1
42478,1
42479,0.960714221
42480,0.975485683
42481,0.983977377
42482,0.978421688
42483,0.988263607
42484,0.835387528
42485,0.983431995
42486,0.938256204
42487,0.968880177
42488,0.957333148
42489,0.979193628
42490,1
42491,0.973078013
42492,0.980834186
42493,0.89876914
42494,0.976729631
42495,0.989155233
42496,0.910754561
42497,0.909824669
42498,0.985427558
42499,0.986510217
42500,1
42501,1
42502,1
42503,0.942053974
42504,0.984704495
42505,1
42506,0.979223907
42507,0.985283613
42508,0.986135483
42509,0.967386067
42510,0.989507735
42511,0.378740698
42512,0.864852309
42513,0.384296119
42514,0.97526449
42515,0.973228872
42516,1
42517,0.989418685
42518,1
42519,1
42520,0.555091858
42521,0.914311051
42522,0.836818218
42523,1
42524,0.60228771
42525,1
42526,0.975311458
42527,0.983465552
42528,0.984824836
42529,1
42530,0.981571734
42531,1
42532,1
42533,1
42534,0.982527077
42535,1
42536,0.97960496
42537,0.838060975
42538,1
42539,1
42540,0.976059735
42541,1
42542,1
42543,0.98723501
42544,0.973845184
42545,0.741584301
42546,0.944947422
42547,1
42548,1
42549,0.981739759
42550,0.979172945
42551,1
42552,1
42553,1
42554,0.976520836
42555,0.969578922
42556,0.986484826
42557,1
42558,0.987992168
42559,0.985874951
42560,0.985527635
42561,1
42562,1
42563,0.873954356
42564,0.960108697
42565,1
42566,0.960329831
42567,1
42568,0.979718208
42569,0.980572105
42570,0.968989611
42571,0.883128882
42572,0.976542234
42573,0.462683946
42574,0.974606991
42575,1
42576,0.984977007
42577,0.950246096
42578,1
42579,0.730988324
42580,0.987680793
42581,1
42582,1
42583,1
42584,0.942225456
42585,0.768574417
42586,1
42587,0.808190584
42588,1
42589,1
42590,0.97537756
42591,0.46129778
42592,1
42593,0.971832454
42594,0.92656225
42595,0.962150574
42596,0.988799393
42597,0.964538634
42598,1
42599,0.989431739
42600,0.97783035
42601,0.983672202
42602,1
42603,0.88097369699999994
42604,0.980143726
42605,1
42606,0.398875326
42607,1
42608,1
42609,0.989460528
42610,1
42611,0.983467639
42612,1
42613,0.985387981
42614,0.986345351
42615,0.958425403
42616,0.882420123
42617,0.986837447
42618,1
42619,0.936207652
42620,0.73295635
42621,1
42622,0.962441325
42623,0.968164146
42624,0.921001494
42625,0.515314281
42626,0.981401265
42627,1
42628,1
42629,0.954467416
42630,1
42631,0.730580151
42632,1
42633,0.980235577
42634,1
42635,0.481343508
42636,1
42637,1
42638,0.985047936
42639,1
42640,1
42641,1
42642,1
42643,0.944347203
42644,1
42645,1
42646,0.961226702
42647,1
42648,0.982450247
42649,0.985116303
42650,0.856609583
42651,1
42652,0.988755405
42653,1
42654,0.987868846
42655,0.248391405
42656,0.954740763
42657,0.986302555
42658,0.98596859
42659,1
42660,1
42661,0.392747968
42662,1
42663,1
42664,0.787646294
42665,1
42666,0.945751727
42667,1
42668,1
42669,0.973181248
42670,1
42671,0.962826192
42672,1
42673,0.981923163
42674,0.972368419
42675,0.660132647
42676,1
42677,0.8634817
42678,0.979668796
42679,1
42680,1
42681,1
42682,1
42683,1
42684,0.985003531
42685,0.989972234
42686,1
42687,0.959967077
42688,1
42689,0.988616526
42690,1
42691,1
42692,0.661826551
42693,1
42694,1
42695,0.959484041
42696,0.275314122
42697,1
42698,1
42699,0.989871562
42700,0.95362258
42701,0.975365102
42702,0.988037229
42703,0.985008955
42704,0.98796308
42705,0.978341341
42706,0.952105463
42707,1
42708,1
42709,0.982286871
42710,0.943073094
42711,0.566794634
42712,0.932389438
42713,0.987593591
42714,1
42715,0.970106483
42716,0.984726489
42717,0.953067541
42718,0.571095228
42719,1
42720,1
42721,1
42722,1
42723,0.367606133
42724,1
42725,1
42726,0.973210573
42727,0.989307463
42728,1
42729,1
42730,0.982611239
42731,1
42732,0.913047731
42733,0.974856854
42734,0.86337924
42735,0.977775991
42736,0.543961704
42737,0.616767526
42738,1
42739,0.961366236
42740,0.89494735
42741,0.948588252
42742,1
42743,0.988844156
42744,1
42745,0.730646074
42746,1
42747,1
42748,0.939226031
42749,1
42750,0.963861406
42751,0.951703847
42752,0.974599719
42753,0.760540426
42754,0.977345705
42755,1
42756,0.988639593
42757,1
42758,0.984142363
42759,0.957952082
42760,1
42761,0.982278585
42762,0.643693388
42763,0.98012811
42764,0.969606161
42765,0.980599701
42766,1
42767,0.984234512
42768,0.947847962
42769,0.922738373
42770,0.875591576
42771,0.984839499
42772,0.953532934
42773,1
42774,0.922592521
42775,0.96261704
42776,0.949071407
42777,0.907710254
42778,0.988999784
42779,0.943205535
42780,0.847318888
42781,0.917905808
42782,0.98243618
42783,0.501678765
42784,0.675964117
42785,1
42786,0.982871652
42787,0.975217998
42788,0.787142456
42789,0.979890347
42790,0.960933685
42791,0.940173328
42792,0.968449712
42793,0.958771348
42794,1
42795,0.972780585
42796,1
42797,0.983077824
42798,1
42799,0.976546526
42800,1
42801,0.912252605
42802,1
42803,1
42804,1
42805,0.532723904
42806,0.8509323
42807,0.986051023
42808,0.983622253
42809,1
42810,0.979746819
42811,0.980368674
42812,0.856275797
42813,0.974299073
42814,0.977910936
42815,1
42816,0.989355385
42817,1
42818,0.961168766
42819,0.928120554
42820,0.987756014
42821,0.977746666
42822,0.975533187
42823,1
42824,0.926705003
42825,1
42826,0.973453164
42827,1
42828,0.987502992
42829,1
42830,0.974567354
42831,1
42832,1
42833,1
42834,1
42835,0.908425689
42836,1
42837,0.871052265
42838,0.968423009
42839,0.988658249
42840,0.899322212
42841,1
42842,0.87478888
42843,0.983635306
42844,0.914918721
42845,1
42846,1
42847,1
42848,0.953200221
42849,0.958265126
42850,0.786640585
42851,0.976394594
42852,0.975070417
42853,1
42854,0.976288676
42855,1
42856,0.259286314
42857,0.976186514
42858,1
42859,1
42860,1
42861,0.979704261
42862,0.786640585
42863,0.924867868
42864,0.98026377
42865,1
42866,1
42867,0.988774657
42868,0.956160247
42869,0.988901496
42870,0.814189613
42871,1
42872,1
42873,1
42874,1
42875,0.985417426
42876,1
42877,1
42878,0.927318633
42879,0.950745702
42880,1
42881,1
42882,0.307003647
42883,0.937558949
42884,1
42885,0.962297261
42886,1
42887,1
42888,1
42889,0.958626926
42890,0.951662839
42891,1
42892,0.948388934
42893,1
42894,0.984182537
42895,1
42896,0.95334214
42897,0.958123267
42898,1
42899,0.91623199
42900,0.985701561
42901,0.974198937
42902,0.967040718
42903,1
42904,0.986373186
42905,0.97950393
42906,0.981636822
42907,0.959406793
42908,0.798626185
42909,1
42910,0.988758206
42911,0.966939926
42912,0.596798301
42913,0.982348502
42914,0.83042872
42915,1
42916,0.980906785
42917,1
42918,1
42919,0.284083456
42920,0.988695204
42921,1
42922,0.988719523
42923,0.965081811
42924,0.980584025
42925,0.983214855
42926,1
42927,0.976005375
42928,0.919615626
42929,0.954153359
42930,0.979803562
42931,1
42932,0.984665871
42933,1
42934,0.892455518
42935,0.989859879
42936,1
42937,0.978651583
42938,0.978657663
42939,0.785112679
42940,0.979488373
42941,1
42942,0.989275158
42943,1
42944,1
42945,0.966511428
42946,0.925288379
42947,0.588075995
42948,1
42949,1
42950,0.989386082
42951,1
42952,0.965508699
42953,0.729838729
42954,0.647027373
42955,0.908168376
42956,0.976304889
42957,1
42958,1
42959,1
42960,0.956507504
42961,1
42962,0.974179626
42963,0.986251414
42964,0.987234294
42965,0.989141226
42966,0.933998525
42967,0.95219475
42968,0.953777671
42969,0.984901607
42970,0.855721414
42971,1
42972,1
42973,0.981534839
42974,0.969546676
42975,1
42976,0.904996514
42977,1
42978,0.971382737
42979,1
42980,1
42981,0.856593847
42982,1
42983,1
42984,1
42985,0.86865288
42986,1
42987,1
42988,1
42989,1
42990,0.928673148
42991,0.301904798
42992,0.928093374
42993,0.985297859
42994,0.977573514
42995,0.851478517
42996,0.987175524
42997,0.969423175
42998,1
42999,0.986271739
43000,0.373187125
43001,0.653013408
43002,0.985519409
43003,1
43004,1
43005,0.987670779
43006,0.96581018
43007,1
43008,1
43009,1
43010,1
43011,0.972314656
43012,0.982297778
43013,1
43014,0.97976023
43015,0.982951939
43016,0.985579729
43017,0.942272902
43018,0.298230499
43019,0.639636576
43020,0.980908632
43021,0.988700092
43022,0.984759748
43023,0.942276716
43024,0.406747878
43025,0.984208047
43026,0.949105024
43027,0.978103638
43028,1
43029,1
43030,0.978071332
43031,1
43032,1
43033,0.979902446
43034,1
43035,1
43036,0.977689385
43037,0.964594007
43038,0.940665782
43039,0.947527528
43040,0.980425656
43041,0.573308289
43042,0.974587977
43043,0.970980465
43044,0.962080181
43045,0.988502026
43046,0
43047,1
43048,0.968202949
43049,0.986442924
43050,1
43051,1
43052,1
43053,1
43054,0.984072387
43055,1
43056,0.956139982
43057,0.968043506
43058,1
43059,1
43060,0.978682995
43061,0.983065248
43062,1
43063,1
43064,1
43065,1
43066,1
43067,0.968008101
43068,1
43069,0.968170166
43070,1
43071,1
43072,1
43073,1
43074,0.842312455
43075,1
43076,0.361266047
43077,0.987834752
43078,0.965930939
43079,0.971533597
43080,0.969552279
43081,1
43082,1
43083,1
43084,1
43085,1
43086,0.980407178
43087,0.977835119
43088,0.983026207
43089,1
43090,1
43091,0.718574286
43092,0.950038374
43093,0.943423629
43094,1
43095,1
43096,0.985736549
43097,0.977533877
43098,0.975863993
43099,0.707524478
43100,0.637289047
43101,1
43102,0.880095959
43103,0.970078468
43104,1
43105,0.980601311
43106,1
43107,1
43108,0.980439842
43109,0.943279803
43110,0.945826292
43111,0.956817448
43112,0.979980111
43113,0.944213152
43114,0.90046525
43115,0.966683209
43116,0.849656344
43117,0.951184154
43118,0.97988379
43119,0.776460469
43120,1
43121,0.904794514
43122,0.889306366
43123,0.982698023
43124,0.962392986
43125,0.974834621
43126,1
43127,0.967074037
43128,0.977601409
43129,1
43130,0.947714508
43131,0.527650118
43132,1
43133,0.986663699
43134,0.982644379
43135,0.988239884
43136,0.965454042
43137,0.975036323
43138,1
43139,1
43140,0.940146029
43141,1
43142,1
43143,0.967481136
43144,0.97017318
43145,0.952466965
43146,1
43147,1
43148,0.963960528
43149,0.967203379
43150,1
43151,1
43152,0.987020135
43153,0.204029352
43154,0.976309359
43155,0.97077167
43156,0.41990757
43157,1
43158,1
43159,0.986632288
43160,0.97574687
43161,0.989868283
43162,0.983792663
43163,1
43164,0.967731476
43165,0.977225125
43166,1
43167,1
43168,0.988597751
43169,0.9883039
43170,0.954655886
43171,0.973358631
43172,0.925355136
43173,0.981637538
43174,0.974080384
43175,0.959986866
43176,1
43177,0.987005353
43178,0.989546835
43179,1
43180,0.973390698
43181,0.989306033
43182,1
43183,0.986230016
43184,0.983334243
43185,0.498168171
43186,0.663407981
43187,0.972168088
43188,0.963702679
43189,0.986055493
43190,0.982843518
43191,1
43192,1
43193,1
43194,0.96751940299999994
43195,0.965116262
43196,0.907601178
43197,0.974707544
43198,0.9394871
43199,0.985239625
43200,0.915373266
43201,0.979653716
43202,0.975044966
43203,1
43204,0.98199594
43205,1
43206,0.980333269
43207,1
43208,1
43209,1
43210,1
43211,0.960770667
43212,0
43213,1
43214,1
43215,1
43216,1
43217,1
43218,1
43219,1
43220,0.982845724
43221,0.988363564
43222,1
43223,0.745154738
43224,1
43225,1
43226,0.504623056
43227,1
43228,1
43229,1
43230,0.971020043
43231,1
43232,0.975482583
43233,0.967930019
43234,0.839501679
43235,0.986069441
43236,1
43237,0.979068935
43238,1
43239,1
43240,0.988484919
43241,0.956627667
43242,0.933520317
43243,1
43244,0.979244947
43245,0.923965514
43246,0.980362058
43247,0.924415648
43248,1
43249,0.988822103
43250,1
43251,1
43252,0.946151733
43253,0.94136405
43254,1
43255,0.944352448
43256,0.985835373
43257,1
43258,0.947345495
43259,1
43260,1
43261,0.927295387
43262,1
43263,1
43264,1
43265,0.764493883
43266,0.977284432
43267,0.984740555
43268,1
43269,0.886062384
43270,1
43271,0.989266157
43272,0.877128303
43273,0.951624811
43274,1
43275,0.956078708
43276,0.9731161
43277,0.25692755
43278,0.961849749
43279,1
43280,1
43281,1
43282,0.945606887
43283,1
43284,1
43285,1
43286,1
43287,1
43288,1
43289,1
43290,0.98654443
43291,0.984959304
43292,0.970131278
43293,0.987797916
43294,1
43295,0.927511513
43296,1
43297,0.984273791
43298,1
43299,0.989394844
43300,1
43301,1
43302,1
43303,1
43304,0.966277897
43305,0.955602586
43306,0.98463583
43307,1
43308,0.98950398
43309,0.77449435
43310,0.933076024
43311,0.84138763
43312,0.960529864
43313,1
43314,0.989720643
43315,0.982375801
43316,0.989627481
43317,0.986296773
43318,0.971349776
43319,0.977266014
43320,0.971544683
43321,0.98698473
43322,0.923361301
43323,1
43324,0.982818127
43325,0.970225871
43326,1
43327,0.975818157
43328,0.983628392
43329,0.978286803
43330,1
43331,1
43332,1
43333,1
43334,1
43335,0.985683262
43336,0.818914235
43337,1
43338,0.975477636
43339,1
43340,0.817508042
43341,1
43342,0.972402692
43343,0.988150954
43344,1
43345,0.981751144
43346,0.870232523
43347,0.964869916
43348,0.983766317
43349,1
43350,0.974238217
43351,1
43352,1
43353,1
43354,1
43355,1
43356,0.984202743
43357,0.976789773
43358,1
43359,0.797286332
43360,0.979875445
43361,0.986557424
43362,0.977408886
43363,0.980288148
43364,0.975404561
43365,1
43366,0.453063369
43367,1
43368,0.799562395
43369,0.980605364
43370,0.987912953
43371,1
43372,0.646055877
43373,1
43374,0.979685247
43375,0.946942031
43376,0.970383585
43377,0.961317122
43378,0.981936872
43379,0.989571333
43380,0.817643464
43381,0.96674037
43382,0.959626317
43383,0.97650063
43384,1
43385,0.942956269
43386,0.97606498
43387,0.946826398
43388,0.967484057
43389,1
43390,1
43391,0.958819687
43392,0.680066347
43393,0.982275128
43394,1
43395,0.946734905
43396,0.966156542
43397,0.977337956
43398,0.978162348
43399,1
43400,1
43401,1
43402,1
43403,0.948613405
43404,0.932784677
43405,1
43406,0.952972829
43407,0.846267521
43408,1
43409,1
43410,0.987251282
43411,1
43412,0.9515481
43413,0.340093643
43414,0.972884595
43415,0.922878981
43416,0.983823419
43417,0.98839885
43418,1
43419,0.974946797
43420,0.977487922
43421,0.986507297
43422,0.987999201
43423,0.965050399
43424,0.983269811
43425,1
43426,0.524097323
43427,1
43428,1
43429,1
43430,0.523519218
43431,1
43432,0.98442024
43433,1
43434,1
43435,1
43436,0.976057291
43437,1
43438,0.953931749
43439,0.92541647
43440,0.886102676
43441,1
43442,0.98236692
43443,1
43444,1
43445,0.974858761
43446,1
43447,0.950036883
43448,1
43449,0.945494294
43450,1
43451,1
43452,0.935370565
43453,1
43454,1
43455,0.982194841
43456,1
43457,0.942626953
43458,0.963827491
43459,1
43460,0.763665855
43461,0.988852739
43462,1
43463,0.767394304
43464,0.864761889
43465,0.945074201
43466,1
43467,0.989467561
43468,0.981462121
43469,0.989448428
43470,1
43471,1
43472,0.989735842
43473,0.95838052
43474,1
43475,1
43476,1
43477,0.946256161
43478,0.796363115
43479,0.977578938
43480,0.951281011
43481,0.948495269
43482,0.972747743
43483,0.984231293
43484,1
43485,0.59926647
43486,0.986816824
43487,1
43488,0.939377904
43489,0.987396777
43490,1
43491,0.980081856
43492,1
43493,0.698752642
43494,0.986367524
43495,0.967996895
43496,0.95537132
43497,1
43498,1
43499,1
43500,0.989403486
43501,1
43502,0.81861794
43503,1
43504,0.976148367
43505,1
43506,0.932629943
43507,1
43508,0.985120595
43509,0.986204624
43510,1
43511,0.948101938
43512,1
43513,0.960928977
43514,1
43515,1
43516,0.976584971
43517,0.982842147
43518,1
43519,0.83348912
43520,1
43521,0.971032977
43522,0.982064366
43523,0.962953448
43524,0.983456194
43525,0.98282373
43526,0.987264514
43527,1
43528,0.980911136
43529,1
43530,0.935677111
43531,0.982796311
43532,0.987601161
43533,0.741427958
43534,0.948396862
43535,0.987109065
43536,1
43537,0.981835961
43538,0.981376588
43539,1
43540,0.970604777
43541,0.971844971
43542,1
43543,0.981876075
43544,1
43545,0.985001206
43546,0.984995306
43547,0.988941729
43548,0.984577835
43549,1
43550,0.95829469
43551,0.790101647
43552,0.986700952
43553,0.976110101
43554,1
43555,0.985622466
43556,0.754694045
43557,1
43558,0.980153084
43559,0.984372079
43560,1
43561,0.973325193
43562,1
43563,0.986959517
43564,0.538554966
43565,0.951420307
43566,0.984368026
43567,0.976624072
43568,0.98026526
43569,1
43570,0.932171047
43571,0.974396527
43572,0.955313385
43573,1
43574,1
43575,0.300094873
43576,0.978247345
43577,1
43578,0.986723959
43579,1
43580,0.981883526
43581,1
43582,0.71093446
43583,1
43584,1
43585,0.786807656
43586,1
43587,0.986508668
43588,0.938287795
43589,0.865284622
43590,0.971400559
43591,1
43592,0.954313457
43593,0.972789943
43594,1
43595,0.950898528
43596,1
43597,0.98166877
43598,0.963825405
43599,0.985369802
43600,0.95171833
43601,1
43602,0.966799498
43603,0.94609201
43604,1
43605,0.97224009
43606,1
43607,1
43608,0.447192848
43609,0.960838378
43610,0.989826441
43611,0.948641479
43612,0.799876571
43613,0.972554207
43614,0.97870934
43615,0.987308204
43616,0.98778373
43617,0.929623067
43618,0.975192547
43619,1
43620,1
43621,0.989986837
43622,0.976835609
43623,0.923291564
43624,0.988917232
43625,0.980708301
43626,0.988930643
43627,0.931270599
43628,0.886100888
43629,0.98900348
43630,0.94940418
43631,0.988108695
43632,1
43633,0.961348414
43634,0.986678362
43635,1
43636,1
43637,1
43638,0.94777137
43639,0.98935169
43640,0.963581502
43641,0.957823515
43642,1
43643,1
43644,0.86714536
43645,0.963397801
43646,0.96495539
43647,1
43648,0.962868214
43649,0.189305872
43650,0.980774105
43651,0.966514111
43652,0.799191177
43653,0.900007904
43654,1
43655,1
43656,1
43657,1
43658,0.964229345
43659,0.984729946
43660,0.968722284
43661,0.986870885
43662,1
43663,1
43664,1
43665,0.958542049
43666,0.950758278
43667,0.983170807
43668,1
43669,0.983587086
43670,1
43671,0.9015131
43672,0.792468071
43673,0.979254484
43674,1
43675,0.924841344
43676,0.175218821
43677,1
43678,0.951097012
43679,1
43680,1
43681,0.940495253
43682,0.908708274
43683,0.989327073
43684,1
43685,0.961649358
43686,0.980888009
43687,0.989368975
43688,1
43689,0.924759269
43690,1
43691,1
43692,0.891147852
43693,0.981620848
43694,0.968590319
43695,1
43696,1
43697,0.969330668
43698,0.878561795
43699,0.977837384
43700,0.936618388
43701,0.983548105
43702,0.693993688
43703,1
43704,1
43705,0.719455898
43706,0.986362994
43707,0.9896456
43708,0.920809865
43709,1
43710,1
43711,0.984507799
43712,0.952292323
43713,0.92256695
43714,0.989986956
43715,1
43716,0.987941563
43717,1
43718,0.968216002
43719,1
43720,1
43721,0.821471155
43722,0.841981709
43723,0.921159804
43724,0.96956563
43725,0.988519371
43726,1
43727,1
43728,0.984075844
43729,1
43730,0.971535206
43731,0.979443669
43732,0.985827446
43733,1
43734,0.865972042
43735,0.989939034
43736,0.980474591
43737,0.985394239
43738,1
43739,0.91494149
43740,0.938711464
43741,1
43742,1
43743,0.973905027
43744,0.979449749
43745,1
43746,0.988915384
43747,1
43748,0.975585938
43749,1
43750,1
43751,0.985262513
43752,0.969690681
43753,0.982305944
43754,1
43755,1
43756,0.98981899
43757,0.969157636
43758,0.970325351
43759,0.92154300200000006
43760,0.978103519
43761,1
43762,0.988871396
43763,0.944078207
43764,0.748327732
43765,0.938434959
43766,1
43767,0.881636858
43768,0.989929617
43769,1
43770,1
43771,1
43772,0.989704669
43773,1
43774,0.983231664
43775,1
43776,0.945962191
43777,1
43778,1
43779,0.940705955
43780,0.988892734
43781,0.975148439
43782,1
43783,0.943955541
43784,0.962040007
43785,0.983485043
43786,0.962304652
43787,1
43788,0.976769209
43789,0.749409258
43790,0.988191128
43791,1
43792,0.651248694
43793,1
43794,0.676136494
43795,0.988839209
43796,0.966171801
43797,0.985806286
43798,0.978291988
43799,1
43800,0.928833067
43801,1
43802,1
43803,1
43804,1
43805,1
43806,0.984651923
43807,1
43808,0.987967849
43809,1
43810,0.988775253
43811,0.984797001
43812,0.964987457
43813,1
43814,0.922470689
43815,0.977343202
43816,1
43817,0.943966031
43818,1
43819,0.988411605
43820,0.979250789
43821,0.979690552
43822,1
43823,0.989269555
43824,0.940700769
43825,0.986388147
43826,1
43827,0.822499454
43828,1
43829,0.983594477
43830,1
43831,1
43832,0.978184819
43833,0.989294648
43834,0.986952186
43835,0.729337752
43836,1
43837,1
43838,0.972314775
43839,1
43840,0.989459515
43841,0.968663991
43842,0.982772589
43843,0.987857699
43844,0.963864267
43845,0.898191571
43846,0.87022233
43847,0.75201875
43848,1
43849,0.989567339
43850,0.988262355
43851,0.989091754
43852,1
43853,0.980469763
43854,1
43855,1
43856,0.989196301
43857,1
43858,1
43859,0.6999349
43860,0.985966981
43861,1
43862,0.911262929
43863,0.921400607
43864,1
43865,0.803165495
43866,0.945011079
43867,0.98940444
43868,1
43869,0.838995278
43870,0.977018535
43871,1
43872,1
43873,0.984032095
43874,1
43875,0.984801233
43876,0.733106911
43877,0.98978883
43878,0.988540709
43879,1
43880,0.989715993
43881,1
43882,1
43883,1
43884,0.504222333
43885,0.901098669
43886,1
43887,0.988212287
43888,0.973668516
43889,1
43890,0.943731368
43891,0.978784144
43892,0.982073665
43893,1
43894,0.957116902
43895,0.986813009
43896,1
43897,1
43898,1
43899,0.948612213
43900,0.988559187
43901,0.983960629
43902,1
43903,0.895026028
43904,0.983113408
43905,0.977701426
43906,0.973674178
43907,0.983686745
43908,1
43909,1
43910,0.971593916
43911,0.977559507
43912,0.964075267
43913,1
43914,0.989213049
43915,1
43916,1
43917,0.980530381
43918,0.50530982
43919,1
43920,1
43921,0.987662673
43922,0.958849311
43923,1
43924,0.988028705
43925,0.190109834
43926,0.987364709
43927,0.932876587
43928,0.920488
43929,1
43930,0.988674462
43931,0.942138791
43932,0.22040835
43933,1
43934,0.394166827
43935,0.981954575
43936,0.492994219
43937,0.984060645
43938,0.964393795
43939,1
43940,1
43941,1
43942,0.956078291
43943,0.869403839
43944,0.984238088
43945,0.32089752
43946,1
43947,0.931239069
43948,0.979839623
43949,0.989902258
43950,0.973753035
43951,1
43952,1
43953,1
43954,0.98668253400000006
43955,0.744647801
43956,1
43957,0.8501845
43958,0.614000022
43959,1
43960,1
43961,0.976533592
43962,0.982872903
43963,0.151760399
43964,0.988191545
43965,0.987667739
43966,0.390836477
43967,1
43968,0.392773897
43969,1
43970,1
43971,0.979871333
43972,0.886117518
43973,0.840910792
43974,0.967600226
43975,0.844869912
43976,1
43977,0.987774849
43978,0.989491701
43979,0.10514199
43980,0.989958584
43981,0.981351912
43982,0.989712834
43983,1
43984,0.605342865
43985,1
43986,0.895702601
43987,0.985527158
43988,0.809916198
43989,0.912349463
43990,0.976546526
43991,1
43992,1
43993,1
43994,0.958099306
43995,1
43996,0.981228888
43997,1
43998,1
43999,0.941796601
44000,1
44001,0.971037328
44002,0.981083334
44003,1
44004,1
44005,1
44006,0.450521916
44007,0.250714868
44008,0.978701115
44009,0.97224164
44010,0.95805645
44011,0.929968119
44012,0.96092248
44013,0.916500866
44014,1
44015,0.672437608
44016,0.979107142
44017,0.871862352
44018,0.968907118
44019,0.926414073
44020,1
44021,1
44022,1
44023,0.939356148
44024,0.968982756
44025,0.981850684
44026,0.974265814
44027,1
44028,0.980320931
44029,0.865641415
44030,1
44031,0.97510159
44032,0.922364593
44033,0.952640116
44034,0.988198757
44035,0.989580572
44036,1
44037,1
44038,0.98537308
44039,0.983774424
44040,0.987734377
44041,0.731644273
44042,1
44043,1
44044,0.986885071
44045,1
44046,0.916678548
44047,0.975000858
44048,0.942923963
44049,0.947381556
44050,0.934837997
44051,1
44052,0.973874152
44053,1
44054,0.979059458
44055,1
44056,0.989011288
44057,0.978346825
44058,0.984988034
44059,0.978601456
44060,0.982555628
44061,0.960041106
44062,1
44063,1
44064,0.985177577
44065,1
44066,1
44067,1
44068,1
44069,1
44070,0.967339099
44071,0.972016931
44072,0.988394737
44073,0.85999912
44074,0.972588301
44075,1
44076,1
44077,1
44078,0.98869437
44079,0.929812372
44080,0.986026406
44081,0.961279333
44082,1
44083,0.960765064
44084,0.973415315
44085,0.975306153
44086,1
44087,0.963421047
44088,1
44089,0.989122808
44090,0.925954223
44091,1
44092,1
44093,0.977921307
44094,0.950902522
44095,1
44096,0.720896065
44097,1
44098,1
44099,0.957796872
44100,0.983193398
44101,1
44102,0.772391975
44103,0.954447448
44104,0.942986369
44105,1
44106,1
44107,0.905457258
44108,1
44109,0.752785385
44110,1
44111,1
44112,1
44113,0.977105975
44114,0.984935284
44115,0.967090726
44116,0.974271715
44117,0.977530897
44118,0.971533716
44119,1
44120,0.933288932
44121,0.867160022
44122,0.96544528
44123,0.983470023
44124,0.979467452
44125,0.910573781
44126,0.547591746
44127,0.940362275
44128,0.982553244
44129,0.944281936
44130,0.97281307
44131,1
44132,0.986977637
44133,1
44134,1
44135,0.984557033
44136,1
44137,1
44138,1
44139,0.98559314
44140,1
44141,0.981155872
44142,0.975106239
44143,0.978947938
44144,0.975623488
44145,0.989693105
44146,0.982780099
44147,0.902385116
44148,0.979454517
44149,1
44150,1
44151,0.93368429
44152,1
44153,1
44154,1
44155,0.829866469
44156,1
44157,0.957162857
44158,1
44159,0.985199332
44160,0.986668468
44161,0.952796161
44162,1
44163,0.771980345
44164,0.980389178
44165,0.981227279
44166,0.474849314
44167,0.953066707
44168,1
44169,0.968197703
44170,0.964409351
44171,0.27682367
44172,0.982489824
44173,0.986478984
44174,1
44175,0.974371076
44176,1
44177,0.987156153
44178,0.60820657
44179,1
44180,0.986887395
44181,1
44182,1
44183,0.968337476
44184,0.975228012
44185,0.841687203
44186,0.944521904
44187,0.98453414400000006
44188,0.985230804
44189,1
44190,1
44191,0.985864103
44192,1
44193,1
44194,0.686991513
44195,0.988944948
44196,0.938776553
44197,0.789682686
44198,1
44199,1
44200,0.97230196
44201,0.929782987
44202,0.968781829
44203,0.5095222
44204,0.958525717
44205,0.983951092
44206,1
44207,0.911570668
44208,0.979373157
44209,0.987842083
44210,1
44211,1
44212,0.970913172
44213,1
44214,1
44215,0.766179681
44216,0.936197102
44217,0.986916661
44218,0.964315772
44219,0.977393746
44220,0.985262215
44221,0.955868125
44222,0.975655377
44223,0.97799325
44224,0.983315885
44225,1
44226,0.970189989
44227,0.974062085
44228,0.939976811
44229,1
44230,0.940952241
44231,1
44232,0.493061841
44233,1
44234,1
44235,0.939824641
44236,0.815671563
44237,1
44238,0.984223664
44239,0.946787238
44240,0.860983074
44241,0.902167618
44242,0.840788484
44243,0.575799584
44244,0.920324624
44245,1
44246,1
44247,0.598141432
44248,0.763991177
44249,0.442120284
44250,0.530194044
44251,1
44252,0.984370768
44253,0.984547317
44254,0.947981775
44255,0.966899335
44256,0.723688602
44257,0.981582642
44258,0.72351718
44259,1
44260,1
44261,0.400254667
44262,1
44263,0.928093374
44264,0.944538832
44265,0.914147794
44266,1
44267,1
44268,0.973680377
44269,0.979106903
44270,0.971477926
44271,0.96201396
44272,0.986745298
44273,1
44274,0.973802567
44275,0.914955556
44276,0.977266014
44277,0.97820437
44278,0.975872517
44279,0.95309984699999994
44280,1
44281,1
44282,0.904165924
44283,0.983140945
44284,1
44285,1
44286,1
44287,1
44288,0.988232076
44289,0.985184073
44290,0.987622082
44291,0.97202837499999994
44292,0.987170994
44293,1
44294,0.980273128
44295,0.984009504
44296,1
44297,0.947335541
44298,1
44299,1
44300,0.882448077
44301,1
44302,0.504635394
44303,0.950600028
44304,0.983976483
44305,1
44306,0.980955422
44307,1
44308,0.860752463
44309,1
44310,0.960437179
44311,0.977073729
44312,0.949234545
44313,0.985921919
44314,1
44315,1
44316,0.951382399
44317,1
44318,0.955573261
44319,1
44320,1
44321,1
44322,0.986979723
44323,0.986282766
44324,1
44325,0.97104758
44326,0.964782
44327,1
44328,0.986974239
44329,1
44330,0.959194779
44331,0.747503638
44332,0.970303357
44333,0.58902806
44334,0.903717756
44335,1
44336,1
44337,1
44338,1
44339,0.922543407
44340,0.84459579
44341,0.222364068
44342,1
44343,1
44344,1
44345,0.986409187
44346,0.900420845
44347,0.982103765
44348,1
44349,0.964967251
44350,1
44351,1
44352,0.982259691
44353,1
44354,0.981221616
44355,0.843985677
44356,0.977452159
44357,0.946324587
44358,0.970988214
44359,1
44360,1
44361,1
44362,0.987451375
44363,1
44364,1
44365,0.968378186
44366,0.96273464
44367,0.980531991
44368,0.965579927
44369,0.985509694
44370,0.96725899
44371,0.988783777
44372,0.151760399
44373,1
44374,0.93942219
44375,0.931941152
44376,0.962798894
44377,1
44378,0.915036619
44379,0.947118938
44380,0.989373624
44381,1
44382,0.986991465
44383,0.983310401
44384,0.923273504
44385,0.983651102
44386,1
44387,0.988186777
44388,0.988828838
44389,0.975356698
44390,0.895149291
44391,0.706338882
44392,1
44393,1
44394,0.325560123
44395,1
44396,1
44397,0.956220508
44398,0.670287371
44399,0.946195066
44400,0.918092549
44401,0.848225713
44402,1
44403,0.93681699
44404,0.98704356
44405,0.919150651
44406,0.82824111
44407,0.975482047
44408,0.898122788
44409,0.934045136
44410,0.983657301
44411,1
44412,0.415628642
44413,0.722198308
44414,0.376615703
44415,1
44416,1
44417,1
44418,1
44419,0.989327192
44420,0.989962876
44421,1
44422,1
44423,1
44424,0.908596575
44425,1
44426,1
44427,0.987913907
44428,1
44429,0.624703944
44430,0.983505666
44431,1
44432,0.982051373
44433,1
44434,0.975337207
44435,0.980947971
44436,0.982536852
44437,1
44438,0.972110748
44439,0.769542337
44440,0.913959503
44441,0.97282517
44442,1
44443,0.975075543
44444,1
44445,0.970634401
44446,1
44447,1
44448,1
44449,0.982312858
44450,1
44451,1
44452,0.987924695
44453,0.905964315
44454,1
44455,1
44456,1
44457,0.941663504
44458,0.975872874
44459,0.947402
44460,0.980133295
44461,0.977726996
44462,0.975774884
44463,0.976424694
44464,0.978098393
44465,0.978099644
44466,0.458184272
44467,0.931565881
44468,0.872768581
44469,0.854800284
44470,1
44471,0.970464408
44472,1
44473,0.982803106
44474,0.988136649
44475,1
44476,0.988289595
44477,1
44478,1
44479,0.989293218
44480,0.989887655
44481,0.989859521
44482,0.986816824
44483,1
44484,0.986295044
44485,1
44486,0.797139943
44487,1
44488,1
44489,0.988452375
44490,1
44491,0.804848254
44492,0.922399759
44493,1
44494,0.982797384
44495,0.98056066
44496,0.975216985
44497,1
44498,0.954408348
44499,1
44500,0.985422254
44501,0.906172693
44502,0.984273553
44503,0.976269782
44504,1
44505,0.979952931
44506,1
44507,0.748275876
44508,0.983109295
44509,1
44510,1
44511,1
44512,0.968844116
44513,0.970606148
44514,1
44515,0.977263033
44516,1
44517,1
44518,0.980938673
44519,1
44520,1
44521,1
44522,1
44523,0.950805068
44524,0.705429435
44525,1
44526,1
44527,0.983247221
44528,0.975052416
44529,1
44530,0.883973062
44531,0.980309427
44532,0.968978167
44533,0.969857991
44534,0.964686155
44535,0.874951601
44536,0.917638183
44537,1
44538,1
44539,0.986036837
44540,0.989035785
44541,0.988165259
44542,0.989442706
44543,0.872591436
44544,1
44545,0.984119177
44546,0.899597943
44547,0.975475788
44548,0.928252935
44549,0.289592534
44550,1
44551,1
44552,1
44553,0.165059894
44554,1
44555,1
44556,0.988302171
44557,1
44558,1
44559,0.986519694
44560,0.987956703
44561,0.987476945
44562,0.369700253
44563,0.987561584
44564,0.946065784
44565,0.646069408
44566,0.98112762
44567,1
44568,1
44569,1
44570,0.96143204
44571,0.664703548
44572,1
44573,0.980719388
44574,0.98878932
44575,0.911648572
44576,0.987198651
44577,0.981819391
44578,1
44579,0.923563778
44580,0.985401869
44581,0.984964311
44582,1
44583,0.988756716
44584,1
44585,1
44586,0.979664803
44587,1
44588,0.988081694
44589,0.930187881
44590,0.953632057
44591,1
44592,0.961843431
44593,1
44594,0.864686012
44595,0.838847637
44596,1
44597,0.984018624
44598,0.88177168399999994
44599,0.988979936
44600,0.968051732
44601,0.983183622
44602,1
44603,1
44604,0.979599476
44605,0.988065958
44606,1
44607,0.982359111
44608,1
44609,0.960674822
44610,0.573513866
44611,0.979973316
44612,1
44613,0.91022706
44614,1
44615,0.952602267
44616,1
44617,0.97754544
44618,0.797186971
44619,1
44620,0.9218207
44621,0.983151794
44622,0.943480969
44623,1
44624,1
44625,1
44626,0.956018031
44627,0.400020301
44628,0.981356621
44629,0.938174784
44630,0.837690115
44631,1
44632,0.965597928
44633,0.989118218
44634,0.971217752
44635,0.987902463
44636,0.986844182
44637,0.963476598
44638,0.965436935
44639,0.974870682
44640,0.987928689
44641,1
44642,0.936322749
44643,1
44644,1
44645,1
44646,0.982885718
44647,0.942499578
44648,0.98998183
44649,0.955556095
44650,0.956559837
44651,1
44652,0.766805053
44653,0.98659271
44654,0.892339051
44655,1
44656,0.972357988
44657,0.688050926
44658,0.923031509
44659,1
44660,1
44661,0.958171785
44662,0.944277465
44663,1
44664,0.917589903
44665,0.977120638
44666,0.986375988
44667,0.94898659
44668,0.908531547
44669,0.985957027
44670,0.633331239
44671,0.88937062
44672,0.916650713
44673,0.954116881
44674,1
44675,1
44676,0.862973392
44677,0.967721522
44678,0.966028929
44679,0.351836503
44680,0.937774241
44681,1
44682,1
44683,0.60638839
44684,1
44685,1
44686,1
44687,1
44688,0.970739782
44689,0.969287098
44690,0.966039181
44691,0.984355867
44692,0.949818492
44693,0.974383056
44694,0.910767317
44695,0.835392594
44696,1
44697,1
44698,0.75629133
44699,0.921835065
44700,0.945722103
44701,1
44702,1
44703,1
44704,0.988798559
44705,0.978022754
44706,0.892034173
44707,0.925644994
44708,0.705390692
44709,0.982704699
44710,0.988582075
44711,1
44712,1
44713,0.957498312
44714,0.989949703
44715,0.986259997
44716,0.672282696
44717,1
44718,1
44719,0.986691713
44720,0.787646294
44721,0.950988412
44722,0.976905346
44723,0.815672934
44724,0.988425612
44725,1
44726,0.655631483
44727,0.975559533
44728,0.987239897
44729,0.971599579
44730,1
44731,1
44732,0.984795928
44733,0.954536378
44734,1
44735,0.828809321
44736,0.975193977
44737,0.982889712
44738,1
44739,1
44740,1
44741,1
44742,1
44743,0.965175092
44744,1
44745,0.979231
44746,1
44747,0.953457296
44748,0.989719391
44749,0.782754839
44750,0.967115521
44751,0.987707198
44752,0.798155069
44753,1
44754,0.973225474
44755,0.943603516
44756,1
44757,0.931830883
44758,0.969079733
44759,1
44760,0.781559646
44761,1
44762,0.865841925
44763,0.97477144
44764,1
44765,0.970604777
44766,0.850686729
44767,1
44768,0.90977788
44769,1
44770,0.985258818
44771,0.987482309
44772,0.965126932
44773,1
44774,0.98177284
44775,1
44776,0.988054454
44777,1
44778,1
44779,0.886862338
44780,0.987915754
44781,1
44782,0.949119866
44783,0.969264805
44784,0.847027421
44785,0.985693216
44786,0.989336371
44787,1
44788,1
44789,0.891452849
44790,0.978731871
44791,0.92871940100000006
44792,1
44793,0.989051521
44794,0.978078783
44795,0.91567117
44796,0.851163626
44797,1
44798,1
44799,0.987270594
44800,1
44801,1
44802,1
44803,0.936748505
44804,1
44805,0.97025305
44806,1
44807,1
44808,0.849673808
44809,0.967595279
44810,1
44811,1
44812,0.957978189
44813,0.981775165
44814,0.963036239
44815,1
44816,1
44817,0.961811364
44818,1
44819,0.958657205
44820,0.891570151
44821,0.970688224
44822,0.777035058
44823,0.979030132
44824,0.986301899
44825,0.955771565
44826,1
44827,0.273093939
44828,1
44829,0.841134906
44830,0.932104707
44831,0.936202943
44832,0.972118616
44833,1
44834,1
44835,1
44836,0.956632495
44837,1
44838,1
44839,0.934542835
44840,0.980649114
44841,0.98226434
44842,0.973376572
44843,0.656720936
44844,1
44845,1
44846,1
44847,1
44848,1
44849,0.98836273
44850,0.957104981
44851,1
44852,1
44853,0.981117308
44854,1
44855,0.974060476
44856,0.977270901
44857,0.989004314
44858,0.85381633
44859,0.982252955
44860,0.978229106
44861,0.988624692
44862,1
44863,0.958791733
44864,0.97757113
44865,0.389855355
44866,1
44867,1
44868,0.955965102
44869,0.987488687
44870,0.97848767
44871,1
44872,1
44873,0.972504079
44874,0.971733153
44875,0.953528106
44876,1
44877,0.989899814
44878,1
44879,1
44880,0.984957933
44881,0.98848176
44882,0.981244683
44883,0.982226968
44884,0.95276922
44885,0.986701667
44886,0.976472974
44887,0.956967175
44888,0.92617327
44889,1
44890,1
44891,0.986412525
44892,0.988828182
44893,0.965012908
44894,1
44895,0.986954749
44896,0.974113762
44897,0.988439798
44898,1
44899,1
44900,1
44901,0.978588581
44902,0.87509042
44903,1
44904,1
44905,0.975970149
44906,1
44907,0.92860347
44908,0.927645862
44909,0.971037209
44910,0.984461486
44911,0.552285135
44912,1
44913,1
44914,0.977851212
44915,0.989969075
44916,1
44917,1
44918,0.965503693
44919,1
44920,0.946335971
44921,0.972164273
44922,1
44923,1
44924,1
44925,0.969545126
44926,0.524068713
44927,0.572599411
44928,0.973727167
44929,0.985816896
44930,0.982952237
44931,0.956738651
44932,0.944029748
44933,1
44934,0.956860244
44935,0.986975968
44936,0.924774349
44937,1
44938,1
44939,0.972600818
44940,0.950419009
44941,1
44942,1
44943,0.988027096
44944,0.962987125
44945,0.923081994
44946,0.986081123
44947,1
44948,1
44949,1
44950,0.979108393
44951,0.878210425
44952,0.98149085
44953,0.98734355
44954,0.915095866
44955,0.884013355
44956,0.640337169
44957,0.985355556
44958,0.977553129
44959,0.989813268
44960,0.957889497
44961,0.966808081
44962,0.954892993
44963,0.429589421
44964,1
44965,1
44966,0.981429517
44967,1
44968,1
44969,1
44970,0.811145008
44971,0.988927603
44972,0.16397284
44973,1
44974,1
44975,1
44976,0.938946903
44977,1
44978,1
44979,0.941472054
44980,1
44981,1
44982,0.578187168
44983,0.98819482300000006
44984,0.984473586
44985,0.423565
44986,1
44987,0.985659182
44988,0.969377816
44989,1
44990,1
44991,0.967987776
44992,0.957846403
44993,1
44994,1
44995,0.539549351
44996,1
44997,1
44998,0.980078697
44999,0.890495181
45000,0.936732888
45001,1
45002,1
45003,0.869025528
45004,1
45005,0.968820632
45006,1
45007,0.989226162
45008,1
45009,1
45010,0.884798288
45011,0.9879269
45012,0.984986484
45013,0.83776623
45014,1
45015,1
45016,0.985089123
45017,1
45018,0.9302544
45019,0.950475097
45020,0.94885844
45021,0.939166307
45022,0.620235622
45023,0.976089537
45024,0.984202266
45025,0.987745941
45026,1
45027,1
45028,1
45029,0.886636317
45030,0.98348999
45031,1
45032,0.982777774
45033,0.968572199
45034,0.944594264
45035,0.643439651
45036,0.94432509
45037,0.842940986
45038,1
45039,0.950778425
45040,0.938043594
45041,0.987476409
45042,1
45043,0.9850595
45044,0.98680383
45045,0.9125247
45046,1
45047,1
45048,0.989429891
45049,0.965985537
45050,0.986888528
45051,0.966680169
45052,0.944453299
45053,0.98799628
45054,0.944442451
45055,0.803260744
45056,1
45057,1
45058,1
45059,0.986288905
45060,1
45061,0.970848978
45062,1
45063,1
45064,0.989162207
45065,0.98635155
45066,1
45067,0.970064223
45068,1
45069,0.578799069
45070,1
45071,0.948409498
45072,0.864186466
45073,1
45074,0.989644527
45075,0.490158379
45076,1
45077,0.921540082
45078,0.705649912
45079,0.939244926
45080,0.983897626
45081,0.980080187
45082,1
45083,0.922059953
45084,0.984861255
45085,0.966012478
45086,0.970428944
45087,1
45088,0.987877011
45089,0.959327936
45090,0.986009955
45091,0.983911693
45092,0.937902689
45093,1
45094,1
45095,0.978493273
45096,0.984408319
45097,0.982299149
45098,0.927787483
45099,0.981956959
45100,1
45101,0.875852704
45102,1
45103,0.973928094
45104,1
45105,0.982031822
45106,0.983531058
45107,0.969679058
45108,0.700167418
45109,1
45110,0.988628209
45111,0.736136496
45112,1
45113,0.77232784
45114,0.4768731
45115,0.98317647
45116,0.966081142
45117,0.986749589
45118,0.989417732
45119,0.981709421
45120,1
45121,0.973934948
45122,0.260931671
45123,0.974656582
45124,1
45125,1
45126,1
45127,0.96526897
45128,0.852713585
45129,0.978385389
45130,0.989377677
45131,1
45132,1
45133,0.967204392
45134,0.206987634
45135,0.601298034
45136,0.898849785
45137,0.640689611
45138,1
45139,0.987703919
45140,0.938351154
45141,1
45142,0.982376695
45143,0.982157588
45144,1
45145,0.979140699
45146,1
45147,0.986538768
45148,1
45149,1
45150,0.952198923
45151,1
45152,0.978000224
45153,1
45154,0.957523406
45155,0.983763576
45156,0.984630525
45157,1
45158,1
45159,0.983998656
45160,0.986575425
45161,1
45162,0.983809948
45163,1
45164,0.980849803
45165,0.977377951
45166,1
45167,1
45168,0.959055245
45169,0.98908174
45170,1
45171,1
45172,0.984401047
45173,1
45174,1
45175,0.940935433
45176,0.956823587
45177,0.979094803
45178,0.960895956
45179,0.985642612
45180,0.988834083
45181,1
45182,1
45183,0.989648163
45184,0.637860239
45185,0.975603879
45186,0.989752293
45187,0.409303665
45188,0.962835968
45189,0.981166661
45190,0.883626163
45191,0.975057602
45192,1
45193,0.284898371
45194,1
45195,0.97583735
45196,1
45197,0.984012246
45198,1
45199,1
45200,1
45201,0.984520495
45202,0.932317495
45203,0.849008501
45204,1
45205,0.982004225
45206,1
45207,1
45208,0.988960564
45209,0.883302927
45210,1
45211,0.952813923
45212,1
45213,0.987792552
45214,0.977248788
45215,0.96372807
45216,0.983961821
45217,0.989161193
45218,0.918038309
45219,1
45220,0.852973759
45221,0.968177557
45222,0.986711443
45223,0.972658098
45224,1
45225,0.960157394
45226,1
45227,0.682218611
45228,1
45229,0.874226511
45230,0.989627957
45231,1
45232,1
45233,1
45234,0.933740497
45235,0.946673989
45236,0.984316826
45237,0.982118249
45238,0.983899593
45239,1
45240,0.915358484
45241,0.965700626
45242,1
45243,0.95163399
45244,1
45245,0.831754446
45246,0.978204668
45247,0.9884547
45248,0.983920634
45249,0.987251163
45250,1
45251,0.98901099
45252,0.989782453
45253,1
45254,1
45255,0.989180625
45256,0.988637507
45257,0.983343244
45258,0.9736467
45259,0.472170264
45260,0.950114787
45261,0.986465871
45262,1
45263,0.963194013
45264,1
45265,0.922750771
45266,1
45267,1
45268,1
45269,0.738753378
45270,1
45271,0.987816036
45272,1
45273,1
45274,0.985788882
45275,0.979722023
45276,1
45277,0.949580669
45278,0.858934999
45279,1
45280,0.970928967
45281,1
45282,0.980174065
45283,0.947957456
45284,0.968026161
45285,1
45286,1
45287,0.810790241
45288,1
45289,1
45290,0.98606956
45291,1
45292,1
45293,0.953502297
45294,0.986952186
45295,0.984797537
45296,1
45297,0.984106779
45298,1
45299,1
45300,0.36008518900000003
45301,1
45302,0.824884772
45303,0.93670696
45304,1
45305,1
45306,0.970001161
45307,0.581199586
45308,0.965123355
45309,0
45310,1
45311,1
45312,0.943038344
45313,0.285072506
45314,0.974315286
45315,0.987102091
45316,0.985015273
45317,1
45318,1
45319,0.979910612
45320,0.90481865400000006
45321,0.931583464
45322,1
45323,0.707398355
45324,0.927686989
45325,1
45326,0.989736795
45327,0.982795656
45328,0.956822932
45329,0.439578205
45330,1
45331,0.982391059
45332,0.924632251
45333,0.954939067
45334,0.961240113
45335,1
45336,1
45337,0.956955195
45338,0.977715671
45339,0.827327192
45340,1
45341,1
45342,1
45343,1
45344,0.737327278
45345,1
45346,0.676811636
45347,0.177794859
45348,0.88398838
45349,0.989295185
45350,0.924797833
45351,1
45352,1
45353,0.977578938
45354,0.952699125
45355,0.919761479
45356,0.970619023
45357,0.989315271
45358,0.757137001
45359,1
45360,0.503511429
45361,0.988715112
45362,1
45363,0.988798559
45364,0.973372042
45365,0.984771311
45366,1
45367,0.982435525
45368,0.983889937
45369,1
45370,0.98718971
45371,0.962438345
45372,0.926229954
45373,0.988717437
45374,1
45375,1
45376,0.982751191
45377,0.778562605
45378,1
45379,0.940785825
45380,0.975815654
45381,0.967267811
45382,0.667321444
45383,0.973965943
45384,1
45385,0.884842813
45386,0.988463223
45387,0.974938512
45388,1
45389,0.976429701
45390,0.963391244
45391,0.984112918
45392,0.987505555
45393,0.964837372
45394,0.931064069
45395,0.943575203
45396,1
45397,1
45398,1
45399,0.972107053
45400,0.988481522
45401,0.922180355
45402,1
45403,1
45404,0.983605981
45405,1
45406,0.908967435
45407,0.965204537
45408,0.987092137
45409,0.975886703
45410,0.977309704
45411,0.750995338
45412,1
45413,0.979816616
45414,1
45415,0.268475622
45416,1
45417,0.935510457
45418,0.402130574
45419,0.957009912
45420,1
45421,0.971026659
45422,1
45423,0.978836596
45424,0.988888681
45425,0.981099963
45426,0.980745912
45427,1
45428,0.989695191
45429,1
45430,1
45431,0.977519512
45432,0.985007882
45433,0.898370862
45434,0.986990273
45435,1
45436,1
45437,1
45438,1
45439,0.91551894
45440,0.932986677
45441,0.972486556
45442,1
45443,0.691998839
45444,0.971141875
45445,0.888095081
45446,1
45447,0.982417405
45448,1
45449,0.24423328
45450,1
45451,1
45452,1
45453,0.967198908
45454,0.975872278
45455,0.952874541
45456,0.976262093
45457,1
45458,0.632950664
45459,0.98047328
45460,1
45461,0.977573395
45462,0.434904397
45463,1
45464,1
45465,0.988399625
45466,0.986190319
45467,0.987233043
45468,0.935692549
45469,0.961207748
45470,0.920316041
45471,0.745897353
45472,0.984003246
45473,0.977214754
45474,1
45475,0.694521129
45476,0.961953998
45477,0.937667847
45478,0.980742812
45479,0.894311786
45480,0.978469193
45481,0.965606153
45482,0.270096064
45483,1
45484,0.871620774
45485,1
45486,1
45487,0.560541511
45488,0.95119828
45489,1
45490,0.94645524
45491,0.96588701
45492,0.988235891
45493,0.988590181
45494,1
45495,1
45496,0.933939815
45497,0.987138152
45498,1
45499,1
45500,0.989048064
45501,1
45502,0.923400521
45503,0.985906959
45504,0.98572737
45505,0.933594525
45506,1
45507,1
45508,0.898135781
45509,1
45510,1
45511,0.980053842
45512,0.983448803
45513,0.986032546
45514,0.947298527
45515,0.960934579
45516,1
45517,0.697326541
45518,0.989269197
45519,0.981157363
45520,0.924918234
45521,0.969793141
45522,0.970507324
45523,1
45524,0.983526647
45525,0.882492542
45526,0.98812741
45527,1
45528,0.980336726
45529,1
45530,0.988613963
45531,0.958659053
45532,0.975129604
45533,0.946484923
45534,0.95447284
45535,1
45536,0.981772721
45537,0.872666299
45538,0.976699948
45539,0.858546436
45540,1
45541,0.946596563
45542,0.929923058
45543,0.952757657
45544,0.978840947
45545,0.95118618
45546,0.857376695
45547,0.837971151
45548,0.952062964
45549,0.97526449
45550,1
45551,0.975037694
45552,0.985161305
45553,1
45554,0.854854107
45555,0.989866972
45556,0.989945233
45557,0.949888408
45558,0.989093065
45559,0.928556979
45560,1
45561,1
45562,1
45563,0.947292566
45564,1
45565,0.976474702
45566,0.949877441
45567,0.931016028
45568,0.959782541
45569,0.954344809
45570,0.973386288
45571,0.914647758
45572,0.983442962
45573,1
45574,0.983755171
45575,0.976029992
45576,1
45577,0.951061726
45578,0.989401758
45579,0.916827917
45580,0.980868578
45581,1
45582,0.211628646
45583,1
45584,1
45585,1
45586,1
45587,0.966140568
45588,1
45589,1
45590,0.982367158
45591,0.988072813
45592,1
45593,1
45594,1
45595,1
45596,0.853805125
45597,0.916187286
45598,0.959532142
45599,0.982022822
45600,0.977787495
45601,0.605039954
45602,0.893954814
45603,0.972421408
45604,0.972291827
45605,0.980416
45606,0.975019217
45607,0.985307217
45608,0.98042047
45609,0.974176526
45610,0.989551842
45611,1
45612,0.984414935
45613,0.966242135
45614,0.954829931
45615,0.775904954
45616,0.883028925
45617,1
45618,1
45619,0.957367182
45620,1
45621,0.972614646
45622,1
45623,1
45624,0.987490118
45625,0.983209074
45626,0.932042718
45627,0.988789141
45628,0.72196734
45629,1
45630,0.98572737
45631,1
45632,0.967956901
45633,0.975051403
45634,1
45635,1
45636,1
45637,0.977347314
45638,1
45639,0.97246629
45640,0.952549458
45641,0.981384635
45642,0.962100148
45643,1
45644,0.974073827
45645,1
45646,1
45647,0.906916916
45648,0.843607843
45649,1
45650,0.942607284
45651,0.973185599
45652,0.951770663
45653,0.897718072
45654,0.869044423
45655,0.786807656
45656,0.947553337
45657,1
45658,0.282636702
45659,0.947322369
45660,0.987340152
45661,0.951411963
45662,0.890329123
45663,0.279192448
45664,0.872297883
45665,1
45666,0.355890244
45667,0.971431553
45668,0.987982512
45669,0.875989616
45670,1
45671,0.819895625
45672,0.928996384
45673,1
45674,1
45675,0.983391643
45676,1
45677,0.959049583
45678,0.987106323
45679,1
45680,1
45681,1
45682,0.982318819
45683,0.980077624
45684,0.909219503
45685,0.89218092
45686,0.988212287
45687,1
45688,0.96667552
45689,0.485649377
45690,1
45691,1
45692,0.962584794
45693,1
45694,0.97319895
45695,1
45696,1
45697,0.95709461
45698,1
45699,0.378605306
45700,1
45701,0.988629222
45702,1
45703,0.96844548
45704,0.94796747
45705,0.986019731
45706,0.980835319
45707,0.764296472
45708,0.98146975
45709,0.989859879
45710,0.952117682
45711,0.942347527
45712,1
45713,0.989282489
45714,0.98478055
45715,0.986370325
45716,1
45717,0.968560755
45718,1
45719,0.986059487
45720,0.886854887
45721,1
45722,0.965543151
45723,1
45724,0.925413132
45725,1
45726,1
45727,0.974642098
45728,1
45729,0.944708467
45730,0.971140325
45731,0.984655142
45732,1
45733,0.322037786
45734,0.975987077
45735,1
45736,1
45737,0.958865702
45738,0.987145662
45739,1
45740,1
45741,0.98922801
45742,1
45743,1
45744,0.869244278
45745,0.988526583
45746,1
45747,0.912402868
45748,0.988197267
45749,0.988077164
45750,0.930286348
45751,1
45752,0.98857528
45753,1
45754,1
45755,1
45756,1
45757,0.984050214
45758,1
45759,0.968567848
45760,0.970194817
45761,0.986480534
45762,1
45763,1
45764,0.977861226
45765,1
45766,1
45767,0.986646771
45768,0.52265352
45769,0.980456352
45770,0.876401246
45771,0.98738724
45772,0.988030374
45773,0.978523076
45774,1
45775,0.91053915
45776,0.97909832
45777,0.96687305
45778,1
45779,0.455605418
45780,0.957564056
45781,0.989689469
45782,1
45783,0.857756317
45784,1
45785,1
45786,1
45787,0.869981587
45788,1
45789,1
45790,0.948530436
45791,0.962406099
45792,1
45793,1
45794,0.974373102
45795,0.955842555
45796,0.945112765
45797,0.931634247
45798,1
45799,0.989819348
45800,1
45801,1
45802,1
45803,1
45804,0.97766763
45805,0.973265767
45806,0.985418081
45807,0.985110283
45808,1
45809,0.970762134
45810,0.981937408
45811,0.976440489
45812,1
45813,1
45814,1
45815,1
45816,0.978282809
45817,0.944360912
45818,0.957269251
45819,1
45820,0.987479866
45821,1
45822,0.976888597
45823,0.973843396
45824,0.947081506
45825,0.976723373
45826,0.94802171
45827,0.969282746
45828,1
45829,1
45830,1
45831,0.981663585
45832,1
45833,0.972331703
45834,1
45835,1
45836,0.985576928
45837,1
45838,0.565378726
45839,1
45840,0.986156046
45841,1
45842,1
45843,0.574166298
45844,1
45845,1
45846,1
45847,0.953516722
45848,0.980606973
45849,0.700282931
45850,0.984308064
45851,0.955820322
45852,0.987721503
45853,0.939678133
45854,0.970770121
45855,0.769852221
45856,0.577405095
45857,1
45858,0.977865994
45859,0.975753129
45860,1
45861,1
45862,1
45863,1
45864,0.985818446
45865,1
45866,1
45867,0.401440561
45868,0.964796662
45869,0.981221616
45870,0.965021968
45871,1
45872,0.938112974
45873,0.985399783
45874,1
45875,0.98897332
45876,0.987242937
45877,0.95674485
45878,0.951084077
45879,1
45880,0.981101155
45881,0.970189512
45882,1
45883,0.979729116
45884,0.973195791
45885,0.900492787
45886,1
45887,0.954072416
45888,1
45889,1
45890,0.978645444
45891,0.975773096
45892,0.968738198
45893,0.984658718
45894,0.986194968
45895,1
45896,1
45897,0.980425775
45898,1
45899,1
45900,0.958440542
45901,0.976603866
45902,0.984740198
45903,1
45904,0.971508086
45905,0.969859541
45906,1
45907,0.92287612
45908,1
45909,1
45910,0.989512742
45911,0.970372796
45912,0.330938578
45913,0.987267196
45914,0.654204309
45915,0.90656662
45916,1
45917,1
45918,1
45919,0.438531607
45920,0.986609161
45921,0.96985215
45922,0.975451171
45923,0.950138152
45924,0.972279191
45925,0.95169574
45926,1
45927,0.927359641
45928,0.972272873
45929,0.952063084
45930,1
45931,1
45932,1
45933,0.927560926
45934,1
45935,1
45936,1
45937,1
45938,0.933472335
45939,0.9841218
45940,1
45941,1
45942,0.967956722
45943,0.976592898
45944,0.978648961
45945,0.882532001
45946,0.985022366
45947,0.870554268
45948,0.329064727
45949,1
45950,1
45951,1
45952,1
45953,0.986947179
45954,0.911622524
45955,1
45956,0.985447824
45957,1
45958,0.97578305
45959,0.716537476
45960,0.822166145
45961,1
45962,0.98453414400000006
45963,0.302983999
45964,1
45965,0.976453424
45966,0.97672712800000006
45967,1
45968,0.948684394
45969,0.72617954
45970,0.630710959
45971,0.986078262
45972,1
45973,0.871792257
45974,0.963827848
45975,0.967324376
45976,0.677318811
45977,0.951379597
45978,0.949728906
45979,0.986779213
45980,0.946868718
45981,0.899066806
45982,1
45983,1
45984,1
45985,1
45986,1
45987,0.98561656499999994
45988,0.977893055
45989,1
45990,1
45991,0.986270905
45992,0.981914759
45993,0.988868833
45994,1
45995,1
45996,0.952490568
45997,1
45998,0.95087868
45999,0.971253216
46000,1
46001,1
46002,1
46003,0.97408098
46004,0.879582644
46005,0.905779719
46006,0.813958526
46007,0.935085177
46008,1
46009,0.683270395
46010,0.92620486
46011,0.970876634
46012,0.236147791
46013,0.969949603
46014,0.269903243
46015,0.943271935
46016,1
46017,0.965673626
46018,0.987453044
46019,0.968209207
46020,1
46021,0.971523702
46022,0.983842731
46023,0.436079025
46024,0.978134871
46025,0.831290066
46026,0.458808959
46027,0.979264498
46028,0.984610081
46029,1
46030,1
46031,0.962000549
46032,1
46033,0.984664619
46034,1
46035,1
46036,1
46037,1
46038,0.835388243
46039,1
46040,0.888683021
46041,1
46042,0.977161408
46043,1
46044,1
46045,1
46046,1
46047,1
46048,1
46049,0.956223011
46050,0.981169879
46051,1
46052,0.984510362
46053,0.56970501
46054,1
46055,0.981670976
46056,1
46057,0.926646054
46058,1
46059,0.984312892
46060,0.9841218
46061,0.988664627
46062,0.922947407
46063,1
46064,1
46065,0.979494572
46066,1
46067,1
46068,0.988084614
46069,1
46070,0.977121651
46071,0.9602561
46072,0.715311766
46073,1
46074,1
46075,1
46076,0.989033222
46077,0.968122482
46078,0.920928717
46079,0.912944019
46080,0.98539573
46081,0.966984749
46082,1
46083,0.980627239
46084,0.948918581
46085,0.92952162
46086,1
46087,1
46088,1
46089,0.979780495
46090,1
46091,1
46092,0.959875822
46093,1
46094,1
46095,1
46096,0.984247088
46097,0.945220172
46098,1
46099,1
46100,0.932046354
46101,0.781600177
46102,0.987953901
46103,0.987072945
46104,1
46105,0.646234095
46106,1
46107,0.987385511
46108,0.986245751
46109,1
46110,1
46111,1
46112,0.979784608
46113,1
46114,1
46115,0.879069984
46116,0.970799863
46117,1
46118,0.94689852
46119,1
46120,1
46121,0.982406497
46122,0.986876249
46123,1
46124,0.965938389
46125,1
46126,1
46127,1
46128,1
46129,1
46130,1
46131,0.969310761
46132,1
46133,1
46134,0.900364518
46135,1
46136,0.940447867
46137,0.987751842
46138,0.98169589
46139,0.982500732
46140,0.97816217
46141,0.931058109
46142,1
46143,0.937680423
46144,0.976135075
46145,0.930229306
46146,1
46147,0.43592149
46148,0.979985833
46149,1
46150,1
46151,0.966613591
46152,0.939054251
46153,0.823619902
46154,0.984074712
46155,1
46156,0.983833969
46157,1
46158,0.966164589
46159,0.94284153
46160,0.735096812
46161,0.9750669
46162,0.989577413
46163,0.710037649
46164,0.9849177
46165,0.983771861
46166,1
46167,1
46168,1
46169,0.941888869
46170,0.97831887
46171,0.891670406
46172,0.967151642
46173,0.98897624
46174,1
46175,0.89334476
46176,0.943793118
46177,1
46178,1
46179,0.985003293
46180,1
46181,0.978634894
46182,1
46183,1
46184,1
46185,1
46186,0.986482024
46187,1
46188,1
46189,0.645434499
46190,1
46191,0.966943622
46192,0.989299059
46193,0.988629937
46194,0.985673964
46195,0.987400949
46196,0.973290205
46197,1
46198,0.98116219
46199,1
46200,0.892270386
46201,0.989900529
46202,1
46203,0.974936962
46204,0.9884969
46205,0.787871778
46206,0.970886827
46207,0.986128092
46208,0.523644805
46209,1
46210,1
46211,0.937667847
46212,1
46213,0.988156974
46214,1
46215,0.981139779
46216,0.715189576
46217,1
46218,1
46219,0.988283217
46220,1
46221,0.984141529
46222,1
46223,0.910281599
46224,0.956624627
46225,1
46226,0.978865027
46227,1
46228,0.694041014
46229,0.983912647
46230,0.904704392
46231,0.307828426
46232,1
46233,0.982652664
46234,0.985808015
46235,1
46236,0.976559043
46237,0.982658088
46238,0.973394871
46239,0.89185214
46240,0.968908787
46241,1
46242,0.976147473
46243,1
46244,0.417170346
46245,1
46246,0.964055121
46247,0.984228134
46248,0.435625434
46249,0.989073217
46250,0.915334821
46251,1
46252,0.977266014
46253,0.94897145
46254,0.979370058
46255,1
46256,0.98449415
46257,1
46258,1
46259,0.862713456
46260,1
46261,1
46262,0.984807372
46263,1
46264,0.989793778
46265,0.768058717
46266,1
46267,0.859637022
46268,0.938507915
46269,0.913400412
46270,0.98995167
46271,0.904249132
46272,1
46273,0.929902852
46274,0.94031477
46275,0.956853271
46276,1
46277,1
46278,1
46279,0.624875426
46280,0.970832229
46281,0.98987448200000006
46282,1
46283,0.81924659
46284,0.979347408
46285,0.898396432
46286,1
46287,0.982658625
46288,0.977012157
46289,0.984481812
46290,0.983804047
46291,1
46292,0.985375583
46293,1
46294,0.980969191
46295,0.956782758
46296,0.760379612
46297,0.967342675
46298,0.970913589
46299,0.871483207
46300,0.987898648
46301,0.967167139
46302,0.964727104
46303,1
46304,1
46305,0.973085046
46306,1
46307,0.976566434
46308,1
46309,0.978004754
46310,1
46311,0.977266014
46312,0.921087682
46313,0.988780975
46314,0.980629623
46315,1
46316,0.916727543
46317,0.451358348
46318,0.964161575
46319,1
46320,0.76285857
46321,1
46322,0.919012547
46323,0.984199166
46324,0.987683356
46325,0.97818917
46326,1
46327,1
46328,0.987075865
46329,1
46330,1
46331,1
46332,1
46333,1
46334,1
46335,0.985566616
46336,0.889277995
46337,0.965551376
46338,1
46339,0.98932206600000006
46340,1
46341,0.98362273
46342,0.877884507
46343,0.793823183
46344,1
46345,0.521076918
46346,1
46347,1
46348,0.946009755
46349,0.558719277
46350,0.979905427
46351,0.338425428
46352,1
46353,1
46354,1
46355,1
46356,0.985215783
46357,0.844202519
46358,1
46359,1
46360,0.982329309
46361,1
46362,1
46363,0.875344634
46364,0.836770237
46365,1
46366,1
46367,1
46368,1
46369,1
46370,0.9856323
46371,0.963169694
46372,0.950882435
46373,1
46374,0.97485739
46375,1
46376,1
46377,0.975383043
46378,0.97837466
46379,1
46380,0.953097999
46381,1
46382,0.977081835
46383,0.987293601
46384,0.959228993
46385,0.925250411
46386,0.981414616
46387,0.456174821
46388,0.944191814
46389,0.983172417
46390,0.97688067
46391,1
46392,0.936458528
46393,1
46394,1
46395,0.982278585
46396,1
46397,0.979608297
46398,1
46399,0.95572561
46400,1
46401,0.983993292
46402,0.720364511
46403,1
46404,1
46405,0.981863737
46406,0.959477484
46407,0.948736668
46408,1
46409,0.96464777
46410,0.985617578
46411,0.899625242
46412,0.660842955
46413,0.983209848
46414,1
46415,0.9738428
46416,1
46417,1
46418,0.978697598
46419,0.859015524
46420,0.974466145
46421,1
46422,1
46423,1
46424,0.98032409
46425,0.888608933
46426,0.966754735
46427,0.983816266
46428,0.989840269
46429,1
46430,0.835356474
46431,1
46432,1
46433,0.889334917
46434,1
46435,1
46436,0.985664129
46437,0.937677264
46438,0.932537019
46439,0.981187344
46440,0.961963356
46441,1
46442,0.955008149
46443,1
46444,0.864722848
46445,0.925277352
46446,0.969708741
46447,1
46448,0.982351303
46449,0.988670588
46450,1
46451,0.951126337
46452,1
46453,0.934942901
46454,1
46455,1
46456,0.980603159
46457,0.973873138
46458,0.986746907
46459,0.969275594
46460,1
46461,0.978444278
46462,0.977713645
46463,0.989252627
46464,0.512501001
46465,0.977604568
46466,1
46467,0.985128105
46468,0.957457304
46469,0.320283592
46470,0.984636188
46471,1
46472,1
46473,1
46474,0.977347612
46475,0.922167063
46476,0.890899301
46477,1
46478,0.987133265
46479,0.966614246
46480,0.98569411
46481,0.987171471
46482,0.968854547
46483,0.822815716
46484,0.976506531
46485,0.988117874
46486,1
46487,0.926513314
46488,1
46489,0.982929587
46490,1
46491,1
46492,1
46493,1
46494,0.840974569
46495,0.983975887
46496,0.984616518
46497,1
46498,0.983380139
46499,1
46500,0.960616529
46501,1
46502,0.982228637
46503,0.643186152
46504,1
46505,1
46506,1
46507,0.98165452499999994
46508,1
46509,1
46510,0.98946023
46511,1
46512,0.988452256
46513,0.989549518
46514,1
46515,1
46516,1
46517,0.961188018
46518,0.981896639
46519,0.407925725
46520,1
46521,0.932024479
46522,0.982826173
46523,1
46524,1
46525,0.969955325
46526,0.920420349
46527,0.988066912
46528,0.989002347
46529,0.725775838
46530,0.674323022
46531,0.624711394
46532,0.958291113
46533,0.979236066
46534,1
46535,0.951418579
46536,1
46537,0.93312186
46538,0.930894136
46539,0.939521074
46540,1
46541,0.954750538
46542,0.98147893
46543,0.96306628
46544,0.985367537
46545,0.119685978
46546,1
46547,0.979215682
46548,0.833512306
46549,1
46550,0.93065244
46551,0.985253751
46552,1
46553,0.93472904
46554,1
46555,0.520511985
46556,1
46557,0.987146854
46558,0.968220472
46559,1
46560,0.935899675
46561,1
46562,0.988696814
46563,0.983386219
46564,0.818166018
46565,0.971982658
46566,1
46567,0.984512627
46568,1
46569,0.967920601
46570,0.984480858
46571,1
46572,0.674046934
46573,0.986108244
46574,1
46575,1
46576,0.927211642
46577,0.984738827
46578,0.968307316
46579,0.736943483
46580,0.968473077
46581,0.97049284
46582,0.942445755
46583,1
46584,0.98322314
46585,0.863233924
46586,0.974765778
46587,0.981609702
46588,0.980704844
46589,1
46590,1
46591,1
46592,1
46593,0.964714587
46594,1
46595,1
46596,1
46597,1
46598,0.93485707
46599,0.985556662
46600,0.985436976
46601,0.98693198
46602,0.572719276
46603,1
46604,1
46605,1
46606,0.954719424
46607,0.970785081
46608,1
46609,1
46610,0.953436613
46611,1
46612,1
46613,0.929601312
46614,0.958813787
46615,1
46616,1
46617,1
46618,0.87395227
46619,0.443824589
46620,0.972546816
46621,0.989329279
46622,0.982031465
46623,0.983684421
46624,0.960903764
46625,0.727550924
46626,1
46627,0.900292456
46628,0.87899977
46629,1
46630,1
46631,0.95957464
46632,0.989545286
46633,0.897144496
46634,0.960599721
46635,1
46636,0.971586168
46637,1
46638,0.767769754
46639,1
46640,1
46641,1
46642,0.975428522
46643,0.970006466
46644,0.981328368
46645,1
46646,0.969662428
46647,1
46648,1
46649,0.981095314
46650,0.916971326
46651,0.959312916
46652,0.922921896
46653,1
46654,0.987863183
46655,1
46656,0.929227948
46657,1
46658,0.953545511
46659,1
46660,0.989897728
46661,0.95826745
46662,0.903924942
46663,0.971467495
46664,1
46665,0.962376297
46666,1
46667,0.806641281
46668,0.966786027
46669,0.962665439
46670,0.536012948
46671,1
46672,0.954882264
46673,1
46674,0.983598173
46675,0.97556895
46676,1
46677,0.985097408
46678,1
46679,0.961790979
46680,0.66041702
46681,0.989415288
46682,1
46683,0.981413484
46684,0.986269772
46685,1
46686,0.971394241
46687,0.544255376
46688,0.467952281
46689,0.987792075
46690,0.977992117
46691,1
46692,0.984408557
46693,0.914863646
46694,0.927889586
46695,0.953782201
46696,1
46697,0.973496437
46698,1
46699,0.983475328
46700,0.965890467
46701,1
46702,0.98518908
46703,0.985373497
46704,0.82555294
46705,0.978836954
46706,0.957077265
46707,0.976762593
46708,1
46709,0.973709643
46710,1
46711,1
46712,1
46713,0.933444202
46714,0.142507017
46715,1
46716,0.848980367
46717,1
46718,1
46719,1
46720,0.950985968
46721,1
46722,0.803373158
46723,0.985578239
46724,1
46725,1
46726,1
46727,1
46728,0.976503134
46729,1
46730,0.658902228
46731,1
46732,0.973057926
46733,0.988447845
46734,0.984021604
46735,1
46736,1
46737,0.894985318
46738,1
46739,0.923622847
46740,0.945880473
46741,0.97576797
46742,1
46743,1
46744,1
46745,1
46746,0.97917515
46747,0.983009994
46748,1
46749,1
46750,0.970227599
46751,1
46752,0.499707282
46753,0.976142764
46754,0.778434813
46755,0.986532927
46756,0.876542747
46757,0.586429358
46758,0.980909407
46759,0.966195285
46760,1
46761,0.975047529
46762,0.984879196
46763,1
46764,0.976253867
46765,1
46766,0.976887584
46767,0.988656402
46768,0.98215884
46769,0.989992678
46770,1
46771,0.358050257
46772,0.977982163
46773,1
46774,0.985429227
46775,0.966798842
46776,0.67905122
46777,0.968884885
46778,1
46779,0.930246532
46780,1
46781,1
46782,1
46783,1
46784,0.940983176
46785,1
46786,1
46787,1
46788,0.986773372
46789,0.989809752
46790,0.958443821
46791,1
46792,1
46793,1
46794,0.890487075
46795,0.962034404
46796,0.974942148
46797,0.95191735
46798,0.972131789
46799,0.908730626
46800,0.874225557
46801,1
46802,0.978234589
46803,0.971413493
46804,0.98080945
46805,0.954470038
46806,0.981207967
46807,1
46808,0.98287946
46809,0.983854592
46810,0.979759097
46811,0.988893449
46812,0.98869288
46813,0.972770631
46814,0.987525106
46815,1
46816,0.944347322
46817,0.966616452
46818,0.945140123
46819,1
46820,1
46821,0.976050079
46822,0.98233664
46823,0.970692396
46824,1
46825,1
46826,0.977385461
46827,0.989319563
46828,0.970086753
46829,0.842434228
46830,0.986841559
46831,0.864750385
46832,0.808715284
46833,0.984850287
46834,0.981345177
46835,1
46836,0.985420048
46837,0.640589535
46838,0.989329279
46839,0.972433806
46840,1
46841,1
46842,1
46843,0.982013762
46844,0.966336668
46845,1
46846,1
46847,0.409419686
46848,1
46849,1
46850,1
46851,1
46852,0.796149373
46853,0.973044992
46854,1
46855,0.947968483
46856,1
46857,1
46858,1
46859,1
46860,0.987626255
46861,0.986899376
46862,0.969507098
46863,0.913563907
46864,0.988687515
46865,0.813923299
46866,0.988749266
46867,0.976712644
46868,0.533690929
46869,0.835866451
46870,1
46871,0.974575162
46872,1
46873,0.964650333
46874,1
46875,1
46876,1
46877,0.830344141
46878,0.734799981
46879,1
46880,0.986584246
46881,0.607065857
46882,1
46883,1
46884,0.804743707
46885,1
46886,0.976936996
46887,1
46888,0.934926331
46889,0.905306399
46890,0.985649884
46891,1
46892,0.88175714
46893,0.91704005
46894,0.974087179
46895,0.972950637
46896,0.916984499
46897,1
46898,0.958345175
46899,0.983988464
46900,0.725560963
46901,0.96633172
46902,0.926644802
46903,0.98833102
46904,0.924968958
46905,0.966014624
46906,0.976370335
46907,1
46908,1
46909,1
46910,0.978000224
46911,0.984489679
46912,1
46913,1
46914,0.975063205
46915,0.938437223
46916,0.982365906
46917,1
46918,1
46919,1
46920,0.97902602
46921,0.973175705
46922,0.958685041
46923,1
46924,0.824738741
46925,0.727095008
46926,0.98187995
46927,0.982040286
46928,0.970858216
46929,0.947810769
46930,0.980561793
46931,0.975206912
46932,0.988293767
46933,1
46934,0.94027245
46935,0.843944788
46936,0.968102574
46937,0.934792996
46938,1
46939,1
46940,0.965562403
46941,0.946797192
46942,0.98497653
46943,1
46944,0.983757913
46945,0.956741691
46946,0.985050678
46947,1
46948,0.902360618
46949,1
46950,1
46951,1
46952,0.914858758
46953,1
46954,0.896119893
46955,0.977725923
46956,1
46957,0.900608718
46958,0.984355867
46959,0.970970929
46960,0.955686927
46961,0.803586721
46962,1
46963,0.986573458
46964,0.980754495
46965,1
46966,0.980415642
46967,0.986019731
46968,0.974826336
46969,0.824937522
46970,0.729269266
46971,0.983859658
46972,0.977633417
46973,0.823460758
46974,0.984621644
46975,1
46976,0.937137544
46977,0.976583958
46978,0.974943757
46979,1
46980,0.961425006
46981,0.985049546
46982,0.925360978
46983,0.871801496
46984,0.842528582
46985,1
46986,0.97645992
46987,1
46988,0.959393621
46989,0.945337594
46990,0.921056747
46991,0.729563713
46992,0.944403231
46993,0.962400734
46994,0.976396263
46995,1
46996,0.937038839
46997,0.942378521
46998,0.98918277
46999,0.9726668
47000,0.984755814
47001,1
47002,1
47003,0.970037401
47004,1
47005,1
47006,0.981936157
47007,0.973991156
47008,1
47009,0.90138936
47010,0.924904704
47011,0.838926375
47012,0.979325593
47013,0.468685299
47014,0.970544934
47015,0.973937988
47016,0.926077902
47017,1
47018,0.978726625
47019,0.928146541
47020,1
47021,0.982351065
47022,1
47023,1
47024,1
47025,0.989075303
47026,0.989588857
47027,1
47028,1
47029,0.927901149
47030,0.951148033
47031,0.982553244
47032,1
47033,0.955082715
47034,0.9898839
47035,1
47036,0.950669706
47037,1
47038,1
47039,1
47040,0.967817426
47041,0.928242385
47042,0.623364687
47043,1
47044,0.960118294
47045,1
47046,0.977512121
47047,1
47048,0.987320066
47049,0.973246157
47050,0.917981148
47051,1
47052,0.826246917
47053,1
47054,0.245619118
47055,0.985419929
47056,0.548835576
47057,1
47058,1
47059,1
47060,0.972656608
47061,1
47062,0.985336721
47063,1
47064,1
47065,0.941023827
47066,0.98217082
47067,0.968465507
47068,0.986100376
47069,1
47070,1
47071,0.688289225
47072,0.982094586
47073,0.95555228
47074,0.950098872
47075,0.949224353
47076,0.928167999
47077,0.948543251
47078,0.907297432
47079,1
47080,0.98272866
47081,1
47082,0.984665632
47083,0.986555338
47084,1
47085,1
47086,1
47087,1
47088,0.884291649
47089,1
47090,1
47091,0.91762656
47092,1
47093,1
47094,0.97558403
47095,0.986261785
47096,1
47097,1
47098,1
47099,0.939462602
47100,0.977679551
47101,1
47102,0.914268076
47103,1
47104,1
47105,0.871522605
47106,0.980281293
47107,1
47108,0.400611699
47109,1
47110,0.953093886
47111,0.959796727
47112,0.979678512
47113,1
47114,0.979424596
47115,0.984471858
47116,0.981753767
47117,0.949995875
47118,0.984988034
47119,0.982500255
47120,1
47121,1
47122,0.989220917
47123,0.977744639
47124,1
47125,0.966976464
47126,0.928598106
47127,1
47128,1
47129,0.98607105
47130,0.982739449
47131,1
47132,0.966257274
47133,1
47134,0.591862321
47135,0.860772014
47136,1
47137,1
47138,0.985620379
47139,0.977182984
47140,1
47141,0.97042042
47142,1
47143,0.928867817
47144,1
47145,0.953839898
47146,0.984283328
47147,0.97776264
47148,0.971739471
47149,1
47150,0.909479439
47151,0.970164657
47152,0.977535784
47153,0.980410874
47154,0.927675962
47155,0.978407979
47156,0.954024196
47157,0.953327298
47158,0.898150682
47159,0.972373545
47160,1
47161,0.970392704
47162,0.812978149
47163,1
47164,0.987133265
47165,0.976677537
47166,0.972352684
47167,1
47168,0.832665682
47169,0.941916943
47170,1
47171,0.841191173
47172,1
47173,1
47174,0.972111762
47175,1
47176,1
47177,1
47178,0.585220277
47179,1
47180,0.96393472
47181,1
47182,0.985570669
47183,0.916866303
47184,1
47185,0.949930131
47186,1
47187,1
47188,0.986946702
47189,0.983482361
47190,0.896950066
47191,1
47192,0.883375883
47193,0.971440256
47194,0.468876988
47195,1
47196,1
47197,0.988192618
47198,1
47199,1
47200,1
47201,1
47202,1
47203,0.983981669
47204,1
47205,0.983119071
47206,0.964492261
47207,1
47208,1
47209,0.963091731
47210,0.982081235
47211,0.987594247
47212,1
47213,0.78102988
47214,1
47215,1
47216,0.921135008
47217,0.972260237
47218,0.883891642
47219,0.619168699
47220,1
47221,0.912593544
47222,0.975888073
47223,1
47224,0.861237228
47225,1
47226,0.955118477
47227,0.947349906
47228,1
47229,1
47230,0.919637203
47231,0.988158524
47232,0.950154483
47233,0.974746704
47234,0.978924215
47235,1
47236,1
47237,0.974299073
47238,0.585430861
47239,1
47240,0.964383423
47241,0.963108242
47242,1
47243,0.982299388
47244,0.962680042
47245,1
47246,1
47247,1
47248,1
47249,0.976792634
47250,1
47251,1
47252,1
47253,0.960870266
47254,1
47255,0.915216208
47256,1
47257,1
47258,1
47259,0.930162251
47260,1
47261,0.961308062
47262,0.894275844
47263,0.98203367
47264,1
47265,0.980580449
47266,0.980450273
47267,0.959379613
47268,0.965202093
47269,1
47270,1
47271,1
47272,0.981764019
47273,1
47274,0.989670336
47275,0.964706242
47276,0.305316299
47277,0.912671447
47278,0.963584483
47279,0.956734061
47280,0.979246795
47281,1
47282,0.989368022
47283,1
47284,1
47285,0.933730841
47286,0.984443903
47287,0.405734986
47288,1
47289,1
47290,1
47291,0.987635076
47292,0.477122635
47293,0.989025772
47294,0.93248409
47295,0.712904751
47296,0.984746814
47297,1
47298,0.950655162
47299,1
47300,0.97440058
47301,0.467013419
47302,0.981747568
47303,1
47304,1
47305,0.90947777
47306,0.973028243
47307,1
47308,1
47309,1
47310,0.962666094
47311,0.949822187
47312,1
47313,1
47314,0.96594274
47315,0.918826163
47316,0.980658412
47317,1
47318,0.98525244
47319,0.988463819
47320,1
47321,1
47322,1
47323,0.98793447
47324,0.973727167
47325,1
47326,0.961144507
47327,0.966550887
47328,0.971250415
47329,1
47330,1
47331,0.345675886
47332,0.648830593
47333,1
47334,0.966176927
47335,1
47336,1
47337,0.96686995
47338,0.988946617
47339,0.981940866
47340,1
47341,0.416858882
47342,1
47343,1
47344,0.933720112
47345,0.972002924
47346,1
47347,0.716207564
47348,0.960879982
47349,0.97925961
47350,1
47351,1
47352,0.982049942
47353,0.618101776
47354,0.94255864600000006
47355,1
47356,0.790604055
47357,1
47358,0.977806866
47359,0.987091899
47360,1
47361,0.365448266
47362,0.988440871
47363,1
47364,0.403933406
47365,1
47366,0.977809846
47367,0.976558387
47368,1
47369,1
47370,0.986228347
47371,0.970871568
47372,0.987294734
47373,1
47374,1
47375,0.980019152
47376,1
47377,0.984470367
47378,0.954042137
47379,1
47380,1
47381,1
47382,1
47383,1
47384,0.986151993
47385,0.839107931
47386,0.905409873
47387,0.977424502
47388,0.893381834
47389,1
47390,1
47391,0.979042769
47392,0.980208874
47393,0.982163429
47394,0.962537229
47395,0.978536427
47396,0.9519189
47397,0.77457881
47398,0.989494383
47399,0.900691748
47400,1
47401,0.941528022
47402,0.953437269
47403,1
47404,1
47405,0.954923093
47406,0.971723616
47407,0.971168518
47408,1
47409,0.795911133
47410,0.986470759
47411,1
47412,0.92669189
47413,0.944088757
47414,1
47415,0.982074797
47416,0.95559144
47417,0.893849254
47418,1
47419,1
47420,0.98255986
47421,0.983151078
47422,1
47423,1
47424,0.937525809
47425,1
47426,1
47427,1
47428,1
47429,0.938587606
47430,1
47431,0.989587665
47432,1
47433,1
47434,0.959816515
47435,1
47436,1
47437,1
47438,1
47439,0.978101552
47440,0.957077026
47441,1
47442,0.667675793
47443,1
47444,1
47445,0.966198623
47446,0.979819715
47447,1
47448,0.987531483
47449,0.85209167
47450,1
47451,1
47452,0.989748657
47453,1
47454,0.933183253
47455,0.979612589
47456,1
47457,0.986088455
47458,1
47459,0.97904402
47460,0.989658654
47461,1
47462,0.989392996
47463,0.965132654
47464,1
47465,0.980960846
47466,1
47467,1
47468,0.933713198
47469,1
47470,1
47471,0.974432051
47472,1
47473,1
47474,0.977158546
47475,0.987665296
47476,0.988809168
47477,0.987356186
47478,1
47479,0.981557131
47480,0.97956740899999994
47481,0.977122426
47482,0.983276129
47483,0.977114856
47484,0.974796891
47485,0.986420393
47486,0.909431279
47487,0.982610524
47488,0.98367393
47489,0.987130582
47490,0.959715486
47491,1
47492,0.725070834
47493,1
47494,0.989453197
47495,0.915741503
47496,0.904917002
47497,1
47498,1
47499,1
47500,0.983230948
47501,0.982767344
47502,0.912369311
47503,1
47504,0.989774048
47505,1
47506,0.983909547
47507,1
47508,0.928216517
47509,1
47510,1
47511,1
47512,0.94625324
47513,0.975676179
47514,1
47515,0.945911467
47516,1
47517,0.984360516
47518,1
47519,1
47520,0.988439322
47521,0.982907474
47522,0.966476917
47523,0.969457805
47524,1
47525,0.964636445
47526,1
47527,1
47528,1
47529,0.969714344
47530,0.985816002
47531,0.927838445
47532,0.974421799
47533,1
47534,0.96040529
47535,0.959448159
47536,1
47537,0.557363093
47538,0.783424974
47539,0.982064903
47540,0.937953115
47541,0.961668015
47542,0.985587359
47543,0.979135215
47544,0.971686363
47545,0.983771205
47546,1
47547,0.584053814
47548,1
47549,0.967132568
47550,1
47551,0.989614725
47552,1
47553,0.976478994
47554,0.484859467
47555,1
47556,0.935815394
47557,0.977081239
47558,0.973568618
47559,0.985445201
47560,0.981593847
47561,0.422045052
47562,0.608745158
47563,0.962795496
47564,0.978723168
47565,0.963438273
47566,0.987798631
47567,1
47568,0.965114117
47569,0.987658083
47570,1
47571,1
47572,1
47573,1
47574,0.975623608
47575,0.974661708
47576,0.985574067
47577,0.952520728
47578,0.988396347
47579,0.954264581
47580,0.985383809
47581,1
47582,0.957810879
47583,1
47584,0.98666012299999994
47585,0.983474433
47586,0.931862831
47587,0.986371577
47588,1
47589,0.987015247
47590,1
47591,0.98574847
47592,1
47593,1
47594,1
47595,0.98878061799999994
47596,0.988334775
47597,0.886955261
47598,0.92281884
47599,0.850448251
47600,0.978469729
47601,0.882579625
47602,0.975595951
47603,1
47604,0.952602804
47605,0.989171445
47606,1
47607,0.103151344
47608,1
47609,0.972801089
47610,1
47611,1
47612,1
47613,0.968663991
47614,0.139746636
47615,1
47616,0.957453251
47617,0.942175925
47618,0.980660796
47619,1
47620,0.953849316
47621,0.543202996
47622,1
47623,0.699856401
47624,0.975551665
47625,0.985967875
47626,1
47627,0.671861649
47628,0.817013145
47629,0.986702383
47630,1
47631,0.978977323
47632,1
47633,1
47634,0.910587609
47635,0.783336639
47636,1
47637,0.932601214
47638,1
47639,1
47640,1
47641,1
47642,1
47643,0.989229083
47644,1
47645,0.981639504
47646,1
47647,0.978686214
47648,0.985255122
47649,0.95268333
47650,0.969980657
47651,1
47652,0.436453491
47653,0.967746675
47654,0.483236581
47655,0.939852536
47656,1
47657,0.923709631
47658,0.987642765
47659,1
47660,0.989565849
47661,0.980523288
47662,0.98353231
47663,1
47664,1
47665,0.958426535
47666,0.98368144
47667,0.988505721
47668,0.989025891
47669,0.956699133
47670,1
47671,1
47672,0.971174061
47673,0.943183363
47674,0.950267911
47675,0.980722189
47676,0.976990461
47677,0.965093494
47678,0.850040793
47679,0.843697906
47680,1
47681,0.981224299
47682,0.810166299
47683,0.962348819
47684,1
47685,1
47686,1
47687,0.964734733
47688,1
47689,0.9667027
47690,1
47691,0.938383162
47692,0.988376319
47693,1
47694,0.985861182
47695,0.95828706
47696,0.948779225
47697,0.302152664
47698,1
47699,0.985137582
47700,1
47701,0.978063405
47702,0.986818314
47703,1
47704,0.736929894
47705,1
47706,1
47707,0.989439905
47708,0.988043487
47709,1
47710,0.987565339
47711,1
47712,1
47713,0.886156917
47714,0.970119834
47715,0.976792634
47716,0.981641173
47717,0.538317442
47718,0.982668877
47719,0.942716599
47720,0.980990171
47721,0.971161306
47722,0.968523443
47723,0.964685619
47724,0.976290584
47725,0.962274551
47726,1
47727,0.971759975
47728,1
47729,0.972303867
47730,0.984190643
47731,1
47732,0.925597608
47733,1
47734,0.736814618
47735,1
47736,0.93154043
47737,0.973801673
47738,1
47739,0.984502614
47740,1
47741,1
47742,1
47743,0.987973929
47744,0.939151287
47745,0.978851676
47746,1
47747,0.631535828
47748,1
47749,0.982604325
47750,0.988551378
47751,1
47752,1
47753,1
47754,0.681766927
47755,1
47756,0.470015585
47757,0.988468468
47758,0.978979051
47759,0.971099377
47760,1
47761,1
47762,0.937476695
47763,1
47764,1
47765,0.986946166
47766,0.903757632
47767,1
47768,0.979877412
47769,0.989680111
47770,0.985891759
47771,0.921677411
47772,0.960569263
47773,0.93626076
47774,1
47775,0.977347076
47776,1
47777,1
47778,0.965941191
47779,0.980427146
47780,0.983740151
47781,0.962391853
47782,0.978058815
47783,0.685034573
47784,1
47785,1
47786,0.537410736
47787,0.956928432
47788,1
47789,0.984894931
47790,0.855248392
47791,1
47792,1
47793,0.985345304
47794,0.978106797
47795,0.972920954
47796,1
47797,0.966751456
47798,1
47799,0.989819467
47800,0.981643379
47801,0.976897717
47802,0.955259204
47803,0.953955293
47804,0.986454845
47805,0.760129988
47806,1
47807,0.97948372399999994
47808,0.986438751
47809,1
47810,1
47811,0.958420813
47812,1
47813,0.969643533
47814,0.983233392
47815,0.969517767
47816,0.969603062
47817,0.986534894
47818,0.929151237
47819,0.976426363
47820,0.972574771
47821,0.980061472
47822,0.247789115
47823,0.989710033
47824,1
47825,0.950691581
47826,0.968991756
47827,1
47828,1
47829,0.983938038
47830,0.956192732
47831,0.944713593
47832,0.988204241
47833,1
47834,0.976485252
47835,1
47836,0.950506449
47837,1
47838,1
47839,1
47840,1
47841,1
47842,0.987295568
47843,1
47844,0.989510298
47845,0.718573988
47846,1
47847,0.988164902
47848,0.928691983
47849,0.989533246
47850,0.986358583
47851,1
47852,0.936914325
47853,0.969339848
47854,0.984766364
47855,0.981993616
47856,1
47857,1
47858,0.771833539
47859,0.960714221
47860,1
47861,0.977180362
47862,1
47863,1
47864,1
47865,0.984936059
47866,0.983498752
47867,1
47868,1
47869,0.98003608
47870,0.979065061
47871,1
47872,0.964251578
47873,1
47874,1
47875,1
47876,0.904190362
47877,0.984769106
47878,0.958562017
47879,0.971757472
47880,0.986245632
47881,1
47882,0.964251399
47883,0.587636054
47884,1
47885,1
47886,0.975938022
47887,1
47888,0.713610411
47889,0.911695242
47890,0.96437031
47891,0.986835837
47892,0.68318903499999994
47893,0.968750596
47894,1
47895,1
47896,0.988466501
47897,0.987239897
47898,0.98443383
47899,0.968897164
47900,1
47901,0.488990009
47902,0.824826062
47903,1
47904,1
47905,0.977357686
47906,0.612339735
47907,1
47908,1
47909,0.986966252
47910,1
47911,0.93925494
47912,0.986092389
47913,1
47914,1
47915,1
47916,0.988222897
47917,0.981089771
47918,1
47919,1
47920,0.985571384
47921,0.988947392
47922,1
47923,0.902201355
47924,1
47925,0.949517608
47926,1
47927,0.885716319
47928,0.556003988
47929,0.97727865
47930,1
47931,1
47932,1
47933,0.891580701
47934,1
47935,0.981835246
47936,0.986722529
47937,0.986320198
47938,0.984698713
47939,1
47940,0.101792894
47941,1
47942,0.970955193
47943,0.988425612
47944,0.978965581
47945,0.484421998
47946,0.98823303
47947,0.9794662
47948,0.987082481
47949,1
47950,0.982210696
47951,0.899642527
47952,1
47953,1
47954,1
47955,1
47956,1
47957,0.592029929
47958,0.349277169
47959,0.851014972
47960,1
47961,0.974692941
47962,0.975797236
47963,0.982411206
47964,0.85490638
47965,0.98810029
47966,0.967004895
47967,0.989602029
47968,1
47969,1
47970,0.981252253
47971,0.982697308
47972,0.979318023
47973,0.799432159
47974,0.370051205
47975,1
47976,0.96686548
47977,0.984304249
47978,1
47979,0.955758572
47980,1
47981,0.931767345
47982,0.886371434
47983,0.974202216
47984,1
47985,0.918521226
47986,1
47987,1
47988,1
47989,0.788093627
47990,1
47991,0.960800707
47992,0.977956176
47993,1
47994,0.988922238
47995,1
47996,0.97162354
47997,0.773691356
47998,1
47999,0.974539518
48000,1
48001,1
48002,1
48003,0.98194468
48004,0.982159317
48005,1
48006,0.184648752
48007,1
48008,0.940226078
48009,0.493184388
48010,0.956051827
48011,0.893581867
48012,0.987864912
48013,0.981573641
48014,0.845365465
48015,1
48016,1
48017,0.958038509
48018,0.897182345
48019,1
48020,1
48021,1
48022,0.965444803
48023,1
48024,0.98389554
48025,0.932827711
48026,0.907575429
48027,0.803140879
48028,0.967036367
48029,0.989184141
48030,0.965593636
48031,0.969562471
48032,1
48033,0.485060215
48034,1
48035,1
48036,0.983526766
48037,0.989325643
48038,1
48039,1
48040,0.981088638
48041,1
48042,0.986487031
48043,0.885875642
48044,1
48045,1
48046,0.547279775
48047,1
48048,0.944999337
48049,1
48050,1
48051,0.341198504
48052,0.98277086
48053,0.968936086
48054,0.989786387
48055,0.986926734
48056,0.984763086
48057,0.986991644
48058,0.958286703
48059,0.984261036
48060,1
48061,0.974359751
48062,0.968547225
48063,0.981244922
48064,0.972668707
48065,1
48066,0.921443939
48067,0.980511785
48068,1
48069,0.981087685
48070,1
48071,1
48072,0.984685183
48073,1
48074,0.987897277
48075,1
48076,0.971448481
48077,0.968586266
48078,0.954094946
48079,0.982180357
48080,0.983694136
48081,0.957119644
48082,1
48083,1
48084,0.989524305
48085,0.95372504
48086,1
48087,1
48088,0.955128849
48089,0.981845021
48090,0.979108274
48091,1
48092,0.977763772
48093,1
48094,0.234496146
48095,0.906452537
48096,0.973737359
48097,1
48098,0.983427048
48099,1
48100,1
48101,0.937605977
48102,0.960580885
48103,0.918838203
48104,1
48105,1
48106,0.980259717
48107,0.989908814
48108,0.984834313
48109,1
48110,0.765681505
48111,0.971221268
48112,1
48113,1
48114,1
48115,0.9862445
48116,0.956636667
48117,1
48118,0.957400382
48119,0.480432332
48120,1
48121,0.807597399
48122,0.971023977
48123,1
48124,0.692421794
48125,0.968035877
48126,0.967350602
48127,1
48128,0.965608299
48129,1
48130,0.984542489
48131,1
48132,0.987777174
48133,0.959740639
48134,0.930904627
48135,1
48136,0.959504902
48137,0.445126951
48138,0.967272162
48139,1
48140,0.985303164
48141,0.975008011
48142,0.987156808
48143,0.983888984
48144,0.971361041
48145,0.98734194
48146,0.957874954
48147,0.904215992
48148,0.978729665
48149,0.988314271
48150,1
48151,0.978345156
48152,0.974235952
48153,1
48154,0.98477608
48155,1
48156,0.958573282
48157,0.9439978
48158,0.883980691
48159,0.98878026
48160,0.989243031
48161,0.987606823
48162,1
48163,0.917724669
48164,0.987701476
48165,0.93796128
48166,0.98438257
48167,1
48168,0.960172534
48169,0.900520206
48170,0.736658275
48171,0.884046555
48172,1
48173,0.917201936
48174,0.22075823
48175,1
48176,0.984000146
48177,0.831611157
48178,0.693980336
48179,0.98898983
48180,1
48181,1
48182,0.985340059
48183,0.97150439
48184,0.979952157
48185,0.958066404
48186,0.557147861
48187,1
48188,0.84619534
48189,0.947571516
48190,0.97315979
48191,1
48192,0.955379248
48193,1
48194,1
48195,0.984122932
48196,1
48197,1
48198,1
48199,0.873683095
48200,0.979768574
48201,0.92064440299999994
48202,0.391885757
48203,0.983107328
48204,0.961748958
48205,0.989386916
48206,0.927049518
48207,0.842680812
48208,0.972000778
48209,1
48210,0.958627641
48211,1
48212,1
48213,0.94733578
48214,0.698300421
48215,0.984024823
48216,0.988876402
48217,1
48218,0.988091588
48219,0.987341821
48220,0.979930759
48221,1
48222,0.969141185
48223,0.984352529
48224,0.954007626
48225,1
48226,0.965098918
48227,0.982363105
48228,0.970919788
48229,1
48230,1
48231,1
48232,0.95941931
48233,0.972195149
48234,0.961537063
48235,1
48236,0.951151788
48237,0.989504099
48238,0.955597103
48239,0.954703033
48240,1
48241,0.986340761
48242,1
48243,0.977519929
48244,1
48245,1
48246,0.97471267
48247,1
48248,0.988048196
48249,0.98707515
48250,0.987755656
48251,1
48252,0.60341841
48253,0.489676952
48254,0.972435713
48255,1
48256,0.980303288
48257,0.98206538
48258,0.971560061
48259,0.901502252
48260,0.861109078
48261,0.978265047
48262,1
48263,1
48264,1
48265,1
48266,0.73796761
48267,0.795758486
48268,0.975276887
48269,0.920543492
48270,0.974281788
48271,1
48272,1
48273,1
48274,0.740956307
48275,0.987698138
48276,1
48277,0.985367179
48278,0.886077106
48279,1
48280,0.977169335
48281,1
48282,1
48283,0.9796592
48284,0.821219683
48285,0.989884615
48286,0.96468395
48287,0.939893723
48288,0.989538193
48289,0.945952773
48290,1
48291,0.98816514
48292,1
48293,1
48294,0.982504427
48295,1
48296,1
48297,0.983745813
48298,0.590229452
48299,0.977514803
48300,1
48301,1
48302,1
48303,0.985835791
48304,0.334943295
48305,1
48306,0.984097898
48307,0.832129598
48308,0.972446322
48309,0.979894459
48310,0.850854695
48311,1
48312,0.625844479
48313,1
48314,0.989347816
48315,1
48316,0.984378398
48317,0.987629712
48318,0.989360869
48319,0.967511833
48320,0.925027788
48321,0.980226278
48322,0.972234309
48323,1
48324,0.351202905
48325,1
48326,1
48327,0.933870733
48328,1
48329,0.971839905
48330,0.985247493
48331,1
48332,0.941603303
48333,0.933202028
48334,1
48335,1
48336,0.926680863
48337,1
48338,1
48339,1
48340,0.974166513
48341,0.972838938
48342,0.955140472
48343,0.983879089
48344,1
48345,0.967475653
48346,0.988353193
48347,0.947176814
48348,0.988798559
48349,0.988240242
48350,1
48351,1
48352,1
48353,0.979595602
48354,1
48355,1
48356,1
48357,1
48358,1
48359,1
48360,1
48361,0.986807883
48362,0.971272528
48363,0.551637888
48364,0.94849515
48365,0.987571836
48366,0.976540625
48367,0.646471262
48368,0.938617408
48369,0.928168654
48370,1
48371,0.984799266
48372,1
48373,1
48374,0.982482553
48375,1
48376,0.97175771
48377,0.661172926
48378,0.699071109
48379,1
48380,0.705877304
48381,1
48382,0.868413806
48383,0.986036956
48384,0.881726623
48385,0.785434365
48386,1
48387,0.985595942
48388,0.960131645
48389,1
48390,0.818597853
48391,1
48392,0.956797361
48393,0.978535831
48394,1
48395,1
48396,0.956462681
48397,0.96000737
48398,0.972959638
48399,0.90565001999999994
48400,0.783729374
48401,0.982692123
48402,1
48403,0.982908011
48404,0.98996222
48405,1
48406,1
48407,1
48408,0.987507522
48409,1
48410,1
48411,0.919465661
48412,0.963578701
48413,0.966919661
48414,0.98746711
48415,0.987099886
48416,1
48417,1
48418,0.949458778
48419,1
48420,1
48421,1
48422,0.967788279
48423,1
48424,0.955909431
48425,0.970527291
48426,1
48427,0.959194779
48428,0.959586918
48429,0.989245057
48430,1
48431,0.987860858
48432,0.958013237
48433,0.946076632
48434,0.971535206
48435,0.946675301
48436,1
48437,0.800073266
48438,0.988120318
48439,1
48440,0.936478674
48441,0.925001562
48442,0.983300567
48443,0.976852775
48444,0.961829782
48445,0.95579046
48446,0.823227882
48447,0.987206757
48448,0.989102721
48449,0.212946922
48450,1
48451,1
48452,0.895719826
48453,1
48454,0.969429374
48455,0.977742016
48456,0.879255831
48457,1
48458,1
48459,1
48460,1
48461,0.967753828
48462,1
48463,1
48464,0.951130867
48465,0.93843776
48466,0.245619118
48467,1
48468,1
48469,0.965007782
48470,1
48471,0.977096379
48472,1
48473,1
48474,0.923509419
48475,1
48476,0.989182293
48477,0.937620878
48478,1
48479,1
48480,0.929221749
48481,0.959284067
48482,0.985008717
48483,1
48484,0.985329568
48485,0.879436493
48486,1
48487,0.962500095
48488,0.986256063
48489,0.962637961
48490,1
48491,0.982843638
48492,0.975202501
48493,0.97921294
48494,1
48495,1
48496,1
48497,1
48498,0.98278749
48499,0.665734828
48500,1
48501,0.95698905
48502,0.863971412
48503,0.466615081
48504,1
48505,0.986656725
48506,1
48507,1
48508,0.976088285
48509,0.971720338
48510,0.989481807
48511,1
48512,0.967344105
48513,0.415532529
48514,0.905428648
48515,0.959444583
48516,0.888029695
48517,0.987441421
48518,0.989871085
48519,1
48520,0.969817162
48521,0.969907999
48522,0.978427291
48523,0.978181899
48524,0.374348849
48525,0.984201133
48526,1
48527,0.978605926
48528,0.846791685
48529,0.921391308
48530,0.972458303
48531,0.983065248
48532,1
48533,0.978740215
48534,0.667898655
48535,0.446005315
48536,0.940374076
48537,0.986112177
48538,0.982714832
48539,0.958767653
48540,0.754747927
48541,1
48542,0.970613957
48543,1
48544,1
48545,1
48546,1
48547,0.935934544
48548,1
48549,0.952539325
48550,0.928891778
48551,1
48552,0.971134484
48553,1
48554,0.964411914
48555,0.971575737
48556,0.988519847
48557,0.986850679
48558,0.989603519
48559,0.981555641
48560,0.820877612
48561,0.887936592
48562,0.970514715
48563,1
48564,1
48565,0.947806597
48566,0.966002464
48567,0.988580048
48568,0.982659698
48569,1
48570,1
48571,0.919523895
48572,1
48573,1
48574,0.979783237
48575,1
48576,1
48577,0.804147422
48578,0.980578721
48579,0.985910535
48580,1
48581,0.969330013
48582,0.983661473
48583,0.948182881
48584,1
48585,0.953828752
48586,1
48587,0.966933906
48588,0.980657756
48589,1
48590,0.963920653
48591,0.987266243
48592,1
48593,1
48594,0.982487857
48595,1
48596,1
48597,0.733212769
48598,1
48599,0.983810186
48600,1
48601,1
48602,0.849071562
48603,0.941722751
48604,1
48605,0.988891482
48606,1
48607,0.951197505
48608,0.820379138
48609,0.97597152
48610,1
48611,0.841143429
48612,1
48613,1
48614,1
48615,0.989865243
48616,1
48617,1
48618,0.814233661
48619,0.987932622
48620,0.989002824
48621,0.971949458
48622,1
48623,1
48624,0.97863996
48625,0.976643622
48626,1
48627,0.966821909
48628,0.979588568
48629,0.941480696
48630,0.978462219
48631,1
48632,1
48633,0.909345269
48634,0.96454829
48635,0.862411916
48636,1
48637,1
48638,0.972900391
48639,0.98671329
48640,0.93113035
48641,0.964197934
48642,0.981776178
48643,1
48644,0.987503707
48645,0.967374563
48646,1
48647,1
48648,0.98390317
48649,0.969517767
48650,0.974220574
48651,1
48652,0.963048399
48653,1
48654,1
48655,0.982153118
48656,0.982740402
48657,1
48658,0.907505393
48659,0.975540817
48660,0.967752218
48661,0.749798477
48662,1
48663,1
48664,0.966290236
48665,1
48666,1
48667,0.91687423
48668,0.974649251
48669,1
48670,0.988541484
48671,1
48672,0.982198656
48673,1
48674,0.984178007
48675,1
48676,1
48677,0.988981009
48678,1
48679,1
48680,1
48681,1
48682,1
48683,0.936168373
48684,0.97162658
48685,1
48686,0.98901248
48687,0.985172391
48688,0.967265725
48689,1
48690,1
48691,0.698955298
48692,0.958737075
48693,1
48694,0.989912808
48695,0.985262513
48696,0.833971739
48697,1
48698,1
48699,0.97159034
48700,0.963194251
48701,0.98035872
48702,0.985968828
48703,0.961505652
48704,1
48705,0.987415612
48706,0.971342027
48707,0.970998466
48708,0.963970363
48709,0.983928204
48710,0.970276058
48711,0.914815366
48712,0.944040597
48713,0.62382561
48714,0.989130855
48715,0.975749493
48716,0.949650884
48717,0.986038685
48718,0.519642115
48719,0.938587606
48720,0.968722284
48721,0.984683573
48722,0.980469406
48723,0.911838234
48724,0.988017201
48725,1
48726,0.966578722
48727,1
48728,0.91862911
48729,0.988487244
48730,1
48731,1
48732,0.984021127
48733,0.985270858
48734,1
48735,0.980889916
48736,0.906667471
48737,1
48738,1
48739,0.988025367
48740,1
48741,0.886969745
48742,0.98996836
48743,0.962415159
48744,1
48745,1
48746,1
48747,1
48748,1
48749,0.941841543
48750,1
48751,0.982231796
48752,1
48753,0.827123642
48754,0.970986843
48755,0.937454701
48756,0.963124454
48757,1
48758,1
48759,0.904350698
48760,0.950729728
48761,0.988592386
48762,1
48763,0.974782884
48764,0.920828939
48765,1
48766,1
48767,0.971698284
48768,0.984553099
48769,0.971201479
48770,0.980303288
48771,0.987155795
48772,1
48773,1
48774,1
48775,1
48776,0.94713521
48777,0.943911433
48778,0.987664044
48779,1
48780,0.916412592
48781,0.986114621
48782,0.847098231
48783,0.867697716
48784,1
48785,0.93599695
48786,1
48787,0.968115091
48788,1
48789,0.984399796
48790,1
48791,1
48792,0.989800632
48793,0.98804003
48794,0.980504692
48795,0.988304973
48796,0.973596513
48797,1
48798,0.978522956
48799,0.982713103
48800,0.971527994
48801,1
48802,0.98455447
48803,1
48804,0.982544124
48805,0.989953995
48806,0.972660005
48807,1
48808,1
48809,0.971405685
48810,0.971810937
48811,0.989253581
48812,0.719050229
48813,1
48814,0.944685638
48815,1
48816,0.989566982
48817,1
48818,1
48819,0.646376967
48820,1
48821,0.989280403
48822,1
48823,0.952003539
48824,0.950671554
48825,0.957755387
48826,1
48827,0.899894416
48828,1
48829,0.989217639
48830,1
48831,1
48832,1
48833,1
48834,0.928300321
48835,0.378581882
48836,0.965284407
48837,0.967666507
48838,0.97474438
48839,0.534098804
48840,0.98675251
48841,0.959483206
48842,0.98906076
48843,0.966060638
48844,0.989657044
48845,0.916775346
48846,0.985814154
48847,1
48848,1
48849,0.901003778
48850,0.978487432
48851,1
48852,1
48853,0.976384103
48854,0.910356045
48855,1
48856,1
48857,0.906737626
48858,0.625698924
48859,0.946487069
48860,0.971724749
48861,0.988294959
48862,0.938015699
48863,0.957620263
48864,0.938554347
48865,0.978484809
48866,0.988566697
48867,0.986389935
48868,0.968831956
48869,0.745253682
48870,0.989970505
48871,0.743100822
48872,1
48873,0.988559306
48874,0.890167177
48875,1
48876,0.68540597
48877,1
48878,0.978413045
48879,1
48880,1
48881,0.971816123
48882,1
48883,0.962835968
48884,0.966489196
48885,0.989042103
48886,1
48887,0.916298568
48888,0.986864865
48889,0.966961443
48890,0.929497898
48891,1
48892,0.908514142
48893,1
48894,0.982931554
48895,0.895065725
48896,1
48897,0.983877242
48898,0.969601154
48899,0.978762031
48900,0.771793842
48901,1
48902,1
48903,1
48904,0.988004983
48905,0.866319597
48906,0.591996849
48907,0.98674380799999994
48908,1
48909,0.983011603
48910,1
48911,0.954780161
48912,1
48913,0.989327669
48914,0.884556711
48915,0.961017668
48916,0.986693442
48917,0.97748977
48918,0.928639948
48919,0.978942335
48920,0.986241341
48921,0.488152802
48922,1
48923,0.981208682
48924,0.987724543
48925,0.988746226
48926,1
48927,0.92116797
48928,1
48929,0.828585029
48930,0.986862063
48931,1
48932,0.983395994
48933,1
48934,0.988549769
48935,0.95562923
48936,1
48937,1
48938,0.989073098
48939,0.962115586
48940,0.968407393
48941,0.880842805
48942,0.952129364
48943,0.951478362
48944,1
48945,0.677418649
48946,0.964396358
48947,1
48948,0.934283257
48949,1
48950,0.963911772
48951,0.969418407
48952,0.980738878
48953,0.95131409199999994
48954,1
48955,0.534618497
48956,1
48957,0.988690734
48958,0.9613536
48959,1
48960,1
48961,0.588613033
48962,1
48963,1
48964,0.710106015
48965,0.972182035
48966,0.96147722
48967,1
48968,0.909986436
48969,0.954624295
48970,0.975487053
48971,0.970635235
48972,1
48973,0.785392106
48974,1
48975,0.982629657
48976,0.62897557
48977,0.970541
48978,0.960347354
48979,0.859682024
48980,1
48981,1
48982,0.967350602
48983,0.920932889
48984,1
48985,1
48986,0.660908818
48987,1
48988,1
48989,1
48990,0.955693901
48991,0.958468914
48992,1
48993,0.986900628
48994,0.87274915
48995,0.984513938
48996,0.984943152
48997,0.975791216
48998,0.9835428
48999,0.984544754
49000,0.952556431
49001,0.96029377
49002,1
49003,0.90529573
49004,0.932336092
49005,0.862772524
49006,0.937939048
49007,0.989830554
49008,1
49009,1
49010,1
49011,0.985763431
49012,0.808430016
49013,1
49014,1
49015,1
49016,0.983775079
49017,0.96530503
49018,0.943744957
49019,1
49020,1
49021,0.953660011
49022,1
49023,0.983279109
49024,1
49025,0.975952089
49026,0.977632523
49027,1
49028,0.771885335
49029,1
49030,0.978892982
49031,0.988963723
49032,1
49033,0.989207506
49034,0.972356856
49035,0.899529576
49036,1
49037,1
49038,0.982588649
49039,0.98658818
49040,0.926328003
49041,1
49042,1
49043,1
49044,0.944801807
49045,0.986396551
49046,0.531073511
49047,0.958834291
49048,0.979627371
49049,1
49050,0.971211374
49051,1
49052,0.953276694
49053,1
49054,0.959834516
49055,1
49056,0.986876011
49057,1
49058,0.965858758
49059,0.832707584
49060,1
49061,0.921040237
49062,0.98871094
49063,0.986950219
49064,0.979908884
49065,0.952257514
49066,0.98492384
49067,1
49068,0.970589399
49069,1
49070,1
49071,1
49072,1
49073,1
49074,0.978359282
49075,0.49442789
49076,0.948549569
49077,0.940042853
49078,0.753428638
49079,0.986088216
49080,0.986837447
49081,0.906932354
49082,0.952300787
49083,0.925568938
49084,1
49085,0.930671752
49086,0.976219475
49087,0.964428723
49088,1
49089,0.965283155
49090,0.763760209
49091,1
49092,0.57344681
49093,0.973155022
49094,1
49095,0.981620967
49096,0.945861995
49097,0.977626026
49098,1
49099,0.903102815
49100,0.988538265
49101,0.783471763
49102,0.84484756
49103,1
49104,0.962119162
49105,0.977590144
49106,0.962011099
49107,1
49108,1
49109,0.954250932
49110,0.988048971
49111,0.945214629
49112,0.956830978
49113,0.924593985
49114,0.975763559
49115,0.984049976
49116,0.982743263
49117,1
49118,1
49119,1
49120,0.963583469
49121,0.958395839
49122,0.980364442
49123,1
49124,1
49125,1
49126,0.832102954
49127,0.953906298
49128,0.985322833
49129,0.973772287
49130,1
49131,0.914688468
49132,0.978359282
49133,1
49134,0.909584522
49135,1
49136,1
49137,1
49138,1
49139,0.97500813
49140,0.98759985
49141,0.986448705
49142,0.413859814
49143,0.978361309
49144,0.882578075
49145,0.954640567
49146,0.989551485
49147,1
49148,1
49149,0.905952752
49150,0.984432936
49151,0.984704852
49152,1
49153,0.973700166
49154,0.93969053
49155,0.987404704
49156,0.98817271
49157,0.977273643
49158,1
49159,0.959460795
49160,1
49161,0.963938773
49162,1
49163,1
49164,0.979045332
49165,0.926431358
49166,0.863018394
49167,1
49168,0.977095962
49169,0.98198396
49170,0.976536334
49171,0.169028193
49172,0.980454147
49173,1
49174,0.514660835
49175,1
49176,0.976186991
49177,0.956936419
49178,1
49179,0.875174522
49180,1
49181,1
49182,1
49183,0.949227452
49184,0.97591871
49185,1
49186,0.989888966
49187,0.98759079
49188,0.981322885
49189,0.985262513
49190,0.968764782
49191,0.966924191
49192,1
49193,1
49194,0.982586801
49195,0.973882854
49196,1
49197,0.983108699
49198,1
49199,1
49200,1
49201,0.979562879
49202,1
49203,0.619233429
49204,0.989290178
49205,1
49206,1
49207,1
49208,0.947858572
49209,0.977729499
49210,0.486027777
49211,1
49212,1
49213,1
49214,0.948826551
49215,0.960945666
49216,0.762330532
49217,0.861488462
49218,0.96482873
49219,0.983047843
49220,1
49221,0.6297068
49222,0.9811095
49223,0.966143966
49224,1
49225,1
49226,1
49227,0.582564771
49228,1
49229,1
49230,0.989579856
49231,1
49232,0.849001944
49233,0.980623126
49234,0.986661017
49235,0.944757104
49236,1
49237,0.965153098
49238,1
49239,1
49240,0.985592246
49241,0.905230403
49242,0.981627286
49243,0.941373467
49244,1
49245,0.986103952
49246,0.898593545
49247,0.929047227
49248,0.9667449
49249,1
49250,0.901103914
49251,1
49252,0.857257962
49253,0.898961008
49254,1
49255,1
49256,1
49257,0.961364806
49258,0.961476028
49259,0.984143376
49260,1
49261,0.978264213
49262,0.972284615
49263,0.989777386
49264,0.983179689
49265,1
49266,0.342924535
49267,0.984732151
49268,0.982088029
49269,1
49270,0.967897952
49271,0.975881517
49272,1
49273,0.829771578
49274,0.989856243
49275,0.985639691
49276,0.97256279
49277,1
49278,1
49279,0.966465771
49280,0.886545956
49281,1
49282,0.949671805
49283,0.98631525
49284,1
49285,0.605756581
49286,0.96925801
49287,1
49288,1
49289,0.98585397
49290,1
49291,1
49292,0.984864831
49293,0.208394855
49294,1
49295,0.924216569
49296,0.972106338
49297,1
49298,1
49299,1
49300,0.942380548
49301,1
49302,0.982501984
49303,1
49304,1
49305,1
49306,0.987079024
49307,1
49308,0.967948437
49309,0.969834328
49310,0.989934504
49311,0.978686869
49312,0.951496601
49313,1
49314,1
49315,0.969839037
49316,1
49317,1
49318,1
49319,0.865601599
49320,0.843191028
49321,0.985299587
49322,1
49323,0.987895131
49324,0.961985052
49325,0.916707337
49326,1
49327,0.989286482
49328,0.944111586
49329,0.914946675
49330,1
49331,0.975329816
49332,0.966419578
49333,0.984299839
49334,1
49335,1
49336,1
49337,0.675659239
49338,0.969966948
49339,0.980243385
49340,0.980235457
49341,1
49342,0.275027126
49343,0.740400493
49344,0.989277482
49345,0.978736877
49346,0.982817292
49347,0.98855745799999994
49348,0.976738155
49349,0.967908442
49350,1
49351,1
49352,0.921561778
49353,1
49354,0.957870483
49355,0.989380717
49356,1
49357,1
49358,0.987110376
49359,0.958917022
49360,0.901362836
49361,0.966144323
49362,1
49363,0.98423034
49364,0.98496151
49365,1
49366,0.753022075
49367,1
49368,0.800598085
49369,0.903048217
49370,1
49371,0.90450573
49372,1
49373,1
49374,1
49375,1
49376,1
49377,0.869212687
49378,0.888726056
49379,1
49380,1
49381,1
49382,0.979022801
49383,1
49384,0.982478619
49385,0.9635216
49386,0.984640241
49387,1
49388,0.822830558
49389,0.936789155
49390,1
49391,0.93640542
49392,1
49393,0.985619783
49394,1
49395,1
49396,0.837845922
49397,0.916416705
49398,0.980318189
49399,0.749548256
49400,0.775771916
49401,1
49402,0.298648268
49403,1
49404,0.987579525
49405,1
49406,1
49407,0.963920653
49408,1
49409,0.969958663
49410,0.984095395
49411,1
49412,1
49413,0.977761507
49414,0.97635448
49415,1
49416,1
49417,1
49418,0.602411509
49419,0.944183409
49420,0.947842181
49421,0.731200993
49422,1
49423,0.898693681
49424,0.988844156
49425,0.989782095
49426,0.985319912
49427,1
49428,0.980184615
49429,0.959754884
49430,0.943806529
49431,0.968313217
49432,0.988414526
49433,0.980654299
49434,1
49435,0.637556076
49436,1
49437,0.982205451
49438,1
49439,0.985908926
49440,1
49441,1
49442,1
49443,0.958746731
49444,0.973673701
49445,1
49446,0.885088325
49447,0.964085937
49448,1
49449,0.984474301
49450,0.978063583
49451,1
49452,1
49453,1
49454,0.985517204
49455,1
49456,0.89599049099999994
49457,1
49458,1
49459,1
49460,0.982123911
49461,1
49462,0.987520099
49463,0.966680527
49464,1
49465,0.987002671
49466,1
49467,1
49468,1
49469,1
49470,1
49471,0.9656685
49472,1
49473,1
49474,0.986171424
49475,1
49476,0.967953801
49477,1
49478,0.983349919
49479,0.986463428
49480,1
49481,1
49482,0.962521076
49483,0.981296241
49484,0.621832609
49485,1
49486,0.973069429
49487,1
49488,0.935379028
49489,0.989625394
49490,1
49491,0.979903638
49492,0.989299417
49493,1
49494,0.96432066
49495,1
49496,0.988838792
49497,1
49498,1
49499,0.961891115
49500,0.965630412
49501,1
49502,0.966065645
49503,0.98481857799999994
49504,0.961796939
49505,0.987444103
49506,0.929031074
49507,0.942657054
49508,0.988240242
49509,0.957217395
49510,0.982886732
49511,0.984425187
49512,0.989128411
49513,1
49514,0.966020584
49515,0.961333215
49516,0.976246178
49517,0.898961008
49518,1
49519,1
49520,0.885153651
49521,0.988856018
49522,1
49523,0.97237432
49524,1
49525,1
49526,1
49527,0.708878219
49528,0.989494503
49529,0.947262585
49530,0.945525885
49531,0.557511568
49532,1
49533,0.97885555
49534,0.981096864
49535,1
49536,1
49537,0.986969352
49538,0.225015178
49539,0.845483542
49540,1
49541,0.985214949
49542,1
49543,0.984148502
49544,0.966969907
49545,0.980149984
49546,1
49547,0.930620968
49548,0.823191524
49549,0.633428097
49550,0.7245242
49551,0.984326661
49552,1
49553,1
49554,0.948643208
49555,1
49556,0.982350707
49557,0.840541363
49558,0.869357944
49559,0.758871377
49560,0.962251127
49561,0.943227291
49562,1
49563,0.475939333
49564,0.985936642
49565,1
49566,0.632000923
49567,0.740705192
49568,0.856617093
49569,1
49570,1
49571,0.986264646
49572,0.95994246
49573,1
49574,0.956524193
49575,0.932674289
49576,1
49577,0.964362025
49578,1
49579,0.970363259
49580,1
49581,1
49582,0.974719644
49583,0.938446462
49584,0.83025068
49585,0.982066095
49586,1
49587,1
49588,0.907496989
49589,0.983617663
49590,1
49591,1
49592,0.925461531
49593,0.914721906
49594,0.978533983
49595,0.973347902
49596,1
49597,0.988069594
49598,0.858194172
49599,0.989838123
49600,0.982368052
49601,0.953968883
49602,0.975791335
49603,1
49604,0.556314528
49605,0.961280644
49606,1
49607,1
49608,1
49609,0.968275547
49610,1
49611,0.989718676
49612,0.817341745
49613,1
49614,1
49615,1
49616,0.968725503
49617,1
49618,0.978799939
49619,0.971303046
49620,1
49621,1
49622,0.98851788
49623,0.98956281
49624,0.957521319
49625,1
49626,0.952480495
49627,0.963106692
49628,1
49629,0.56471175
49630,0.985791326
49631,1
49632,0.949314296
49633,1
49634,1
49635,0.97508084799999994
49636,0.913203001
49637,0.986120522
49638,1
49639,0.959110975
49640,0.988773525
49641,1
49642,1
49643,1
49644,0.972297132
49645,0.935382366
49646,1
49647,0.979370832
49648,0.985292852
49649,0.963147581
49650,1
49651,0.980850339
49652,0.975865603
49653,0.538864672
49654,0.945217609
49655,1
49656,0.952488363
49657,0.965368569
49658,0.952613711
49659,0.975912571
49660,0.983836591
49661,0.968695104
49662,0.985002816
49663,0.941369236
49664,1
49665,0.986231148
49666,1
49667,0.975239456
49668,1
49669,0.924525976
49670,0.986510217
49671,1
49672,0.985221565
49673,0.977076232
49674,0.972255528
49675,0.964409471
49676,0.93490386
49677,1
49678,0.967106342
49679,0.925746679
49680,1
49681,0.987801731
49682,1
49683,0.988262355
49684,1
49685,0.961138785
49686,1
49687,0.969200969
49688,0.78186816
49689,1
49690,0.953448296
49691,1
49692,0.965585709
49693,0.165519536
49694,1
49695,1
49696,0.954115689
49697,1
49698,0.959266484
49699,0.943615854
49700,1
49701,1
49702,1
49703,0.989212871
49704,1
49705,1
49706,1
49707,0.98870635
49708,1
49709,0.901081204
49710,0.976528704
49711,1
49712,0.96470701699999994
49713,0.971106589
49714,1
49715,0.932462692
49716,0.970879972
49717,0.964464247
49718,0.635266304
49719,1
49720,0.989373863
49721,1
49722,0.979100406
49723,0.913387358
49724,0.970846593
49725,0.968811452
49726,0.989505112
49727,1
49728,0.947904944
49729,1
49730,1
49731,0.904137075
49732,0.743153811
49733,1
49734,1
49735,0.986879051
49736,0.949420214
49737,1
49738,1
49739,1
49740,1
49741,1
49742,0.987930536
49743,1
49744,0.849348962
49745,0.97604388
49746,1
49747,1
49748,0.971506834
49749,1
49750,0.984331965
49751,0.956537902
49752,1
49753,0.973975122
49754,0.624452472
49755,0.982436657
49756,1
49757,0.794966579
49758,1
49759,0.962342858
49760,0.975532293
49761,0.88212812
49762,1
49763,0.929221749
49764,0.973581255
49765,1
49766,0.975023866
49767,0.888104498
49768,1
49769,0.956488609
49770,1
49771,1
49772,1
49773,0.9832201
49774,1
49775,0.981999636
49776,0.614388704
49777,0.980496585
49778,0.920814097
49779,1
49780,0.983815014
49781,0.988658488
49782,0.734953523
49783,1
49784,1
49785,1
49786,0.655380607
49787,0.897210896
49788,0.399574339
49789,1
49790,0.989205241
49791,0.943511963
49792,0.855338752
49793,0.464904577
49794,0.90504998
49795,1
49796,0.983953059
49797,1
49798,0.984657586
49799,0.973844051
49800,1
49801,1
49802,1
49803,0.984791219
49804,0.888102055
49805,1
49806,0.926828325
49807,1
49808,0.98163569
49809,1
49810,0.986144543
49811,0.799842417
49812,1
49813,0.965813041
49814,1
49815,0.988456726
49816,0.936202943
49817,0.966523945
49818,0.98909235
49819,0.813771486
49820,1
49821,1
49822,0.627384067
49823,0.986950219
49824,0.980394602
49825,0.988678992
49826,0.98174876
49827,0.967226088
49828,1
49829,0.983036101
49830,1
49831,1
49832,1
49833,1
49834,0.897442818
49835,1
49836,1
49837,0.988426745
49838,0.977896929
49839,0.936635554
49840,1
49841,0.51801604
49842,0.989808679
49843,0.863837123
49844,0.989771128
49845,1
49846,0.9894315
49847,1
49848,0.966143966
49849,1
49850,0.989247859
49851,1
49852,1
49853,0.957562447
49854,1
49855,0.952747464
49856,0.980074644
49857,0.962334812
49858,0.945325732
49859,0.890349746
49860,0.866344333
49861,0.925963521
49862,0.951574504
49863,1
49864,1
49865,1
49866,0.97697818299999994
49867,0.98713845
49868,0.869757175
49869,1
49870,0.97147578
49871,1
49872,1
49873,0.97116816
49874,0.982421696
49875,0.915829063
49876,0.975467622
49877,1
49878,0.262991428
49879,0.982362807
49880,0.579598129
49881,0.49146831
49882,1
49883,1
49884,0.95297724
49885,0.973715067
49886,0.981262267
49887,0.29904443000000003
49888,0.946347117
49889,0.894308567
49890,0.972333252
49891,1
49892,1
49893,1
49894,0.603724599
49895,0.923745334
49896,0.97544086
49897,1
49898,0.988012552
49899,1
49900,1
49901,0.95025146
49902,1
49903,1
49904,1
49905,0.618363679
49906,0.977890968
49907,0.945463598
49908,0.943317354
49909,0.735900402
49910,0.751614392
49911,0.933543503
49912,0.988791585
49913,0.9429034
49914,1
49915,1
49916,0.978043854
49917,1
49918,0.901046813
49919,0.986705124
49920,1
49921,1
49922,0.9896456
49923,0.98581034
49924,1
49925,1
49926,0.975651622
49927,0.863505483
49928,0.952188551
49929,1
49930,0.982510746
49931,1
49932,0.882899582
49933,0.363065541
49934,0.967238963
49935,1
49936,1
49937,0.965023518
49938,1
49939,1
49940,0.931879401
49941,1
49942,1
49943,1
49944,1
49945,0.691731513
49946,0.761760831
49947,0.984350324
49948,0.956707001
49949,1
49950,0.934103251
49951,0.969141543
49952,1
49953,0.925264895
49954,0.983330309
49955,1
49956,0.973168254
49957,0.968254685
49958,0.899171948
49959,0.395891041
49960,0.954770744
49961,1
49962,0.944379449
49963,0.930136681
49964,0.976465464
49965,1
49966,0.952975392
49967,0.953463078
49968,1
49969,1
49970,1
49971,1
49972,0.984372735
49973,1
49974,0.913668215
49975,1
49976,1
49977,0.676152408
49978,0.93109405
49979,1
49980,0.95310992
49981,0.969327211
49982,0.977586567
49983,1
49984,1
49985,0.983896732
49986,0.988980889
49987,0.98948741
49988,1
49989,1
49990,0.930459738
49991,0.952480495
49992,0.986757934
49993,0.967370212
49994,0.65745461
49995,1
49996,1
49997,0.979452491
49998,0.975043714
49999,0.95155251
50000,0.802835465
50001,1
50002,1
50003,0.885475516
50004,0.987756729
50005,1
50006,0.989135027
50007,1
50008,0.861659169
50009,0.8971892
50010,1
50011,0.983827949
50012,0.595511019
50013,0.98486495
50014,0.583304346
50015,1
50016,0.98502928
50017,0.671598077
50018,1
50019,0.969870091
50020,0.916964114
50021,1
50022,0.986517727
50023,0.904159546
50024,1
50025,1
50026,0.988757968
50027,1
50028,1
50029,0.908076465
50030,0.969038725
50031,0.973278225
50032,1
50033,0.960474014
50034,0.974127889
50035,0.962863445
50036,0.939076841
50037,0.598593652
50038,1
50039,0.987951338
50040,0.973312974
50041,1
50042,0.944850862
50043,1
50044,1
50045,0.97967875
50046,1
50047,0.944378495
50048,0.966308594
50049,0.983451963
50050,1
50051,0.73845315
50052,1
50053,0.937692463
50054,0.983760357
50055,0.240351841
50056,1
50057,0.964148283
50058,1
50059,0.895501852
50060,1
50061,0.92408663
50062,0.902786493
50063,0.894849002
50064,0.906046987
50065,0.984553576
50066,0.982304573
50067,0.964345455
50068,0.988684595
50069,1
50070,0.979552209
50071,0.952849507
50072,0.98593396
50073,0.899844825
50074,1
50075,1
50076,1
50077,1
50078,0.984938502
50079,1
50080,1
50081,1
50082,0.800933957
50083,1
50084,1
50085,0.975474119
50086,0.863678336
50087,1
50088,1
50089,0.986530364
50090,0.926609218
50091,1
50092,0.988993704
50093,0.984662771
50094,1
50095,1
50096,1
50097,0.961355805
50098,0.961714745
50099,1
50100,0.944901288
50101,0.968578756
50102,0.932306349
50103,0.980273247
50104,1
50105,1
50106,1
50107,1
50108,0.989622831
50109,1
50110,1
50111,0.950655162
50112,1
50113,0.981013954
50114,1
50115,0.943434596
50116,1
50117,0.906818211
50118,1
50119,0.984203756
50120,1
50121,0.989247859
50122,0.949196637
50123,0.977641761
50124,1
50125,0.9773736
50126,1
50127,1
50128,0.606820345
50129,0.988134742
50130,1
50131,1
50132,0.972488642
50133,0.975886166
50134,0.978523374
50135,0.832592368
50136,1
50137,1
50138,0.986906529
50139,0.976346612
50140,0.958929062
50141,0.977115989
50142,0.972253621
50143,0.28817597
50144,1
50145,0.96970439
50146,0.979508638
50147,0.926461458
50148,1
50149,0.924746156
50150,0.976244569
50151,1
50152,1
50153,1
50154,1
50155,1
50156,0.981388986
50157,1
50158,0.919691563
50159,0.983650982
50160,1
50161,0.948050737
50162,0.975457788
50163,0.986103416
50164,0.941465974
50165,1
50166,1
50167,0.791171193
50168,0.976351976
50169,0.914209664
50170,0.989834607
50171,0.974709272
50172,1
50173,0.978895545
50174,1
50175,1
50176,0.877462387
50177,1
50178,1
50179,0.97246325
50180,0.941203475
50181,1
50182,0.989187539
50183,0.984266579
50184,0.955968022
50185,0.956373811
50186,1
50187,0.969996929
50188,0.909741283
50189,0.636417449
50190,0.986262322
50191,0.976067483
50192,1
50193,1
50194,1
50195,0.986036599
50196,0.985910893
50197,0.90180254
50198,0.814882338
50199,0.733118475
50200,1
50201,0.989780426
50202,1
50203,0.974131167
50204,1
50205,0.904698014
50206,0.987841964
50207,1
50208,1
50209,0.920626998
50210,1
50211,1
50212,1
50213,0.972111881
50214,0.987211406
50215,0.358980864
50216,0.952745855
50217,0.986659765
50218,1
50219,0.985934198
50220,0.810877025
50221,0.655191541
50222,1
50223,1
50224,1
50225,0.935061216
50226,1
50227,0.981161177
50228,1
50229,0.928871512
50230,0.989801347
50231,0.980547667
50232,1
50233,0.928950429
50234,0.695410073
50235,1
50236,0.943753302
50237,1
50238,0.958599925
50239,1
50240,0.975003004
50241,1
50242,0.960904837
50243,1
50244,0.976952076
50245,0.918108106
50246,0.986398399
50247,0.972196341
50248,1
50249,0.981499493
50250,0.978030562
50251,0.967773438
50252,0.972352326
50253,0.958128989
50254,1
50255,1
50256,0.95268178
50257,0.976353407
50258,1
50259,1
50260,1
50261,1
50262,0.808708191
50263,0.956857741
50264,1
50265,0.933901548
50266,0.969385922
50267,0.978896916
50268,0.972555697
50269,0.921705127
50270,0.982883275
50271,1
50272,0.976155281
50273,1
50274,0.952442646
50275,1
50276,0.980427027
50277,1
50278,0.961031973
50279,0.935978472
50280,1
50281,1
50282,0.548588634
50283,0.5249843
50284,0.983267605
50285,1
50286,0.987924337
50287,0.983929515
50288,0.987566948
50289,0.981366396
50290,0.953729749
50291,0.98681289
50292,1
50293,1
50294,1
50295,1
50296,0.986882269
50297,0.987131178
50298,1
50299,0.961360514
50300,1
50301,1
50302,1
50303,1
50304,1
50305,0.985587716
50306,0.665273607
50307,0.933250308
50308,0.942374647
50309,0.960733295
50310,0.985050559
50311,0.985645711
50312,1
50313,0.981474102
50314,0.9892838
50315,0.928081155
50316,0.98933512
50317,1
50318,1
50319,0.978324235
50320,0.807361126
50321,1
50322,1
50323,0.939290047
50324,0.986191034
50325,1
50326,0.928061128
50327,0.941616893
50328,0.318932444
50329,1
50330,1
50331,0.97908783
50332,0.972279191
50333,1
50334,1
50335,1
50336,0.988903225
50337,0.972283721
50338,0.877603412
50339,1
50340,1
50341,0.635113299
50342,1
50343,1
50344,1
50345,0.987263024
50346,0.956645906
50347,0.873482883
50348,1
50349,0.917271555
50350,0.964724004
50351,0.970474958
50352,1
50353,0.962283492
50354,0.935700774
50355,1
50356,0.984394491
50357,0.952293217
50358,0.987347603
50359,0.966239035
50360,0.811421633
50361,0.951717973
50362,0.984403133
50363,0.101947837
50364,0.953109562
50365,0.978879511
50366,0.96733743
50367,0.961975813
50368,1
50369,1
50370,0.988195777
50371,1
50372,0.978881717
50373,0.98958838
50374,1
50375,1
50376,1
50377,1
50378,0.979993701
50379,0.969272673
50380,1
50381,0.926329136
50382,0.881773293
50383,0.981162429
50384,0.969927132
50385,0.987925768
50386,0.987086415
50387,0.93065244
50388,1
50389,0.94038105
50390,1
50391,1
50392,1
50393,0.926649511
50394,0.953197062
50395,0.957693279
50396,1
50397,0.98735249
50398,0.977912426
50399,0.987912118
50400,1
50401,0.987138152
50402,1
50403,0.974638462
50404,0.980389059
50405,0.959413052
50406,0.985311747
50407,1
50408,1
50409,0.889296711
50410,0.97428745
50411,0.8416605
50412,1
50413,1
50414,0.381717116
50415,0.964158058
50416,0.98863864
50417,0.976297855
50418,0.89593339
50419,0.984251022
50420,0.971830547
50421,0.973962903
50422,0.887875617
50423,0.977520287
50424,0.983123243
50425,0.951017201
50426,0.983267129
50427,0.977623403
50428,0.956498742
50429,0.938848972
50430,1
50431,1
50432,0.980106294
50433,0.965880036
50434,1
50435,0.978199005
50436,0.983975291
50437,0.888032198
50438,0.982343674
50439,0.96795547
50440,1
50441,0.982095718
50442,0.947430551
50443,0.941292524
50444,0.979972065
50445,0.889513075
50446,0.986774087
50447,0.904911637
50448,1
50449,1
50450,0.986869991
50451,1
50452,0.983124614
50453,0.955973029
50454,0.793180406
50455,1
50456,0.984949589
50457,1
50458,1
50459,0.974252045
50460,0.925005555
50461,0.971910238
50462,0.969115913
50463,0.966898918
50464,0.965454578
50465,0.927420139
50466,0.972248077
50467,0.92437309
50468,1
50469,0.851126909
50470,1
50471,0.977376998
50472,0.988704503
50473,1
50474,0.98872292
50475,0.931174576
50476,1
50477,0.989435434
50478,1
50479,0.966136634
50480,0.983852744
50481,0.984187245
50482,1
50483,0.941289663
50484,1
50485,0.989892125
50486,1
50487,0.942751885
50488,1
50489,0.948247373
50490,1
50491,1
50492,1
50493,1
50494,1
50495,0.616817057
50496,1
50497,0.978366792
50498,0.986290038
50499,1
50500,0.953523934
50501,1
50502,0.908497393
50503,0.976076245
50504,0.94438982
50505,0.886859238
50506,1
50507,0.96971488
50508,0.98272866
50509,0.947931707
50510,1
50511,1
50512,1
50513,0.988274813
50514,1
50515,0.897608161
50516,1
50517,1
50518,0.980472982
50519,0.869964898
50520,0.898562431
50521,0.979192495
50522,0.918008983
50523,0.960260391
50524,0.886159778
50525,0.983620405
50526,0.988515317
50527,0.921532273
50528,1
50529,1
50530,1
50531,1
50532,0.978827477
50533,0.985251188
50534,1
50535,0.986666739
50536,0.964025974
50537,1
50538,1
50539,0.876965642
50540,1
50541,0.941456914
50542,1
50543,1
50544,0.925128698
50545,1
50546,0.916386247
50547,0.975999594
50548,0.968340397
50549,0.983721674
50550,0.988296568
50551,0.98979646
50552,0.989588857
50553,0.950235128
50554,0.978480339
50555,1
50556,1
50557,1
50558,1
50559,0.950749576
50560,0.977001846
50561,0.943003357
50562,0.949959815
50563,0.98656857
50564,0.981106997
50565,1
50566,1
50567,1
50568,1
50569,1
50570,0.940505147
50571,1
50572,1
50573,1
50574,0.934432268
50575,1
50576,0.85231036
50577,0.945055783
50578,1
50579,0.989518344
50580,0.979221642
50581,1
50582,0.927017808
50583,1
50584,0.975292087
50585,1
50586,1
50587,0.979469299
50588,1
50589,1
50590,0.970230281
50591,1
50592,1
50593,0.971051395
50594,1
50595,1
50596,0.960108817
50597,0.952349663
50598,0.921473563
50599,1
50600,0.963047504
50601,1
50602,0.954791069
50603,1
50604,1
50605,0.986693203
50606,0.987296343
50607,0.938533843
50608,0.984989286
50609,0.503878534
50610,0.37766245
50611,1
50612,1
50613,0.967005253
50614,0.972498536
50615,1
50616,1
50617,0.969644964
50618,0.953606904
50619,1
50620,1
50621,1
50622,1
50623,1
50624,1
50625,1
50626,0.867040813
50627,0.96709609
50628,0.828198075
50629,1
50630,0.928904653
50631,0.981827319
50632,0.98553133
50633,0.989648163
50634,0.863090217
50635,0.979981124
50636,0.982065499
50637,0.97440356
50638,0.865735292
50639,0.871400118
50640,0.988408387
50641,0.956462979
50642,0.926566422
50643,0.973549545
50644,0.986311495
50645,1
50646,0.85474956
50647,0.983230293
50648,0.984666944
50649,0.949336648
50650,1
50651,1
50652,0.987010717
50653,1
50654,1
50655,0.956186414
50656,0.973478019
50657,1
50658,1
50659,1
50660,0.866952479
50661,0.881639361
50662,0.489745349
50663,0.982191742
50664,0.986979127
50665,0.499207437
50666,1
50667,1
50668,1
50669,0.986400008
50670,0.988989532
50671,1
50672,0.937581658
50673,1
50674,0.983687222
50675,0.948767006
50676,0.846803844
50677,0.534618497
50678,1
50679,0.970645666
50680,1
50681,0.974369466
50682,0.93474102
50683,1
50684,1
50685,1
50686,0.972863078
50687,1
50688,1
50689,1
50690,0.981016576
50691,0.953748047
50692,0.940580249
50693,0.389085591
50694,0.980028629
50695,0.97701937
50696,0.946401358
50697,1
50698,0.855881393
50699,1
50700,1
50701,1
50702,1
50703,0.989000261
50704,1
50705,0.983177006
50706,1
50707,1
50708,0.970337331
50709,0.936122
50710,0.975845933
50711,0.260321826
50712,0.941784263
50713,1
50714,1
50715,0.930065036
50716,0.750877321
50717,0.98927933
50718,0.96386379
50719,0.581227541
50720,0.876904905
50721,0.849947095
50722,1
50723,1
50724,0.943471193
50725,0.907725751
50726,0.984269261
50727,1
50728,0.703334451
50729,1
50730,1
50731,1
50732,0.985636234
50733,0.977545559
50734,1
50735,0.969115555
50736,1
50737,0.978069186
50738,0.985087693
50739,1
50740,0.879007518
50741,1
50742,0.984399915
50743,1
50744,0.919975579
50745,1
50746,1
50747,1
50748,0.985841155
50749,0.909972727
50750,0.986478627
50751,0.88246423
50752,0.964027643
50753,0.959693193
50754,1
50755,1
50756,1
50757,0.989486098
50758,1
50759,1
50760,1
50761,0.982058466
50762,0.983282685
50763,0.959491611
50764,0.96677053
50765,0.976902127
50766,1
50767,0.964841843
50768,0.970964491
50769,0.959214389
50770,1
50771,0.961176574
50772,0.986272454
50773,1
50774,1
50775,0.988503039
50776,1
50777,0.743567109
50778,1
50779,0.988712907
50780,1
50781,0.849561393
50782,0.988551378
50783,0.529604852
50784,0.978206277
50785,0.985496581
50786,0.860846818
50787,1
50788,0.985616207
50789,1
50790,0.937015176
50791,0.946752429
50792,1
50793,1
50794,0.975518346
50795,0.842595041
50796,0.979088962
50797,0.915850878
50798,0.975719035
50799,0.972285628
50800,1
50801,1
50802,0.989649534
50803,0.954957664
50804,1
50805,0.862615943
50806,1
50807,1
50808,0.557551444
50809,1
50810,0.910374761
50811,0.975480914
50812,0.978925705
50813,1
50814,1
50815,0.808380008
50816,0.460769832
50817,0.453825176
50818,0.98622477099999994
50819,0.963022649
50820,0.977053464
50821,1
50822,0.957493067
50823,0.965098918
50824,0.751107037
50825,1
50826,0.987591744
50827,1
50828,0.945440948
50829,0.948863149
50830,0.984254003
50831,1
50832,0.984101594
50833,0.97894752
50834,1
50835,1
50836,0.753178358
50837,1
50838,0.968006432
50839,1
50840,0.985793531
50841,1
50842,1
50843,1
50844,0.971382082
50845,1
50846,0.986015737
50847,1
50848,1
50849,0.964132488
50850,0.983071029
50851,0.963629067
50852,0.983759522
50853,0.971975803
50854,0.969360113
50855,1
50856,1
50857,0.986622512
50858,1
50859,1
50860,0.987070501
50861,0.98633492
50862,1
50863,1
50864,1
50865,1
50866,0.911210775
50867,1
50868,1
50869,1
50870,1
50871,1
50872,1
50873,0.936830282
50874,1
50875,0.852245808
50876,0.956771374
50877,0.989719391
50878,0.980698764
50879,0.958053589
50880,0.940484762
50881,0.981936872
50882,1
50883,1
50884,0.952147305
50885,0.969212413
50886,1
50887,0.970885754
50888,0.974592388
50889,1
50890,0.971786439
50891,0.979868114
50892,1
50893,1
50894,1
50895,0.815155327
50896,0.106494293
50897,0.975833118
50898,1
50899,0.979966104
50900,0.570469201
50901,1
50902,0.957452297
50903,0.986861765
50904,1
50905,0.989843607
50906,1
50907,1
50908,0.662411153
50909,0.900062144
50910,0.961410642
50911,0.974255323
50912,0.967438757
50913,1
50914,0.989955545
50915,0.982399225
50916,1
50917,0.549959481
50918,1
50919,0.973871529
50920,0.93044579
50921,1
50922,0.984069526
50923,0.667874694
50924,0.920519829
50925,0.971154451
50926,0.961434662
50927,0.953770399
50928,0.943898141
50929,0.950471401
50930,1
50931,1
50932,0.972680092
50933,0.863834262
50934,1
50935,0.565083623
50936,0.939002633
50937,1
50938,1
50939,0.432713389
50940,0.95830518
50941,0.637845576
50942,0.967908919
50943,1
50944,0.970408499
50945,0.96772635
50946,1
50947,0.984518528
50948,1
50949,0.767818451
50950,1
50951,0.920444608
50952,1
50953,0.966487825
50954,0.988326132
50955,1
50956,0.769727409
50957,0.983210445
50958,0.895798206
50959,1
50960,0.986844182
50961,1
50962,1
50963,0.951828778
50964,0.98910743
50965,1
50966,1
50967,1
50968,0.955881
50969,0.815281451
50970,0.988737106
50971,0.955343127
50972,1
50973,0.985366702
50974,0.951851487
50975,1
50976,1
50977,0.976362526
50978,1
50979,0.984141648
50980,0.984444737
50981,1
50982,1
50983,0.972753286
50984,0.905999422
50985,0.933747768
50986,1
50987,0.980446518
50988,0.965555906
50989,0.95776099
50990,1
50991,0.933167875
50992,1
50993,0.934642196
50994,0.927645862
50995,0.989459515
50996,0.964495838
50997,1
50998,1
50999,1
51000,0.985186517
51001,0.966169894
51002,1
51003,1
51004,1
51005,1
51006,1
51007,0.985538125
51008,0.982350588
51009,0.983866513
51010,0.813763678
51011,0.170108736
51012,0.984606862
51013,0.980258107
51014,0.943894208
51015,0.989343762
51016,0.829794467
51017,0.978794098
51018,1
51019,0.973407865
51020,0.965512276
51021,1
51022,0.939832866
51023,0.987316489
51024,0.907801926
51025,0.969520032
51026,0.87432456
51027,0.984238744
51028,1
51029,1
51030,0.988717198
51031,0.848178983
51032,0.953936219
51033,0.984357953
51034,0.961979687
51035,0.967072368
51036,1
51037,0.946478128
51038,1
51039,0.9606511
51040,0.91301924
51041,0.962503493
51042,0.805522144
51043,0.989658058
51044,1
51045,1
51046,1
51047,1
51048,0.958470106
51049,0.986504972
51050,1
51051,0.989410579
51052,0.983114362
51053,0.97734648
51054,0.986109972
51055,0.988511682
51056,0.95820111
51057,0.987188399
51058,0.945743322
51059,1
51060,0.975196004
51061,1
51062,1
51063,1
51064,0.987188399
51065,0.950902164
51066,0.974367201
51067,1
51068,1
51069,1
51070,0.984920263
51071,0.951252222
51072,1
51073,1
51074,1
51075,0.926659584
51076,1
51077,1
51078,0.959668815
51079,0.963256419
51080,1
51081,0.97950613499999994
51082,1
51083,0.984363496
51084,1
51085,0.986125052
51086,0.971475482
51087,1
51088,0.98149085
51089,1
51090,0.974524081
51091,1
51092,1
51093,0.766042888
51094,0.954497695
51095,1
51096,0.978882372
51097,0.97853595
51098,0.508821249
51099,0.633037925
51100,0.132936925
51101,0.961947799
51102,1
51103,1
51104,0.961948037
51105,1
51106,1
51107,1
51108,1
51109,0.91755569
51110,1
51111,0.987032652
51112,1
51113,0.7687096
51114,1
51115,0.926594973
51116,0.968820632
51117,0.938869476
51118,0.959810257
51119,0.88017869
51120,1
51121,1
51122,0.988392055
51123,0.891471624
51124,0.96207124
51125,0.948096097
51126,0.952733934
51127,1
51128,1
51129,0.843875468
51130,0.963670611
51131,0.981934547
51132,0.985431731
51133,0.96688807
51134,0.957968473
51135,1
51136,1
51137,1
51138,0.913195849
51139,0.98472774
51140,1
51141,0.927019298
51142,1
51143,0.986415327
51144,1
51145,1
51146,1
51147,0.965410233
51148,1
51149,0.989616513
51150,0.982027412
51151,0.982335985
51152,0.457917839
51153,0.988944292
51154,0.942970514
51155,1
51156,1
51157,0.958321095
51158,1
51159,1
51160,0.978056967
51161,1
51162,0.527190208
51163,0.861483336
51164,0.98341018
51165,1
51166,0.95628202
51167,0.985403597
51168,0.914478362
51169,0.964546859
51170,0.975852788
51171,0.988001883
51172,1
51173,0.977859736
51174,0.790474653
51175,0.982853591
51176,1
51177,0.965117037
51178,1
51179,1
51180,1
51181,0.967268825
51182,1
51183,0.941817224
51184,0.935589969
51185,0.977290928
51186,0.975237727
51187,1
51188,1
51189,0.989945591
51190,0.893659771
51191,0.970953047
51192,0.980362833
51193,1
51194,1
51195,1
51196,1
51197,0.64736563
51198,0.951436579
51199,1
51200,1
51201,1
51202,1
51203,0.981552422
51204,1
51205,0.967780054
51206,1
51207,0.977527916
51208,1
51209,0.978564262
51210,0.970877945
51211,0.980969429
51212,0.925001562
51213,0.662514091
51214,0.985676765
51215,0.985011697
51216,0.959820747
51217,0.979147673
51218,1
51219,1
51220,0.984697342
51221,1
51222,0.983855784
51223,1
51224,1
51225,0.949622035
51226,0.983536243
51227,1
51228,1
51229,1
51230,0.979581177
51231,0.978050172
51232,0.97721225
51233,0.987942874
51234,0.976738691
51235,1
51236,0.955327869
51237,0.943635881
51238,0.935655177
51239,0.973359644
51240,0.95534884900000006
51241,0.896593273
51242,0.278957963
51243,1
51244,0.601934969
51245,0.668905079
51246,0.962498009
51247,1
51248,0.705777228
51249,0.983148694
51250,1
51251,0.975890935
51252,1
51253,0.929491937
51254,0.928343117
51255,0.929477096
51256,0.960847855
51257,1
51258,1
51259,0.97621274
51260,0.961525738
51261,0.984631002
51262,0.957989037
51263,0.989046633
51264,0.981438398
51265,0.985711515
51266,0.97422725
51267,0.965867102
51268,0.938919187
51269,0.980019033
51270,0.721830607
51271,0.97732383
51272,0.986046135
51273,1
51274,0.989454389
51275,0.951799393
51276,1
51277,0.988371551
51278,0.942578256
51279,0.976075113
51280,1
51281,0.90432334
51282,0.979780912
51283,1
51284,0.977766275
51285,0.728149295
51286,0.978832126
51287,0.889991701
51288,0.929202199
51289,0.980888009
51290,0.979540348
51291,0.862990618
51292,1
51293,1
51294,0.864330173
51295,1
51296,0.974946261
51297,1
51298,0.950611472
51299,0.957323968
51300,1
51301,0.901950121
51302,0.987854064
51303,0.983657301
51304,0.980305791
51305,1
51306,0.935255528
51307,0.765011132
51308,0.978421032
51309,0.989545763
51310,1
51311,1
51312,0.976089537
51313,1
51314,0.9619084
51315,0.954543889
51316,1
51317,0.979139447
51318,1
51319,0.984973788
51320,0.947582424
51321,1
51322,0.988008022
51323,0.975239813
51324,1
51325,0.961826921
51326,1
51327,1
51328,0.988006294
51329,0.935429096
51330,1
51331,1
51332,0.986510992
51333,0.957645714
51334,1
51335,0.988333046
51336,0.983340442
51337,0.92471385
51338,1
51339,1
51340,0.916809022
51341,1
51342,1
51343,0.984836757
51344,1
51345,0.948215365
51346,0.896651149
51347,0.987271726
51348,0.975080609
51349,0.976761878
51350,0.985613763
51351,1
51352,0.674716592
51353,0.930953741
51354,1
51355,0.955672026
51356,1
51357,1
51358,0.985671759
51359,0.870174348
51360,1
51361,0.981983304
51362,0.973047435
51363,1
51364,0.984785676
51365,1
51366,1
51367,0.964375198
51368,0.9896456
51369,0.886033654
51370,0.983444452
51371,0.872181654
51372,0.229588419
51373,0.970264494
51374,0.881627858
51375,0.920745969
51376,0.144412488
51377,0.980194807
51378,1
51379,0.988152206
51380,0.669402778
51381,1
51382,1
51383,0.969911456
51384,1
51385,1
51386,1
51387,0
51388,1
51389,1
51390,0.983898819
51391,0.977226853
51392,1
51393,0.976336241
51394,0.9477669
51395,0.944628596
51396,0.985355556
51397,1
51398,1
51399,0.958461881
51400,0.973727167
51401,1
51402,0.968461931
51403,1
51404,0.984314621
51405,0.98044765
51406,0.946452379
51407,0.239573047
51408,1
51409,0.262967944
51410,0.931246996
51411,0.716285706
51412,1
51413,0.896842361
51414,0.877836406
51415,0.982693732
51416,1
51417,1
51418,0.97062701
51419,1
51420,0.985184312
51421,1
51422,0.988880515
51423,1
51424,1
51425,0.978723168
51426,1
51427,0.654196382
51428,0.988797963
51429,1
51430,1
51431,1
51432,1
51433,1
51434,1
51435,0.973817706
51436,1
51437,1
51438,1
51439,1
51440,1
51441,0.985496581
51442,1
51443,1
51444,0.986841083
51445,1
51446,1
51447,0.984826207
51448,1
51449,0.989212275
51450,0.821383178
51451,0.987265706
51452,0.980084062
51453,1
51454,0.888595223
51455,0.966261268
51456,0.974011064
51457,1
51458,1
51459,0.989213049
51460,0.973976493
51461,1
51462,0.989434898
51463,0.971559405
51464,1
51465,0.96955955
51466,1
51467,0.964196742
51468,0.932516933
51469,0.822113454
51470,1
51471,0.985330224
51472,0.95917666
51473,0.984383822
51474,0.989955545
51475,0.989615798
51476,0.987744987
51477,0.989888132
51478,0.972031355
51479,0.704284906
51480,0.975005746
51481,0.971372068
51482,0.920145333
51483,1
51484,0.981445015
51485,0.909326732
51486,0.940092087
51487,0.988798559
51488,0.733106911
51489,0.976904571
51490,1
51491,1
51492,0.951240897
51493,1
51494,0.974294007
51495,1
51496,0.986345172
51497,1
51498,0.947782099
51499,0.631039918
51500,1
51501,1
51502,1
51503,0.989737809
51504,1
51505,0.960484445
51506,0.978679359
51507,0.982629657
51508,0.981062949
51509,0.961678028
51510,0.985549986
51511,1
51512,0.94005239
51513,0.88473326
51514,0.977271795
51515,0.913668215
51516,1
51517,0.981608689
51518,0.781246245
51519,1
51520,1
51521,0.912294567
51522,0.906098783
51523,0.850394547
51524,1
51525,0.976382434
51526,0.890538752
51527,0.865154386
51528,0.900663018
51529,0.900450826
51530,0.959016562
51531,1
51532,1
51533,0.961112022
51534,0.936218143
51535,0.931848168
51536,0.963410616
51537,0.934346318
51538,0.97843051
51539,0.876527309
51540,0.988673747
51541,0.979929805
51542,0.93701607
51543,1
51544,1
51545,0.97205925
51546,0.921246707
51547,0.982133806
51548,0.876897991
51549,1
51550,1
51551,0.980651856
51552,0.960546255
51553,0.948625088
51554,1
51555,0.97010314499999994
51556,0.989786148
51557,0.91165936
51558,0.950449765
51559,0.769374728
51560,0.984946847
51561,0.95033282
51562,1
51563,0.969477773
51564,1
51565,1
51566,0.90619427
51567,0.921405375
51568,0.955531061
51569,1
51570,1
51571,1
51572,1
51573,0.971795201
51574,0.814490199
51575,0.978593826
51576,1
51577,0.986396313
51578,1
51579,0.978241622
51580,1
51581,1
51582,0.989750207
51583,0.665281892
51584,0.971429467
51585,1
51586,1
51587,0.978174925
51588,1
51589,0.786035538
51590,1
51591,0.970648587
51592,1
51593,0.986903191
51594,1
51595,0.960032344
51596,0.971602738
51597,1
51598,1
51599,0.967279315
51600,0.897061646
51601,0.96627909
51602,0.953708589
51603,0.977290154
51604,1
51605,0.836911976
51606,0.800531387
51607,0.965528131
51608,1
51609,0.789182544
51610,1
51611,1
51612,1
51613,0.926310003
51614,1
51615,0.924936473
51616,0.977346182
51617,1
51618,0.983687401
51619,1
51620,1
51621,0.949650228
51622,0.988461852
51623,0.93667233
51624,0.989010155
51625,0.985093236
51626,1
51627,0.98859489
51628,0.940539181
51629,0.915307462
51630,0.805811942
51631,0.97793895
51632,0.692040622
51633,1
51634,0.956276119
51635,0.9743343
51636,0.988183081
51637,1
51638,0.985924184
51639,0.885696232
51640,0.985465884
51641,0.986458004
51642,0.989244461
51643,0.968309879
51644,1
51645,0.963271201
51646,1
51647,0.964929164
51648,1
51649,0.984327912
51650,1
51651,1
51652,1
51653,1
51654,0.986705124
51655,1
51656,1
51657,0.985358477
51658,0.800314903
51659,0.985348523
51660,0.984392047
51661,0.972777426
51662,1
51663,0.981089652
51664,1
51665,0.983473361
51666,0.97974056
51667,0.932739019
51668,0.981077731
51669,0.960934043
51670,1
51671,0.906276703
51672,1
51673,0.989692986
51674,1
51675,0.930449605
51676,1
51677,1
51678,1
51679,0.968072414
51680,1
51681,1
51682,1
51683,1
51684,0.330577999
51685,1
51686,0.982769191
51687,0.976749182
51688,0.984741926
51689,1
51690,1
51691,0.880525351
51692,1
51693,0.941102862
51694,0.974847674
51695,0.982637823
51696,0.777855396
51697,0.935235083
51698,0.981264234
51699,0.987253845
51700,1
51701,1
51702,1
51703,0.815889418
51704,1
51705,1
51706,0.933487058
51707,1
51708,1
51709,1
51710,0.989655137
51711,1
51712,0.973535419
51713,1
51714,0.980241299
51715,1
51716,1
51717,1
51718,0.97143358
51719,0.972702622
51720,0.922481358
51721,0.839437008
51722,1
51723,0.988502264
51724,0.965781689
51725,0.951625168
51726,0.967768192
51727,1
51728,1
51729,1
51730,0.943874061
51731,0.814539075
51732,0.974599838
51733,1
51734,0.947035015
51735,0.869201958
51736,0.972409129
51737,1
51738,1
51739,0.989128292
51740,0.988508165
51741,0.611320794
51742,0.975809515
51743,1
51744,1
51745,0.989161193
51746,0.951106072
51747,0.830607235
51748,0.938764572
51749,0.986722231
51750,1
51751,1
51752,0.96164155
51753,0.920988679
51754,1
51755,1
51756,0.987399101
51757,0.930062115
51758,1
51759,0.967571974
51760,0.981876969
51761,0.962014079
51762,0.978979588
51763,1
51764,1
51765,0.653930366
51766,0.97334677
51767,0.989978194
51768,1
51769,0.971527338
51770,0.989862442
51771,0.966143012
51772,1
51773,1
51774,0.979576588
51775,0.969662428
51776,0.925671995
51777,1
51778,1
51779,0.838586509
51780,0.977186561
51781,0.879559219
51782,0.981088638
51783,1
51784,0.878940582
51785,1
51786,0.98013109
51787,0.917816639
51788,0.954113603
51789,1
51790,1
51791,0.901818752
51792,0.989503861
51793,1
51794,0.610148192
51795,0.989142954
51796,1
51797,0.982993722
51798,0.949932396
51799,0.985644221
51800,1
51801,0.970725179
51802,0.975497365
51803,1
51804,1
51805,0.688322008
51806,0.964455485
51807,0.979518235
51808,1
51809,0.986649931
51810,0.989557087
51811,1
51812,1
51813,1
51814,0.88440764
51815,0.985752523
51816,0.874281466
51817,1
51818,1
51819,0.979349673
51820,0.827607334
51821,1
51822,0.371381402
51823,0.944628596
51824,0.956641197
51825,1
51826,1
51827,0.927856863
51828,0.985306501
51829,0.989318788
51830,0.974002004
51831,0.986897051
51832,1
51833,0.826793253
51834,1
51835,0.90666019900000006
51836,0.988917232
51837,0.966504335
51838,1
51839,1
51840,0.987041354
51841,0.978667438
51842,0.954877913
51843,1
51844,0.98854351
51845,1
51846,1
51847,0.985753655
51848,1
51849,0.960070789
51850,1
51851,0.988359094
51852,0.98398304
51853,1
51854,0.965470374
51855,0.944910765
51856,1
51857,1
51858,1
51859,0.931212306
51860,1
51861,0.937327445
51862,0.943376124
51863,1
51864,0.872552753
51865,0.962545037
51866,0.972903013
51867,0.982634127
51868,0.976189733
51869,0.97799772
51870,1
51871,1
51872,0.97990638
51873,1
51874,0.92708087
51875,0.97767967
51876,0.980779409
51877,0.973792851
51878,0.986001253
51879,1
51880,1
51881,0.980690658
51882,1
51883,1
51884,0.933035851
51885,0.918321788
51886,1
51887,1
51888,0.983045578
51889,0.947869897
51890,1
51891,0.978881598
51892,0.982133567
51893,0.895563126
51894,0.970175505
51895,0.989977121
51896,0.986394405
51897,1
51898,0.930561483
51899,1
51900,0.977678537
51901,1
51902,0.962670505
51903,0.960140586
51904,0.973444343
51905,1
51906,0.982540071
51907,1
51908,0.984718263
51909,0.976120412
51910,0.967756808
51911,0.971693099
51912,1
51913,0.983428896
51914,0.938668668
51915,0.871017397
51916,0.981479168
51917,0.977886736
51918,0.969433606
51919,0.978444278
51920,0.96374768
51921,0.95061481
51922,0.791496098
51923,1
51924,1
51925,1
51926,1
51927,0.765739918
51928,1
51929,0.974802136
51930,0.841276765
51931,0.989030182
51932,1
51933,0
51934,0.98761451200000006
51935,0.928150117
51936,1
51937,1
51938,0.983375967
51939,1
51940,1
51941,1
51942,1
51943,0.988843322
51944,1
51945,0.987559259
51946,1
51947,0.984461904
51948,0.964391589
51949,1
51950,0.971923351
51951,1
51952,0.978399098
51953,0.980507791
51954,0.891022503
51955,1
51956,0.96318084
51957,0.969344199
51958,0.970859885
51959,0.913908005
51960,0.418828785
51961,1
51962,1
51963,0.98246485
51964,0.989468515
51965,0.98555702
51966,1
51967,0.970025837
51968,0.915476859
51969,1
51970,1
51971,0.6522035
51972,1
51973,0.988819182
51974,1
51975,1
51976,1
51977,0.97878634900000006
51978,0.966821909
51979,0.976967812
51980,1
51981,0.981051564
51982,0.973997712
51983,0.964787662
51984,0.949944258
51985,0.986499548
51986,0.985811949
51987,0.973486483
51988,0.666060269
51989,0.960137963
51990,1
51991,1
51992,0.967192113
51993,0.938494682
51994,1
51995,0.967052519
51996,0.984509051
51997,0.980719388
51998,0.921590209
51999,0.988938212
52000,1
52001,1
52002,1
52003,0.989526749
52004,0.963829696
52005,0.937674522
52006,1
52007,1
52008,0.977770746
52009,1
52010,0.987559378
52011,1
52012,1
52013,0.987552285
52014,0.967009723
52015,0.985804737
52016,1
52017,1
52018,0.987457216
52019,0.988945782
52020,0.571095228
52021,0.915074408
52022,1
52023,0.989953637
52024,1
52025,0.919415474
52026,1
52027,0.950972796
52028,1
52029,0.955302179
52030,1
52031,0.979078114
52032,0.927608848
52033,0.947428763
52034,0.980587244
52035,1
52036,0.773126006
52037,0.969591737
52038,1
52039,0.974513233
52040,0.984160125
52041,1
52042,1
52043,0.95321095
52044,1
52045,1
52046,0.181092531
52047,0.977981865
52048,0.954898655
52049,0.971844375
52050,0.989295781
52051,1
52052,0.926921785
52053,0.983248115
52054,0.976578713
52055,0.494741947
52056,0.988372266
52057,0.976153135
52058,0.930567563
52059,1
52060,0.881199539
52061,0.974814594
52062,1
52063,1
52064,1
52065,0.989172041
52066,1
52067,0.988510847
52068,1
52069,1
52070,0.969125867
52071,0.937928796
52072,1
52073,0.982179582
52074,0.969508708
52075,0.97322458
52076,1
52077,1
52078,0.946148753
52079,1
52080,0.989461124
52081,0.987402141
52082,1
52083,0.939842045
52084,1
52085,0.387053967
52086,0.986118317
52087,0.973066747
52088,1
52089,1
52090,1
52091,0.98409754
52092,0.981053293
52093,1
52094,0.910087228
52095,0.858314395
52096,0.91830188
52097,0.989664733
52098,0.931665301
52099,0.986926734
52100,0.957476318
52101,0.97220695
52102,0.832092643
52103,0.96083647
52104,0.976608515
52105,1
52106,0.986917913
52107,1
52108,0.930053473
52109,0.951512992
52110,0.935967505
52111,1
52112,0.794105768
52113,0.968892694
52114,1
52115,1
52116,1
52117,1
52118,0.97954458
52119,0.973869622
52120,1
52121,0.98932308
52122,0.895376027
52123,1
52124,0.961361527
52125,1
52126,0.945141792
52127,0.129214585
52128,0.983775199
52129,0.971717656
52130,1
52131,0.985662401
52132,0.962335885
52133,0.987177014
52134,0.954182625
52135,0.96023345
52136,1
52137,0.98344928
52138,0.974382162
52139,0.602551222
52140,1
52141,1
52142,1
52143,0.84974879
52144,0.971728325
52145,0.981070757
52146,0.973629057
52147,0.987161577
52148,0.977286518
52149,0.938179255
52150,0.989639163
52151,0.385849595
52152,1
52153,1
52154,0.91786772
52155,1
52156,0.920385897
52157,0.927736998
52158,1
52159,0.91511482
52160,0.95894289
52161,0.988358855
52162,0.967049182
52163,1
52164,0.92277807
52165,0.965917409
52166,0.916350603
52167,1
52168,0.972545207
52169,0.949867129
52170,0.984615386
52171,0.896808744
52172,1
52173,0.988348723
52174,0.907725751
52175,0.973105669
52176,1
52177,0.457214862
52178,1
52179,0.945025444
52180,0.948284805
52181,1
52182,0.98465538
52183,1
52184,0.923350811
52185,0.986406982
52186,1
52187,1
52188,1
52189,0.968640745
52190,0.876928985
52191,0.984716654
52192,0.938283265
52193,0.967298627
52194,1
52195,0.946118057
52196,1
52197,0.920297384
52198,0.985717535
52199,1
52200,1
52201,1
52202,1
52203,1
52204,1
52205,1
52206,1
52207,1
52208,0.9851318
52209,0.266177684
52210,0.988219142
52211,0.957526267
52212,0.969054878
52213,1
52214,0.988310695
52215,0.972979188
52216,1
52217,0.943760037
52218,0.978146493
52219,1
52220,1
52221,0.986052632
52222,1
52223,0.960066319
52224,1
52225,0.985661805
52226,1
52227,0.983289421
52228,0.984525144
52229,0.979961097
52230,1
52231,0.988265157
52232,0.887582958
52233,1
52234,0.979776442
52235,0.986647248
52236,0.987976372
52237,0.961158156
52238,1
52239,0.983893931
52240,1
52241,0.984240711
52242,0.987395406
52243,0.989510655
52244,1
52245,0.989930511
52246,1
52247,0.545050323
52248,0.89985776
52249,0.988901973
52250,0.98063457
52251,0.942744136
52252,0.98777163
52253,0.97705096
52254,1
52255,0.951962948
52256,0.957885742
52257,1
52258,0.989527345
52259,1
52260,1
52261,0.989078462
52262,0.903639555
52263,0.98261559
52264,0.98323983
52265,0.688511193
52266,0.919957042
52267,0.87016958
52268,0.97323066
52269,1
52270,1
52271,0.974868715
52272,0.933506191
52273,0.989173532
52274,0.827016413
52275,0.943404853
52276,1
52277,0.868009269
52278,1
52279,0.954638362
52280,1
52281,1
52282,1
52283,0.988586247
52284,1
52285,1
52286,0.988944173
52287,0.864014149
52288,0.615874529
52289,1
52290,0.803499341
52291,0.858580232
52292,1
52293,0.267211407
52294,0.233906776
52295,1
52296,0.977111161
52297,1
52298,1
52299,1
52300,1
52301,1
52302,0.968644321
52303,0.988362968
52304,1
52305,0.24907808
52306,0.950952172
52307,1
52308,1
52309,0.97354871
52310,0.988524854
52311,0.98455596
52312,0.983677387
52313,1
52314,0.95815295
52315,0.984322846
52316,1
52317,1
52318,0.574222267
52319,0.359883517
52320,0.980374157
52321,1
52322,0.972764313
52323,0.895119131
52324,0.890034676
52325,0.984006703
52326,0.987667739
52327,0.986977994
52328,0.97379905
52329,0.767001569
52330,0.980380237
52331,0.798732996
52332,1
52333,0.968976319
52334,1
52335,1
52336,0.960585296
52337,0.810337007
52338,0.94898051
52339,0.976145864
52340,0.98158145
52341,0.988267958
52342,0.957776606
52343,0.920516312
52344,1
52345,0.981217146
52346,0.989812911
52347,0.978352308
52348,0.978000224
52349,0.985505283
52350,1
52351,0.977710307
52352,0.986034453
52353,0.989715278
52354,1
52355,0.983770013
52356,1
52357,0.838560522
52358,1
52359,0.776355684
52360,1
52361,0.985877872
52362,0.967751801
52363,0.95078063
52364,1
52365,0.974545717
52366,1
52367,1
52368,1
52369,1
52370,1
52371,0.95408088
52372,0.986696422
52373,0.986746907
52374,1
52375,0.956882715
52376,0.936029971
52377,0.981187224
52378,0.95111078
52379,0.973794341
52380,1
52381,0.979727387
52382,0.785798073
52383,0.929783166
52384,1
52385,0.913109183
52386,0.983972669
52387,0.939129472
52388,1
52389,0.988642991
52390,0.974185169
52391,0.98312819
52392,0.843875468
52393,1
52394,0.844890416
52395,0.964815438
52396,0.989091635
52397,1
52398,1
52399,0.5921911
52400,0.962669194
52401,0.87506789
52402,1
52403,0.951553583
52404,0.833754659
52405,0.98704797
52406,0.984328151
52407,1
52408,0.958014429
52409,1
52410,0.95272845
52411,0.7847628
52412,1
52413,1
52414,0.983038902
52415,1
52416,0.959449589
52417,0.985786319
52418,0.981083334
52419,1
52420,0.951107562
52421,0.720752776
52422,0.972193182
52423,0.984269857
52424,1
52425,0.980152786
52426,0.989407599
52427,0.969495595
52428,0.959359527
52429,0.944963872
52430,0.988971055
52431,0.98165452499999994
52432,0.660609484
52433,1
52434,1
52435,0.978521347
52436,0.614554167
52437,0.968556643
52438,1
52439,0.985909045
52440,0.983638644
52441,1
52442,1
52443,0.848159969
52444,0.989243269
52445,0.932641208
52446,0.942399502
52447,0.976035714
52448,0.985720456
52449,0.965236068
52450,0.976207197
52451,1
52452,1
52453,0.98916477
52454,1
52455,1
52456,0.972025812
52457,1
52458,1
52459,0.93485707
52460,0.965775788
52461,0.944446743
52462,1
52463,1
52464,0.955843866
52465,0.948343992
52466,1
52467,0.970578611
52468,0.969336271
52469,0.945579708
52470,1
52471,1
52472,0.982391775
52473,0.955821335
52474,0.870864749
52475,0.98919487
52476,0.8590222
52477,0.989829838
52478,1
52479,0.872490585
52480,0.896193802
52481,0.984023213
52482,0.93319279
52483,1
52484,0.847544372
52485,1
52486,1
52487,0.985953093
52488,1
52489,1
52490,1
52491,0.976601362
52492,1
52493,0.971662045
52494,0.989832878
52495,0.987105131
52496,1
52497,0.987415373
52498,0.985481083
52499,1
52500,0.564914107
52501,1
52502,0.970493257
52503,1
52504,1
52505,0.920265555
52506,0.968889892
52507,0.934170067
52508,1
52509,0.852677167
52510,1
52511,1
52512,0.977465153
52513,0.988765597
52514,0.79398167100000006
52515,0.58934319
52516,1
52517,1
52518,1
52519,1
52520,0.911687672
52521,1
52522,0.946178436
52523,1
52524,1
52525,0.33317551
52526,0.953010798
52527,0.989770889
52528,0.967390776
52529,0.944374144
52530,0.977708876
52531,0.868784428
52532,0.956341863
52533,0.939828992
52534,0.90359354
52535,1
52536,0.888269186
52537,1
52538,1
52539,1
52540,0.94726783
52541,0.951823056
52542,1
52543,0.986550093
52544,1
52545,0.982225239
52546,1
52547,0.92782265
52548,1
52549,1
52550,0.9726668
52551,0.743225515
52552,0.958166838
52553,0.733573735
52554,1
52555,0.924746335
52556,1
52557,0.983275354
52558,0.98622328
52559,0.952274084
52560,0.97961241
52561,0.969785512
52562,0.982718706
52563,1
52564,0.989764452
52565,0.947167397
52566,0.985209286
52567,1
52568,0.972971857
52569,0.988502026
52570,0.985287428
52571,0.977646649
52572,0.965673447
52573,0.925627768
52574,1
52575,1
52576,0.987027347
52577,0.971033752
52578,1
52579,0.967756808
52580,0.970982254
52581,0.956837416
52582,1
52583,0.938754499
52584,0.988000453
52585,0.984845161
52586,1
52587,0.988012433
52588,0.852638006
52589,1
52590,1
52591,0.938491345
52592,0.964430511
52593,0.977203369
52594,1
52595,0.981141985
52596,0.964410126
52597,0.987622559
52598,0.927560031
52599,0.854680836
52600,1
52601,0.953173995
52602,1
52603,0.979975939
52604,0.848481059
52605,1
52606,0.963487625
52607,0.842559576
52608,1
52609,1
52610,0.947738171
52611,0.988935292
52612,0.964640379
52613,0.982654989
52614,0.885929823
52615,0.970957995
52616,0.989825308
52617,0.786789477
52618,0.975649238
52619,0.979504407
52620,0.894013465
52621,1
52622,0.982487857
52623,1
52624,1
52625,0.989340723
52626,1
52627,0.975819707
52628,0.976916611
52629,1
52630,0.975480676
52631,0.936778724
52632,1
52633,0.856282651
52634,0.971430779
52635,1
52636,0.36173287
52637,1
52638,0.977160335
52639,1
52640,1
52641,0.984098971
52642,0.985990048
52643,1
52644,0.989402771
52645,1
52646,1
52647,0.988826871
52648,0.941670835
52649,1
52650,1
52651,0.978383601
52652,1
52653,1
52654,1
52655,0.953306794
52656,1
52657,0.975556433
52658,1
52659,1
52660,0.981189489
52661,0.979060531
52662,0.606168032
52663,0.982204616
52664,0.875285387
52665,1
52666,1
52667,0.979686856
52668,0.981521606
52669,0.987391532
52670,1
52671,0.986692727
52672,0.934744895
52673,0.824646056
52674,0.966922522
52675,1
52676,0.987209916
52677,1
52678,0.981458366
52679,0.941460192
52680,0.981246769
52681,0.805082738
52682,0.89897114
52683,0.974085927
52684,1
52685,0.989320874
52686,0.988748789
52687,0.989978194
52688,0.878857493
52689,1
52690,0.989960551
52691,0.882205486
52692,0.961202323
52693,0.986980259
52694,1
52695,0.546229959
52696,1
52697,0.953134596
52698,0.981930792
52699,1
52700,0.975141525
52701,1
52702,0.982312143
52703,0.957345307
52704,0.968158126
52705,1
52706,0.904190183
52707,0.781895936
52708,0.934037983
52709,0.894268811
52710,1
52711,1
52712,1
52713,0.985698164
52714,1
52715,0.985456765
52716,0.986931384
52717,1
52718,0.988749266
52719,1
52720,1
52721,1
52722,0.920572996
52723,0.980527878
52724,0.981065571
52725,0.985096514
52726,1
52727,0.94353658
52728,0.867006719
52729,1
52730,1
52731,0.975313485
52732,1
52733,1
52734,0.973225355
52735,0.789748848
52736,0.973079145
52737,0.947639585
52738,0.607792437
52739,0.989483297
52740,0.970262229
52741,1
52742,1
52743,0.948460877
52744,0.964207709
52745,1
52746,0.984397233
52747,0.986806452
52748,1
52749,0.986644208
52750,0.98983711
52751,0.950797975
52752,0.977228642
52753,0.690872133
52754,1
52755,0.974054933
52756,0.95554322
52757,1
52758,0.474030525
52759,1
52760,1
52761,0.947546244
52762,0.982028484
52763,1
52764,0.989460528
52765,0.963395655
52766,1
52767,1
52768,1
52769,1
52770,1
52771,0.907994628
52772,0.977111638
52773,0.96340543
52774,0.962454498
52775,0.969683528
52776,0.926172674
52777,0.484686673
52778,1
52779,0.952526689
52780,0.947803497
52781,1
52782,0.98968339
52783,0.9706195
52784,0.984368801
52785,1
52786,0.838694215
52787,0.194160044
52788,0.981495917
52789,1
52790,0.98573482
52791,0.948525727
52792,0.985754848
52793,0.980937183
52794,0.862991154
52795,1
52796,1
52797,0.980309784
52798,0.914994776
52799,0.98914963
52800,0.980148733
52801,1
52802,1
52803,1
52804,1
52805,0.827052772
52806,0.977204323
52807,0.97592485
52808,1
52809,0.950671554
52810,0.9665609
52811,0.989256382
52812,0.985349596
52813,0.986175835
52814,0.987317741
52815,1
52816,0.960947573
52817,1
52818,0.958855212
52819,1
52820,1
52821,0.978177071
52822,1
52823,0.941374838
52824,0.982046068
52825,0.988851249
52826,1
52827,0.946710408
52828,0.894367933
52829,0.988414764
52830,1
52831,0.988640428
52832,1
52833,1
52834,1
52835,0.752989411
52836,0.976885915
52837,0.922078788
52838,0.986051023
52839,0.976902366
52840,0.795203924
52841,0.982377529
52842,1
52843,0.983062625
52844,0.951624632
52845,1
52846,0.948852956
52847,1
52848,0.985671222
52849,1
52850,0.492271394
52851,1
52852,1
52853,0.987234294
52854,0.9866153
52855,0.768189013
52856,0.980092764
52857,1
52858,1
52859,1
52860,0.888444424
52861,0.987318218
52862,0.910447359
52863,0.95743984
52864,1
52865,1
52866,0.925262451
52867,0.689687014
52868,0.882205308
52869,1
52870,1
52871,1
52872,1
52873,1
52874,1
52875,1
52876,1
52877,0.960792601
52878,0.974909663
52879,1
52880,1
52881,1
52882,0.938879252
52883,1
52884,0.979071796
52885,0.97649926
52886,1
52887,0.944859147
52888,0.968302071
52889,1
52890,1
52891,0.953885555
52892,0.972722948
52893,0.989146233
52894,0.978465736
52895,0.981559217
52896,0.974036276
52897,0.725070834
52898,0.977911532
52899,0.878581643
52900,1
52901,1
52902,0.98376751
52903,1
52904,0.988295972
52905,0.985234201
52906,0.947430551
52907,0.970646322
52908,1
52909,0.898719549
52910,0.980975986
52911,1
52912,1
52913,0.984422326
52914,1
52915,0.967574954
52916,0.931868017
52917,0.985313714
52918,1
52919,0.945204616
52920,0.967177272
52921,0.933954775
52922,0.953467608
52923,0.975851059
52924,0.980552852
52925,0.927355647
52926,0.96641469
52927,1
52928,0.817246258
52929,0.971103191
52930,0.989953578
52931,0.9553532
52932,0.962852836
52933,1
52934,1
52935,0.987908423
52936,0.969390512
52937,1
52938,1
52939,0.989040673
52940,0.394396454
52941,1
52942,0.976123273
52943,1
52944,1
52945,0.722701609
52946,0.926047206
52947,0.949406982
52948,0.987021744
52949,1
52950,1
52951,0.198931143
52952,0.178825304
52953,0.956956744
52954,0.951150715
52955,0.981258929
52956,0.984655142
52957,0.962588906
52958,0.989888012
52959,0.969926834
52960,0.952030778
52961,1
52962,1
52963,0.983182013
52964,0.936370373
52965,1
52966,0.947905898
52967,0.977031291
52968,0.984847724
52969,0.981406689
52970,0.87516439
52971,0.984518409
52972,0.961710155
52973,0.643118858
52974,0.987053573
52975,1
52976,1
52977,1
52978,0.782280982
52979,1
52980,1
52981,0.916690469
52982,1
52983,0.973599255
52984,1
52985,1
52986,0.42560184
52987,0.98144722
52988,0.970721722
52989,1
52990,1
52991,0.988772333
52992,0.987982094
52993,1
52994,1
52995,1
52996,0.946119666
52997,1
52998,0.417436689
52999,1
53000,1
53001,0.953462958
53002,0.979212523
53003,0.97739625
53004,0.551273108
53005,0.976472974
53006,0.71720773
53007,1
53008,0.980141521
53009,0.957581461
53010,1
53011,1
53012,0.972607911
53013,0.989006043
53014,1
53015,0.950347841
53016,1
53017,1
53018,0.951962948
53019,1
53020,1
53021,0.965470254
53022,1
53023,0.988706827
53024,0.988335013
53025,0.985190928
53026,1
53027,0.932581902
53028,0.786594629
53029,1
53030,0.947582424
53031,0.988856375
53032,0.98049736
53033,1
53034,0.964458108
53035,0.943128467
53036,0.973365605
53037,0.870540202
53038,1
53039,0.905118763
53040,1
53041,1
53042,0.956073582
53043,0.906975389
53044,0.972235143
53045,1
53046,1
53047,1
53048,0.951714635
53049,0.968326747
53050,0.983719051
53051,0.975136757
53052,0.977918923
53053,0.97954458
53054,0.989741206
53055,0.832827032
53056,0.891875565
53057,0
53058,0.541026115
53059,1
53060,0.634015083
53061,1
53062,0.951988995
53063,1
53064,0.972957373
53065,1
53066,1
53067,0.698720396
53068,0.984490693
53069,0.977777243
53070,0.976138353
53071,1
53072,1
53073,1
53074,1
53075,0.977027297
53076,1
53077,0.981658995
53078,1
53079,0.973273039
53080,0.909689903
53081,0.861426055
53082,1
53083,1
53084,0.972780585
53085,0.981827438
53086,0.957650423
53087,0.98111856
53088,0.978357554
53089,0.546373665
53090,0.966746688
53091,0.967893601
53092,0.94405961
53093,0.983555853
53094,0.982379556
53095,1
53096,0.881882012
53097,0.972396314
53098,0.441890627
53099,0.947584689
53100,0.982720792
53101,1
53102,0.981017709
53103,1
53104,0.96003145
53105,0.973406196
53106,0.888773322
53107,0.982836425
53108,1
53109,0.970547736
53110,1
53111,1
53112,0.573400915
53113,1
53114,0.772247016
53115,0.986455083
53116,0.724544585
53117,1
53118,0.954967916
53119,0.97999531
53120,0.946424365
53121,0.985873699
53122,0.98554045
53123,1
53124,1
53125,1
53126,1
53127,0.724043191
53128,1
53129,1
53130,1
53131,0.958826721
53132,0.432440728
53133,0.978122652
53134,0.952263594
53135,1
53136,0.240452811
53137,1
53138,0.976617813
53139,0.967909038
53140,1
53141,0.973369658
53142,0.95648098
53143,1
53144,0.946812391
53145,1
53146,0.989189625
53147,1
53148,0.970721722
53149,1
53150,0.986748338
53151,1
53152,0.979649901
53153,1
53154,0.943235338
53155,0.874312222
53156,1
53157,0.960835815
53158,0.9826262
53159,0.961517215
53160,1
53161,0.965500832
53162,1
53163,1
53164,0.755426228
53165,0.948478103
53166,1
53167,0.983439505
53168,1
53169,1
53170,1
53171,0.981449306
53172,1
53173,1
53174,0.983851254
53175,0.985180736
53176,0.977211475
53177,0.977168441
53178,0.517391264
53179,0.968389034
53180,1
53181,0.989773572
53182,0.953896284
53183,1
53184,1
53185,0.958569348
53186,1
53187,0.989936113
53188,0.802120805
53189,0.930529416
53190,0.894671023
53191,0.877837002
53192,1
53193,0.90046525
53194,0.980847597
53195,0.816250086
53196,0.950247824
53197,1
53198,0.970179975
53199,1
53200,0.908226013
53201,0.987963915
53202,1
53203,0.986489296
53204,0.974683642
53205,0.981967747
53206,0.98463434
53207,0.972005844
53208,1
53209,0.923219621
53210,1
53211,0.970533669
53212,0.989197314
53213,0.893080533
53214,1
53215,1
53216,0.698067546
53217,0.983156502
53218,1
53219,0.985770464
53220,0.989562929
53221,0.969264269
53222,0.98961103
53223,1
53224,0.989280284
53225,0.984692037
53226,1
53227,0.984741271
53228,1
53229,0.979789853
53230,0.972649157
53231,1
53232,0.969082058
53233,0.972045958
53234,0.937695622
53235,1
53236,0.988114834
53237,0.343585104
53238,0.973871291
53239,1
53240,0.985806823
53241,1
53242,0.91201669
53243,1
53244,1
53245,0.977540314
53246,1
53247,0.983019054
53248,0.727715194
53249,0.940706611
53250,0.975785554
53251,0.96249181
53252,0
53253,0.960610151
53254,0.976581693
53255,1
53256,1
53257,0.919705808
53258,1
53259,0.974657714
53260,0.891578019
53261,1
53262,1
53263,0.979380012
53264,1
53265,0.865739942
53266,0.93173039
53267,1
53268,1
53269,0.976144135
53270,0.974668503
53271,0.975798488
53272,0.873030126
53273,0.319294006
53274,0.980829716
53275,0.984630048
53276,1
53277,0.983186364
53278,1
53279,0.961067438
53280,0.934776962
53281,0.989925861
53282,0.989385545
53283,1
53284,0.986661017
53285,0.979502261
53286,0.982660234
53287,1
53288,0.988636077
53289,0.877103031
53290,1
53291,0.987752914
53292,0.911697507
53293,0.970612526
53294,1
53295,0.944813609
53296,0.97218138
53297,1
53298,0.980531752
53299,1
53300,0.918752074
53301,0.935603797
53302,0.505780995
53303,1
53304,0.976063073
53305,1
53306,1
53307,0.958868146
53308,0.96366483
53309,1
53310,0.985720456
53311,0.989591301
53312,1
53313,0.683569491
53314,1
53315,1
53316,1
53317,0.987016082
53318,0.965435565
53319,0.891130328
53320,0.987037897
53321,0.957620919
53322,1
53323,1
53324,1
53325,0.983506024
53326,0.69323796
53327,0.988542914
53328,0.98655349
53329,1
53330,1
53331,0.940138936
53332,0.977970421
53333,0.459284753
53334,0.989329517
53335,0.977390468
53336,0.987497449
53337,0.973175585
53338,1
53339,1
53340,0.981076598
53341,0.967255533
53342,0.789296508
53343,1
53344,0.989055872
53345,0.422858089
53346,0.979370952
53347,0.977593184
53348,0.986471117
53349,0.934828937
53350,0.869137168
53351,0.977515757
53352,0.971821427
53353,1
53354,1
53355,1
53356,0.977991521
53357,0.975634038
53358,0.952824295
53359,1
53360,0.76587981
53361,1
53362,0.982610643
53363,1
53364,1
53365,0.981182039
53366,0.979403973
53367,0.89120239
53368,1
53369,0.657066345
53370,0.985501587
53371,0.978994668
53372,1
53373,1
53374,0.320283592
53375,0.949888408
53376,0.943945766
53377,0.283478499
53378,1
53379,1
53380,0.869077385
53381,1
53382,0.933202446
53383,0.97315979
53384,0.976418316
53385,0.983569086
53386,1
53387,1
53388,0.819792509
53389,0.987571001
53390,0.985234857
53391,1
53392,1
53393,1
53394,0.985343576
53395,1
53396,0.986811817
53397,0.984985352
53398,0.388653845
53399,0.971442163
53400,0.926126242
53401,1
53402,1
53403,0.986220956
53404,1
53405,1
53406,1
53407,0.677318811
53408,0.98750627
53409,0.989104033
53410,0.930936158
53411,1
53412,1
53413,1
53414,0.968009174
53415,0.9394871
53416,1
53417,0.967346489
53418,1
53419,0.950673819
53420,0.987721145
53421,1
53422,1
53423,0.977028668
53424,1
53425,1
53426,0.952988505
53427,0.962875724
53428,0.97371608
53429,1
53430,1
53431,0.973756194
53432,1
53433,1
53434,1
53435,1
53436,1
53437,0.973051071
53438,0.830295146
53439,0.969518781
53440,1
53441,1
53442,0.989949822
53443,0.958366275
53444,1
53445,0.927691102
53446,0.97931689
53447,0.978845239
53448,0.988893926
53449,1
53450,0.983811319
53451,1
53452,1
53453,1
53454,0.980381548
53455,0.960360944
53456,1
53457,0.983900309
53458,1
53459,0.831415951
53460,0.981258392
53461,0.982503831
53462,1
53463,0.947722793
53464,1
53465,0.975999594
53466,1
53467,1
53468,1
53469,0.983078063
53470,0.87447685
53471,1
53472,0.439409107
53473,0.977615416
53474,0.924815059
53475,0.985031128
53476,1
53477,1
53478,1
53479,0.989481449
53480,1
53481,0.968302071
53482,0.975645065
53483,1
53484,0.980399072
53485,1
53486,0.973036051
53487,1
53488,0.989964426
53489,0.881338656
53490,0.984187245
53491,0.970914841
53492,1
53493,1
53494,0.981908321
53495,1
53496,0.915091097
53497,0.936086059
53498,1
53499,0.145076558
53500,1
53501,0.98995322
53502,1
53503,1
53504,0.473853141
53505,0.982556224
53506,0.962777495
53507,0.968345761
53508,1
53509,0.969322622
53510,0.926403344
53511,0.952616632
53512,1
53513,0.983801842
53514,0.987384677
53515,0.916240037
53516,0.930383682
53517,0.978194416
53518,1
53519,0.988007665
53520,0.957770944
53521,1
53522,0.923826993
53523,1
53524,1
53525,1
53526,1
53527,0.959844708
53528,0.923239112
53529,1
53530,0.987154245
53531,0.949777305
53532,1
53533,0.788044989
53534,0.987076342
53535,0.977177203
53536,0.559726059
53537,1
53538,0.615210593
53539,0.927690327
53540,0.960843742
53541,0.926983237
53542,0.977477491
53543,1
53544,0.918251753
53545,1
53546,0.919752777
53547,0.977784038
53548,0.840621054
53549,0.894661963
53550,1
53551,0.965323925
53552,0.873615563
53553,0.841179907
53554,1
53555,0.955735147
53556,0.93830508
53557,1
53558,0.965629518
53559,0.987557411
53560,1
53561,0.976852775
53562,0.937913477
53563,0.976119936
53564,0.985862911
53565,0.984641373
53566,0.988616526
53567,1
53568,0.980981708
53569,0.958990276
53570,1
53571,1
53572,1
53573,0.982955694
53574,0.962824583
53575,1
53576,0.976547658
53577,0.932658136
53578,1
53579,1
53580,1
53581,0.976156533
53582,1
53583,0.90731138
53584,1
53585,1
53586,1
53587,1
53588,0.919760346
53589,1
53590,0.989171088
53591,1
53592,0.979149997
53593,1
53594,1
53595,0.909181535
53596,1
53597,0.95575434
53598,1
53599,0.889163435
53600,0.708548963
53601,1
53602,0.984009266
53603,1
53604,0.952716291
53605,0.988949299
53606,0.962612867
53607,1
53608,0.987428486
53609,0.886807203
53610,0.985205948
53611,1
53612,0.978605688
53613,1
53614,1
53615,1
53616,1
53617,1
53618,1
53619,1
53620,0.935402572
53621,0.973562062
53622,0.969813645
53623,0.987208188
53624,1
53625,1
53626,1
53627,1
53628,1
53629,0.917714596
53630,0.988335609
53631,0.983463228
53632,0.988282979
53633,0.534466445
53634,0.982487738
53635,0.954542875
53636,0.987977445
53637,0.971665502
53638,1
53639,0.866912067
53640,0.576089025
53641,1
53642,1
53643,0.988458574
53644,0.741997361
53645,0.98797673
53646,0.98734647
53647,0.987582445
53648,1
53649,1
53650,1
53651,1
53652,0.972924531
53653,0.962863445
53654,0.956781626
53655,1
53656,0.98886174
53657,0.986433268
53658,1
53659,1
53660,1
53661,0.718328834
53662,0.916221678
53663,0.98443985
53664,0.981464446
53665,1
53666,0.930992782
53667,0.89007926
53668,0.977217853
53669,0.97020793
53670,0.820777893
53671,1
53672,0.905554652
53673,0.889413714
53674,0.946862936
53675,1
53676,0.95066756
53677,1
53678,0.938528895
53679,0.987332046
53680,0.987514734
53681,1
53682,0.945991516
53683,1
53684,0.880329967
53685,0.964486301
53686,0.960293591
53687,0.981518328
53688,1
53689,0.970008254
53690,0.177599236
53691,0.96298027
53692,0.931599259
53693,0.983235002
53694,1
53695,0.969725668
53696,1
53697,0.970983267
53698,0.333627462
53699,0.98821938
53700,1
53701,1
53702,1
53703,0.941336453
53704,1
53705,0.797434807
53706,1
53707,1
53708,1
53709,1
53710,0.967987299
53711,0.979830802
53712,1
53713,0.987488687
53714,0.952164888
53715,0.988942266
53716,1
53717,1
53718,1
53719,1
53720,0.984381735
53721,0.988238275
53722,0.916649818
53723,0.983735621
53724,1
53725,1
53726,0.931709766
53727,0.987144291
53728,1
53729,0.971430242
53730,0.969287634
53731,0.986318469
53732,0.957810104
53733,0.985447407
53734,0.874748647
53735,1
53736,0.975503027
53737,0.982211292
53738,0.986345172
53739,0.985099614
53740,1
53741,0.969326615
53742,1
53743,0.986663818
53744,1
53745,0.974625766
53746,1
53747,0.980421722
53748,0.989419222
53749,1
53750,0.924450696
53751,0.922249794
53752,0.982873976
53753,1
53754,0.70590353
53755,0.984894097
53756,0.976584971
53757,0.699585557
53758,1
53759,0.987933219
53760,1
53761,1
53762,0.879325867
53763,0.980901837
53764,0.98110342
53765,1
53766,1
53767,1
53768,1
53769,0.988756716
53770,0.979174435
53771,1
53772,0.98657763
53773,1
53774,0.989013076
53775,1
53776,1
53777,1
53778,0.987053454
53779,0.983890355
53780,1
53781,0.872965634
53782,0.977071106
53783,0.951863766
53784,0.916083455
53785,0.987307191
53786,1
53787,0.982208192
53788,0.965486169
53789,1
53790,1
53791,0.977029264
53792,1
53793,0.986472845
53794,1
53795,0.980331659
53796,0.931518078
53797,0.984568954
53798,1
53799,0.981225193
53800,0.980094612
53801,0.968711436
53802,0.987535417
53803,0.989884853
53804,1
53805,0.948840082
53806,0.953167856
53807,0.941898704
53808,0.976980209
53809,1
53810,0.963843763
53811,0.977210879
53812,0.984315455
53813,0.97892499
53814,0.976090789
53815,1
53816,0.972652793
53817,0.988369584
53818,1
53819,1
53820,0.94830358
53821,0.962311745
53822,0.952902973
53823,0.976618171
53824,0.977206826
53825,0.983305872
53826,1
53827,0.988415957
53828,0.95048058
53829,0.953336716
53830,1
53831,0.928469122
53832,1
53833,0.943836272
53834,0.941106141
53835,1
53836,1
53837,0.912283003
53838,0.967378497
53839,0.986855567
53840,1
53841,0.978059053
53842,0.985651374
53843,1
53844,1
53845,0.87104857
53846,0.972725511
53847,1
53848,0.955108047
53849,1
53850,0.870054781
53851,0.866732121
53852,0.961335301
53853,0.98288095
53854,1
53855,0.916023731
53856,0.985396326
53857,0.629819095
53858,0.675196767
53859,0.95429349
53860,0.952120245
53861,1
53862,0.455656409
53863,0.963077128
53864,0.923455834
53865,1
53866,1
53867,0.96220994
53868,0.979631603
53869,0.977833748
53870,1
53871,0.986912012
53872,1
53873,0.979026556
53874,0.982932568
53875,0.980756879
53876,1
53877,1
53878,0.986973345
53879,0.989640653
53880,0.98351711
53881,0.858494401
53882,1
53883,0.988341749
53884,1
53885,1
53886,1
53887,1
53888,0.944728494
53889,1
53890,0.97868228
53891,1
53892,0.983844936
53893,0.961947024
53894,0.978893936
53895,0.941037953
53896,0.974499285
53897,1
53898,0.959783435
53899,0.777605593
53900,1
53901,0.95650959
53902,0
53903,0.949430645
53904,0.978330433
53905,0.986571789
53906,0.901936054
53907,0.983314991
53908,0.968474448
53909,0.976274431
53910,0.989256382
53911,0.941542387
53912,0.987218618
53913,0.953049779
53914,1
53915,0.943060279
53916,1
53917,0.855059147
53918,1
53919,0.891649306
53920,1
53921,0.966724515
53922,1
53923,1
53924,0.983866572
53925,1
53926,1
53927,0.98276639
53928,0.971938968
53929,0.945459366
53930,0.91376853
53931,0.960257292
53932,1
53933,0.893124163
53934,0.983274281
53935,0.980077624
53936,0.921131849
53937,0.986174226
53938,1
53939,0.962176859
53940,1
53941,1
53942,0.979045093
53943,0.960107148
53944,0.975464821
53945,1
53946,1
53947,1
53948,1
53949,0.987297416
53950,0.960725665
53951,0.988404632
53952,0.833040535
53953,0.989398122
53954,0.507619441
53955,0.980938673
53956,0.979245186
53957,0.574454963
53958,0.900894523
53959,0.983940899
53960,1
53961,0.974222481
53962,0.842192352
53963,0.970759094
53964,1
53965,1
53966,0.980597556
53967,0.717380047
53968,0.987260103
53969,0.982647121
53970,0.979859889
53971,1
53972,0.985944033
53973,1
53974,0.83725673
53975,0.947402418
53976,1
53977,0.969644725
53978,1
53979,0.984719634
53980,0.980578721
53981,1
53982,0.971684098
53983,0.921963334
53984,0.723956645
53985,0.93757844
53986,0.983523428
53987,1
53988,1
53989,0.970236898
53990,0.948835492
53991,0.971219778
53992,1
53993,0.978740335
53994,0.977149308
53995,0.981576622
53996,0.951107323
53997,1
53998,1
53999,1
54000,0.891992033
54001,0.962996006
54002,0.978976309
54003,1
54004,0.974882901
54005,0.956078708
54006,0.982376218
54007,1
54008,0.932473719
54009,0.989609122
54010,0.72210139
54011,1
54012,1
54013,1
54014,0.877809584
54015,0.984443545
54016,0.973238707
54017,0.979181171
54018,0.718857765
54019,0.732204258
54020,0.959614456
54021,0.960247934
54022,1
54023,0.973244906
54024,0.966089487
54025,0.982090771
54026,1
54027,0.989236534
54028,1
54029,0.980891526
54030,0.943938851
54031,0.986192167
54032,1
54033,0.967948675
54034,1
54035,1
54036,0.989834607
54037,1
54038,0.399832636
54039,0.979541838
54040,1
54041,0.865531623
54042,0.987939596
54043,0.939329386
54044,1
54045,0.97572428
54046,0.89599365
54047,0.494389415
54048,0.966824114
54049,0.928625047
54050,0.988473713
54051,1
54052,1
54053,1
54054,0.288023412
54055,1
54056,0.856225312
54057,0.92407757
54058,0.989820123
54059,0.902007461
54060,0.987466872
54061,1
54062,0.982587516
54063,0.979708731
54064,1
54065,0.982078612
54066,0.982323885
54067,0.528588712
54068,1
54069,0.977280557
54070,0.964817405
54071,0.414483428
54072,0.981506228
54073,0.952349126
54074,1
54075,0.986923277
54076,1
54077,1
54078,1
54079,0.98797673
54080,1
54081,0.961304784
54082,0.981972158
54083,0.989940941
54084,1
54085,1
54086,1
54087,0.971211374
54088,0.847407162
54089,0.960934579
54090,1
54091,1
54092,0.657810688
54093,0.955867708
54094,1
54095,0.959048033
54096,0.98532629
54097,1
54098,1
54099,0.986921668
54100,1
54101,0.95804733
54102,1
54103,0.780187309
54104,1
54105,0.871963799
54106,0.972389162
54107,0.986675561
54108,0.947068811
54109,0.977192581
54110,0.98744905
54111,0.832036853
54112,1
54113,0.873263478
54114,1
54115,1
54116,1
54117,1
54118,0.674246788
54119,1
54120,1
54121,0.985120654
54122,1
54123,1
54124,0.946972132
54125,0.984972179
54126,1
54127,0.978911758
54128,1
54129,0.963041306
54130,0.920826197
54131,1
54132,0.983206272
54133,1
54134,0.955059111
54135,0.982204378
54136,0.920631588
54137,1
54138,0.920147538
54139,1
54140,1
54141,1
54142,0.986390233
54143,0.98153746100000006
54144,0.727227569
54145,0.988568187
54146,1
54147,0.984769702
54148,0.987163305
54149,0.982133806
54150,0.891905248
54151,0.978895068
54152,0.979615569
54153,0.890001059
54154,0.943577945
54155,0.982949972
54156,1
54157,0.938269615
54158,1
54159,0.971351385
54160,0.983441532
54161,0.989091516
54162,1
54163,1
54164,0.982942581
54165,0.962789536
54166,1
54167,1
54168,1
54169,1
54170,1
54171,1
54172,1
54173,1
54174,1
54175,0.975124061
54176,1
54177,1
54178,0.935786247
54179,0.969045162
54180,0.979523838
54181,0.803066671
54182,0.958418071
54183,1
54184,0.938124478
54185,1
54186,1
54187,1
54188,0.989235699
54189,1
54190,0.97770828
54191,0.98804605
54192,0.977402389
54193,1
54194,1
54195,0.986887276
54196,1
54197,1
54198,1
54199,0.985934198
54200,0.983780861
54201,0.263035595
54202,0.934224606
54203,1
54204,0.788715363
54205,0.946892858
54206,0.989849329
54207,1
54208,1
54209,0.967226207
54210,0.979973674
54211,0.967439592
54212,1
54213,0.966750503
54214,0.984801829
54215,1
54216,0.877043247
54217,0.938621223
54218,0.912678599
54219,0.973436236
54220,0.948206961
54221,0.978818297
54222,0.961346746
54223,1
54224,0.956085801
54225,1
54226,0.984122932
54227,1
54228,0.979068756
54229,1
54230,1
54231,1
54232,1
54233,0.98600775
54234,0.958843172
54235,0.976030707
54236,1
54237,0.840644836
54238,0.957256675
54239,1
54240,1
54241,1
54242,1
54243,0.984657705
54244,0.973314822
54245,0.978146493
54246,1
54247,0.92706883
54248,0.980112195
54249,1
54250,0.987334848
54251,0.969999731
54252,0.980116546
54253,0.893066764
54254,0.955758572
54255,0.988484919
54256,0.983060777
54257,1
54258,0.986554265
54259,0.97486943
54260,0.94585371
54261,1
54262,1
54263,0.967883349
54264,0.979066074
54265,1
54266,0.643214464
54267,0.964985251
54268,0.969325423
54269,0.987066329
54270,0.908404946
54271,0.980113387
54272,1
54273,1
54274,1
54275,0.969005942
54276,1
54277,1
54278,1
54279,0.682881653
54280,1
54281,0.945125938
54282,0.842416465
54283,0.989569247
54284,0.966153801
54285,0.975887179
54286,0.980486691
54287,1
54288,0.850760877
54289,0.962128758
54290,0.98529309
54291,0.983889937
54292,0.98716253
54293,0.985837102
54294,0.562654555
54295,0.985507011
54296,0.960188508
54297,1
54298,0.976008415
54299,0.968106926
54300,0.98859489
54301,0.945966661
54302,0.205123693
54303,0.98318857
54304,0.943885446
54305,0.960244536
54306,1
54307,1
54308,0.96020335
54309,0.98265183
54310,0.967375159
54311,0.98478967
54312,0.966833592
54313,1
54314,1
54315,0.851329386
54316,0.985371888
54317,0.963978231
54318,0.929400206
54319,1
54320,0.985692263
54321,1
54322,0.955418706
54323,0.96829313
54324,0.820210099
54325,1
54326,0.910391152
54327,1
54328,0.96482861
54329,0.988748193
54330,1
54331,1
54332,0.986646652
54333,0.987069011
54334,0.964036405
54335,1
54336,0.979099572
54337,0.788667977
54338,1
54339,0.980018914
54340,0.989160955
54341,0.982875228
54342,0.974826157
54343,1
54344,0.977023661
54345,0.972667992
54346,1
54347,0.880727708
54348,0.953085661
54349,1
54350,1
54351,1
54352,0.938117504
54353,1
54354,1
54355,0.975314379
54356,1
54357,1
54358,0.979837239
54359,1
54360,0.774332643
54361,0.811449766
54362,1
54363,0.98768568
54364,1
54365,1
54366,1
54367,0.790492237
54368,1
54369,0.907037258
54370,1
54371,0.982209921
54372,0.661911607
54373,0.857828677
54374,0.849806845
54375,1
54376,0.982227266
54377,0.935934007
54378,1
54379,1
54380,0.984310031
54381,1
54382,1
54383,0.986758411
54384,1
54385,1
54386,0.976062119
54387,0.985085487
54388,0.875653207
54389,0.918856621
54390,0.969840944
54391,1
54392,0.631641328
54393,0.918292463
54394,1
54395,0.989392996
54396,1
54397,0.941127896
54398,1
54399,0.951401532
54400,1
54401,0.982660592
54402,0.985379338
54403,0.908939004
54404,1
54405,0.98788619
54406,0.979159951
54407,0.965485811
54408,0.764670432
54409,1
54410,0.977232993
54411,0.959731937
54412,0.974440992
54413,1
54414,0.642733872
54415,1
54416,1
54417,0.950986564
54418,0.975814402
54419,0.874535561
54420,0.921144724
54421,0.971576154
54422,0.969301462
54423,1
54424,0.981862247
54425,1
54426,1
54427,0.988433063
54428,0.920000136
54429,0.553638279
54430,1
54431,1
54432,0.985471666
54433,0.747534216
54434,1
54435,1
54436,1
54437,0.965835393
54438,1
54439,0.754963815
54440,1
54441,1
54442,1
54443,0.973026216
54444,1
54445,1
54446,1
54447,1
54448,0.989773572
54449,0.946073651
54450,0.916936457
54451,1
54452,1
54453,1
54454,0.896717966
54455,1
54456,0.684286714
54457,0.989395201
54458,0.930696726
54459,0.984510005
54460,0.96513623
54461,0.968852639
54462,0.973932385
54463,0.978593946
54464,0.938024819
54465,0.904096246
54466,1
54467,0.93742317
54468,0.925246239
54469,1
54470,0.331893504
54471,1
54472,1
54473,0.756631672
54474,0.988853931
54475,0.859056115
54476,1
54477,0.961140811
54478,1
54479,1
54480,1
54481,0.975451946
54482,1
54483,0.981031478
54484,0.979699254
54485,1
54486,1
54487,0.904170454
54488,1
54489,0.968046844
54490,1
54491,0.96551013
54492,0.965114117
54493,1
54494,0.984968483
54495,1
54496,1
54497,1
54498,1
54499,1
54500,0.973733187
54501,0.910355747
54502,1
54503,1
54504,0.982545614
54505,0.987005353
54506,0.987785459
54507,1
54508,0.825627863
54509,1
54510,1
54511,1
54512,1
54513,0.986711443
54514,0.974440694
54515,0.966364026
54516,1
54517,0.960105062
54518,1
54519,0.968057454
54520,0.874686003
54521,1
54522,1
54523,1
54524,0.98795706
54525,0.989490569
54526,1
54527,0.902664185
54528,0.985964894
54529,0.960031927
54530,0.989939034
54531,1
54532,1
54533,1
54534,0.949858725
54535,1
54536,1
54537,0.983868241
54538,0.97636956
54539,1
54540,1
54541,0
54542,0.958848715
54543,0.949648738
54544,1
54545,0.978708684
54546,0.973804355
54547,1
54548,0.493712217
54549,0.988880277
54550,1
54551,1
54552,0.980514228
54553,0.989019811
54554,0.968780577
54555,0.982714951
54556,1
54557,1
54558,1
54559,0.949925184
54560,1
54561,0.989899457
54562,1
54563,0.984142244
54564,0.982712865
54565,1
54566,0.811213017
54567,1
54568,1
54569,1
54570,1
54571,1
54572,0.962147594
54573,0.85982734
54574,1
54575,1
54576,1
54577,0.985800386
54578,1
54579,0.985479236
54580,0.976234436
54581,0.681257486
54582,0.954235196
54583,0.981443644
54584,0.985998154
54585,0.988809407
54586,1
54587,0.964667559
54588,0.987902701
54589,0.98850292
54590,1
54591,1
54592,1
54593,1
54594,1
54595,0.298772305
54596,1
54597,0.984434187
54598,0.981475353
54599,1
54600,0.9833619
54601,0.989226937
54602,0.981817126
54603,0.988292873
54604,0.752081454
54605,0.9634372
54606,0.989769816
54607,0.97683835
54608,0.835735977
54609,0.95202839399999994
54610,1
54611,0.989008188
54612,0.985895574
54613,0.825881183
54614,1
54615,1
54616,0.938760698
54617,1
54618,0.98328948
54619,1
54620,1
54621,0.987353861
54622,0.978569508
54623,1
54624,0.974292994
54625,0.93363595
54626,0.979765952
54627,0.899754942
54628,1
54629,1
54630,1
54631,1
54632,0.98930347
54633,0.98859489
54634,1
54635,1
54636,0.970915973
54637,0.978060842
54638,0.858467221
54639,0.960929275
54640,0.989019573
54641,0.960609973
54642,0.980199933
54643,0.954321384
54644,1
54645,0.47926566
54646,0.966315508
54647,0.982714951
54648,0.965687633
54649,0.985427916
54650,0.976545274
54651,0.987804532
54652,0.989622116
54653,1
54654,1
54655,0.945605278
54656,0.973398805
54657,0.908390284
54658,0.918541014
54659,0.981948435
54660,0.922700524
54661,1
54662,1
54663,0.976289213
54664,1
54665,0.953066707
54666,1
54667,1
54668,0.949647963
54669,1
54670,0.980017066
54671,0.884407044
54672,1
54673,1
54674,0.960850716
54675,0.984671414
54676,0.319960117
54677,0.983334899
54678,0.963414371
54679,1
54680,0.943008363
54681,1
54682,0.964884698
54683,0.61556679
54684,1
54685,0.962756693
54686,1
54687,0.719741702
54688,0.98373276
54689,1
54690,0.982766748
54691,0.94553566
54692,0.984884858
54693,0.97689122
54694,0.91380477
54695,0.979772449
54696,1
54697,0.985785067
54698,0.953027189
54699,1
54700,0.987223148
54701,1
54702,0.982646585
54703,1
54704,1
54705,1
54706,0.967008591
54707,0.982307136
54708,1
54709,0.95574826
54710,0.983035684
54711,0.962552249
54712,1
54713,1
54714,1
54715,0.985503733
54716,0.971210003
54717,0.977523685
54718,0.979726434
54719,0.96296382
54720,0.89235222300000006
54721,1
54722,0.81384933
54723,0.988816023
54724,1
54725,0.816390693
54726,0.983220458
54727,0.986053109
54728,1
54729,0.825414777
54730,1
54731,0.80747366
54732,0.90738368
54733,1
54734,0.978576601
54735,0.535644412
54736,0.987166703
54737,0.60509336
54738,0.979371846
54739,0.942684889
54740,0.674511135
54741,1
54742,0.934651017
54743,0.563290298
54744,0.938465297
54745,0.985452473
54746,0.541262806
54747,1
54748,0.985892117
54749,1
54750,1
54751,0.988054216
54752,0.967930675
54753,0.964075267
54754,0.989508629
54755,1
54756,0.989578664
54757,1
54758,0.988767803
54759,0.956376314
54760,0.945453167
54761,1
54762,0.982016623
54763,1
54764,1
54765,1
54766,0.921956182
54767,0.979983985
54768,1
54769,0.980620921
54770,0.989796817
54771,1
54772,0.831779838
54773,1
54774,0.925304115
54775,1
54776,0.975137532
54777,0.970984399
54778,0.955454409
54779,1
54780,1
54781,0.90644598
54782,0.985756099
54783,1
54784,1
54785,1
54786,1
54787,1
54788,0.979734123
54789,1
54790,0.965897918
54791,1
54792,0.913932979
54793,1
54794,1
54795,1
54796,0.972246945
54797,1
54798,0.91871917299999994
54799,0.961983204
54800,0.988114417
54801,1
54802,0.975973785
54803,1
54804,0.988325834
54805,0.956234157
54806,0.985308826
54807,1
54808,0.923558474
54809,0.983721793
54810,0.938165009
54811,1
54812,1
54813,0.968433082
54814,0.976458669
54815,1
54816,0.634120226
54817,0.974222481
54818,0.969007611
54819,1
54820,0.984807491
54821,0.786830068
54822,0.956946015
54823,0.869141579
54824,1
54825,0.989534795
54826,0.989986718
54827,0.956853688
54828,0.984830499
54829,0.986191869
54830,0.970328033
54831,1
54832,0.986855924
54833,0.989795148
54834,1
54835,0.853123605
54836,1
54837,1
54838,0.978091419
54839,1
54840,0.981859505
54841,0.966906011
54842,0.977019489
54843,1
54844,1
54845,0.988520443
54846,1
54847,1
54848,0.951309681
54849,1
54850,0.977674782
54851,1
54852,1
54853,0.9873842
54854,0.969263494
54855,0.979355991
54856,1
54857,1
54858,0.988622367
54859,1
54860,1
54861,0.966984749
54862,0.982264519
54863,0.974219084
54864,0.981636167
54865,1
54866,0.989579141
54867,1
54868,1
54869,0.975192845
54870,0.781813443
54871,0.901818752
54872,0.973065853
54873,0.88864255
54874,0.987034202
54875,1
54876,0.976173997
54877,0.986149192
54878,1
54879,1
54880,0.933371782
54881,0.9125247
54882,0.98970139
54883,0.913778603
54884,1
54885,0.925393224
54886,0.966976047
54887,0.965983808
54888,0.963943899
54889,1
54890,0.975004137
54891,1
54892,0.987563789
54893,0.973060072
54894,0.974885941
54895,1
54896,1
54897,0.949800968
54898,0.976370573
54899,0.956147373
54900,0.98958391
54901,0.989152432
54902,0.978198767
54903,0.984039962
54904,0.965322375
54905,0.981877983
54906,0.929974079
54907,1
54908,0.986154079
54909,0.945712924
54910,0.95574826
54911,0.987055063
54912,0.983602047
54913,0.958640993
54914,1
54915,0.988473713
54916,1
54917,1
54918,0.982010424
54919,0.953550637
54920,0.981573641
54921,1
54922,1
54923,0.986591518
54924,0.984288096
54925,0.683870316
54926,0.986676276
54927,1
54928,0.894041121
54929,1
54930,1
54931,0.979469299
54932,1
54933,0.893095553
54934,0.929874778
54935,0.988749266
54936,0.465306044
54937,0.971533954
54938,0.986935556
54939,0.980097473
54940,1
54941,1
54942,1
54943,1
54944,1
54945,1
54946,1
54947,0.983814657
54948,1
54949,0.978085816
54950,0.989628792
54951,0.969001353
54952,0.972833693
54953,1
54954,0.93242383
54955,1
54956,1
54957,0.889872551
54958,0.987882137
54959,0.984791219
54960,0.885772169
54961,0.973982692
54962,0.950756371
54963,0.98499161
54964,1
54965,0.988826513
54966,1
54967,1
54968,0.983934343
54969,1
54970,1
54971,1
54972,0.148156494
54973,0.966076911
54974,0.985009193
54975,0.97911948
54976,0.978967488
54977,1
54978,0.985183954
54979,0.9836092
54980,0.983733118
54981,1
54982,0.764310479
54983,1
54984,0.988185406
54985,1
54986,0.950220704
54987,0.959101737
54988,0.528922796
54989,0.969227076
54990,0.983282685
54991,0.983023465
54992,1
54993,0.955475748
54994,1
54995,0.970092595
54996,0.97122407
54997,1
54998,0.987857699
54999,0.700465262
55000,0.985141277
55001,0.987131059
55002,1
55003,0.97396642
55004,0.989747047
55005,1
55006,0.941377759
55007,0.542480409
55008,0.960031033
55009,1
55010,0.989086151
55011,1
55012,1
55013,1
55014,0.958583713
55015,0.943635702
55016,1
55017,0.968683362
55018,0.987851739
55019,0.988311589
55020,1
55021,1
55022,0.927340806
55023,1
55024,0.981072128
55025,0.987872839
55026,0.961499155
55027,1
55028,1
55029,0.909622908
55030,1
55031,0.76874578
55032,1
55033,0.972257912
55034,1
55035,1
55036,0.988117099
55037,1
55038,1
55039,0.982883871
55040,1
55041,1
55042,0.970994651
55043,0.977075577
55044,0.985728085
55045,1
55046,1
55047,0.969840944
55048,0.649212003
55049,1
55050,0.987829089
55051,0.967319131
55052,1
55053,0.891685486
55054,1
55055,1
55056,0.978147745
55057,0.371754259
55058,1
55059,0.836931229
55060,0.983548224
55061,0.964978457
55062,1
55063,0.975713372
55064,0.839201093
55065,0.980091929
55066,1
55067,0.988195658
55068,0.966491282
55069,0.960100234
55070,0.982557595
55071,1
55072,1
55073,0.751532853
55074,0.917267442
55075,1
55076,0.937614501
55077,0.970773459
55078,0.980956376
55079,0.974975348
55080,0.983703435
55081,0.847407162
55082,1
55083,0.984919429
55084,1
55085,1
55086,1
55087,0.959935963
55088,0.939964712
55089,0.983836711
55090,0.966585159
55091,0.977905452
55092,1
55093,1
55094,0.987541258
55095,0.709395349
55096,1
55097,0.976038754
55098,1
55099,1
55100,0.766769528
55101,0.958089709
55102,0.98747021
55103,1
55104,1
55105,1
55106,0.981786966
55107,1
55108,1
55109,1
55110,0.947019756
55111,0.989543676
55112,1
55113,0.983753979
55114,1
55115,1
55116,0.979215026
55117,1
55118,0.957655013
55119,0.952267885
55120,0.934283257
55121,0.970714271
55122,0.932209432
55123,1
55124,0.958762288
55125,1
55126,0.988588452
55127,1
55128,0.644791603
55129,0.97670275
55130,0.968529105
55131,0.965451241
55132,1
55133,1
55134,1
55135,0.897120893
55136,1
55137,1
55138,0.988620699
55139,1
55140,1
55141,0.975649953
55142,0.985596597
55143,1
55144,1
55145,1
55146,1
55147,1
55148,0.976122797
55149,0.96658808
55150,0.978300035
55151,1
55152,0.989635885
55153,1
55154,0.938044965
55155,0.984361053
55156,0.984087408
55157,0.851878882
55158,0.920383215
55159,1
55160,0.984042168
55161,1
55162,1
55163,1
55164,1
55165,0.97729665
55166,0.98684442000000006
55167,0.851921082
55168,1
55169,0.649212003
55170,0.971678436
55171,0.934875846
55172,1
55173,0.977594137
55174,0.723154903
55175,0.986390233
55176,1
55177,0.983620644
55178,0.961538374
55179,0.970063448
55180,0.968484819
55181,0.655134261
55182,0.939315498
55183,0.81814605
55184,0.977179468
55185,0.916690767
55186,1
55187,0.977832258
55188,1
55189,0.52801168
55190,1
55191,0.907623708
55192,0.973935843
55193,0.980208218
55194,0.973823249
55195,0.984374106
55196,0.970238209
55197,0.980649233
55198,1
55199,0.950745702
55200,0.972973645
55201,0.949284434
55202,0.974296629
55203,0.989472926
55204,1
55205,1
55206,0.17530933
55207,0.978603184
55208,1
55209,0.923970401
55210,0.811539412
55211,0.973908186
55212,1
55213,0.986065269
55214,0.917694509
55215,0.974585712
55216,1
55217,1
55218,0.843901277
55219,0.959436238
55220,0.979267716
55221,1
55222,1
55223,0.163726375
55224,0.987944126
55225,0.394252837
55226,0.987858176
55227,1
55228,0.923668623
55229,0.98719132
55230,1
55231,1
55232,0.84141016
55233,0.9807598
55234,0.979279816
55235,0.968832016
55236,1
55237,0.976727009
55238,1
55239,0.967357278
55240,1
55241,0.969546795
55242,0.965165317
55243,1
55244,0.919426858
55245,0.969833493
55246,0.939256072
55247,0.959628284
55248,1
55249,0.972702622
55250,0.988311946
55251,0.714455724
55252,0.965871453
55253,1
55254,0.96946758
55255,0.982040107
55256,0.864065707
55257,1
55258,0.982628703
55259,0.986650944
55260,0.978411973
55261,0.987758339
55262,0.93832159
55263,0.632348537
55264,0.78784591
55265,0.989643097
55266,0.957489789
55267,0.88375622
55268,0.926785886
55269,0.953992844
55270,1
55271,0.985847652
55272,0.989049316
55273,0.957148671
55274,0.970081627
55275,0.963489175
55276,0.918750286
55277,0.985830724
55278,0.978466332
55279,0.968549371
55280,0.590676308
55281,1
55282,0.957091808
55283,0.910174608
55284,1
55285,0.989249945
55286,1
55287,0.983116329
55288,1
55289,1
55290,0.884009719
55291,0.982789874
55292,0.936770856
55293,1
55294,0.491395354
55295,1
55296,0.981357455
55297,1
55298,0.97109443
55299,0.973544776
55300,0.975343347
55301,0.968185961
55302,0.984739304
55303,1
55304,1
55305,0.983975887
55306,0.963082135
55307,0.977093875
55308,0.900588214
55309,0.91439575
55310,0.975203514
55311,0.849401534
55312,0.972997308
55313,1
55314,0.536589384
55315,1
55316,0.909696817
55317,0.829678655
55318,0.950391293
55319,1
55320,0.530025721
55321,0.910376012
55322,0.273924917
55323,0.932036579
55324,1
55325,0.974903286
55326,0.708101928
55327,0.985980868
55328,0.977962256
55329,0.806453168
55330,1
55331,0.950463772
55332,0.984853149
55333,1
55334,1
55335,1
55336,1
55337,0.980133653
55338,0.984382212
55339,0.987072289
55340,0.868144512
55341,1
55342,0.98512578
55343,0.98678571
55344,1
55345,0.959545851
55346,0.96131891
55347,1
55348,1
55349,0.938743591
55350,1
55351,0.979522705
55352,0.951275528
55353,1
55354,0.336133093
55355,0.969827473
55356,0.966731966
55357,1
55358,0.925085247
55359,1
55360,0.954178095
55361,0.98629272
55362,0.987470686
55363,0.958998799
55364,0.968895495
55365,0.895830393
55366,0.977407634
55367,1
55368,0.849725902
55369,1
55370,1
55371,0.964971721
55372,0.984896183
55373,1
55374,0.955765784
55375,0.989246428
55376,0.962224305
55377,1
55378,0.983900547
55379,0.98684758
55380,0.726103842
55381,0.967349827
55382,0.988984704
55383,0.979284525
55384,0.9534868
55385,0.988734543
55386,0.984942079
55387,1
55388,1
55389,0.704769373
55390,0.95587945
55391,1
55392,1
55393,1
55394,1
55395,1
55396,0.983751774
55397,1
55398,0.936624229
55399,0.970848978
55400,1
55401,1
55402,1
55403,0.98088479
55404,0.678505898
55405,0.849170864
55406,1
55407,0.983987451
55408,0.857577264
55409,0.980276942
55410,0.985190332
55411,1
55412,0.956105888
55413,0.977317214
55414,0.941056132
55415,0.799300373
55416,1
55417,0.791278541
55418,0.984840453
55419,0.980732143
55420,0.961643219
55421,0.979786277
55422,1
55423,0.606051981
55424,0.951510191
55425,0.958437026
55426,0.386593521
55427,0.952062547
55428,0.975657642
55429,1
55430,1
55431,0.98394233
55432,0.980968058
55433,0.971264005
55434,1
55435,0.956530631
55436,0.946871281
55437,0.989504695
55438,0.955804527
55439,1
55440,0.985452831
55441,0.975166798
55442,0.983705998
55443,1
55444,0.977111638
55445,0.986964285
55446,0.951823056
55447,0.978533208
55448,0.985239506
55449,0.934834063
55450,1
55451,0.986802161
55452,1
55453,0
55454,0.975340724
55455,0.939618349
55456,0.986868382
55457,0.989517033
55458,0.95605576
55459,0.966619253
55460,0.966180801
55461,1
55462,1
55463,0.988975644
55464,1
55465,0.981698275
55466,1
55467,1
55468,0.882919371
55469,1
55470,0.928609729
55471,1
55472,1
55473,0.975831747
55474,1
55475,1
55476,1
55477,1
55478,0.966285229
55479,0.984628439
55480,1
55481,1
55482,1
55483,0.38306281
55484,1
55485,0.959054589
55486,0.981195152
55487,0.984354615
55488,0.932272673
55489,1
55490,1
55491,1
55492,0.864285111
55493,0.982658088
55494,1
55495,0.968279243
55496,0.95812124
55497,1
55498,0.986360133
55499,1
55500,0.969878495
55501,1
55502,1
55503,1
55504,1
55505,1
55506,0.986158907
55507,0.857526243
55508,1
55509,1
55510,1
55511,1
55512,1
55513,0.933009505
55514,0.956327796
55515,0.928257048
55516,1
55517,0.906339109
55518,1
55519,1
55520,0.976624072
55521,0.964113951
55522,0.979193628
55523,0.96482861
55524,0.487288386
55525,1
55526,0.969723225
55527,0.98012495
55528,0.921233237
55529,1
55530,1
55531,1
55532,0.900301039
55533,1
55534,0.984036267
55535,0.963047981
55536,1
55537,1
55538,0.89042902
55539,0.971746802
55540,0.976191402
55541,1
55542,1
55543,0.692097366
55544,0.976685464
55545,1
55546,0.982405245
55547,0.970075071
55548,0.981302202
55549,0.98718214
55550,0.970903158
55551,0.976635575
55552,0.98987633
55553,0.985711157
55554,0.971498847
55555,0.85474956
55556,0.986760497
55557,0.959910631
55558,0.841798246
55559,0.961689293
55560,0.974598289
55561,0.961099386
55562,0.989942431
55563,0.88398236
55564,1
55565,0.939899206
55566,1
55567,1
55568,1
55569,0.873999417
55570,0.926739633
55571,1
55572,0.986096084
55573,0.9225142
55574,1
55575,1
55576,1
55577,0.671752691
55578,0.956101954
55579,1
55580,0.904989779
55581,1
55582,1
55583,0.987632394
55584,0.893473744
55585,1
55586,1
55587,1
55588,1
55589,1
55590,0.983730197
55591,0.987414181
55592,1
55593,1
55594,0.915898979
55595,0.534586668
55596,0.975405574
55597,1
55598,0.978900909
55599,0.980664015
55600,1
55601,0.946008265
55602,1
55603,0.969286323
55604,1
55605,1
55606,0.987847805
55607,1
55608,0.946013987
55609,1
55610,0.359624654
55611,0.979129314
55612,1
55613,0.981420457
55614,0.919268608
55615,1
55616,0.905988753
55617,0.98458451
55618,0.622068465
55619,0.960102022
55620,0.966372848
55621,1
55622,1
55623,0.985164404
55624,0.969687343
55625,1
55626,0.968163133
55627,0.983055472
55628,0.934830189
55629,1
55630,1
55631,0.26375559
55632,0.987769783
55633,0.920387209
55634,1
55635,0.987092733
55636,1
55637,1
55638,1
55639,0.935016811
55640,0.976793528
55641,0.961780489
55642,0.981583297
55643,1
55644,0.982228994
55645,0.989898086
55646,1
55647,0.93694061
55648,0.987596512
55649,0.936943114
55650,0.985180736
55651,1
55652,1
55653,1
55654,1
55655,0.962972462
55656,0.958135426
55657,0.982376695
55658,0.987440348
55659,1
55660,0.982677162
55661,0.984063149
55662,0.878194451
55663,1
55664,0.961517572
55665,0.97609973
55666,0.968003273
55667,1
55668,0.983836234
55669,0.988725841
55670,1
55671,1
55672,0.985745668
55673,1
55674,0.962186098
55675,1
55676,0.384821087
55677,1
55678,1
55679,0.98047024
55680,1
55681,1
55682,0.713318825
55683,1
55684,0.987614155
55685,0.798719406
55686,0.872529805
55687,1
55688,1
55689,1
55690,0.989611507
55691,0.975836098
55692,0.96206218
55693,0.974543154
55694,0.981178224
55695,0.971876681
55696,0.976479948
55697,1
55698,1
55699,1
55700,0.980514884
55701,0.976570725
55702,0.779340982
55703,0.658611178
55704,1
55705,0.98479718
55706,1
55707,1
55708,0.986302018
55709,1
55710,1
55711,1
55712,0.989266038
55713,0.986777902
55714,1
55715,0.971290529
55716,0.96292758
55717,0.621157885
55718,1
55719,0.394873947
55720,0.980645835
55721,1
55722,0.986191988
55723,1
55724,0.987042308
55725,0.954995751
55726,0.940250337
55727,0.984187245
55728,0.957692325
55729,0.972302616
55730,0.985370874
55731,0.957634509
55732,0.968691945
55733,0.986951947
55734,1
55735,0.699771285
55736,1
55737,1
55738,0.670687139
55739,1
55740,0.988292038
55741,0.98543942
55742,0.974462211
55743,1
55744,0.975805104
55745,0.982952178
55746,1
55747,1
55748,1
55749,1
55750,0.965797722
55751,0.981614649
55752,0.986208677
55753,1
55754,1
55755,1
55756,1
55757,1
55758,1
55759,0.987198532
55760,0.857124925
55761,0.780743778
55762,1
55763,1
55764,0.785779595
55765,0.945166946
55766,0.970420182
55767,0.975901902
55768,0.137933627
55769,0.974246681
55770,0.986964822
55771,0.965644658
55772,1
55773,1
55774,0.801508606
55775,0.979056478
55776,0.985814035
55777,1
55778,1
55779,0.953315556
55780,0.989207506
55781,1
55782,1
55783,0.964909554
55784,1
55785,0.986316025
55786,0.875436902
55787,1
55788,1
55789,0.958704829
55790,1
55791,0.984427393
55792,0.968017697
55793,1
55794,1
55795,1
55796,1
55797,0.979823172
55798,0.96228224
55799,1
55800,0.942162216
55801,0.986195445
55802,1
55803,1
55804,1
55805,1
55806,1
55807,1
55808,1
55809,0.989976823
55810,1
55811,1
55812,0.96516645
55813,0.970339596
55814,0.931308866
55815,1
55816,1
55817,0.977694929
55818,0.940438092
55819,0.985014856
55820,0.976534963
55821,0.951549053
55822,1
55823,0.937136829
55824,0.986317635
55825,0.606778622
55826,0.978846073
55827,1
55828,0.985064924
55829,0.931390226
55830,0.88275516
55831,0.800127149
55832,0.985420048
55833,0.883748531
55834,1
55835,1
55836,0.403431445
55837,0.917138279
55838,0.867037594
55839,0.967063546
55840,0.9871732
55841,1
55842,0.65768075
55843,0.949403465
55844,0.985741973
55845,0.934472978
55846,0.971724749
55847,0.981599391
55848,0.988650441
55849,0.935583293
55850,1
55851,1
55852,1
55853,1
55854,0.808293104
55855,1
55856,0.978029966
55857,1
55858,0.961730778
55859,1
55860,1
55861,1
55862,0.971439779
55863,0.881208122
55864,1
55865,0.954651773
55866,0.964197278
55867,1
55868,0.985525966
55869,0.985971272
55870,0.948265195
55871,0.834388673
55872,0.962922037
55873,0.931626678
55874,0.933203697
55875,0.910744607
55876,0.961334288
55877,0.947700381
55878,1
55879,1
55880,1
55881,0.943974614
55882,0.962184548
55883,0.963124156
55884,0.969527721
55885,0.860855639
55886,0.988577843
55887,1
55888,1
55889,0.637717545
55890,1
55891,0.944231868
55892,1
55893,0.60893321
55894,0.971275449
55895,0.973710537
55896,1
55897,0.984572768
55898,0.989086032
55899,0.961978555
55900,1
55901,1
55902,0.711408794
55903,1
55904,0.986283779
55905,0.975976646
55906,0.980232596
55907,1
55908,0.936655104
55909,0.971151888
55910,0.988348961
55911,0.98644954
55912,0.701045036
55913,1
55914,1
55915,0.9895432
55916,1
55917,1
55918,0.852885544
55919,0.961154461
55920,0.928456664
55921,1
55922,0.989872038
55923,1
55924,0.979498684
55925,1
55926,1
55927,0.89761132
55928,1
55929,1
55930,0.977124274
55931,0.924411655
55932,1
55933,1
55934,0.984808445
55935,0.97906518
55936,1
55937,0.988830268
55938,0.96112448
55939,0.986700177
55940,0.981381893
55941,1
55942,1
55943,0.988090873
55944,1
55945,0.987531841
55946,1
55947,0.984146059
55948,1
55949,0.979981899
55950,1
55951,1
55952,0.973377228
55953,0.97431314
55954,0.978990674
55955,0.988769651
55956,0.922320545
55957,1
55958,0.894152999
55959,1
55960,0.984761596
55961,0.985552371
55962,0.958782554
55963,0.9075616
55964,0.925813496
55965,0.965688288
55966,1
55967,1
55968,0.981696665
55969,0.794216037
55970,1
55971,0.98349606999999994
55972,0.965280175
55973,1
55974,1
55975,0.978217721
55976,0.947763979
55977,1
55978,1
55979,0.882191658
55980,0.90484184
55981,0.968718588
55982,0.950532913
55983,1
55984,0.844760716
55985,0.967421532
55986,0.989510953
55987,1
55988,0.975763977
55989,1
55990,1
55991,1
55992,0.970382333
55993,1
55994,0.944153547
55995,0.983027697
55996,0.936623395
55997,1
55998,0.968136549
55999,0.574821234
56000,0.928095102
56001,1
56002,0.491787434
56003,0.988750517
56004,0.983273029
56005,0.962711632
56006,0.986395836
56007,0.856755436
56008,0.967104912
56009,1
56010,1
56011,1
56012,0.980703831
56013,1
56014,1
56015,0.928732455
56016,1
56017,0.974598825
56018,1
56019,0.964624286
56020,0.9694345
56021,0.919319034
56022,0.831346333
56023,0.496231496
56024,1
56025,1
56026,0.986284494
56027,0.910408735
56028,0.953443527
56029,1
56030,1
56031,1
56032,0.951166213
56033,0.980491638
56034,0.945930481
56035,0.98542124
56036,1
56037,0.943154097
56038,0.985415399
56039,0.987930179
56040,0.632603645
56041,0.673812091
56042,0.953844905
56043,0.988059342
56044,0.959252358
56045,1
56046,0.980599582
56047,0.9619084
56048,0.938966572
56049,0.984529436
56050,0.979930759
56051,1
56052,0.981677413
56053,0.674876273
56054,0.925893605
56055,0.988096833
56056,1
56057,0.958175838
56058,0.965584695
56059,1
56060,0.79525888
56061,0.970484853
56062,1
56063,0.93775177
56064,0.984536827
56065,0.977778614
56066,0.839908481
56067,0.958189309
56068,0.854465127
56069,0.979601264
56070,0.982764661
56071,0.94027698
56072,1
56073,0.888884366
56074,1
56075,0.980305791
56076,0.969802678
56077,0.886131465
56078,0.971146941
56079,0.944852352
56080,1
56081,0.983383477
56082,0.967538714
56083,1
56084,1
56085,1
56086,0.982941687
56087,1
56088,1
56089,0.972984612
56090,0.985324204
56091,1
56092,1
56093,0.939661086
56094,0.884595096
56095,0.935350001
56096,1
56097,0.971275687
56098,0.988911152
56099,0.867428184
56100,0.987067282
56101,0.950820148
56102,1
56103,1
56104,0.948945582
56105,1
56106,0.979864001
56107,0.961675525
56108,1
56109,0.970903456
56110,0.880466521
56111,1
56112,1
56113,1
56114,0.972671628
56115,1
56116,1
56117,0.928400159
56118,0.988534153
56119,0.986352325
56120,0.73496908
56121,1
56122,0.939580858
56123,1
56124,0.982046187
56125,0.52090162
56126,0.977876306
56127,0.946053922
56128,1
56129,1
56130,0.989251554
56131,1
56132,0.967086375
56133,1
56134,0.946368873
56135,1
56136,0.958179414
56137,0.904628754
56138,0.980316341
56139,1
56140,0.496882677
56141,1
56142,0.983758748
56143,0.957706094
56144,1
56145,0.958242893
56146,0.957374692
56147,0.970733047
56148,1
56149,0.987000167
56150,0.952438414
56151,0.963122368
56152,1
56153,0.817308307
56154,0.90765065
56155,0.941658437
56156,0.89155072
56157,1
56158,0.975370765
56159,1
56160,0.984926581
56161,1
56162,0.947047532
56163,0.62530005
56164,0.954786181
56165,0.819563508
56166,1
56167,0.989531279
56168,0.972009122
56169,1
56170,1
56171,0.957328141
56172,0.336965859
56173,0.981181324
56174,1
56175,0
56176,0.356849253
56177,0.964140356
56178,0.607034385
56179,0.984643221
56180,0.78836447
56181,0.984467924
56182,0.988731563
56183,0.981314361
56184,0.975096762
56185,0.985409081
56186,0.590460777
56187,0.985267639
56188,0.926737964
56189,0.96542412
56190,0.974711835
56191,0.983589411
56192,1
56193,1
56194,0.937499225
56195,1
56196,0.957775295
56197,0.976415694
56198,1
56199,0.964174926
56200,0.986129105
56201,0.985518456
56202,0.986792684
56203,0.37692076
56204,1
56205,1
56206,0.948073149
56207,1
56208,1
56209,0.976750851
56210,1
56211,0.9833951
56212,1
56213,0.989045382
56214,0.979725897
56215,0.981077373
56216,1
56217,0.971681714
56218,1
56219,0.265250474
56220,0.981665433
56221,1
56222,0.986630738
56223,0.96999836
56224,0.980062306
56225,0.985308826
56226,1
56227,0.980999708
56228,0.923362494
56229,0.986032665
56230,0.988442719
56231,1
56232,0.976965308
56233,0.961254537
56234,0.976114154
56235,0.988542914
56236,0.771811783
56237,0.945767522
56238,1
56239,0.9816522
56240,0.977838993
56241,0.982204378
56242,1
56243,0.977990389
56244,0.961736679
56245,0.9652161
56246,1
56247,1
56248,0.656720936
56249,0.481799811
56250,0.966763318
56251,0.987154484
56252,0.986127019
56253,1
56254,0.987765551
56255,0.952132881
56256,0.910858035
56257,0.982178748
56258,1
56259,0.986867547
56260,0.161241546
56261,1
56262,0.959146082
56263,0.98530674
56264,0.955506444
56265,0.951418579
56266,0.978630364
56267,0.360556811
56268,0.986238003
56269,0.971353412
56270,0.983462989
56271,1
56272,1
56273,0.982031822
56274,0.9661991
56275,0.987150908
56276,1
56277,0.525133431
56278,0.969942093
56279,0.986073613
56280,0.986147225
56281,0.985788763
56282,0.957426488
56283,1
56284,0.982289493
56285,0.981332302
56286,1
56287,0.972554326
56288,1
56289,0.919407129
56290,1
56291,1
56292,0.965589404
56293,1
56294,0.979397953
56295,0.959722579
56296,1
56297,1
56298,0.711664915
56299,0.487496346
56300,0.979568601
56301,0.926990867
56302,0.984290958
56303,0.969740152
56304,1
56305,1
56306,0.654147506
56307,1
56308,0.985296428
56309,0.977062225
56310,0.951323509
56311,0.989727795
56312,0.890557766
56313,1
56314,0.962186098
56315,0.989901424
56316,1
56317,0.987171948
56318,0.977854192
56319,0.968963563
56320,1
56321,0.980831087
56322,0.847383976
56323,0.985103309
56324,0.947422862
56325,1
56326,1
56327,0.951314867
56328,0.90250802
56329,1
56330,1
56331,1
56332,0.959939599
56333,0.988897383
56334,0.943933725
56335,1
56336,0.986599803
56337,0.945653856
56338,1
56339,0.962043643
56340,0.986886561
56341,1
56342,0.98552388
56343,0.976082683
56344,1
56345,0.989357054
56346,0.941087961
56347,0.979150355
56348,0.864736319
56349,0.986843765
56350,0.989775777
56351,0.746325135
56352,1
56353,0.94681567
56354,0.98965680599999994
56355,0.926217854
56356,1
56357,1
56358,0.925632894
56359,0.94904685
56360,1
56361,1
56362,0.985260367
56363,0.60407418
56364,0.945218384
56365,0.988792598
56366,0.88704133
56367,1
56368,0.983204544
56369,0.98276639
56370,1
56371,0.954597235
56372,0.585532904
56373,1
56374,0.981573522
56375,1
56376,1
56377,0.984807253
56378,1
56379,0.98251617
56380,0.977892101
56381,0.985095143
56382,0.982272148
56383,0.970717788
56384,0.976186514
56385,1
56386,0.982531667
56387,0.977935016
56388,0.944828749
56389,1
56390,0.980196059
56391,0.986061335
56392,0.923947513
56393,1
56394,1
56395,0.943706513
56396,0.981923997
56397,0.945106149
56398,0.840333819
56399,0.971054435
56400,1
56401,0.977953017
56402,0.959297299
56403,1
56404,1
56405,0.9665218
56406,1
56407,0.989997387
56408,0.975081086
56409,1
56410,0.986939192
56411,1
56412,1
56413,1
56414,1
56415,0.954270005
56416,1
56417,0.950568557
56418,0.968222022
56419,0.974858642
56420,1
56421,0.27682367
56422,0.988515437
56423,0.980999231
56424,0.984149396
56425,0.982070684
56426,1
56427,1
56428,0.983687341
56429,0.977101743
56430,1
56431,0.841041565
56432,0.987072945
56433,0.907747507
56434,1
56435,0.118155785
56436,1
56437,1
56438,0.986624837
56439,1
56440,1
56441,0.769412279
56442,1
56443,0.984289229
56444,1
56445,0.960838258
56446,1
56447,0.98409456
56448,0.966704011
56449,1
56450,0.722381294
56451,0.972990811
56452,1
56453,1
56454,1
56455,0.980819881
56456,0.956151724
56457,1
56458,0.976495385
56459,0.93066752
56460,0.960229695
56461,0.858136356
56462,0.966926873
56463,0.852338672
56464,0.965476692
56465,1
56466,1
56467,1
56468,0.966123521
56469,0.989996791
56470,0.841118038
56471,1
56472,1
56473,0.940053284
56474,0.983593643
56475,1
56476,0.987051964
56477,0.866904914
56478,1
56479,0.879743159
56480,1
56481,0.954847455
56482,0.967182934
56483,0.971889675
56484,0.976207197
56485,0.977444232
56486,1
56487,0.95743984
56488,1
56489,1
56490,1
56491,1
56492,0.821083188
56493,0.839961648
56494,1
56495,0.977319717
56496,1
56497,0.188398182
56498,1
56499,0.989492655
56500,0.967376947
56501,0.972562552
56502,1
56503,0.988688052
56504,1
56505,1
56506,0.926530719
56507,1
56508,0.989661694
56509,0.985208154
56510,1
56511,0.981357992
56512,1
56513,1
56514,1
56515,1
56516,1
56517,0.976162314
56518,1
56519,0.958289027
56520,1
56521,0.988576949
56522,0.989792466
56523,0.935764134
56524,0.828443945
56525,0.907918036
56526,1
56527,0.955225945
56528,0.985793054
56529,1
56530,1
56531,1
56532,1
56533,0.968854547
56534,1
56535,1
56536,1
56537,1
56538,0.98381722
56539,0.224901259
56540,1
56541,0.987673819
56542,1
56543,0.225187525
56544,0.981951118
56545,0.986419261
56546,0.952978432
56547,0.981841922
56548,1
56549,0.25386551
56550,0.980478108
56551,0.975192547
56552,1
56553,1
56554,0.957166612
56555,1
56556,0.988236606
56557,0.959420323
56558,1
56559,0.983662725
56560,0.103992432
56561,1
56562,0.972219825
56563,1
56564,1
56565,0.975726664
56566,0.981982052
56567,0.987005234
56568,0.9650051
56569,0.968613803
56570,1
56571,1
56572,0.988523662
56573,0.98382932
56574,0.980158269
56575,0.918550551
56576,1
56577,0.96466434
56578,0.973846197
56579,1
56580,1
56581,0.984204829
56582,1
56583,0.978502512
56584,1
56585,1
56586,0.94695133
56587,1
56588,0.919578672
56589,0.97639787199999994
56590,0.987455726
56591,0.989257872
56592,0.980196297
56593,0.98828423
56594,1
56595,0.982512593
56596,0.867496431
56597,0.977335811
56598,1
56599,1
56600,1
56601,0.978844702
56602,0.971071184
56603,0.976962924
56604,0.966976047
56605,0.98547703
56606,0.337896287
56607,1
56608,0.851251125
56609,0.946987033
56610,0.986475289
56611,0.985598028
56612,0.867118299
56613,0.979984462
56614,0.983117938
56615,1
56616,0.979529917
56617,0.936779141
56618,0.97494632
56619,1
56620,0.886532128
56621,0.621832609
56622,0.989438832
56623,0.858934999
56624,0.988300681
56625,1
56626,1
56627,1
56628,1
56629,0.957743168
56630,0.919033825
56631,1
56632,1
56633,1
56634,0.988132894
56635,0.984762728
56636,0.732293427
56637,0.973657548
56638,0.95538491
56639,0.971409619
56640,0.950615525
56641,0.984728754
56642,0.972285032
56643,0.934111893
56644,1
56645,0.270265609
56646,0.983307838
56647,0.964644253
56648,0.982800841
56649,0.958853781
56650,0.988379002
56651,0.987090528
56652,0.984505355
56653,0.928939223
56654,1
56655,0.989130259
56656,1
56657,0.495847791
56658,1
56659,0.930502474
56660,1
56661,1
56662,0.985109568
56663,0.982204378
56664,0.97991997
56665,0.951080203
56666,1
56667,1
56668,0.919000089
56669,1
56670,1
56671,1
56672,0.967653751
56673,0.949314296
56674,0.936653078
56675,1
56676,1
56677,1
56678,1
56679,0.886211455
56680,0.989718556
56681,0.937106609
56682,1
56683,0.931103349
56684,0.984813511
56685,0.989045501
56686,1
56687,0.948756278
56688,1
56689,0.98765111
56690,1
56691,1
56692,1
56693,1
56694,0.973603785
56695,0.984646678
56696,0.986517847
56697,1
56698,1
56699,0.945391357
56700,0.739010513
56701,1
56702,0.95265758
56703,0.624153853
56704,1
56705,1
56706,1
56707,0.987048805
56708,0.664874852
56709,0.971556783
56710,0.982779861
56711,0.870697439
56712,1
56713,1
56714,0.956922472
56715,0.929706097
56716,1
56717,0.956436515
56718,1
56719,1
56720,0.947105825
56721,1
56722,0.980369508
56723,0.880539954
56724,0.298841834
56725,0.955484271
56726,1
56727,0.94967711
56728,1
56729,0.984749019
56730,0.988365173
56731,0.986584485
56732,0.970332623
56733,1
56734,0.80564779
56735,1
56736,0.96329844
56737,1
56738,0.989438593
56739,1
56740,0.979494333
56741,1
56742,1
56743,1
56744,0.944226444
56745,0.456411898
56746,1
56747,0.973285198
56748,0.902706981
56749,1
56750,0.984984994
56751,1
56752,0.960982025
56753,0.913578868
56754,0.980327189
56755,0.873849452
56756,1
56757,0.966086268
56758,1
56759,0.929203928
56760,1
56761,1
56762,0.984319866
56763,1
56764,0.988386571
56765,1
56766,0.94791317
56767,0.964847267
56768,0.949458122
56769,1
56770,1
56771,0.922134399
56772,1
56773,0.983760357
56774,0.987306237
56775,0.980193734
56776,0.973084033
56777,1
56778,0.981388211
56779,1
56780,1
56781,1
56782,1
56783,0.982366443
56784,1
56785,0.965858758
56786,1
56787,0.938378155
56788,1
56789,1
56790,1
56791,0.98571974
56792,0.953684747
56793,0.978598476
56794,1
56795,0.915678263
56796,1
56797,0.9822312
56798,1
56799,1
56800,0.786640585
56801,0.948050737
56802,0.986497462
56803,0.970534921
56804,1
56805,0.926800132
56806,0.957730711
56807,0.96819967
56808,0.977248013
56809,0.881531239
56810,1
56811,1
56812,0.968663871
56813,1
56814,0.900702
56815,1
56816,0.987570763
56817,1
56818,0.877030194
56819,0.853407919
56820,0.205791161
56821,0.86778003
56822,0.969112754
56823,0.875055075
56824,1
56825,0.98324883
56826,1
56827,0.979202449
56828,0.934553266
56829,0.737605989
56830,1
56831,1
56832,1
56833,1
56834,1
56835,0.964664877
56836,0.923317671
56837,0.957734764
56838,1
56839,0.97601682
56840,0.982283294
56841,0.979570627
56842,0.982050896
56843,1
56844,0.893494487
56845,0.94585371
56846,0.950899363
56847,0.974564195
56848,0.716816008
56849,0.986498952
56850,0.969169855
56851,1
56852,1
56853,1
56854,0.984330475
56855,1
56856,0.967531443
56857,0.922750235
56858,0.983796418
56859,0.92049259
56860,1
56861,0.97367996
56862,1
56863,0.969115317
56864,1
56865,0.967210829
56866,1
56867,0.950165331
56868,0.905512869
56869,1
56870,1
56871,1
56872,0.98677516
56873,0.12562491
56874,1
56875,0.986549437
56876,1
56877,0.530671001
56878,1
56879,0.978416324
56880,0.978967369
56881,0.964677513
56882,0.957155466
56883,0.975882649
56884,0.97071147
56885,1
56886,0.966282427
56887,0.987114191
56888,0.989505231
56889,0.988012552
56890,0.789488614
56891,1
56892,1
56893,0.914423466
56894,0.989166796
56895,1
56896,1
56897,1
56898,1
56899,0.979184389
56900,0.779995918
56901,1
56902,0.584710181
56903,0.678917766
56904,0.983751357
56905,0.971710742
56906,0.976167679
56907,0.981520712
56908,1
56909,0.977217376
56910,0.9793185
56911,0.96406275
56912,0.976984203
56913,0.8986184
56914,1
56915,1
56916,0.98503834
56917,1
56918,0.968982756
56919,0.982286513
56920,0.982264519
56921,0.951237083
56922,0.941617429
56923,1
56924,1
56925,0.972277165
56926,1
56927,0.807172358
56928,1
56929,0.985608459
56930,0.986711741
56931,0.977964759
56932,0.938812494
56933,1
56934,1
56935,1
56936,0.987375259
56937,1
56938,0.908817411
56939,1
56940,0.17530933
56941,0.989464521
56942,0.843148947
56943,0.919293046
56944,1
56945,1
56946,0.935990095
56947,0.959677458
56948,1
56949,1
56950,0.989650369
56951,1
56952,0.960287511
56953,1
56954,0.982586801
56955,1
56956,1
56957,1
56958,1
56959,0.954338014
56960,0.976242423
56961,1
56962,0.985401511
56963,1
56964,0.938983083
56965,0.98776114
56966,0.962893605
56967,0.958863735
56968,0.989028931
56969,0.927112341
56970,0.963163197
56971,1
56972,0.914595723
56973,0.963259697
56974,0.984711289
56975,1
56976,0.979500532
56977,0.659666002
56978,0.765218198
56979,0.590460777
56980,0.977453888
56981,1
56982,0.958732128
56983,0.969314873
56984,1
56985,0.968809009
56986,1
56987,0.98795557
56988,0.963485301
56989,0.986318231
56990,0.938573241
56991,0.972538471
56992,0.894025385
56993,0.988662064
56994,1
56995,0.869562328
56996,1
56997,0.973543227
56998,1
56999,0.894522846
57000,0.906782508
57001,0.941524565
57002,0.988861501
57003,0.96769821600000006
57004,0.955174267
57005,1
57006,0.410164207
57007,0.983182192
57008,0.989954829
57009,1
57010,0.9807989
57011,0.973301232
57012,0.968990147
57013,1
57014,1
57015,0.983330786
57016,1
57017,1
57018,0.984215558
57019,0.982448936
57020,0.978071332
57021,0.463011026
57022,1
57023,1
57024,0.928232193
57025,0.983430624
57026,0.983322024
57027,0.988831163
57028,0.517115116
57029,0.940700233
57030,0.912708819
57031,0.985798836
57032,0.703423023
57033,0.988708019
57034,0.985115349
57035,1
57036,0.967090309
57037,0.968178928
57038,0.987618446
57039,0.971087575
57040,1
57041,0.478508383
57042,0.98613447
57043,0.824082255
57044,0.937841117
57045,1
57046,0.846245229
57047,1
57048,1
57049,0
57050,0.989812791
57051,0.989901543
57052,1
57053,0.847093701
57054,0.839075685
57055,0.983681202
57056,0.976515591
57057,1
57058,0.954246998
57059,0.985196948
57060,0.962764025
57061,1
57062,0.940502524
57063,1
57064,1
57065,1
57066,0.97544992
57067,0.92478621
57068,1
57069,0.980445564
57070,0.961934567
57071,0.985850394
57072,1
57073,0.973752737
57074,0.988101602
57075,0.797803462
57076,1
57077,1
57078,1
57079,0.977903843
57080,0.625619531
57081,0.982233048
57082,0.921159267
57083,0.966239154
57084,0.689615369
57085,0.838092923
57086,1
57087,1
57088,1
57089,0.947451294
57090,1
57091,0.989736438
57092,0.974799871
57093,1
57094,1
57095,1
57096,0.988579035
57097,0.989599943
57098,0.989427149
57099,0.961448789
57100,0.970453084
57101,1
57102,1
57103,0.932527006
57104,0.989689827
57105,1
57106,0.982083321
57107,1
57108,0.979538977
57109,0.975722551
57110,1
57111,1
57112,1
57113,0.971096337
57114,0.984172821
57115,1
57116,1
57117,0.965802848
57118,0.981267452
57119,0.987792194
57120,1
57121,0.45796898
57122,1
57123,0.982522368
57124,0.987544537
57125,1
57126,1
57127,1
57128,1
57129,1
57130,1
57131,0.987304032
57132,0.986516357
57133,0.984180927
57134,0.986048222
57135,1
57136,1
57137,1
57138,1
57139,1
57140,1
57141,0.970597804
57142,0.815408766
57143,0.989360333
57144,0.960659444
57145,0.988980413
57146,0.989911139
57147,1
57148,1
57149,0.979318023
57150,0.98302865
57151,1
57152,0.982626736
57153,0.987909019
57154,1
57155,0.891307175
57156,0.980642021
57157,1
57158,0.982320786
57159,1
57160,1
57161,0.915363312
57162,1
57163,1
57164,0.989284456
57165,1
57166,0.947512209
57167,0.938280881
57168,1
57169,0.986729145
57170,0.930839241
57171,0.931589782
57172,1
57173,0.942415357
57174,0.954145074
57175,0.987698674
57176,1
57177,0.987857819
57178,0.941836059
57179,1
57180,1
57181,0.976175487
57182,0.985434651
57183,1
57184,0.985397935
57185,0.984690607
57186,1
57187,0.983135343
57188,1
57189,0.975349665
57190,1
57191,1
57192,0.957755983
57193,0.986551404
57194,1
57195,0.983463705
57196,0.528106868
57197,0.966413796
57198,1
57199,0.971964538
57200,0.97648412
57201,0.979010344
57202,1
57203,0.887075186
57204,0.863810778
57205,1
57206,1
57207,0.986456633
57208,1
57209,0.984612167
57210,0.977419376
57211,1
57212,0.983005464
57213,0.978928626
57214,1
57215,0.978844106
57216,0.988494694
57217,0.933618426
57218,0.980652928
57219,0.811131001
57220,0.981812716
57221,0.932738423
57222,0.978929222
57223,0.987825573
57224,1
57225,0.975648344
57226,0.98697567
57227,1
57228,0.982812703
57229,1
57230,0.982115507
57231,0.960030556
57232,0.750960231
57233,0.728349567
57234,1
57235,1
57236,0.975892723
57237,0.963446677
57238,0.986827016
57239,0.97192806
57240,0.984723568
57241,0.984242559
57242,0.941362441
57243,1
57244,1
57245,1
57246,1
57247,0.977393985
57248,0.973653495
57249,0.984309554
57250,1
57251,1
57252,0.989619911
57253,1
57254,1
57255,0.981950283
57256,0.988969564
57257,0.957532048
57258,0.973141253
57259,0.978102863
57260,0.953326821
57261,0.835115492
57262,1
57263,1
57264,0.977712035
57265,1
57266,1
57267,1
57268,0.957552195
57269,0.982258558
57270,1
57271,0.989120483
57272,0.96671325
57273,1
57274,0.980220199
57275,0.872757673
57276,0.964882672
57277,1
57278,1
57279,0.986602306
57280,0.989032745
57281,0.987263024
57282,1
57283,1
57284,0.942740083
57285,0.984995842
57286,1
57287,0.886425018
57288,1
57289,1
57290,1
57291,0.98236692
57292,1
57293,1
57294,1
57295,0.982749701
57296,0.978836954
57297,1
57298,1
57299,1
57300,0.919730306
57301,0.595282316
57302,0.979910493
57303,0.984573543
57304,0.870579302
57305,0.972343206
57306,0.885955811
57307,0.917512119
57308,0.982408226
57309,1
57310,1
57311,1
57312,0.982264519
57313,0.987364113
57314,1
57315,0.944355905
57316,1
57317,1
57318,0.950927496
57319,0.973309159
57320,0.986274779
57321,0.926256836
57322,1
57323,0.988478839
57324,0.946131587
57325,0.989424825
57326,0.980447173
57327,0.984987319
57328,0.94947201
57329,1
57330,1
57331,1
57332,1
57333,0.983543038
57334,0.73512584
57335,1
57336,1
57337,0.985392392
57338,0.886132121
57339,1
57340,0.98022902
57341,1
57342,0.923222899
57343,1
57344,0.940087855
57345,0.715755642
57346,0.98497653
57347,0.823079169
57348,0.958918572
57349,1
57350,0.957627356
57351,0.985073149
57352,0.746465087
57353,1
57354,0.948470056
57355,0.957559407
57356,0.948558152
57357,0.950758278
57358,0.965053856
57359,0.942635953
57360,1
57361,0.985206783
57362,1
57363,0.980786026
57364,0.889750063
57365,0.986382604
57366,0.981387734
57367,0.908178628
57368,1
57369,0.988698661
57370,1
57371,0.985193133
57372,0.947780371
57373,0.966518343
57374,1
57375,0.971296608
57376,0.961602509
57377,0.981632948
57378,0.978820503
57379,0.929763079
57380,0.988425493
57381,0.983165026
57382,0.957638443
57383,0.944549263
57384,1
57385,1
57386,1
57387,1
57388,0.988342345
57389,0.975635171
57390,1
57391,1
57392,0.37699905
57393,1
57394,0.896398962
57395,0.949995756
57396,0.986377597
57397,1
57398,1
57399,0.98920536
57400,0.98824966
57401,0.928349435
57402,0.960642934
57403,0.978806436
57404,1
57405,1
57406,0.919259131
57407,0.984200418
57408,1
57409,0.95691371
57410,1
57411,0.717584491
57412,1
57413,0.986607194
57414,0.756958842
57415,0.54419142
57416,0.984964788
57417,1
57418,1
57419,1
57420,0.949578524
57421,0.975093544
57422,1
57423,0.97434336
57424,0.832559645
57425,0.889712572
57426,1
57427,1
57428,0.989778936
57429,0.961701632
57430,0.971734524
57431,1
57432,0.976852417
57433,0.916091025
57434,1
57435,0.986312568
57436,0.977224648
57437,1
57438,0.941181421
57439,0.979675055
57440,0.971577048
57441,1
57442,0.988686085
57443,1
57444,0.731043398
57445,1
57446,1
57447,0.9595263
57448,0.984027624
57449,1
57450,0.943446159
57451,1
57452,0.972442031
57453,1
57454,0.932456315
57455,0.973626733
57456,1
57457,0.976970971
57458,1
57459,0.842797279
57460,0.928827882
57461,1
57462,1
57463,1
57464,0.917388618
57465,1
57466,1
57467,1
57468,1
57469,1
57470,0.621611893
57471,1
57472,1
57473,0.973418713
57474,0.221779659
57475,1
57476,1
57477,0.978712678
57478,0.900560439
57479,0.989307463
57480,0.561174035
57481,1
57482,1
57483,0.987442553
57484,1
57485,1
57486,1
57487,0.986274779
57488,1
57489,1
57490,0.983624458
57491,0.852895379
57492,0.938548327
57493,1
57494,1
57495,0.711429715
57496,1
57497,0.359737933
57498,0.920565724
57499,0.834990382
57500,0.930844247
57501,0.980783403
57502,1
57503,1
57504,1
57505,0.943888366
57506,0.946225286
57507,1
57508,1
57509,0.894493938
57510,1
57511,0.976452529
57512,0.973520696
57513,0.974038422
57514,0.982512116
57515,1
57516,1
57517,0.983407915
57518,0.947213709
57519,0.951920629
57520,1
57521,0.957701802
57522,1
57523,0.86644423
57524,1
57525,1
57526,0.805728674
57527,0.987792432
57528,1
57529,0.983127356
57530,1
57531,0.962558866
57532,0.963910759
57533,0.988594413
57534,1
57535,1
57536,0.989327967
57537,0.854092717
57538,1
57539,0.969184279
57540,0.989790261
57541,1
57542,1
57543,1
57544,1
57545,0.97189486
57546,1
57547,1
57548,0.975397289
57549,0.984399438
57550,0.962725639
57551,1
57552,0.978574634
57553,0.986648023
57554,1
57555,0.625537694
57556,0.929790795
57557,1
57558,0.982754171
57559,0.984411538
57560,1
57561,1
57562,0.979833663
57563,0.967850626
57564,0.897515595
57565,1
57566,0.748916149
57567,1
57568,0.981317222
57569,0.975408077
57570,0.98102390799999994
57571,1
57572,1
57573,1
57574,1
57575,0.810189545
57576,0.981158853
57577,0.912741184
57578,1
57579,0.989963353
57580,0.969992757
57581,0.632935464
57582,0.978152931
57583,0.977398634
57584,1
57585,0.988880396
57586,1
57587,0.989477158
57588,0.941631198
57589,0.62003094
57590,0.945425391
57591,0.981799305
57592,0.987104416
57593,0.980716288
57594,0.960141003
57595,0.534816623
57596,0.887776971
57597,1
57598,0.985561311
57599,0.982609928
57600,1
57601,0.970095515
57602,0.985203147
57603,0.239694998
57604,1
57605,0.615050376
57606,0.946079731
57607,0.9896456
57608,0.94514221
57609,0.958044589
57610,1
57611,0.970237017
57612,1
57613,0.958378553
57614,0.984338224
57615,1
57616,0.961789846
57617,0.940440595
57618,0.633749485
57619,0.983641982
57620,0.98760891
57621,1
57622,0.989799857
57623,0.986129701
57624,1
57625,0.986087024
57626,1
57627,0.989864051
57628,0.983452737
57629,0.976960719
57630,0.968855202
57631,0.131824732
57632,0.984184742
57633,0.939758658
57634,0.987958431
57635,1
57636,1
57637,0.830313146
57638,1
57639,0.923655033
57640,0.980160415
57641,0.97210592
57642,0.935570777
57643,1
57644,0.981088519
57645,1
57646,0.96682334
57647,1
57648,0.976084292
57649,1
57650,1
57651,1
57652,0.98927175999999994
57653,0.967870712
57654,1
57655,1
57656,1
57657,0.928620398
57658,0.968951881
57659,1
57660,0.969557643
57661,0.973546803
57662,0.981658995
57663,0.989728153
57664,1
57665,0.690356195
57666,0.971057236
57667,1
57668,1
57669,1
57670,0.821996093
57671,1
57672,0.988164902
57673,0.984267414
57674,1
57675,1
57676,0.956158519
57677,0.974178493
57678,1
57679,1
57680,0.969081879
57681,0.568552196
57682,0.980568767
57683,0.886146247
57684,1
57685,0.987490475
57686,0.957585156
57687,1
57688,0.986951351
57689,0.98519218
57690,0.986374259
57691,0.77690804
57692,1
57693,0.984962702
57694,0.938323438
57695,1
57696,0.985244513
57697,0.976427317
57698,0.890458047
57699,0.988689125
57700,1
57701,1
57702,1
57703,1
57704,0.980257332
57705,0.988693059
57706,1
57707,1
57708,1
57709,0.977852106
57710,0.976539493
57711,1
57712,0.902195275
57713,0.989191711
57714,1
57715,1
57716,0.979763866
57717,0.957466066
57718,0.979874671
57719,1
57720,0.902830899
57721,0.986081362
57722,1
57723,0.989382029
57724,1
57725,0.752619803
57726,0.971977592
57727,1
57728,0.908736169
57729,0.965284586
57730,0.941018224
57731,1
57732,0.985202849
57733,0.258878231
57734,1
57735,0.977973759
57736,0.984411538
57737,0.975358844
57738,1
57739,1
57740,0.984439611
57741,0.987522543
57742,1
57743,0.955372572
57744,1
57745,0.96217519
57746,0.945830762
57747,1
57748,0.97216922
57749,1
57750,0.874274671
57751,1
57752,0.98579526
57753,1
57754,0.95206666
57755,0.970312059
57756,0.968825996
57757,0.979272962
57758,0.965282619
57759,0.927653372
57760,0.973225355
57761,0.945076525
57762,0.988462389
57763,0.777613759
57764,0.984658718
57765,0.686397135
57766,1
57767,0.777404189
57768,0.976794899
57769,1
57770,0.987288952
57771,1
57772,0.978381395
57773,0.976554394
57774,1
57775,0.958744407
57776,1
57777,0.975763559
57778,0.989259958
57779,1
57780,0.983261406
57781,1
57782,0.964204371
57783,1
57784,0.618363679
57785,0.982614577
57786,0.892824233
57787,1
57788,1
57789,0.974585474
57790,1
57791,1
57792,0.968960047
57793,1
57794,0.961025477
57795,0.989464164
57796,0.986828446
57797,0.979792714
57798,1
57799,0.979268611
57800,0.979200184
57801,1
57802,1
57803,0.989360452
57804,1
57805,0.956928432
57806,0.980020523
57807,1
57808,0.983531058
57809,0.961197913
57810,1
57811,1
57812,1
57813,0.866657257
57814,1
57815,0.988028169
57816,1
57817,0.963761926
57818,1
57819,1
57820,0.98579365
57821,1
57822,1
57823,0.965801477
57824,0.945760906
57825,0.975908399
57826,1
57827,1
57828,0.985425472
57829,1
57830,1
57831,0.969428003
57832,1
57833,0.961601079
57834,1
57835,0.963890493
57836,1
57837,0.978663325
57838,1
57839,0.987553954
57840,0.943832934
57841,0.986937225
57842,1
57843,0.978688598
57844,0.983446956
57845,1
57846,1
57847,0.987505436
57848,0.693912685
57849,0.98123461
57850,0.989319384
57851,0.981484056
57852,0.984298587
57853,1
57854,0.954676628
57855,1
57856,1
57857,0.972121418
57858,1
57859,0.970972717
57860,1
57861,1
57862,0.976472974
57863,1
57864,0.975675583
57865,0.989115894
57866,0.977331817
57867,0.989191949
57868,1
57869,1
57870,1
57871,0.98731333
57872,0.967844367
57873,1
57874,0.969533801
57875,0.943534672
57876,0.983590543
57877,0.986401498
57878,1
57879,1
57880,0.931286931
57881,0.962920904
57882,0.97709614
57883,1
57884,1
57885,1
57886,1
57887,1
57888,1
57889,0.913020551
57890,0.895770431
57891,1
57892,1
57893,0.982711852
57894,1
57895,0.862031698
57896,1
57897,0.978372037
57898,0.975918412
57899,0.863016963
57900,0.904731691
57901,0.976430833
57902,0.988719165
57903,0.927750647
57904,0.958722949
57905,0.879663646
57906,0.971689582
57907,0.968279123
57908,0.965401352
57909,1
57910,0.941287339
57911,1
57912,1
57913,0.909569442
57914,1
57915,0.986658931
57916,0.714594603
57917,0.520062506
57918,0.975825608
57919,1
57920,1
57921,1
57922,0.987626016
57923,0.97827518
57924,1
57925,1
57926,0.978499532
57927,1
57928,1
57929,0.946201146
57930,0.982325971
57931,0.989450276
57932,1
57933,0.936112285
57934,0.932936251
57935,1
57936,1
57937,1
57938,0.886862338
57939,0.97900635
57940,1
57941,0.531001568
57942,0.985220194
57943,1
57944,0.987114549
57945,0.974542439
57946,1
57947,0.988843083
57948,0.980812967
57949,1
57950,0.975895226
57951,1
57952,0.925325632
57953,0.846864402
57954,0.848428786
57955,0.980722189
57956,0.97961992
57957,1
57958,0.885334551
57959,0.954249203
57960,1
57961,1
57962,0.958139479
57963,0.98951602
57964,0.943061888
57965,0.952454865
57966,0.957965076
57967,1
57968,0.983611405
57969,0.989231408
57970,0.989282131
57971,0.985488594
57972,0.988971293
57973,0.988226354
57974,0.965475678
57975,0.987990797
57976,1
57977,0.907506108
57978,0.986478627
57979,0.976430833
57980,0.935337067
57981,0.983951449
57982,1
57983,1
57984,0.950391293
57985,0.88277328
57986,0.979258657
57987,1
57988,0.975203157
57989,1
57990,0.959694922
57991,1
57992,1
57993,1
57994,1
57995,0.986784637
57996,1
57997,1
57998,0.931390643
57999,1
58000,0.952009499
58001,0.978809178
58002,0.877491772
58003,1
58004,1
58005,0.972530186
58006,1
58007,0.988726854
58008,1
58009,1
58010,1
58011,0.976345837
58012,1
58013,0.922470272
58014,0.985177934
58015,0.984389484
58016,1
58017,1
58018,0.967171252
58019,0.394036621
58020,0.815070033
58021,0.717892945
58022,0.985453486
58023,0.888480842
58024,0.94688791
58025,0.918859363
58026,1
58027,1
58028,0.577705205
58029,0.978811801
58030,0.91715461
58031,1
58032,0.791563809
58033,0.976620793
58034,1
58035,0.966600001
58036,1
58037,0.969145238
58038,1
58039,1
58040,1
58041,0.981050968
58042,0.971610248
58043,0.899497449
58044,0.705440283
58045,0.976459801
58046,1
58047,1
58048,1
58049,0.976345718
58050,0.989308715
58051,1
58052,0.98006928
58053,0.910322309
58054,0.734451234
58055,0.982507765
58056,1
58057,1
58058,0.972374439
58059,0.970216155
58060,0.955918551
58061,1
58062,1
58063,0.953767657
58064,0.979495704
58065,0.959386647
58066,0.784292519
58067,0.951941907
58068,1
58069,1
58070,0.718066216
58071,0.400972247
58072,0.989479005
58073,0.978556395
58074,0.967737854
58075,1
58076,0.963107646
58077,1
58078,0.973166883
58079,0.948879719
58080,0.955902338
58081,0.963336825
58082,1
58083,0.978725374
58084,0.967241168
58085,1
58086,1
58087,0.959667623
58088,0.964058876
58089,0.967939615
58090,0.986582816
58091,0.965408444
58092,1
58093,0.966639221
58094,0.965649724
58095,1
58096,0.889230192
58097,1
58098,0.98515898
58099,0.953005612
58100,1
58101,0.985439599
58102,1
58103,0
58104,0.989849925
58105,0.967448771
58106,0.979804158
58107,1
58108,0.908139467
58109,0.930062115
58110,0.985521793
58111,1
58112,0.988871157
58113,0.85446167
58114,0.808864534
58115,1
58116,0.982786655
58117,0.98501879
58118,0.786107361
58119,0.98777473
58120,0.97501719
58121,1
58122,0.980201304
58123,0.975261331
58124,0.980962992
58125,1
58126,1
58127,1
58128,0.981924772
58129,0.763051808
58130,1
58131,1
58132,0.981210053
58133,1
58134,0.98980391
58135,0.940006733
58136,1
58137,1
58138,0.980905533
58139,1
58140,1
58141,0.987564385
58142,0.926271439
58143,0.924401879
58144,1
58145,0.9801507
58146,1
58147,0.968572497
58148,1
58149,0.985855043
58150,0.950906694
58151,0.982693732
58152,0.978790581
58153,1
58154,1
58155,0.965571165
58156,0.935926497
58157,0.976234138
58158,0.978455126
58159,0.979425967
58160,1
58161,0.947769225
58162,0.90442133
58163,0.565482736
58164,1
58165,1
58166,1
58167,0.982202888
58168,0.980420113
58169,0.753595352
58170,0.9896366
58171,1
58172,0.978191555
58173,0.987680197
58174,0.982825458
58175,0.989040554
58176,0.876211703
58177,0.626352608
58178,1
58179,0.968968928
58180,0.961445153
58181,0.97674346
58182,0.17324765
58183,1
58184,0.984154105
58185,1
58186,1
58187,1
58188,0.958025992
58189,0.973170817
58190,0.952279151
58191,0.902518034
58192,0.971389651
58193,1
58194,1
58195,0.927518785
58196,1
58197,0.97711575
58198,0.8475402
58199,1
58200,1
58201,0.977154434
58202,0.986510575
58203,1
58204,0.989855409
58205,0.949328244
58206,0.968191564
58207,1
58208,0.920189321
58209,0.854102075
58210,0.965169787
58211,0.982281566
58212,0.967413068
58213,0.968062937
58214,1
58215,1
58216,1
58217,1
58218,0.98146683
58219,1
58220,0.98750627
58221,1
58222,0.973268271
58223,0.979754388
58224,0.981893539
58225,0.924866736
58226,1
58227,0.978084266
58228,0.989262044
58229,1
58230,0.962027431
58231,0.981474459
58232,1
58233,0.949367106
58234,0.96329999
58235,0.985286832
58236,0.973716438
58237,0.836651802
58238,1
58239,0.982719302
58240,1
58241,0.988089979
58242,0.968669355
58243,1
58244,1
58245,1
58246,1
58247,0.98098743
58248,1
58249,1
58250,0.97361338100000006
58251,0.98973316
58252,1
58253,0.986097276
58254,0.988167226
58255,0.987456977
58256,1
58257,0.977984488
58258,0.835908055
58259,0.555418015
58260,0.989940822
58261,1
58262,0.960546255
58263,0.979843438
58264,0.931918025
58265,1
58266,0.987018287
58267,1
58268,0.649607122
58269,0.979040384
58270,1
58271,1
58272,0.878310204
58273,1
58274,0.975340724
58275,0.573294222
58276,0.976997018
58277,0.984427035
58278,0.989594698
58279,0.960380316
58280,0.91819495
58281,0.989461362
58282,0.984566152
58283,0.988725841
58284,0.989877522
58285,0.837786734
58286,1
58287,0.976935506
58288,0.802344084
58289,0.987161338
58290,1
58291,1
58292,1
58293,1
58294,0.988347948
58295,0.988972366
58296,1
58297,1
58298,0.983986855
58299,1
58300,1
58301,0.952448607
58302,0.470305711
58303,0.973846197
58304,0.951754153
58305,1
58306,0.967289805
58307,0.98298645
58308,0.979613662
58309,0.987060785
58310,0.895080626
58311,1
58312,0.984692037
58313,0.445339263
58314,1
58315,0.97140336
58316,1
58317,0.985661805
58318,0.961516976
58319,0
58320,0.616995037
58321,1
58322,1
58323,1
58324,0.974476695
58325,1
58326,0.982085943
58327,1
58328,1
58329,1
58330,1
58331,0.984646261
58332,0.97538209
58333,1
58334,1
58335,0.986869037
58336,1
58337,0.987225115
58338,1
58339,0.98894250399999994
58340,0.986379683
58341,0.959929943
58342,1
58343,0.988622606
58344,1
58345,1
58346,0.904842258
58347,0.931341112
58348,0.798346639
58349,1
58350,0.962407768
58351,0.973488748
58352,1
58353,0.971648514
58354,0.89282465
58355,0.943714023
58356,1
58357,0.989930213
58358,1
58359,0.879743159
58360,1
58361,1
58362,0.982786059
58363,1
58364,1
58365,1
58366,0.655203462
58367,1
58368,1
58369,1
58370,0.988640666
58371,1
58372,0.921749175
58373,1
58374,0.986088991
58375,0.98248452
58376,1
58377,1
58378,0.974909663
58379,0.385686874
58380,0.977531433
58381,0.980853915
58382,0.969422519
58383,0.900668562
58384,1
58385,0.940398216
58386,1
58387,0.984012723
58388,1
58389,1
58390,0.989379942
58391,0.984228134
58392,0.819086194
58393,0.988701701
58394,1
58395,1
58396,0.989243388
58397,1
58398,0.985273659
58399,0.962696493
58400,0.945658863
58401,0.989466488
58402,0.772802353
58403,0.902699709
58404,0.983964026
58405,1
58406,0.946913064
58407,1
58408,0.769863904
58409,1
58410,0.973435998
58411,0.972798407
58412,0.985890627
58413,1
58414,1
58415,1
58416,0.967362642
58417,1
58418,0.92556864
58419,0.503834963
58420,0.967393875
58421,0.98773092
58422,0.987254739
58423,0.985627532
58424,0.985807777
58425,0.949842572
58426,0.982753038
58427,0.424710572
58428,0.97901386
58429,0.968999803
58430,1
58431,0.989367902
58432,1
58433,0.987656951
58434,0.978507519
58435,1
58436,1
58437,1
58438,0.916753173
58439,1
58440,0.975827992
58441,0.927625179
58442,0
58443,0.746451855
58444,1
58445,1
58446,0.795459867
58447,0.907873333
58448,0.977182984
58449,0.83669132
58450,1
58451,0.971812427
58452,0.983455598
58453,0.974416912
58454,0.983894289
58455,1
58456,0.347529829
58457,1
58458,0.979516208
58459,0.983893633
58460,1
58461,0.631032348
58462,0.7224648
58463,0.984127939
58464,0.888488293
58465,0.909964442
58466,0.924975574
58467,0.957227528
58468,0.975589216
58469,0.977707803
58470,0.550096035
58471,0.875449121
58472,1
58473,0.886942565
58474,0.983888269
58475,1
58476,0.96649605
58477,1
58478,0.982093334
58479,0.955375969
58480,1
58481,1
58482,0.981685519
58483,1
58484,0.984551966
58485,1
58486,0.98818934
58487,0.989047468
58488,1
58489,1
58490,0.972972632
58491,0.980540216
58492,0.905626476
58493,0.980779409
58494,0.957773447
58495,1
58496,1
58497,0.980358481
58498,0.955868006
58499,1
58500,0.982793093
58501,0.958340347
58502,0.974839151
58503,1
58504,1
58505,1
58506,1
58507,1
58508,0.854092717
58509,0.986243308
58510,0.983632088
58511,0.876366139
58512,0.972514868
58513,0.824547648
58514,0.979469299
58515,1
58516,0.899345577
58517,0.901691198
58518,1
58519,1
58520,0.978865385
58521,0.938376546
58522,1
58523,0.967071235
58524,0.97430861
58525,0.865862548
58526,0.966599345
58527,0.98262018
58528,1
58529,0.96063602
58530,1
58531,0.989092946
58532,0.370501131
58533,1
58534,0.534618497
58535,0.978923976
58536,0.972437561
58537,1
58538,0.977599442
58539,1
58540,0.984170437
58541,0.862595618
58542,0.966821909
58543,0.988938689
58544,0.765689015
58545,0.988202512
58546,0.98874563
58547,0.53987211
58548,0.97427851
58549,0.972377479
58550,0.958218515
58551,0.98773998
58552,0.98146987
58553,1
58554,1
58555,1
58556,0.952067733
58557,0.98428911
58558,0.983054698
58559,1
58560,0.967508912
58561,0.950351059
58562,0.988384962
58563,0.988326013
58564,0.894545376
58565,0.981477439
58566,0.661714494
58567,0.389931828
58568,1
58569,1
58570,1
58571,1
58572,0.965709329
58573,1
58574,1
58575,1
58576,1
58577,0.930234671
58578,0.959611833
58579,1
58580,0.98604697
58581,0.961358964
58582,0.986038268
58583,0.951013088
58584,0.984751284
58585,0.79923451
58586,0.921262562
58587,1
58588,0.966732562
58589,0.966543436
58590,1
58591,0.921732962
58592,0.888141632
58593,1
58594,1
58595,1
58596,0.948677838
58597,1
58598,0.985181451
58599,1
58600,0.984870255
58601,1
58602,1
58603,0.986996293
58604,1
58605,0.961602509
58606,1
58607,0.942813635
58608,0.961043894
58609,0.987437904
58610,1
58611,0.986016572
58612,0.955737472
58613,0.979688823
58614,1
58615,1
58616,0.91201669
58617,0.953306139
58618,0.979838014
58619,0.888700903
58620,1
58621,1
58622,1
58623,0.981072784
58624,1
58625,0.789682686
58626,0.965365171
58627,0.9816522
58628,1
58629,1
58630,0.95767349
58631,1
58632,0.972294271
58633,1
58634,0.9561975
58635,1
58636,0.967263341
58637,1
58638,1
58639,0.817643464
58640,0.94428277
58641,1
58642,1
58643,0.979272604
58644,1
58645,0.944031239
58646,0.98548257399999994
58647,0.970797539
58648,0.978171587
58649,1
58650,0.940167725
58651,1
58652,1
58653,1
58654,0.852148414
58655,1
58656,1
58657,1
58658,0.970704079
58659,0.989879251
58660,0.907926023
58661,0.971951127
58662,0.970466673
58663,0.96201396
58664,1
58665,0.93786186
58666,0.98607558
58667,1
58668,0.380661607
58669,1
58670,1
58671,1
58672,1
58673,1
58674,0.955012262
58675,0.989765823
58676,0.92720151
58677,0.965525925
58678,0.964173555
58679,1
58680,0.974590361
58681,0.978071034
58682,0.668520212
58683,1
58684,0.975253046
58685,1
58686,1
58687,1
58688,0.951589942
58689,1
58690,1
58691,1
58692,0.963719428
58693,1
58694,1
58695,0.944445014
58696,0.976167679
58697,1
58698,1
58699,0.988268197
58700,1
58701,1
58702,0.958259642
58703,0.944051027
58704,0.96001035
58705,1
58706,0.935457468
58707,1
58708,0.988022566
58709,0.953125358
58710,0.858582437
58711,0.987897039
58712,0.907203317
58713,0.908478022
58714,0.964286506
58715,1
58716,0.968128979
58717,0.984745204
58718,0.88215214
58719,0.982185423
58720,0.985033691
58721,1
58722,0.985372603
58723,1
58724,0.941400588
58725,0.979508281
58726,0.888422132
58727,0.971295357
58728,1
58729,1
58730,0.765521407
58731,0.985128105
58732,0.98788774
58733,0.984349966
58734,0.926506639
58735,1
58736,1
58737,0.625714839
58738,0.977970302
58739,1
58740,1
58741,1
58742,1
58743,0.837960661
58744,0.93513602
58745,1
58746,1
58747,0.987234294
58748,0.986354649
58749,0.981020391
58750,0.824980915
58751,1
58752,0.962649882
58753,0.983165026
58754,0.947677255
58755,1
58756,1
58757,1
58758,0.960480511
58759,0.977869213
58760,0.988995791
58761,0.721123576
58762,0.957535684
58763,0.96769821600000006
58764,0.970039845
58765,0.983376682
58766,0.946049631
58767,0.973740041
58768,1
58769,0.969453871
58770,0.890684068
58771,0.983846664
58772,0.989530027
58773,0.975862861
58774,1
58775,1
58776,0.971595168
58777,1
58778,1
58779,1
58780,0.983031154
58781,0.908583999
58782,1
58783,0.981280625
58784,0.978740335
58785,0.954176128
58786,0.959834158
58787,0.973766267
58788,1
58789,1
58790,0.962655604
58791,1
58792,0.985934854
58793,0.985475421
58794,0.984975278
58795,0.946081519
58796,1
58797,1
58798,0.988013864
58799,0.972459197
58800,1
58801,1
58802,1
58803,0.978887856
58804,1
58805,0.883435905
58806,0.985169292
58807,0.929922044
58808,0.989430428
58809,0.989262521
58810,1
58811,0.852456629
58812,1
58813,0.973623097
58814,1
58815,0.901848018
58816,1
58817,0.986869037
58818,0.723663032
58819,1
58820,0.985286832
58821,1
58822,0.956145525
58823,1
58824,1
58825,0.960031211
58826,0.985262513
58827,0.957692087
58828,0.988171637
58829,0.975148439
58830,1
58831,1
58832,0.983076334
58833,0.728605151
58834,0.953867137
58835,0.937017918
58836,0.402711898
58837,0.982740164
58838,0.948227346
58839,0.920297384
58840,1
58841,0.977895439
58842,0.957833827
58843,0.989121854
58844,1
58845,1
58846,1
58847,1
58848,1
58849,0.989204109
58850,0.988101602
58851,1
58852,0.955659509
58853,0.985796273
58854,1
58855,0.872136712
58856,0.987678707
58857,0.981191933
58858,0.948441684
58859,0.615529537
58860,1
58861,0.90020287
58862,0.9845047
58863,1
58864,0.985602737
58865,1
58866,0.98885417
58867,1
58868,0.98137188
58869,1
58870,0.989451468
58871,0.704627991
58872,1
58873,0.98903811
58874,1
58875,1
58876,0.932062268
58877,0.960504592
58878,0.619036198
58879,0.987128496
58880,0.989024818
58881,0.985906601
58882,1
58883,0.975367367
58884,0.984445393
58885,0.898100197
58886,0.797511816
58887,1
58888,0.963364482
58889,0.986215711
58890,0.948696494
58891,1
58892,1
58893,0.929666817
58894,0.989541769
58895,0.958146513
58896,0.958697081
58897,0.810821354
58898,1
58899,1
58900,0.949280322
58901,1
58902,1
58903,0.546376348
58904,0.988222539
58905,1
58906,0.985627532
58907,0.985863268
58908,1
58909,1
58910,0.240017623
58911,1
58912,1
58913,0.981657028
58914,0.98915416
58915,1
58916,1
58917,0.988495171
58918,0.986583769
58919,0.97413671
58920,0.981218398
58921,1
