id,Action
1,0.6402188647993152
2,1
3,1
4,1
5,1
6,1
7,1
8,1
9,0.787329688675555
10,1
11,1
12,1
13,1
14,0.9079379353469418
15,0.9461872256651912
16,1
17,0.9362727220088655
18,0.8973329566492004
19,1
20,1
21,1
22,1
23,0.9036495966796854
24,1
25,1
26,1
27,1
28,0.7517464307716359
29,1
30,1
31,1
32,1
33,1
34,1
35,1
36,1
37,1
38,1
39,1
40,0.8455301574321258
41,1
42,1
43,1
44,1
45,1
46,1
47,1
48,1
49,1
50,1
51,1
52,1
53,1
54,1
55,0.9375662753668708
56,0.89894669504046
57,1
58,1
59,1
60,1
61,1
62,0.8262939165382149
63,1
64,1
65,1
66,1
67,0.9444007334101345
68,1
69,0.9034081014012397
70,0.8075408289243189
71,0.8922372317950158
72,1
73,1
74,1
75,1
76,1
77,1
78,0.8290068527450524
79,0.6297864780886048
80,1
81,1
82,1
83,1
84,1
85,1
86,0.9198971392558395
87,1
88,1
89,1
90,0.9193370290721756
91,1
92,0.8613728181482835
93,1
94,0.8866023354736748
95,1
96,1
97,0.6618151687630426
98,1
99,1
100,1
101,1
102,0.7014446260411614
103,1
104,1
105,0.590570667014169
106,1
107,1
108,0.9092854154998246
109,1
110,1
111,0.7951739878542881
112,1
113,1
114,1
115,0.9288048427215077
116,1
117,1
118,1
119,1
120,1
121,1
122,1
123,0.931959231646448
124,0.9375398285120013
125,1
126,0.8682801358681631
127,0.8594022383028836
128,0.9390568438333856
129,0.8902374291739613
130,1
131,1
132,1
133,1
134,0.9148823034616574
135,1
136,0.8491252247340529
137,1
138,1
139,0.9167348441741863
140,1
141,1
142,0.9366206786048177
143,1
144,1
145,1
146,0.8515258488642691
147,0.8839718072362048
148,0.9386168285227403
149,1
150,1
151,1
152,0.9439868422988044
153,1
154,0.8915173191307844
155,1
156,0.9461827461642972
157,1
158,1
159,1
160,0.9429644013977085
161,0.7423671913804096
162,1
163,1
164,1
165,1
166,1
167,0.9410714986408473
168,1
169,1
170,1
171,1
172,1
173,1
174,1
175,1
176,1
177,0.9435479385308849
178,1
179,1
180,0.8839718072362048
181,0.43212583743517335
182,1
183,1
184,0.7475001090281531
185,1
186,0.7468250623448003
187,1
188,1
189,0.6360620105238265
190,1
191,1
192,1
193,1
194,1
195,1
196,1
197,1
198,1
199,1
200,0.5670463004770423
201,1
202,1
203,1
204,1
205,1
206,1
207,1
208,1
209,0.8341286974704595
210,0.8650777471073209
211,1
212,0.9115842228413463
213,1
214,1
215,1
216,0.8976592879628531
217,1
218,1
219,1
220,1
221,0.8366719202873468
222,1
223,1
224,0.9419047300400144
225,1
226,0.8564548874221499
227,0.885110660307984
228,1
229,1
230,1
231,1
232,0.8444203815073744
233,1
234,0.5285411026862024
235,1
236,0.9388577343437038
237,1
238,1
239,1
240,1
241,1
242,0.739861762150983
243,0.5053906361605512
244,1
245,1
246,1
247,1
248,1
249,1
250,1
251,1
252,0.9446238276574408
253,1
254,1
255,1
256,1
257,1
258,0.9068599887333356
259,0.9465131338095212
260,1
261,1
262,1
263,0.9218924228648973
264,1
265,1
266,1
267,1
268,1
269,1
270,1
271,1
272,1
273,1
274,0.8161561842437431
275,1
276,0.7961228127601477
277,1
278,1
279,1
280,0.925462914418337
281,1
282,1
283,0.8741114119956955
284,1
285,1
286,0.945946033692074
287,1
288,1
289,0.9427540963519289
290,1
291,0.871644993685532
292,0.9307053322717354
293,1
294,0.9350141788681001
295,1
296,0.5568207262836085
297,0.6538384178950167
298,1
299,0.5176713932485466
300,1
301,0.5631375290717684
302,1
303,0.6563833025265245
304,0.6870145205717727
305,1
306,1
307,1
308,1
309,1
310,1
311,1
312,1
313,1
314,1
315,1
316,1
317,0.9267312402364868
318,1
319,0.8181073215149365
320,1
321,1
322,0.4733592193110967
323,1
324,1
325,1
326,0.8135618590673096
327,0.9470948698287129
328,1
329,1
330,1
331,1
332,1
333,1
334,0.9215305514069402
335,1
336,1
337,1
338,1
339,1
340,1
341,0.9255067706075497
342,1
343,0.8929076507235053
344,1
345,1
346,1
347,0.919668109379325
348,1
349,1
350,0.8106048755737658
351,0.9253337856518872
352,1
353,1
354,0.6252734846959063
355,1
356,1
357,0.9053759674182628
358,1
359,1
360,0.8811104090159121
361,1
362,1
363,1
364,0.7095834620753245
365,1
366,1
367,1
368,1
369,1
370,1
371,1
372,1
373,0.8253366106153629
374,0.380030652542231
375,1
376,1
377,0.618727462530646
378,1
379,1
380,0.9034034789151919
381,0.9215323715750302
382,1
383,1
384,0.9053847579972785
385,0.8797034149876959
386,1
387,0.9333107397151322
388,1
389,1
390,1
391,1
392,1
393,0.9321341486196405
394,1
395,0.8252486043651566
396,1
397,1
398,1
399,1
400,1
401,1
402,1
403,1
404,1
405,1
406,0.9333503705833083
407,0.9005869394471551
408,1
409,1
410,1
411,1
412,0.8821723075288975
413,0.8505946029120102
414,1
415,1
416,1
417,1
418,0.899603303136366
419,0.9201247500183973
420,1
421,1
422,1
423,1
424,0.9281542371268053
425,1
426,1
427,1
428,1
429,0.890862397486676
430,1
431,1
432,1
433,1
434,0.8261944432671873
435,1
436,1
437,1
438,0.7617235077433923
439,1
440,0.8290068527450524
441,1
442,1
443,1
444,1
445,0.9021723879558949
446,1
447,0.9132420762067418
448,1
449,1
450,0.9122579712215334
451,0.6105479273449718
452,0.9419854590570907
453,1
454,0.9351505009360185
455,1
456,1
457,1
458,1
459,1
460,0.7899405983591141
461,0.8452528623223572
462,1
463,1
464,1
465,1
466,1
467,0.49159007767286816
468,0.9287549908958039
469,1
470,1
471,1
472,1
473,1
474,1
475,1
476,1
477,1
478,1
479,1
480,1
481,1
482,1
483,1
484,1
485,1
486,1
487,0.9139598034696145
488,1
489,1
490,1
491,1
492,1
493,0.8277378029584362
494,1
495,0.9476047915050818
496,1
497,1
498,1
499,1
500,1
501,1
502,0.9316411869278172
503,1
504,1
505,1
506,1
507,1
508,1
509,1
510,0.5408086242756883
511,1
512,1
513,1
514,0.6612078340582769
515,1
516,1
517,1
518,0.9483304125528573
519,1
520,0.835546172031628
521,1
522,0.896689586038032
523,1
524,0.44933706189866945
525,0.9179997809560522
526,0.588071933795539
527,1
528,0.9356149242007593
529,1
530,1
531,1
532,1
533,1
534,0.872608346731851
535,1
536,1
537,1
538,1
539,1
540,1
541,1
542,1
543,0.8709246833801864
544,1
545,1
546,1
547,0.6949228204319914
548,0.8087068810643574
549,1
550,0.9435039552859618
551,1
552,1
553,1
554,0.9286932352122557
555,1
556,1
557,1
558,1
559,1
560,1
561,1
562,1
563,1
564,0.9394553926183102
565,1
566,0.9345841174694358
567,0.9291347341929093
568,0.8198085621102592
569,1
570,0.8857726156359178
571,0.6885666997785582
572,0.902684453275321
573,0.8495512933114234
574,0.7272779437580501
575,1
576,1
577,1
578,1
579,0.9283009283703961
580,1
581,1
582,1
583,1
584,1
585,1
586,1
587,1
588,1
589,1
590,1
591,1
592,1
593,0.853504773429557
594,1
595,1
596,1
597,1
598,0.9270661661686402
599,0.9463848647819475
600,1
601,1
602,0.9419047300400144
603,1
604,0.8871257292271026
605,1
606,1
607,1
608,1
609,1
610,0.9051393123709948
611,1
612,1
613,1
614,0.8184683193106489
615,1
616,0.5449461089675415
617,0.9223979382407904
618,0.8749397002841524
619,1
620,1
621,1
622,1
623,1
624,0.9493418780884667
625,1
626,1
627,1
628,1
629,1
630,1
631,1
632,0.948364942894057
633,1
634,1
635,0.911933432600174
636,1
637,1
638,1
639,0.9277337136738866
640,1
641,1
642,0.914858623777099
643,0.9272820508688577
644,1
645,1
646,0.8465985975467295
647,1
648,0.8659499157561663
649,1
650,0.9205443042985866
651,1
652,1
653,0.6908134975425122
654,0.9320595825152943
655,1
656,1
657,1
658,1
659,0.9451929809596394
660,1
661,1
662,1
663,1
664,1
665,0.9016185685159321
666,0.8051665538236631
667,0.9258290535248442
668,1
669,1
670,0.9101121784511931
671,0.9153443408045312
672,1
673,0.600321024517991
674,1
675,1
676,1
677,1
678,1
679,1
680,1
681,0.8130764535201588
682,0.8060853397256832
683,1
684,1
685,1
686,0.8897524347239743
687,1
688,1
689,1
690,1
691,1
692,1
693,0.8916051604109223
694,1
695,1
696,0.7130641539631528
697,1
698,1
699,1
700,1
701,0.9325395047888025
702,1
703,1
704,0.7242027409425585
705,0.8976592879628531
706,0.7855827773119064
707,1
708,1
709,1
710,1
711,0.8800467885609112
712,1
713,1
714,1
715,1
716,0.8120843447126799
717,0.8983550246156369
718,0.9429512411534519
719,1
720,1
721,0.8812164605597486
722,1
723,1
724,0.8895785138926952
725,1
726,0.9446596836493764
727,1
728,1
729,1
730,0.8974882139427417
731,0.7412299594689025
732,1
733,1
734,1
735,0.9473162613061697
736,0.8089022161006845
737,1
738,1
739,1
740,1
741,1
742,1
743,1
744,1
745,1
746,1
747,1
748,1
749,1
750,1
751,1
752,1
753,1
754,1
755,1
756,0.9071764546249697
757,1
758,1
759,1
760,1
761,1
762,0.9499925908873543
763,0.9361864371229895
764,0.93622839264172375
765,1
766,0.937782952132007
767,1
768,1
769,1
770,0.9476037205784354
771,1
772,1
773,1
774,0.9394605644668437
775,1
776,0.6712165144558132
777,1
778,1
779,1
780,0.7991537684691251
781,0.8253366106153629
782,1
783,1
784,0.8994398001863231
785,0.817636263085941
786,1
787,1
788,0.9496680418389101
789,1
790,0.8993865515237685
791,1
792,1
793,0.9320860724657953
794,0.9499779998051323
795,1
796,0.8992859391806531
797,1
798,1
799,0.6758413648729557
800,1
801,1
802,1
803,0.8948748242834773
804,1
805,1
806,1
807,0.7459765857443538
808,0.9020639540662015
809,0.900159604749683
810,1
811,1
812,0.590570667014169
813,1
814,1
815,0.739861762150983
816,1
817,1
818,0.934995299252235
819,1
820,1
821,1
822,1
823,1
824,0.9185873532887621
825,1
826,0.8997667852628594
827,1
828,1
829,1
830,1
831,0.919443058704827
832,1
833,1
834,0.9307183326835381
835,1
836,1
837,1
838,1
839,0.9174569388168166
840,0.941149040493843
841,1
842,1
843,1
844,1
845,1
846,1
847,0.9494331222857347
848,1
849,1
850,0.6632987230755804
851,1
852,0.9394312264406032
853,0.9257025183512876
854,0.6788786805611575
855,1
856,1
857,1
858,1
859,1
860,1
861,1
862,0.9194873639872836
863,1
864,0.8624063061892102
865,0.8379505728669683
866,0.8575827085815216
867,1
868,1
869,1
870,1
871,1
872,0.9434893477776377
873,1
874,1
875,1
876,1
877,1
878,1
879,1
880,1
881,0.9033893273357124
882,1
883,1
884,1
885,0.8962449515654782
886,1
887,0.9320108701894059
888,1
889,0.9203286561624391
890,1
891,1
892,0.8867358847334048
893,1
894,1
895,1
896,1
897,0.827090363030181
898,1
899,1
900,1
901,1
902,1
903,1
904,1
905,1
906,1
907,1
908,1
909,0.9000087940382507
910,0.9289439458733283
911,0.9425730762260398
912,1
913,1
914,1
915,1
916,0.9443913885251028
917,1
918,1
919,1
920,0.9167090463395966
921,1
922,1
923,0.7912450961279972
924,0.8420519230488721
925,0.76894563285133
926,1
927,1
928,1
929,1
930,1
931,1
932,1
933,1
934,0.8624734535972602
935,1
936,0.8946091429553453
937,1
938,1
939,0.8184683193106489
940,1
941,1
942,1
943,0.6557158444366449
944,1
945,0.9443811738778308
946,1
947,1
948,0.8298917279474061
949,1
950,1
951,1
952,0.8277107042237845
953,1
954,1
955,0.9386385440437762
956,0.7270568035611314
957,1
958,0.9085784715608759
959,0.871076205734095
960,0.8501402181488629
961,0.9380801454413408
962,1
963,1
964,1
965,0.9273632549127834
966,1
967,0.9485332413399277
968,0.9499248453048607
969,1
970,1
971,1
972,1
973,1
974,1
975,0.8757004841222288
976,1
977,0.9277337136738866
978,0.9178028137165289
979,1
980,0.6885666997785582
981,1
982,1
983,1
984,0.803620756712062
985,1
986,1
987,1
988,1
989,1
990,0.7661322415115521
991,0.8058562418782959
992,1
993,1
994,1
995,1
996,1
997,0.7113334470694394
998,0.9243634253559843
999,1
1000,1
1001,1
1002,1
1003,1
1004,1
1005,1
1006,0.9250776777581141
1007,1
1008,1
1009,1
1010,0.9381392121434058
1011,1
1012,1
1013,1
1014,1
1015,1
1016,1
1017,0.6411638553828737
1018,0.9047119132136896
1019,0.925462914418337
1020,1
1021,1
1022,1
1023,0.9315024774236169
1024,1
1025,1
1026,0.9079359703257683
1027,1
1028,1
1029,1
1030,1
1031,1
1032,1
1033,1
1034,0.9453023802654195
1035,1
1036,1
1037,0.7412299594689025
1038,1
1039,0.9295985307626584
1040,1
1041,1
1042,1
1043,0.41933871260297145
1044,0.7736448330134479
1045,0.7286546294712044
1046,1
1047,1
1048,1
1049,0.6402188647993152
1050,1
1051,1
1052,1
1053,1
1054,0.9064029997400196
1055,1
1056,0.8507821466843283
1057,1
1058,1
1059,0.9479118716596104
1060,1
1061,1
1062,1
1063,1
1064,1
1065,1
1066,1
1067,0.9348285627418064
1068,0.8261944432671873
1069,1
1070,1
1071,0.6695005923323716
1072,1
1073,0.9362727220088655
1074,1
1075,1
1076,1
1077,1
1078,1
1079,1
1080,0.8725534315663465
1081,1
1082,1
1083,1
1084,1
1085,0.8650789136130007
1086,1
1087,1
1088,1
1089,0.9390532130794406
1090,1
1091,0.9397771548439816
1092,1
1093,1
1094,1
1095,1
1096,1
1097,1
1098,1
1099,1
1100,0.8459471650423244
1101,0.8507821466843283
1102,0.846032495765874
1103,1
1104,0.9179997809560522
1105,1
1106,1
1107,1
1108,1
1109,1
1110,1
1111,1
1112,1
1113,1
1114,1
1115,0.9328613430379086
1116,0.9169196387438686
1117,1
1118,1
1119,0.9320860724657953
1120,1
1121,1
1122,0.48899163122053024
1123,0.8099500157708521
1124,0.9292945877178469
1125,1
1126,1
1127,1
1128,1
1129,1
1130,1
1131,1
1132,0.9476588316998317
1133,1
1134,1
1135,0.8408687280870818
1136,1
1137,1
1138,1
1139,1
1140,1
1141,1
1142,0.9442973972993116
1143,1
1144,0.9448323730394107
1145,1
1146,1
1147,1
1148,0.89894669504046
1149,1
1150,1
1151,1
1152,1
1153,1
1154,0.8468621496493656
1155,1
1156,1
1157,1
1158,0.9408355656651776
1159,1
1160,1
1161,1
1162,1
1163,1
1164,1
1165,1
1166,1
1167,1
1168,1
1169,0.9200528411758268
1170,0.9175460490025474
1171,1
1172,0.9424083228802962
1173,1
1174,1
1175,1
1176,1
1177,1
1178,1
1179,1
1180,0.7724028664798231
1181,0.9461027722107688
1182,0.9458089469503201
1183,1
1184,0.8616262011721642
1185,1
1186,1
1187,1
1188,0.6178081054033822
1189,1
1190,1
1191,1
1192,1
1193,1
1194,1
1195,0.9480279436620129
1196,1
1197,1
1198,1
1199,1
1200,1
1201,0.9496303032719685
1202,1
1203,1
1204,1
1205,1
1206,0.9116465364163353
1207,0.9432542686384323
1208,1
1209,0.8199009941916319
1210,0.9268061576472632
1211,1
1212,1
1213,1
1214,1
1215,1
1216,0.8977818223756795
1217,1
1218,1
1219,1
1220,0.9391792425965498
1221,1
1222,1
1223,1
1224,0.8302746633488791
1225,1
1226,1
1227,1
1228,1
1229,1
1230,1
1231,1
1232,1
1233,1
1234,1
1235,1
1236,0.9237691174780562
1237,1
1238,1
1239,1
1240,1
1241,1
1242,1
1243,1
1244,1
1245,1
1246,0.7558620994133745
1247,1
1248,1
1249,0.937746755857
1250,1
1251,1
1252,0.8619267777571056
1253,1
1254,1
1255,1
1256,1
1257,0.8729430046218168
1258,0.930566313526014
1259,1
1260,1
1261,1
1262,1
1263,1
1264,1
1265,1
1266,1
1267,1
1268,1
1269,1
1270,1
1271,0.9442154572057903
1272,1
1273,1
1274,0.9015033061961067
1275,1
1276,1
1277,1
1278,1
1279,1
1280,1
1281,1
1282,1
1283,1
1284,1
1285,1
1286,1
1287,0.8522106415709928
1288,0.9187066265110105
1289,1
1290,1
1291,1
1292,0.8792586579888297
1293,1
1294,0.9499410143527857
1295,1
1296,0.934473911942135
1297,1
1298,1
1299,0.93622839264172375
1300,1
1301,1
1302,0.7247206096775582
1303,1
1304,1
1305,0.882158527037212
1306,1
1307,1
1308,1
1309,1
1310,1
1311,1
1312,1
1313,0.8380830820217633
1314,1
1315,1
1316,1
1317,1
1318,1
1319,1
1320,0.8352929354734432
1321,0.8953244525350268
1322,1
1323,1
1324,1
1325,1
1326,1
1327,0.7661322415115521
1328,1
1329,1
1330,1
1331,1
1332,1
1333,0.8710303564240629
1334,0.9288048427215077
1335,0.9461829203620334
1336,1
1337,1
1338,1
1339,0.8355806614459328
1340,1
1341,1
1342,1
1343,1
1344,1
1345,1
1346,1
1347,1
1348,1
1349,1
1350,1
1351,0.885501360227659
1352,1
1353,1
1354,1
1355,1
1356,1
1357,0.9481113743411194
1358,0.7981415772804076
1359,0.5398570795552629
1360,0.9016185685159321
1361,0.9421690666887044
1362,1
1363,1
1364,1
1365,1
1366,1
1367,1
1368,1
1369,1
1370,0.912966872103655
1371,1
1372,0.8014225546745039
1373,0.6843749336152619
1374,1
1375,1
1376,1
1377,1
1378,1
1379,1
1380,1
1381,1
1382,0.9076938223559293
1383,1
1384,1
1385,1
1386,1
1387,0.9423952244611653
1388,1
1389,1
1390,1
1391,0.7103761156221248
1392,1
1393,1
1394,1
1395,1
1396,1
1397,1
1398,1
1399,0.9400508140359367
1400,0.9459716561231809
1401,1
1402,1
1403,1
1404,1
1405,1
1406,1
1407,1
1408,1
1409,0.8794149210268735
1410,1
1411,0.9078149255890264
1412,1
1413,0.7212950399820459
1414,0.8739120340922945
1415,1
1416,0.9497095290968539
1417,0.7841977139004183
1418,1
1419,1
1420,1
1421,1
1422,0.9198623859718055
1423,0.9432708071042665
1424,1
1425,1
1426,1
1427,1
1428,1
1429,0.6402188647993152
1430,1
1431,1
1432,1
1433,0.32669273324763193
1434,0.7113334470694394
1435,1
1436,1
1437,1
1438,1
1439,1
1440,1
1441,0.8183742323717508
1442,1
1443,1
1444,1
1445,1
1446,1
1447,1
1448,1
1449,1
1450,0.8406204064102737
1451,0.8430917372106829
1452,1
1453,1
1454,1
1455,1
1456,0.8201181912931355
1457,1
1458,1
1459,1
1460,1
1461,1
1462,0.5903226494243273
1463,1
1464,0.750604506637338
1465,1
1466,1
1467,0.8829627429464075
1468,1
1469,1
1470,0.930234120513985
1471,1
1472,0.843497548739941
1473,0.7748906695296414
1474,1
1475,1
1476,1
1477,0.9197299403515166
1478,1
1479,1
1480,1
1481,1
1482,0.8885340880213068
1483,1
1484,0.9371275309547484
1485,1
1486,1
1487,1
1488,0.9423163657729118
1489,1
1490,0.8867219127435856
1491,1
1492,1
1493,1
1494,1
1495,1
1496,1
1497,1
1498,1
1499,1
1500,1
1501,1
1502,0.8420099650314762
1503,1
1504,1
1505,1
1506,0.93622839264172375
1507,1
1508,0.8252486043651566
1509,1
1510,1
1511,1
1512,1
1513,1
1514,0.9207608750191193
1515,0.756557522649309
1516,0.9474457481019027
1517,0.6951371132749019
1518,1
1519,1
1520,1
1521,0.9274018072886296
1522,0.909740331337586
1523,1
1524,0.9230170145444427
1525,1
1526,1
1527,1
1528,1
1529,0.9384583037390508
1530,1
1531,0.9299937415175259
1532,1
1533,1
1534,1
1535,1
1536,1
1537,1
1538,1
1539,1
1540,1
1541,1
1542,1
1543,0.906047855488915
1544,1
1545,1
1546,1
1547,1
1548,1
1549,1
1550,1
1551,1
1552,1
1553,1
1554,1
1555,1
1556,1
1557,0.9461827461642972
1558,1
1559,1
1560,0.9184485318802081
1561,1
1562,1
1563,0.7901878139324291
1564,1
1565,1
1566,1
1567,1
1568,1
1569,0.8252486043651566
1570,0.8767010439063275
1571,0.940403991119868
1572,1
1573,0.6402188647993152
1574,1
1575,0.9361750369684214
1576,1
1577,1
1578,1
1579,1
1580,0.8899347039635997
1581,1
1582,1
1583,0.887555191706151
1584,1
1585,1
1586,1
1587,0.900149306921971
1588,1
1589,1
1590,1
1591,0.8605053985751477
1592,1
1593,0.9286452282749875
1594,1
1595,0.4303511464290667
1596,1
1597,1
1598,0.923428961896409
1599,0.6977809608746666
1600,1
1601,1
1602,1
1603,1
1604,1
1605,1
1606,1
1607,0.8842349729700129
1608,0.5670463004770423
1609,0.9182827502705893
1610,0.7527426379080988
1611,1
1612,1
1613,1
1614,0.9197299403515166
1615,1
1616,1
1617,0.5670463004770423
1618,1
1619,1
1620,1
1621,0.9109558495083835
1622,0.731410141139783
1623,1
1624,0.9393243510686561
1625,1
1626,1
1627,0.4183576605529964
1628,1
1629,1
1630,1
1631,1
1632,1
1633,0.8414149015358793
1634,1
1635,1
1636,1
1637,0.9058150950351559
1638,1
1639,1
1640,1
1641,1
1642,1
1643,1
1644,1
1645,0.8478941630034647
1646,1
1647,1
1648,1
1649,1
1650,1
1651,1
1652,1
1653,1
1654,1
1655,1
1656,1
1657,1
1658,1
1659,0.8559687978143096
1660,1
1661,1
1662,1
1663,1
1664,1
1665,0.9183224233363254
1666,1
1667,0.8035359897991466
1668,1
1669,1
1670,1
1671,0.9092766056829492
1672,0.9265040610394524
1673,0.8277107042237845
1674,1
1675,0.7493040490677745
1676,0.6360620105238265
1677,1
1678,1
1679,1
1680,1
1681,1
1682,1
1683,1
1684,0.6758413648729557
1685,1
1686,1
1687,1
1688,1
1689,1
1690,1
1691,1
1692,1
1693,1
1694,1
1695,1
1696,1
1697,1
1698,0.8606226160720233
1699,1
1700,1
1701,0.6715273910330568
1702,1
1703,1
1704,1
1705,1
1706,0.8736077027818981
1707,1
1708,0.9489381628047202
1709,1
1710,1
1711,1
1712,0.9300791428275821
1713,0.49266168976316305
1714,1
1715,1
1716,1
1717,0.9148823034616574
1718,0.44933706189866945
1719,1
1720,1
1721,1
1722,0.9407059476473572
1723,1
1724,1
1725,1
1726,1
1727,1
1728,1
1729,1
1730,1
1731,0.8261944432671873
1732,1
1733,1
1734,0.8159373609542809
1735,1
1736,0.9279125472692115
1737,1
1738,1
1739,1
1740,1
1741,0.8849014557599442
1742,1
1743,1
1744,0.8828877267605751
1745,1
1746,1
1747,1
1748,0.9152366607799762
1749,1
1750,1
1751,1
1752,1
1753,1
1754,1
1755,0.9255590956437632
1756,1
1757,1
1758,1
1759,1
1760,1
1761,0.9431802136566639
1762,0.8695273694342176
1763,1
1764,1
1765,1
1766,1
1767,1
1768,0.6560925976268593
1769,0.9230715112263457
1770,1
1771,1
1772,1
1773,0.9403395282718201
1774,1
1775,1
1776,0.9283869813022714
1777,0.8502656485457725
1778,0.9480462579703061
1779,1
1780,1
1781,0.8582578286162258
1782,0.8486100118747267
1783,1
1784,0.8904285857143173
1785,1
1786,1
1787,0.8720835141784746
1788,0.8839718072362048
1789,1
1790,1
1791,0.7685837718097019
1792,0.9446596836493764
1793,1
1794,0.8809441655174993
1795,1
1796,0.926950076143642
1797,1
1798,1
1799,1
1800,1
1801,1
1802,1
1803,1
1804,1
1805,1
1806,0.850653365456484
1807,1
1808,1
1809,1
1810,0.8821723075288975
1811,1
1812,1
1813,0.8506782507431626
1814,0.7815775091891796
1815,0.9005869394471551
1816,1
1817,0.9369900156770595
1818,1
1819,0.8030146729373614
1820,1
1821,1
1822,1
1823,1
1824,0.8348632431037747
1825,1
1826,1
1827,1
1828,1
1829,1
1830,0.911933432600174
1831,1
1832,1
1833,1
1834,0.8788522590172365
1835,0.8735310591269749
1836,1
1837,1
1838,0.9081936669269067
1839,1
1840,1
1841,0.9222178432399633
1842,1
1843,1
1844,1
1845,1
1846,1
1847,1
1848,1
1849,0.9170176413471876
1850,1
1851,1
1852,1
1853,0.8277107042237845
1854,1
1855,1
1856,1
1857,1
1858,0.6538384178950167
1859,1
1860,0.8302890185775087
1861,1
1862,1
1863,0.8277107042237845
1864,0.9043651647421804
1865,1
1866,1
1867,1
1868,1
1869,0.815451500635205
1870,1
1871,1
1872,1
1873,0.8647161873046618
1874,0.9419854590570907
1875,0.7318714246946864
1876,1
1877,1
1878,0.7906949219470639
1879,1
1880,1
1881,1
1882,1
1883,1
1884,0.4733592193110967
1885,1
1886,1
1887,1
1888,0.9486432912514582
1889,1
1890,1
1891,0.8756191275019689
1892,1
1893,1
1894,1
1895,1
1896,1
1897,1
1898,0.9348405151968444
1899,1
1900,1
1901,0.7668479596437369
1902,1
1903,0.7525286224854192
1904,1
1905,1
1906,1
1907,0.9020455969005793
1908,0.8160861081665324
1909,1
1910,1
1911,1
1912,1
1913,0.8174109615446608
1914,1
1915,1
1916,0.821354833886161
1917,1
1918,1
1919,0.8721305589835799
1920,0.9100390769249265
1921,0.5986451929889223
1922,1
1923,1
1924,1
1925,1
1926,0.9048563687936194
1927,1
1928,1
1929,1
1930,1
1931,1
1932,0.7616159098430866
1933,1
1934,0.9290915835034472
1935,1
1936,1
1937,1
1938,1
1939,1
1940,1
1941,0.9373332487723817
1942,1
1943,0.8174780079613403
1944,1
1945,1
1946,1
1947,1
1948,0.8549657867101778
1949,1
1950,1
1951,1
1952,1
1953,1
1954,1
1955,1
1956,1
1957,0.6758413648729557
1958,1
1959,1
1960,1
1961,1
1962,1
1963,0.8697393392474844
1964,1
1965,1
1966,1
1967,1
1968,0.8473768085005065
1969,1
1970,1
1971,0.40348442543165447
1972,1
1973,1
1974,1
1975,0.8665491482840314
1976,1
1977,0.863699624265607
1978,1
1979,0.9332450082450171
1980,1
1981,1
1982,1
1983,0.8366430347139018
1984,1
1985,1
1986,1
1987,0.9154698882268842
1988,1
1989,1
1990,1
1991,0.9388283542373463
1992,1
1993,1
1994,1
1995,1
1996,1
1997,1
1998,0.9007740116791996
1999,1
2000,1
2001,1
2002,1
2003,0.9405201533886417
2004,1
2005,0.9413219535701843
2006,1
2007,0.8713825129078626
2008,0.7366565360454321
2009,0.9412254242018926
2010,1
2011,0.9444463836852656
2012,1
2013,1
2014,1
2015,1
2016,1
2017,1
2018,1
2019,1
2020,0.8259915970383055
2021,1
2022,0.4687421681714064
2023,0.9079359703257683
2024,0.9466798006303496
2025,1
2026,0.8036443979632395
2027,1
2028,0.9126536739259169
2029,1
2030,1
2031,1
2032,1
2033,1
2034,1
2035,1
2036,1
2037,0.889721476659307
2038,1
2039,1
2040,1
2041,1
2042,1
2043,0.9445684598113598
2044,0.6498326335397544
2045,1
2046,1
2047,1
2048,1
2049,1
2050,1
2051,1
2052,0.6651494374207169
2053,1
2054,1
2055,0.9302548035445495
2056,0.6819018058382977
2057,1
2058,1
2059,1
2060,1
2061,0.8978059263031924
2062,1
2063,0.9480434054585004
2064,0.8957835643606358
2065,1
2066,1
2067,0.4354536380108282
2068,0.920938859950375
2069,1
2070,1
2071,1
2072,1
2073,1
2074,1
2075,0.8407985550113417
2076,1
2077,1
2078,0.6734389509459714
2079,0.8247440388525383
2080,1
2081,1
2082,1
2083,0.9194887260085187
2084,0.43715855216646254
2085,1
2086,0.9488760886652625
2087,0.8544468415094897
2088,1
2089,0.8948748242834773
2090,1
2091,1
2092,1
2093,1
2094,1
2095,1
2096,1
2097,0.8974882139427417
2098,0.8580623276590075
2099,1
2100,1
2101,1
2102,1
2103,1
2104,1
2105,0.834513145265008
2106,1
2107,0.9367901103531981
2108,1
2109,0.5341269305341848
2110,1
2111,1
2112,0.41933871260297145
2113,1
2114,1
2115,1
2116,1
2117,1
2118,1
2119,1
2120,1
2121,0.604418380039291
2122,0.8943715139655499
2123,1
2124,1
2125,1
2126,1
2127,1
2128,1
2129,1
2130,1
2131,1
2132,0.8197727734591077
2133,1
2134,1
2135,0.9127549352926061
2136,1
2137,0.8460265296989792
2138,1
2139,0.8611819149124286
2140,1
2141,0.8860331116038699
2142,1
2143,1
2144,1
2145,1
2146,0.9169926441559101
2147,1
2148,1
2149,1
2150,1
2151,1
2152,1
2153,1
2154,1
2155,0.9173987741281496
2156,1
2157,1
2158,1
2159,1
2160,1
2161,1
2162,1
2163,0.940403991119868
2164,1
2165,1
2166,0.8087068810643574
2167,1
2168,1
2169,0.8771723927200976
2170,1
2171,0.846006688715175
2172,1
2173,0.9252408314735903
2174,1
2175,0.9293801729641108
2176,1
2177,1
2178,1
2179,1
2180,1
2181,1
2182,1
2183,1
2184,1
2185,1
2186,1
2187,1
2188,1
2189,1
2190,1
2191,1
2192,1
2193,0.9270266000533726
2194,1
2195,1
2196,1
2197,0.8559182941490148
2198,1
2199,1
2200,1
2201,0.573736360986223
2202,1
2203,1
2204,1
2205,1
2206,0.7981415772804076
2207,1
2208,1
2209,1
2210,1
2211,1
2212,1
2213,0.9215305514069402
2214,1
2215,1
2216,1
2217,1
2218,1
2219,1
2220,1
2221,1
2222,1
2223,1
2224,1
2225,1
2226,1
2227,0.9461872256651912
2228,1
2229,1
2230,0.8408663527601468
2231,1
2232,1
2233,0.6642821449443611
2234,1
2235,1
2236,1
2237,1
2238,1
2239,0.9427540963519289
2240,0.42782194484389424
2241,0.48887071624152123
2242,1
2243,1
2244,1
2245,1
2246,0.915016515370642
2247,1
2248,1
2249,1
2250,1
2251,0.9284345091672755
2252,1
2253,0.9410756355486789
2254,1
2255,1
2256,0.9355991499788943
2257,1
2258,0.6471989162354547
2259,1
2260,0.8975316729167125
2261,1
2262,0.9035374275105416
2263,1
2264,1
2265,0.9023798937353835
2266,0.9383164148579588
2267,1
2268,1
2269,0.8331213147637191
2270,0.9433778996805191
2271,1
2272,1
2273,1
2274,1
2275,0.9346809457259999
2276,1
2277,1
2278,1
2279,1
2280,1
2281,1
2282,0.940853494586447
2283,0.9259836800848912
2284,0.9000087940382507
2285,1
2286,0.8710303564240629
2287,1
2288,0.8972403005819882
2289,1
2290,1
2291,1
2292,1
2293,0.9238693953330452
2294,1
2295,1
2296,1
2297,0.9370517432054408
2298,1
2299,0.9083610006310968
2300,1
2301,0.8738552658271963
2302,0.9490633379044419
2303,1
2304,1
2305,1
2306,1
2307,1
2308,0.9300961858898933
2309,1
2310,1
2311,0.9198623859718055
2312,1
2313,0.7412299594689025
2314,1
2315,1
2316,1
2317,1
2318,1
2319,1
2320,0.9319258381270441
2321,1
2322,1
2323,0.9298603796348527
2324,0.8663906240416955
2325,1
2326,1
2327,1
2328,1
2329,0.7386293626817493
2330,1
2331,1
2332,1
2333,1
2334,0.6758413648729557
2335,0.6105479273449718
2336,0.8990253807030374
2337,1
2338,0.9199158818358767
2339,1
2340,1
2341,1
2342,0.885401482276952
2343,1
2344,1
2345,1
2346,1
2347,1
2348,1
2349,0.8570329064112016
2350,0.9114378215067468
2351,1
2352,1
2353,1
2354,1
2355,1
2356,1
2357,1
2358,1
2359,1
2360,1
2361,0.7994901219248626
2362,1
2363,1
2364,1
2365,0.595327570175927
2366,1
2367,1
2368,1
2369,0.9432708071042665
2370,1
2371,1
2372,1
2373,1
2374,1
2375,1
2376,0.8252486043651566
2377,1
2378,1
2379,0.938276086233735
2380,1
2381,1
2382,1
2383,0.9488050321828744
2384,0.6244349643490151
2385,1
2386,0.8455860866456714
2387,0.8252486043651566
2388,1
2389,0.8379505728669683
2390,1
2391,0.9364536604336625
2392,1
2393,1
2394,0.8564548874221499
2395,1
2396,1
2397,1
2398,1
2399,1
2400,0.8564548874221499
2401,1
2402,1
2403,1
2404,1
2405,0.8783747201233458
2406,0.8962449515654782
2407,1
2408,0.9181344919823539
2409,1
2410,1
2411,1
2412,0.9396583189742831
2413,1
2414,1
2415,0.9426920733201589
2416,0.9168236643431269
2417,1
2418,0.9305620306883741
2419,1
2420,1
2421,1
2422,1
2423,1
2424,1
2425,0.9464360186092694
2426,1
2427,1
2428,1
2429,0.8457232899586828
2430,0.8480400431328038
2431,0.5670463004770423
2432,1
2433,1
2434,1
2435,1
2436,1
2437,1
2438,1
2439,1
2440,1
2441,0.9016886104698297
2442,1
2443,0.9401300041289242
2444,0.8776421783754835
2445,1
2446,1
2447,0.7876892574025773
2448,1
2449,0.8668589066539707
2450,1
2451,1
2452,0.8332103430604151
2453,0.8113899940136688
2454,1
2455,1
2456,1
2457,0.4583175445183536
2458,1
2459,0.779667028383394
2460,1
2461,1
2462,1
2463,1
2464,0.8849352386407986
2465,1
2466,1
2467,1
2468,0.9291728405105392
2469,1
2470,1
2471,1
2472,1
2473,0.9392531546528945
2474,1
2475,1
2476,0.9496035411602939
2477,1
2478,1
2479,1
2480,1
2481,1
2482,1
2483,1
2484,0.9419854590570907
2485,1
2486,1
2487,1
2488,1
2489,0.8901166103322667
2490,1
2491,1
2492,0.9455189849330404
2493,1
2494,1
2495,1
2496,0.852920597215767
2497,1
2498,1
2499,0.9485784076782957
2500,0.9021723879558949
2501,1
2502,1
2503,1
2504,1
2505,1
2506,0.9394073931439438
2507,0.8906493859380937
2508,0.9329569810496159
2509,1
2510,1
2511,1
2512,1
2513,0.8864221632253089
2514,1
2515,1
2516,0.9497420341653704
2517,1
2518,1
2519,1
2520,0.9014318587664245
2521,0.7981415772804076
2522,1
2523,1
2524,1
2525,1
2526,1
2527,0.907570001940094
2528,1
2529,0.9439767469407143
2530,1
2531,0.9153884600639861
2532,1
2533,0.8087068810643574
2534,1
2535,1
2536,1
2537,1
2538,1
2539,1
2540,1
2541,1
2542,1
2543,1
2544,0.8982507752495051
2545,1
2546,1
2547,0.9401257218294383
2548,0.860948151933905
2549,0.9387893289146161
2550,1
2551,1
2552,1
2553,0.7464029457547071
2554,1
2555,0.49266168976316305
2556,0.9364857015932061
2557,0.8653922208145903
2558,0.9185356824409848
2559,0.8820391620019542
2560,1
2561,1
2562,1
2563,0.8646568321478874
2564,1
2565,1
2566,0.8926393428651642
2567,0.9393398195323553
2568,0.9035374275105416
2569,0.9171319534628952
2570,1
2571,1
2572,1
2573,1
2574,0.937316952726738
2575,1
2576,0.7185760460759044
2577,1
2578,0.8610766687039169
2579,1
2580,1
2581,1
2582,1
2583,1
2584,1
2585,1
2586,0.9063945775280249
2587,1
2588,1
2589,0.4836342725301847
2590,1
2591,1
2592,1
2593,0.7307055293812765
2594,1
2595,0.7517345253622817
2596,0.9479970354787394
2597,0.9320860724657953
2598,1
2599,1
2600,1
2601,1
2602,0.8799886885403061
2603,1
2604,1
2605,1
2606,1
2607,0.7442179175991169
2608,0.9291016957825172
2609,0.8261865247208536
2610,0.6402188647993152
2611,1
2612,0.8805777640625735
2613,1
2614,1
2615,1
2616,0.9156935795997144
2617,1
2618,1
2619,1
2620,1
2621,1
2622,1
2623,1
2624,1
2625,1
2626,0.9454315905623402
2627,1
2628,0.8770646974053866
2629,1
2630,1
2631,1
2632,1
2633,0.6402188647993152
2634,0.8704659384461293
2635,1
2636,1
2637,1
2638,1
2639,0.8093669399390617
2640,1
2641,0.7079477021275631
2642,0.9288048427215077
2643,1
2644,1
2645,1
2646,1
2647,1
2648,1
2649,0.8278517633127251
2650,0.7192353054438094
2651,1
2652,1
2653,0.9097809125164272
2654,1
2655,1
2656,0.8021293913320726
2657,0.8854744847689395
2658,1
2659,1
2660,1
2661,1
2662,0.89894669504046
2663,0.6783086330294117
2664,1
2665,1
2666,1
2667,0.7191683563005694
2668,1
2669,1
2670,1
2671,1
2672,0.9295450309803983
2673,1
2674,1
2675,1
2676,1
2677,1
2678,1
2679,1
2680,1
2681,0.9115842228413463
2682,1
2683,0.860173417936617
2684,1
2685,1
2686,1
2687,0.9181844558493112
2688,1
2689,1
2690,1
2691,1
2692,1
2693,1
2694,1
2695,1
2696,1
2697,1
2698,1
2699,1
2700,0.9265908354972996
2701,1
2702,1
2703,1
2704,1
2705,1
2706,0.7201499687627413
2707,1
2708,1
2709,1
2710,1
2711,0.9119030711782298
2712,0.7388839061164181
2713,1
2714,1
2715,0.9495885355232944
2716,0.9220668993090476
2717,0.8976592879628531
2718,1
2719,1
2720,0.9413714524497757
2721,1
2722,1
2723,0.7751678695594088
2724,1
2725,1
2726,1
2727,1
2728,0.7760370680384154
2729,1
2730,1
2731,1
2732,1
2733,1
2734,0.8518026082276411
2735,1
2736,1
2737,0.7116640080477467
2738,1
2739,1
2740,1
2741,1
2742,1
2743,0.9306906398443519
2744,1
2745,1
2746,1
2747,1
2748,0.944997301412703
2749,1
2750,1
2751,1
2752,1
2753,1
2754,1
2755,1
2756,0.9017191269519045
2757,1
2758,1
2759,1
2760,1
2761,1
2762,1
2763,1
2764,0.8199009941916319
2765,0.9000410962434535
2766,1
2767,1
2768,0.8861077906097743
2769,1
2770,0.8751974423604865
2771,1
2772,1
2773,1
2774,1
2775,0.9203202436294179
2776,0.7811743570830806
2777,1
2778,1
2779,1
2780,0.6402188647993152
2781,1
2782,1
2783,1
2784,0.8156966723499032
2785,1
2786,1
2787,1
2788,0.8727047737999364
2789,1
2790,1
2791,1
2792,0.896689586038032
2793,0.9400508140359367
2794,1
2795,1
2796,1
2797,0.9439659869632493
2798,1
2799,1
2800,1
2801,0.9435069865125327
2802,1
2803,0.9361466480920756
2804,0.9405201533886417
2805,1
2806,1
2807,1
2808,0.9066190980592164
2809,1
2810,0.7946753330646993
2811,1
2812,1
2813,1
2814,1
2815,1
2816,1
2817,1
2818,1
2819,1
2820,0.8340304304427344
2821,1
2822,1
2823,0.9153884600639861
2824,0.94234413225797
2825,1
2826,1
2827,1
2828,1
2829,1
2830,0.6402188647993152
2831,1
2832,1
2833,1
2834,1
2835,1
2836,1
2837,0.8644585330199804
2838,1
2839,1
2840,1
2841,1
2842,1
2843,1
2844,0.8050805635684031
2845,1
2846,1
2847,1
2848,1
2849,1
2850,0.8115514407343171
2851,0.5325526476088471
2852,1
2853,0.8072512263009877
2854,1
2855,1
2856,0.861697507631403
2857,1
2858,0.6513609656977166
2859,1
2860,0.9075752829644367
2861,0.7118588960212677
2862,0.8870064004168301
2863,1
2864,0.6105479273449718
2865,1
2866,1
2867,1
2868,1
2869,1
2870,1
2871,0.9142860226926348
2872,0.9485875941468868
2873,1
2874,0.947102349355137
2875,1
2876,1
2877,1
2878,0.9007450971257812
2879,0.8141362527028477
2880,1
2881,0.8968248906621554
2882,1
2883,1
2884,1
2885,0.936122846018977
2886,1
2887,1
2888,0.9133133005592553
2889,0.9089355372529971
2890,0.8152460142598674
2891,1
2892,1
2893,0.9295985307626584
2894,1
2895,0.8810488301136247
2896,1
2897,0.9116727386262141
2898,1
2899,1
2900,0.9124296670281539
2901,1
2902,1
2903,0.8620917168244522
2904,1
2905,1
2906,1
2907,1
2908,1
2909,1
2910,1
2911,1
2912,0.7491236200497945
2913,1
2914,0.9395473427885391
2915,1
2916,1
2917,0.84623887737629655
2918,1
2919,0.8348950273842466
2920,1
2921,1
2922,0.6402188647993152
2923,1
2924,0.5566427176043954
2925,0.93585408171282
2926,0.6719713870035937
2927,0.9306932842742516
2928,1
2929,1
2930,0.48438155093345076
2931,1
2932,1
2933,1
2934,1
2935,1
2936,0.8709319488121839
2937,0.8950103166553367
2938,1
2939,1
2940,0.8457233381476662
2941,1
2942,0.7053399641710015
2943,1
2944,1
2945,0.4900632737121116
2946,1
2947,0.9361162263097396
2948,0.9025847935193625
2949,1
2950,1
2951,0.9338274041773365
2952,0.9200787326171679
2953,1
2954,1
2955,0.8794149210268735
2956,1
2957,1
2958,0.807433569367146
2959,1
2960,1
2961,1
2962,0.6678660721202457
2963,0.8858342463455672
2964,1
2965,1
2966,0.9470995096032457
2967,1
2968,1
2969,0.40597525503242865
2970,1
2971,1
2972,0.9394312264406032
2973,0.8252486043651566
2974,1
2975,0.8166468695619294
2976,1
2977,0.8524663940646281
2978,1
2979,1
2980,1
2981,0.9142950692599665
2982,1
2983,1
2984,1
2985,1
2986,1
2987,0.8916051604109223
2988,0.920938859950375
2989,1
2990,0.9114228476321912
2991,1
2992,0.3605218037384304
2993,1
2994,0.7879752365839925
2995,1
2996,1
2997,1
2998,1
2999,0.8253366106153629
3000,1
3001,1
3002,1
3003,0.919735758350515
3004,1
3005,1
3006,1
3007,0.8821723075288975
3008,0.8292330453525851
3009,0.8973795150815075
3010,1
3011,0.8262835314647471
3012,1
3013,0.9080656357415593
3014,1
3015,0.9475363562013946
3016,1
3017,0.8184683193106489
3018,1
3019,0.8620917168244522
3020,0.9003859838690954
3021,1
3022,1
3023,1
3024,1
3025,0.5329660658297437
3026,1
3027,1
3028,0.8184683193106489
3029,1
3030,1
3031,1
3032,1
3033,1
3034,1
3035,0.8087068810643574
3036,0.8563043030337021
3037,1
3038,1
3039,1
3040,1
3041,1
3042,0.9498053261275731
3043,1
3044,0.8672794403198187
3045,1
3046,1
3047,1
3048,1
3049,1
3050,1
3051,1
3052,1
3053,1
3054,1
3055,1
3056,0.8904285857143173
3057,0.8541326408821871
3058,1
3059,0.9098407824362534
3060,0.9304308589893628
3061,1
3062,1
3063,1
3064,0.9089355372529971
3065,1
3066,1
3067,1
3068,0.8361208437655044
3069,1
3070,1
3071,0.937316952726738
3072,1
3073,1
3074,1
3075,1
3076,1
3077,1
3078,0.9077774757695657
3079,0.8952030365469877
3080,1
3081,1
3082,1
3083,0.9427413477275214
3084,0.9369609117289834
3085,0.9402349651783881
3086,0.9101992776892132
3087,1
3088,1
3089,0.9136944189323178
3090,0.8786540268542469
3091,1
3092,1
3093,0.8140583450351329
3094,1
3095,1
3096,0.6075763964115368
3097,1
3098,1
3099,1
3100,1
3101,1
3102,1
3103,0.8710303564240629
3104,1
3105,1
3106,0.8949101369281046
3107,1
3108,0.9429744145208331
3109,0.8245593531952317
3110,0.9459312115502082
3111,0.9193247810516684
3112,1
3113,1
3114,1
3115,0.9211423439807309
3116,1
3117,0.7598757315579071
3118,1
3119,1
3120,1
3121,1
3122,1
3123,1
3124,1
3125,1
3126,1
3127,1
3128,1
3129,1
3130,1
3131,1
3132,1
3133,1
3134,0.9358156243765354
3135,1
3136,1
3137,1
3138,1
3139,1
3140,1
3141,1
3142,1
3143,0.8715838636334354
3144,1
3145,1
3146,0.8945412071246946
3147,1
3148,0.8783747201233458
3149,1
3150,0.877832262995866
3151,1
3152,0.8311218021159871
3153,0.9152366607799762
3154,1
3155,0.9392339705765949
3156,1
3157,1
3158,0.9280534504199632
3159,0.8495938403493586
3160,1
3161,1
3162,1
3163,0.600797327984531
3164,1
3165,0.8635308926513173
3166,1
3167,1
3168,0.7159080417248919
3169,1
3170,0.9164884760445389
3171,0.7881444983862737
3172,1
3173,0.9361750369684214
3174,1
3175,1
3176,1
3177,0.9162603685035391
3178,1
3179,1
3180,1
3181,0.9444019839079391
3182,1
3183,1
3184,0.906695771143298
3185,1
3186,1
3187,0.9061680251722718
3188,1
3189,1
3190,0.9044351504697582
3191,1
3192,1
3193,1
3194,0.8895914863848056
3195,1
3196,1
3197,1
3198,0.7833887112935677
3199,0.8560679509901148
3200,1
3201,1
3202,1
3203,1
3204,1
3205,1
3206,1
3207,1
3208,1
3209,1
3210,0.8688262393250616
3211,1
3212,1
3213,0.9181344919823539
3214,1
3215,0.9412949177632838
3216,1
3217,0.8712132670214746
3218,1
3219,1
3220,0.899288169073656
3221,1
3222,1
3223,1
3224,1
3225,1
3226,1
3227,1
3228,1
3229,0.7981415772804076
3230,1
3231,1
3232,1
3233,0.9298837066497415
3234,1
3235,1
3236,1
3237,1
3238,1
3239,1
3240,1
3241,1
3242,1
3243,1
3244,1
3245,1
3246,0.8050805635684031
3247,1
3248,0.9092854154998246
3249,0.91514081411379
3250,1
3251,1
3252,1
3253,1
3254,1
3255,1
3256,1
3257,1
3258,1
3259,0.9400465967561824
3260,1
3261,1
3262,1
3263,0.9420960340136623
3264,1
3265,1
3266,1
3267,1
3268,1
3269,1
3270,1
3271,1
3272,1
3273,1
3274,1
3275,1
3276,0.9407840768738991
3277,1
3278,1
3279,0.9069539100392634
3280,1
3281,1
3282,1
3283,1
3284,1
3285,0.8943715139655499
3286,1
3287,1
3288,1
3289,1
3290,1
3291,0.9452160743858382
3292,1
3293,0.9129126985119964
3294,0.853877613757772
3295,1
3296,1
3297,0.9002550353969906
3298,1
3299,1
3300,0.9244672587605817
3301,0.931789342283464
3302,1
3303,0.9005869394471551
3304,0.9475417915521134
3305,0.8659499157561663
3306,1
3307,0.8505946029120102
3308,1
3309,0.9306932842742516
3310,1
3311,1
3312,1
3313,1
3314,0.945625971003195
3315,1
3316,0.8277107042237845
3317,1
3318,1
3319,1
3320,0.6585138079266615
3321,0.8908488042685541
3322,1
3323,1
3324,0.947843327137524
3325,1
3326,1
3327,0.9143030483780937
3328,1
3329,1
3330,1
3331,1
3332,0.6075763964115368
3333,1
3334,0.9209376882197442
3335,1
3336,0.8973492430239579
3337,1
3338,1
3339,1
3340,1
3341,1
3342,1
3343,1
3344,0.9459773153976968
3345,1
3346,1
3347,1
3348,0.9213434595587009
3349,1
3350,0.9127549352926061
3351,0.8910704981428302
3352,0.7189461781030627
3353,0.9270144745231739
3354,1
3355,0.8055520835916185
3356,1
3357,1
3358,0.6105479273449718
3359,0.928431335912552
3360,1
3361,1
3362,0.859153162604385
3363,1
3364,1
3365,0.9179997809560522
3366,1
3367,1
3368,0.884400592087056
3369,0.6402188647993152
3370,1
3371,0.9095440606022868
3372,0.84623887737629655
3373,1
3374,0.9138251788671885
3375,1
3376,1
3377,0.8352929354734432
3378,1
3379,0.6311491214075992
3380,0.9202966171677182
3381,1
3382,1
3383,0.9419047300400144
3384,1
3385,1
3386,1
3387,0.8352929354734432
3388,1
3389,0.3605218037384304
3390,1
3391,1
3392,1
3393,1
3394,0.8962644827874567
3395,1
3396,0.8943715139655499
3397,0.9361162263097396
3398,0.9186174400412287
3399,0.9360697880048222
3400,0.9079359703257683
3401,1
3402,0.7975011401522627
3403,1
3404,0.89352109210442765
3405,1
3406,0.9100927910517086
3407,1
3408,1
3409,1
3410,1
3411,0.8702306884847844
3412,1
3413,1
3414,1
3415,1
3416,0.9364075616835399
3417,1
3418,1
3419,0.9499852744641265
3420,1
3421,1
3422,1
3423,1
3424,1
3425,0.4711705453878195
3426,1
3427,1
3428,0.9302548035445495
3429,1
3430,0.9065984578444671
3431,1
3432,1
3433,1
3434,0.8378712808185954
3435,1
3436,0.6297864780886048
3437,1
3438,1
3439,1
3440,0.8381197606030543
3441,0.9295985307626584
3442,1
3443,1
3444,1
3445,1
3446,1
3447,1
3448,1
3449,1
3450,0.89894669504046
3451,1
3452,1
3453,1
3454,0.94234413225797
3455,1
3456,1
3457,1
3458,1
3459,0.669241938107128
3460,1
3461,0.7250931945592004
3462,0.9381392121434058
3463,1
3464,1
3465,1
3466,1
3467,1
3468,1
3469,1
3470,1
3471,1
3472,1
3473,0.8311218021159871
3474,1
3475,1
3476,1
3477,0.6785125550063295
3478,1
3479,0.9355986638888785
3480,1
3481,1
3482,1
3483,1
3484,1
3485,1
3486,1
3487,0.733877418290508
3488,0.9152366607799762
3489,1
3490,1
3491,1
3492,1
3493,1
3494,1
3495,1
3496,1
3497,1
3498,0.8903130151157056
3499,1
3500,1
3501,0.9306932842742516
3502,1
3503,0.9287549908958039
3504,0.43711192388075387
3505,1
3506,0.69186827389279415
3507,0.8539617330934094
3508,1
3509,1
3510,1
3511,1
3512,1
3513,0.9387893289146161
3514,1
3515,1
3516,0.882757024299623
3517,1
3518,1
3519,0.8620917168244522
3520,1
3521,0.8266865448538988
3522,0.8507821466843283
3523,1
3524,0.8517460629580882
3525,1
3526,1
3527,1
3528,0.7678116257333992
3529,1
3530,1
3531,0.9273637328528374
3532,1
3533,0.8473629969370412
3534,0.8599799832027134
3535,1
3536,1
3537,1
3538,1
3539,1
3540,0.9355991499788943
3541,1
3542,1
3543,0.9476047915050818
3544,1
3545,1
3546,1
3547,0.7855827773119064
3548,0.6311491214075992
3549,0.7268456572045962
3550,1
3551,0.8828490433244924
3552,1
3553,0.9184721440072384
3554,0.9229683646979021
3555,1
3556,1
3557,0.5566427176043954
3558,0.9345841174694358
3559,1
3560,1
3561,1
3562,1
3563,0.8974882139427417
3564,0.9112216729067061
3565,1
3566,1
3567,1
3568,1
3569,1
3570,1
3571,1
3572,1
3573,1
3574,1
3575,1
3576,1
3577,1
3578,1
3579,1
3580,1
3581,1
3582,0.9237691174780562
3583,0.6123793052668473
3584,1
3585,1
3586,1
3587,1
3588,0.8311218021159871
3589,1
3590,1
3591,1
3592,1
3593,1
3594,1
3595,1
3596,1
3597,0.8702306884847844
3598,0.9418095182109434
3599,1
3600,1
3601,1
3602,1
3603,0.9358156243765354
3604,0.7415756436478007
3605,1
3606,1
3607,1
3608,1
3609,1
3610,0.7576557994776153
3611,1
3612,0.9052348943142681
3613,1
3614,1
3615,1
3616,1
3617,1
3618,1
3619,1
3620,1
3621,1
3622,1
3623,1
3624,1
3625,1
3626,1
3627,1
3628,1
3629,1
3630,1
3631,0.9366821432543778
3632,1
3633,1
3634,1
3635,1
3636,1
3637,0.9437646763903975
3638,0.8710303564240629
3639,0.8585977416531984
3640,0.7991537684691251
3641,1
3642,0.8682801358681631
3643,1
3644,1
3645,1
3646,1
3647,1
3648,1
3649,1
3650,1
3651,1
3652,1
3653,1
3654,0.8799886885403061
3655,1
3656,1
3657,1
3658,0.9416144157772328
3659,0.6796090638076382
3660,1
3661,0.9025723478748829
3662,1
3663,1
3664,1
3665,0.6114379115935163
3666,1
3667,1
3668,1
3669,0.916475867770431
3670,1
3671,0.9345770826501297
3672,1
3673,1
3674,1
3675,0.9158003542039388
3676,1
3677,0.8906276536523773
3678,0.8444203815073744
3679,1
3680,1
3681,1
3682,1
3683,0.8729845887501702
3684,1
3685,1
3686,1
3687,1
3688,0.7981415772804076
3689,0.9350653343089449
3690,1
3691,0.9304651192115355
3692,1
3693,1
3694,1
3695,1
3696,0.9089355372529971
3697,0.8365496794479877
3698,1
3699,1
3700,1
3701,1
3702,1
3703,1
3704,1
3705,1
3706,1
3707,0.8682801358681631
3708,1
3709,0.8570329064112016
3710,1
3711,1
3712,1
3713,1
3714,1
3715,1
3716,1
3717,1
3718,0.9354229504593058
3719,1
3720,0.8174780079613403
3721,1
3722,0.8729878161237266
3723,1
3724,1
3725,0.7941539149206165
3726,0.5930674987104514
3727,1
3728,0.9427747133891285
3729,1
3730,0.6431104407872441
3731,1
3732,0.912929949816626
3733,1
3734,1
3735,1
3736,1
3737,1
3738,1
3739,1
3740,1
3741,1
3742,1
3743,1
3744,1
3745,0.93500744443162
3746,0.9434492605471745
3747,1
3748,1
3749,0.6690808060611335
3750,1
3751,1
3752,1
3753,1
3754,1
3755,1
3756,1
3757,1
3758,1
3759,1
3760,1
3761,1
3762,0.8615767456252079
3763,0.8948748242834773
3764,1
3765,0.9277526113283059
3766,0.9127621027495776
3767,1
3768,0.8450453247715718
3769,1
3770,1
3771,1
3772,0.9462151104053776
3773,1
3774,0.8647056585996227
3775,1
3776,0.9148823034616574
3777,0.8948748242834773
3778,1
3779,0.9425041288206313
3780,0.9015811407882122
3781,1
3782,1
3783,0.8960679205941485
3784,1
3785,1
3786,0.7951739878542881
3787,1
3788,1
3789,1
3790,0.9196849050088718
3791,1
3792,1
3793,1
3794,1
3795,1
3796,0.9258725057540612
3797,1
3798,1
3799,0.8608947512465193
3800,0.9427413477275214
3801,1
3802,0.9226617235216902
3803,1
3804,1
3805,1
3806,0.9400508140359367
3807,1
3808,1
3809,0.8517460629580882
3810,0.9480434054585004
3811,0.8570742080348701
3812,0.9328390987770276
3813,1
3814,0.908773337998393
3815,1
3816,1
3817,1
3818,0.8884463617878837
3819,1
3820,0.9245217324127307
3821,0.9456238450616496
3822,0.49266168976316305
3823,1
3824,1
3825,1
3826,1
3827,1
3828,0.6663815199028068
3829,1
3830,0.9373410080271836
3831,0.9499770256035827
3832,1
3833,0.882158527037212
3834,0.94234413225797
3835,0.23052447833849996
3836,1
3837,1
3838,0.8658461485078214
3839,0.9441411481151567
3840,0.9005869394471551
3841,1
3842,1
3843,1
3844,1
3845,1
3846,1
3847,0.9181344919823539
3848,1
3849,0.9181344919823539
3850,1
3851,1
3852,1
3853,1
3854,1
3855,1
3856,1
3857,1
3858,0.8468621496493656
3859,1
3860,1
3861,1
3862,0.7950976087984046
3863,1
3864,0.8373543266899189
3865,1
3866,0.8661727210919986
3867,0.7095834620753245
3868,0.8918674143663199
3869,1
3870,1
3871,1
3872,1
3873,0.6172427867563054
3874,1
3875,0.9498548328561912
3876,0.9396926830172162
3877,1
3878,1
3879,1
3880,1
3881,1
3882,0.9100519745633643
3883,0.9327856350652773
3884,0.8774621853358817
3885,0.9386434538512118
3886,1
3887,1
3888,1
3889,1
3890,1
3891,1
3892,1
3893,1
3894,1
3895,0.9123457362058752
3896,0.9298837066497415
3897,1
3898,1
3899,1
3900,0.8812164605597486
3901,1
3902,0.912115611445783
3903,0.889884151904888
3904,0.9236076675705736
3905,1
3906,1
3907,0.9079359703257683
3908,1
3909,1
3910,0.9395247523160397
3911,1
3912,0.9466453237453686
3913,1
3914,1
3915,1
3916,1
3917,1
3918,0.5568244468415519
3919,1
3920,1
3921,1
3922,1
3923,1
3924,1
3925,1
3926,1
3927,1
3928,1
3929,1
3930,1
3931,0.5253181271767782
3932,1
3933,1
3934,1
3935,1
3936,1
3937,1
3938,1
3939,1
3940,0.6446756067148206
3941,1
3942,1
3943,1
3944,1
3945,1
3946,1
3947,1
3948,1
3949,0.9497280765379644
3950,0.8274614635900384
3951,1
3952,1
3953,1
3954,1
3955,1
3956,1
3957,1
3958,1
3959,1
3960,1
3961,1
3962,1
3963,1
3964,1
3965,1
3966,1
3967,0.9139453481360046
3968,0.9138251788671885
3969,0.8788081376232378
3970,1
3971,1
3972,1
3973,1
3974,1
3975,1
3976,0.9012218178949347
3977,1
3978,1
3979,1
3980,1
3981,1
3982,1
3983,0.8783747201233458
3984,0.9156772631609222
3985,1
3986,0.9270272512864038
3987,0.9112697579533349
3988,1
3989,1
3990,1
3991,1
3992,1
3993,0.9365146315867171
3994,0.7299077508787123
3995,0.7640788408052337
3996,1
3997,1
3998,0.8920900982756428
3999,1
4000,1
4001,1
4002,1
4003,0.8997113360685709
4004,1
4005,0.804658502011038
4006,1
4007,1
4008,0.8341286974704595
4009,1
4010,1
4011,0.6715273910330568
4012,0.888240507631261
4013,0.7741535255955614
4014,1
4015,1
4016,1
4017,1
4018,0.9031483172196596
4019,1
4020,0.9239605621286353
4021,1
4022,1
4023,1
4024,1
4025,1
4026,1
4027,1
4028,1
4029,1
4030,1
4031,1
4032,1
4033,0.4172022335303556
4034,1
4035,1
4036,0.7023587422188795
4037,1
4038,1
4039,1
4040,1
4041,1
4042,1
4043,0.9384360805789549
4044,1
4045,0.8518026082276411
4046,0.9019667842488108
4047,0.9393521252199389
4048,1
4049,1
4050,1
4051,0.9407250337853791
4052,1
4053,0.9478433027419766
4054,1
4055,1
4056,0.8833353027545117
4057,0.7907973576969849
4058,1
4059,1
4060,1
4061,1
4062,1
4063,0.8525273090299837
4064,1
4065,1
4066,1
4067,1
4068,1
4069,1
4070,0.9075232764983034
4071,1
4072,1
4073,1
4074,0.6965793418687696
4075,1
4076,0.9292860626351385
4077,1
4078,0.9199942317030354
4079,0.8776420290887965
4080,1
4081,1
4082,1
4083,0.9202966171677182
4084,1
4085,1
4086,1
4087,1
4088,1
4089,1
4090,1
4091,0.8450074261830955
4092,0.8710303564240629
4093,1
4094,1
4095,1
4096,1
4097,0.7250931945592004
4098,1
4099,1
4100,1
4101,1
4102,0.9081823129166974
4103,1
4104,1
4105,1
4106,1
4107,1
4108,1
4109,1
4110,1
4111,1
4112,1
4113,0.8985883103015821
4114,1
4115,0.9442973972993116
4116,1
4117,1
4118,0.94820380330356
4119,1
4120,1
4121,0.865342993871003
4122,1
4123,1
4124,1
4125,1
4126,1
4127,0.9270302159734902
4128,1
4129,0.8721412886476296
4130,1
4131,1
4132,0.9445750528810833
4133,1
4134,1
4135,1
4136,1
4137,0.9458808236997936
4138,0.9291844076393265
4139,1
4140,0.3605218037384304
4141,0.9053759674182628
4142,1
4143,1
4144,1
4145,0.604418380039291
4146,0.8525273090299837
4147,1
4148,1
4149,0.9302957088697895
4150,1
4151,1
4152,0.9240675359207081
4153,1
4154,0.9075567000317758
4155,0.9427747133891285
4156,1
4157,0.875884924315603
4158,0.9310622331665195
4159,0.8770646974053866
4160,1
4161,1
4162,1
4163,1
4164,1
4165,0.9495791719272868
4166,0.5950627815174618
4167,1
4168,1
4169,0.6788786805611575
4170,0.790801389747456
4171,1
4172,0.9295985307626584
4173,1
4174,0.9077774757695657
4175,1
4176,1
4177,1
4178,0.9304651192115355
4179,1
4180,0.8023602440535174
4181,0.9339577614608918
4182,1
4183,1
4184,1
4185,1
4186,1
4187,1
4188,0.9283571727537552
4189,0.66923096665091
4190,0.9047363702562071
4191,0.5566427176043954
4192,1
4193,1
4194,1
4195,0.750842106348655
4196,0.7250931945592004
4197,1
4198,1
4199,1
4200,1
4201,1
4202,1
4203,1
4204,0.820413429674066
4205,1
4206,0.9469251516193851
4207,1
4208,1
4209,1
4210,0.8771358012021617
4211,1
4212,1
4213,1
4214,1
4215,1
4216,1
4217,0.92464737033173094
4218,1
4219,1
4220,1
4221,1
4222,1
4223,0.8311218021159871
4224,1
4225,0.5960976700996612
4226,1
4227,0.7678748638216054
4228,1
4229,1
4230,1
4231,0.5976202547649276
4232,1
4233,1
4234,0.9052446508159309
4235,0.9253900359794297
4236,1
4237,1
4238,1
4239,1
4240,1
4241,1
4242,1
4243,1
4244,1
4245,1
4246,1
4247,1
4248,0.8642554143948311
4249,1
4250,1
4251,1
4252,0.7103761156221248
4253,0.8993454484435383
4254,1
4255,1
4256,1
4257,0.9418803310532267
4258,1
4259,0.600321024517991
4260,1
4261,1
4262,1
4263,0.9177005279112838
4264,1
4265,1
4266,1
4267,0.9085784715608759
4268,1
4269,1
4270,1
4271,1
4272,0.6402188647993152
4273,0.8791854173335887
4274,1
4275,1
4276,1
4277,1
4278,0.9079359703257683
4279,0.7359597029918549
4280,1
4281,0.8724567619752072
4282,1
4283,1
4284,0.8917907624239834
4285,0.913384838446057
4286,0.9324763708581039
4287,0.9424168604503907
4288,1
4289,1
4290,1
4291,1
4292,1
4293,1
4294,1
4295,0.8746941942514935
4296,1
4297,1
4298,1
4299,1
4300,1
4301,1
4302,1
4303,1
4304,1
4305,1
4306,0.49266168976316305
4307,1
4308,0.7044389816778597
4309,1
4310,1
4311,1
4312,1
4313,1
4314,1
4315,1
4316,0.5155096791702647
4317,1
4318,0.933010626263033
4319,1
4320,1
4321,1
4322,1
4323,0.9405183748362198
4324,1
4325,1
4326,0.820413429674066
4327,0.8495512933114234
4328,1
4329,1
4330,1
4331,1
4332,1
4333,0.9459716561231809
4334,1
4335,1
4336,1
4337,1
4338,0.907570001940094
4339,1
4340,0.9476091195965753
4341,1
4342,1
4343,1
4344,1
4345,1
4346,1
4347,1
4348,1
4349,0.8891402113708845
4350,0.8204418056150501
4351,0.9293357438620986
4352,1
4353,1
4354,1
4355,1
4356,1
4357,1
4358,1
4359,1
4360,1
4361,1
4362,1
4363,0.9402545462515893
4364,0.9483728630175073
4365,0.6793050809838689
4366,1
4367,1
4368,1
4369,0.8465378387499751
4370,1
4371,1
4372,1
4373,0.89894669504046
4374,0.9497631369175719
4375,0.8253366106153629
4376,1
4377,1
4378,1
4379,1
4380,1
4381,1
4382,1
4383,1
4384,1
4385,0.9295985307626584
4386,1
4387,1
4388,0.9209418869202461
4389,1
4390,0.7768174095275296
4391,0.9183089933477127
4392,1
4393,1
4394,0.9483644421485741
4395,1
4396,1
4397,1
4398,1
4399,1
4400,0.8372377466066658
4401,0.8346043241941925
4402,1
4403,1
4404,1
4405,1
4406,1
4407,1
4408,1
4409,1
4410,0.9112131922257366
4411,1
4412,1
4413,1
4414,0.9136407743456079
4415,0.8407657035793366
4416,1
4417,0.9282687533463854
4418,1
4419,1
4420,0.9193370290721756
4421,1
4422,1
4423,1
4424,1
4425,0.6030560335992738
4426,1
4427,1
4428,0.9079359703257683
4429,1
4430,0.9166757855649459
4431,1
4432,1
4433,1
4434,1
4435,1
4436,1
4437,0.9289488795859484
4438,1
4439,0.9414803402059879
4440,1
4441,1
4442,1
4443,1
4444,1
4445,1
4446,0.8581459807506081
4447,1
4448,1
4449,1
4450,1
4451,1
4452,1
4453,1
4454,1
4455,1
4456,1
4457,1
4458,1
4459,1
4460,1
4461,0.8783205758464726
4462,1
4463,1
4464,0.916475867770431
4465,1
4466,0.9402313794929033
4467,0.46492715523788775
4468,1
4469,1
4470,1
4471,1
4472,1
4473,0.9196849050088718
4474,1
4475,0.8950103166553367
4476,1
4477,1
4478,1
4479,1
4480,1
4481,1
4482,1
4483,0.8768380624539068
4484,1
4485,1
4486,1
4487,0.8005172541093116
4488,1
4489,0.8960834386504136
4490,1
4491,1
4492,0.8603202534413568
4493,1
4494,0.9446596836493764
4495,1
4496,0.93622839264172375
4497,0.5655879767387093
4498,0.8939998285329384
4499,1
4500,0.9263449013643182
4501,1
4502,0.7991537684691251
4503,0.9496377450678601
4504,1
4505,1
4506,1
4507,1
4508,1
4509,1
4510,0.7701115834726738
4511,1
4512,1
4513,0.8738899122837089
4514,1
4515,1
4516,0.8821723075288975
4517,0.925462914418337
4518,0.9370888679746411
4519,0.8349514236995892
4520,1
4521,1
4522,1
4523,1
4524,0.8770646974053866
4525,0.8277107042237845
4526,1
4527,0.7839259169755233
4528,1
4529,1
4530,1
4531,0.705812968430425
4532,1
4533,0.5684885367880653
4534,0.8711264544980938
4535,1
4536,1
4537,1
4538,0.9001675682977945
4539,0.8709246833801864
4540,1
4541,1
4542,1
4543,1
4544,0.7082407640236762
4545,1
4546,1
4547,0.9198623859718055
4548,0.9052446508159309
4549,0.9398392233334217
4550,0.8028790152272646
4551,1
4552,1
4553,0.8859774660672843
4554,1
4555,0.9143030483780937
4556,1
4557,1
4558,0.9291413656482335
4559,1
4560,1
4561,0.8873552097521066
4562,1
4563,1
4564,1
4565,0.8213466229243931
4566,1
4567,1
4568,0.9411701040637761
4569,1
4570,0.9427413477275214
4571,1
4572,0.9449927949195381
4573,1
4574,1
4575,0.9293005970435015
4576,0.9089709472917822
4577,0.9462455054903358
4578,1
4579,1
4580,0.901970428461503
4581,1
4582,1
4583,1
4584,1
4585,0.7611742199480948
4586,0.938910433351806
4587,0.8252486043651566
4588,1
4589,1
4590,1
4591,1
4592,1
4593,0.9253704006463936
4594,1
4595,0.8668391989583006
4596,0.7855827773119064
4597,1
4598,1
4599,0.8277107042237845
4600,0.9258286663036881
4601,1
4602,0.7017303865497424
4603,1
4604,1
4605,1
4606,0.8378992421968962
4607,1
4608,1
4609,0.9434576444247682
4610,1
4611,0.7220040081359443
4612,1
4613,1
4614,1
4615,0.6530872160542265
4616,1
4617,1
4618,1
4619,1
4620,1
4621,1
4622,1
4623,1
4624,1
4625,0.8277107042237845
4626,1
4627,1
4628,0.8866302527845743
4629,1
4630,1
4631,0.9363299315519982
4632,1
4633,0.9424935891653574
4634,1
4635,1
4636,1
4637,1
4638,0.9455189849330404
4639,1
4640,1
4641,1
4642,0.8310926203445758
4643,1
4644,1
4645,1
4646,0.9477680935219899
4647,1
4648,0.5566427176043954
4649,0.9089355372529971
4650,1
4651,1
4652,0.8317467431924805
4653,0.501283325116903
4654,0.8941208870259765
4655,1
4656,1
4657,1
4658,1
4659,0.8067843022261904
4660,1
4661,1
4662,1
4663,0.5112100145107132
4664,0.9248370390440657
4665,1
4666,0.853792407820934
4667,1
4668,1
4669,0.9215323715750302
4670,1
4671,1
4672,0.8564548874221499
4673,1
4674,0.823604307612145
4675,0.9460224269243542
4676,0.9174336632529076
4677,0.8812164605597486
4678,1
4679,1
4680,1
4681,0.9103230929808931
4682,1
4683,1
4684,1
4685,1
4686,0.922823532338288
4687,1
4688,1
4689,0.9482312692836818
4690,1
4691,1
4692,1
4693,1
4694,1
4695,0.9338463805714969
4696,1
4697,1
4698,1
4699,1
4700,0.8822730510829139
4701,1
4702,1
4703,1
4704,1
4705,1
4706,1
4707,1
4708,0.9035374275105416
4709,0.9495791719272868
4710,1
4711,1
4712,0.6527424029293917
4713,1
4714,1
4715,1
4716,0.8184490385538002
4717,1
4718,1
4719,0.9288048427215077
4720,1
4721,1
4722,0.9278438913525286
4723,1
4724,0.9035374275105416
4725,1
4726,1
4727,0.6299209476625592
4728,0.6585138079266615
4729,1
4730,0.9427540963519289
4731,1
4732,1
4733,1
4734,1
4735,1
4736,1
4737,1
4738,1
4739,1
4740,1
4741,0.6005869853101403
4742,1
4743,0.9164884760445389
4744,1
4745,1
4746,1
4747,0.9328915955973073
4748,1
4749,0.9123457362058752
4750,1
4751,1
4752,1
4753,0.7678748638216054
4754,0.9021723879558949
4755,1
4756,1
4757,0.9140265531269398
4758,1
4759,1
4760,1
4761,1
4762,1
4763,1
4764,0.902684453275321
4765,1
4766,0.7095924824850698
4767,1
4768,1
4769,1
4770,1
4771,1
4772,1
4773,0.9416230155531169
4774,1
4775,1
4776,0.9331488314261505
4777,1
4778,1
4779,1
4780,0.8266790504407303
4781,0.9461827461642972
4782,1
4783,1
4784,1
4785,1
4786,0.9170944061289277
4787,0.23052447833849996
4788,0.9343307610725882
4789,1
4790,0.7730700620913307
4791,1
4792,0.8207053397877102
4793,0.8733594578101952
4794,1
4795,1
4796,1
4797,1
4798,1
4799,0.945747243057825
4800,0.8805599371836523
4801,1
4802,1
4803,1
4804,1
4805,0.7638166927282068
4806,1
4807,0.9100519745633643
4808,1
4809,1
4810,1
4811,1
4812,0.6578244230020244
4813,1
4814,0.7107202437020114
4815,1
4816,1
4817,1
4818,0.8832564415319252
4819,1
4820,1
4821,0.9366571597438681
4822,0.6715273910330568
4823,1
4824,0.7852463751222788
4825,0.8444203815073744
4826,1
4827,0.9138251788671885
4828,1
4829,1
4830,1
4831,1
4832,0.8653922208145903
4833,1
4834,1
4835,1
4836,1
4837,0.8704695745524595
4838,1
4839,1
4840,1
4841,1
4842,0.9381392121434058
4843,0.8381197606030543
4844,1
4845,1
4846,1
4847,1
4848,0.7831318897956686
4849,1
4850,0.9455913626757255
4851,1
4852,1
4853,1
4854,1
4855,1
4856,0.9355991499788943
4857,1
4858,1
4859,1
4860,1
4861,1
4862,1
4863,1
4864,1
4865,0.9152366607799762
4866,0.7916025462687157
4867,1
4868,1
4869,1
4870,0.8808104567075308
4871,1
4872,1
4873,1
4874,1
4875,1
4876,0.6788786805611575
4877,1
4878,1
4879,0.7840088215601726
4880,1
4881,1
4882,1
4883,0.9187000313983615
4884,1
4885,1
4886,1
4887,1
4888,1
4889,1
4890,1
4891,1
4892,1
4893,0.9328054695634682
4894,1
4895,1
4896,1
4897,0.9369003144853478
4898,1
4899,1
4900,1
4901,0.8082073558229068
4902,0.9461827461642972
4903,1
4904,1
4905,1
4906,1
4907,1
4908,0.9362727220088655
4909,1
4910,0.5853394580344408
4911,1
4912,1
4913,1
4914,1
4915,1
4916,1
4917,1
4918,1
4919,1
4920,1
4921,0.32669273324763193
4922,1
4923,0.8857520654966206
4924,1
4925,1
4926,0.7275906282156117
4927,1
4928,1
4929,1
4930,1
4931,1
4932,1
4933,1
4934,1
4935,1
4936,1
4937,0.941269184348385
4938,0.7884486153522974
4939,1
4940,1
4941,1
4942,1
4943,1
4944,1
4945,1
4946,1
4947,1
4948,0.924230205857857
4949,1
4950,1
4951,1
4952,1
4953,1
4954,0.6402188647993152
4955,1
4956,1
4957,1
4958,1
4959,1
4960,1
4961,1
4962,1
4963,1
4964,1
4965,0.9000087940382507
4966,1
4967,1
4968,1
4969,0.6066351457162037
4970,1
4971,1
4972,0.9262729534056131
4973,0.8999137861854841
4974,1
4975,1
4976,1
4977,0.9089355372529971
4978,1
4979,1
4980,1
4981,1
4982,1
4983,1
4984,1
4985,1
4986,1
4987,0.8402046247381482
4988,1
4989,0.8406700438376994
4990,1
4991,1
4992,1
4993,1
4994,1
4995,0.9100519745633643
4996,1
4997,1
4998,0.5399644388948595
4999,0.9484303602876809
5000,0.8846968418600024
5001,0.8465664538973335
5002,1
5003,1
5004,1
5005,1
5006,1
5007,1
5008,1
5009,1
5010,1
5011,1
5012,1
5013,0.929418714538921
5014,0.9288048427215077
5015,1
5016,0.790801389747456
5017,1
5018,1
5019,1
5020,1
5021,1
5022,1
5023,0.9359589680499679
5024,1
5025,1
5026,1
5027,1
5028,1
5029,1
5030,1
5031,1
5032,0.9456238450616496
5033,1
5034,0.9143220948875115
5035,1
5036,0.9089355372529971
5037,1
5038,1
5039,1
5040,0.7197263252020797
5041,1
5042,0.7287634238421427
5043,1
5044,1
5045,0.9364961779672888
5046,0.8194676104277362
5047,0.9142950692599665
5048,1
5049,1
5050,1
5051,0.7627893256420837
5052,0.8796363849908574
5053,1
5054,1
5055,0.8289811992969317
5056,0.7220007430197161
5057,0.9333341223439366
5058,1
5059,0.8655580628598707
5060,1
5061,1
5062,1
5063,1
5064,0.8515258488642691
5065,1
5066,1
5067,1
5068,0.9142472155266542
5069,1
5070,1
5071,1
5072,1
5073,1
5074,0.49159007767286816
5075,0.8665433937677508
5076,1
5077,1
5078,1
5079,1
5080,1
5081,1
5082,1
5083,1
5084,1
5085,1
5086,1
5087,1
5088,1
5089,1
5090,1
5091,0.9140848901230749
5092,0.9338776907462013
5093,1
5094,1
5095,1
5096,0.600321024517991
5097,1
5098,1
5099,0.9161198397770284
5100,1
5101,1
5102,1
5103,0.5714187252527354
5104,0.9087927176460849
5105,0.8864221632253089
5106,0.7268456572045962
5107,0.9226140201691542
5108,0.9136944189323178
5109,1
5110,1
5111,1
5112,1
5113,0.9345770826501297
5114,1
5115,1
5116,1
5117,1
5118,1
5119,1
5120,0.9166591384340197
5121,1
5122,1
5123,1
5124,1
5125,1
5126,1
5127,1
5128,1
5129,0.9185873532887621
5130,1
5131,0.852920597215767
5132,0.8841337800533001
5133,1
5134,1
5135,1
5136,1
5137,0.39909960116807464
5138,1
5139,1
5140,0.9223979382407904
5141,1
5142,1
5143,0.618727462530646
5144,1
5145,0.8423491382757702
5146,1
5147,0.9174252473085526
5148,0.9399930332987178
5149,1
5150,1
5151,1
5152,1
5153,1
5154,1
5155,1
5156,1
5157,0.9109558495083835
5158,1
5159,1
5160,1
5161,1
5162,1
5163,1
5164,0.8750929881969519
5165,1
5166,0.9444007334101345
5167,1
5168,1
5169,0.8783251788728113
5170,1
5171,1
5172,0.9034034789151919
5173,1
5174,1
5175,1
5176,1
5177,1
5178,0.899205568523096
5179,1
5180,1
5181,0.9072009982593708
5182,0.9393323627915242
5183,1
5184,1
5185,1
5186,1
5187,1
5188,1
5189,1
5190,0.7870881139508493
5191,1
5192,1
5193,1
5194,1
5195,0.6402188647993152
5196,1
5197,0.9211423439807309
5198,1
5199,1
5200,1
5201,1
5202,1
5203,1
5204,1
5205,1
5206,1
5207,1
5208,1
5209,0.9120775671761802
5210,1
5211,0.9185356824409848
5212,1
5213,1
5214,1
5215,1
5216,1
5217,0.8672794403198187
5218,1
5219,1
5220,1
5221,0.8067840494234144
5222,0.8888598950407861
5223,1
5224,1
5225,0.9153399920278523
5226,1
5227,0.937316952726738
5228,1
5229,0.9469292982890556
5230,1
5231,0.49266168976316305
5232,0.9033857359943933
5233,0.8797336989712645
5234,1
5235,1
5236,1
5237,1
5238,1
5239,0.9496377450678601
5240,1
5241,1
5242,1
5243,0.8146218490842967
5244,1
5245,1
5246,1
5247,0.8394648346676191
5248,1
5249,1
5250,1
5251,0.9376043600230124
5252,0.8615767456252079
5253,1
5254,0.9194779406835342
5255,1
5256,1
5257,1
5258,0.41933871260297145
5259,0.928848629714622
5260,1
5261,0.6402188647993152
5262,1
5263,0.8957835643606358
5264,0.9170816672270617
5265,0.9359589680499679
5266,1
5267,1
5268,1
5269,0.849108263734243
5270,1
5271,0.9203226309036164
5272,1
5273,0.7517464307716359
5274,1
5275,1
5276,1
5277,0.7402413224281081
5278,1
5279,0.9391792425965498
5280,0.8974882139427417
5281,0.9089355372529971
5282,0.8822527827143174
5283,1
5284,1
5285,0.9404866371377198
5286,0.7854763816381781
5287,0.8657725222164367
5288,0.902135274423333
5289,1
5290,1
5291,1
5292,1
5293,1
5294,0.9047605199976396
5295,0.9047119132136896
5296,1
5297,0.9442019657869184
5298,0.9421541117751779
5299,1
5300,0.9372450140069676
5301,0.9424003498389045
5302,1
5303,1
5304,1
5305,0.9095259676472133
5306,1
5307,1
5308,1
5309,1
5310,1
5311,1
5312,1
5313,0.9337403498570407
5314,1
5315,1
5316,1
5317,1
5318,0.8184683193106489
5319,1
5320,1
5321,0.6402188647993152
5322,1
5323,1
5324,0.917118156783169
5325,0.911933432600174
5326,1
5327,0.9083284975217809
5328,0.8122533432459359
5329,1
5330,1
5331,1
5332,1
5333,1
5334,1
5335,1
5336,0.906047855488915
5337,0.7031316843560932
5338,1
5339,1
5340,1
5341,1
5342,1
5343,1
5344,0.8702306884847844
5345,1
5346,1
5347,1
5348,1
5349,1
5350,0.9168449312105162
5351,0.9280534504199632
5352,1
5353,0.929576124165131
5354,1
5355,1
5356,1
5357,1
5358,1
5359,1
5360,1
5361,1
5362,0.8313650957021157
5363,1
5364,1
5365,1
5366,1
5367,1
5368,1
5369,1
5370,1
5371,0.9076938223559293
5372,1
5373,1
5374,1
5375,0.9184721440072384
5376,0.8245241419042719
5377,0.9259398073950811
5378,0.830618544649943
5379,1
5380,0.8739809055728116
5381,1
5382,1
5383,1
5384,0.9497280765379644
5385,1
5386,0.9494331222857347
5387,1
5388,0.6535937962022884
5389,1
5390,0.9353405329585227
5391,0.923428961896409
5392,1
5393,1
5394,1
5395,1
5396,1
5397,0.8794149210268735
5398,1
5399,1
5400,1
5401,0.8215422904528955
5402,1
5403,0.8941516039291537
5404,1
5405,1
5406,1
5407,1
5408,1
5409,1
5410,1
5411,1
5412,1
5413,1
5414,1
5415,1
5416,0.7412299594689025
5417,1
5418,1
5419,1
5420,0.8563469027084988
5421,1
5422,0.43127239883475726
5423,1
5424,0.9016765703249718
5425,1
5426,0.6966520764173739
5427,1
5428,1
5429,1
5430,0.6689730123435976
5431,0.8408865114829456
5432,0.891898684167502
5433,1
5434,0.6402188647993152
5435,0.9184721440072384
5436,1
5437,0.9438788233084119
5438,0.9469295246931131
5439,1
5440,0.902700892866045
5441,1
5442,0.904316711715793
5443,1
5444,1
5445,0.8656353626902307
5446,1
5447,1
5448,1
5449,0.8679013245661215
5450,1
5451,1
5452,0.9152366607799762
5453,1
5454,1
5455,1
5456,0.5509610258339415
5457,1
5458,1
5459,0.9359589680499679
5460,0.913446324222608
5461,1
5462,0.949697555798006
5463,1
5464,0.8141362527028477
5465,1
5466,1
5467,1
5468,1
5469,1
5470,1
5471,1
5472,0.940965985715778
5473,0.876316233640075
5474,1
5475,0.9245217324127307
5476,1
5477,1
5478,1
5479,0.8565304555068143
5480,1
5481,0.9079359703257683
5482,0.9291016957825172
5483,0.9169926441559101
5484,1
5485,1
5486,0.8992416117416149
5487,1
5488,0.9007486315989446
5489,0.75061671245819
5490,0.6530872160542265
5491,1
5492,1
5493,1
5494,0.9071620337241881
5495,0.890404952361452
5496,1
5497,1
5498,1
5499,1
5500,1
5501,1
5502,1
5503,1
5504,1
5505,1
5506,1
5507,1
5508,0.9278311420811084
5509,1
5510,1
5511,1
5512,1
5513,1
5514,1
5515,0.9248476268734577
5516,1
5517,1
5518,1
5519,1
5520,0.9395473427885391
5521,1
5522,1
5523,1
5524,1
5525,1
5526,1
5527,1
5528,1
5529,0.6810608610060788
5530,1
5531,1
5532,1
5533,1
5534,0.9299937415175259
5535,1
5536,0.938276086233735
5537,1
5538,0.9038933332766038
5539,0.8507821466843283
5540,1
5541,0.8620917168244522
5542,1
5543,1
5544,0.9380801454413408
5545,1
5546,0.9402545462515893
5547,0.6707886006171516
5548,1
5549,1
5550,1
5551,0.9080338058701479
5552,1
5553,1
5554,1
5555,0.9306932842742516
5556,1
5557,0.9295985307626584
5558,1
5559,0.9295985307626584
5560,0.7978282883005142
5561,1
5562,0.9395187659200378
5563,0.7212950399820459
5564,1
5565,1
5566,1
5567,0.43291860906693247
5568,1
5569,1
5570,1
5571,1
5572,0.940853494586447
5573,0.5112100145107132
5574,0.8499254647642774
5575,1
5576,1
5577,1
5578,1
5579,1
5580,1
5581,1
5582,0.9358027625875561
5583,1
5584,1
5585,1
5586,1
5587,1
5588,1
5589,1
5590,0.6311491214075992
5591,1
5592,1
5593,1
5594,1
5595,0.9215323715750302
5596,0.9317873517763107
5597,1
5598,0.9490173560105407
5599,1
5600,1
5601,1
5602,0.5044889758250206
5603,0.8564548874221499
5604,1
5605,0.7208620636104993
5606,1
5607,1
5608,1
5609,1
5610,0.9162603685035391
5611,0.8549094490473542
5612,0.9087332314425234
5613,1
5614,1
5615,1
5616,0.8600153700079056
5617,0.7678116257333992
5618,1
5619,1
5620,1
5621,0.9460296000486529
5622,1
5623,0.8181073215149365
5624,0.9434356186266815
5625,1
5626,1
5627,1
5628,1
5629,1
5630,1
5631,1
5632,1
5633,1
5634,0.9413714524497757
5635,1
5636,1
5637,1
5638,1
5639,1
5640,1
5641,1
5642,0.93364132331232
5643,1
5644,1
5645,0.9437646763903975
5646,1
5647,1
5648,0.9076410902121651
5649,0.9300144331808958
5650,1
5651,0.9075696503517777
5652,1
5653,0.8910150942629695
5654,1
5655,1
5656,0.9143459654215579
5657,0.8361944817496891
5658,1
5659,1
5660,1
5661,0.9053185086887453
5662,0.6075763964115368
5663,1
5664,1
5665,1
5666,1
5667,1
5668,1
5669,0.9306812654626151
5670,0.7760370680384154
5671,0.9270731147339849
5672,0.860173417936617
5673,0.8615767456252079
5674,0.9385988458208414
5675,1
5676,0.9233000065631018
5677,1
5678,1
5679,0.8929272880682964
5680,1
5681,0.9364857015932061
5682,1
5683,1
5684,0.9237772718165197
5685,1
5686,1
5687,0.9263449013643182
5688,1
5689,0.9156772631609222
5690,1
5691,0.9215323715750302
5692,1
5693,1
5694,1
5695,0.9129640308004239
5696,0.8805600634748492
5697,1
5698,1
5699,1
5700,0.9446324270580877
5701,0.9397024260928142
5702,1
5703,1
5704,1
5705,0.9453546403908332
5706,1
5707,0.9495991825993907
5708,1
5709,0.9288048427215077
5710,0.8861630761856171
5711,1
5712,1
5713,1
5714,1
5715,0.901969895121513
5716,1
5717,0.8051526213312162
5718,0.9435789758388196
5719,0.6734389509459714
5720,0.9496377450678601
5721,1
5722,0.7830021632393166
5723,1
5724,1
5725,0.9366813107589017
5726,1
5727,1
5728,1
5729,1
5730,0.380030652542231
5731,1
5732,1
5733,1
5734,0.9113129406918024
5735,1
5736,1
5737,1
5738,0.8979258232780954
5739,1
5740,0.9035374275105416
5741,0.7373802394952129
5742,1
5743,1
5744,1
5745,1
5746,1
5747,0.9057343315854652
5748,1
5749,1
5750,1
5751,1
5752,1
5753,1
5754,1
5755,1
5756,1
5757,1
5758,1
5759,1
5760,1
5761,0.8783747201233458
5762,1
5763,1
5764,1
5765,0.6908134975425122
5766,1
5767,1
5768,1
5769,0.9081500576200937
5770,1
5771,1
5772,1
5773,1
5774,1
5775,1
5776,1
5777,1
5778,0.9400336706609433
5779,1
5780,1
5781,1
5782,0.9364857015932061
5783,1
5784,0.8615767456252079
5785,1
5786,1
5787,0.9435429759284425
5788,1
5789,1
5790,0.4172022335303556
5791,1
5792,1
5793,1
5794,1
5795,1
5796,1
5797,0.7704754609641021
5798,1
5799,1
5800,1
5801,1
5802,1
5803,0.8972452203316356
5804,1
5805,1
5806,0.896999710707156
5807,1
5808,1
5809,0.899603303136366
5810,1
5811,1
5812,0.7794773400587353
5813,1
5814,1
5815,1
5816,1
5817,1
5818,0.5176713932485466
5819,0.7781747067733128
5820,1
5821,1
5822,1
5823,0.9353478283764579
5824,1
5825,1
5826,0.8843364761398002
5827,1
5828,1
5829,1
5830,1
5831,1
5832,1
5833,0.9358207837350819
5834,1
5835,0.8094261202956705
5836,0.8070972719857121
5837,1
5838,1
5839,1
5840,1
5841,1
5842,1
5843,1
5844,1
5845,1
5846,1
5847,1
5848,1
5849,1
5850,1
5851,1
5852,1
5853,1
5854,0.9128456032521418
5855,1
5856,1
5857,1
5858,1
5859,1
5860,1
5861,0.8914062534739564
5862,1
5863,0.9331832591679291
5864,1
5865,1
5866,1
5867,0.8976128444602967
5868,0.6828762022320933
5869,1
5870,1
5871,0.7800488119878686
5872,1
5873,1
5874,0.8581459807506081
5875,0.9351326488703148
5876,0.9497841435725607
5877,1
5878,1
5879,1
5880,1
5881,1
5882,0.8277378029584362
5883,0.9261979063925491
5884,1
5885,1
5886,0.9169926441559101
5887,1
5888,1
5889,0.9257063312872021
5890,0.859153162604385
5891,1
5892,1
5893,1
5894,0.8936023753307722
5895,0.8365496794479877
5896,1
5897,1
5898,1
5899,1
5900,0.9488764459518936
5901,0.7731389468783862
5902,1
5903,1
5904,0.8498968743088678
5905,1
5906,1
5907,0.8920900982756428
5908,1
5909,0.9342121702188171
5910,1
5911,0.8653922208145903
5912,1
5913,1
5914,1
5915,0.9369900156770595
5916,0.7944965091849815
5917,1
5918,1
5919,1
5920,1
5921,0.7517464307716359
5922,0.8429828999170175
5923,1
5924,0.8497269367342978
5925,1
5926,0.7830021632393166
5927,0.7723631597520334
5928,1
5929,1
5930,1
5931,1
5932,1
5933,0.7311547766038773
5934,1
5935,0.9267917824808785
5936,1
5937,1
5938,1
5939,1
5940,1
5941,1
5942,1
5943,0.924715836488525
5944,1
5945,1
5946,1
5947,0.7254862448157187
5948,1
5949,0.9053759674182628
5950,1
5951,0.9413742660989279
5952,1
5953,1
5954,1
5955,0.9361466480920756
5956,1
5957,1
5958,1
5959,1
5960,1
5961,1
5962,1
5963,1
5964,1
5965,1
5966,0.8594319492915214
5967,1
5968,1
5969,1
5970,0.9291016957825172
5971,1
5972,1
5973,1
5974,0.9293202451783441
5975,1
5976,0.9070767345256623
5977,1
5978,1
5979,1
5980,1
5981,0.9075495162240373
5982,1
5983,1
5984,1
5985,1
5986,1
5987,1
5988,0.7964528563727475
5989,1
5990,1
5991,1
5992,1
5993,0.8794149210268735
5994,0.9446596836493764
5995,1
5996,1
5997,0.9427755089424553
5998,1
5999,1
6000,1
6001,0.6402188647993152
6002,1
6003,0.9452734768896228
6004,1
6005,1
6006,0.8253366106153629
6007,1
6008,1
6009,1
6010,0.935350356275501
6011,0.9454713351490203
6012,1
6013,1
6014,0.7195490620202493
6015,1
6016,1
6017,1
6018,1
6019,1
6020,1
6021,1
6022,0.931080239378987
6023,1
6024,1
6025,0.8496643738065071
6026,1
6027,1
6028,1
6029,0.9115842228413463
6030,1
6031,1
6032,0.9231786302121064
6033,0.87058441783236
6034,0.7887930728263679
6035,1
6036,1
6037,1
6038,0.6828062249524672
6039,1
6040,1
6041,0.9278311420811084
6042,1
6043,0.9226617235216902
6044,1
6045,0.8771358012021617
6046,1
6047,0.729476814285994
6048,1
6049,1
6050,1
6051,0.9456158804354416
6052,0.5329660658297437
6053,1
6054,1
6055,1
6056,1
6057,0.8692248557719177
6058,1
6059,1
6060,1
6061,1
6062,0.6683989470614431
6063,1
6064,1
6065,1
6066,1
6067,1
6068,1
6069,0.8600153700079056
6070,0.761318441657774
6071,1
6072,0.9319258381270441
6073,1
6074,0.949677114094096
6075,0.9115842228413463
6076,0.9455189849330404
6077,1
6078,1
6079,0.9288436759775494
6080,1
6081,1
6082,0.9320938871929253
6083,1
6084,1
6085,0.8941208870259765
6086,0.9208900421794423
6087,0.8456393598409202
6088,1
6089,1
6090,1
6091,1
6092,1
6093,1
6094,0.9342121702188171
6095,1
6096,0.9327928911849778
6097,1
6098,1
6099,1
6100,1
6101,1
6102,0.8515258488642691
6103,0.9478228864813156
6104,1
6105,0.9014318587664245
6106,1
6107,1
6108,1
6109,1
6110,1
6111,1
6112,1
6113,0.7775763892696043
6114,0.8828877267605751
6115,0.8910428281310803
6116,0.9372794201304364
6117,1
6118,1
6119,1
6120,1
6121,0.9491450646025911
6122,0.8564548874221499
6123,0.6408079112660501
6124,1
6125,1
6126,1
6127,1
6128,1
6129,0.9446596836493764
6130,1
6131,0.9202966171677182
6132,1
6133,1
6134,1
6135,0.903494538469862
6136,1
6137,0.5408086242756883
6138,0.8974882139427417
6139,1
6140,0.9331488314261505
6141,0.904244409824344
6142,1
6143,1
6144,1
6145,1
6146,1
6147,0.9391210469896728
6148,0.9052300309413909
6149,1
6150,1
6151,1
6152,0.8089086075900916
6153,1
6154,0.9218924228648973
6155,1
6156,0.9100519745633643
6157,1
6158,1
6159,1
6160,0.6045853917423206
6161,1
6162,1
6163,1
6164,1
6165,1
6166,0.9494261190146472
6167,1
6168,1
6169,0.7791289019387011
6170,1
6171,1
6172,1
6173,0.9079454684855697
6174,0.906047855488915
6175,0.8284708893386646
6176,1
6177,1
6178,0.43711192388075387
6179,1
6180,1
6181,1
6182,1
6183,0.8975316729167125
6184,1
6185,1
6186,1
6187,1
6188,1
6189,0.8981013343675437
6190,1
6191,0.9331247747675138
6192,0.9100858228471373
6193,0.8599975310747732
6194,1
6195,1
6196,1
6197,1
6198,1
6199,1
6200,1
6201,0.8539617330934094
6202,1
6203,1
6204,1
6205,0.9387522115944343
6206,1
6207,1
6208,1
6209,1
6210,0.9476588316998317
6211,1
6212,1
6213,1
6214,1
6215,0.6260999368730212
6216,0.9050291977529933
6217,0.9354229504593058
6218,1
6219,1
6220,1
6221,1
6222,1
6223,0.8551892398458679
6224,1
6225,1
6226,0.8710303564240629
6227,1
6228,1
6229,1
6230,1
6231,0.604418380039291
6232,1
6233,1
6234,1
6235,0.9263449013643182
6236,1
6237,0.9178028137165289
6238,1
6239,0.8384535437311011
6240,0.6837676302759544
6241,1
6242,1
6243,1
6244,1
6245,0.739861762150983
6246,0.9355991499788943
6247,1
6248,1
6249,1
6250,0.939990507455473
6251,1
6252,1
6253,1
6254,1
6255,1
6256,0.9243634253559843
6257,1
6258,0.92973391241977
6259,0.9165487893934186
6260,0.7826196712268355
6261,1
6262,1
6263,0.8564548874221499
6264,1
6265,1
6266,1
6267,1
6268,1
6269,0.9277834986180862
6270,1
6271,1
6272,1
6273,0.9306321355970448
6274,0.862685081247705
6275,1
6276,1
6277,1
6278,1
6279,1
6280,1
6281,1
6282,1
6283,1
6284,1
6285,1
6286,0.8515258488642691
6287,1
6288,1
6289,0.9429005278112
6290,1
6291,1
6292,1
6293,0.7862498471656174
6294,1
6295,0.8185953308004068
6296,1
6297,1
6298,0.9031024846026051
6299,1
6300,0.9402678912581618
6301,1
6302,1
6303,1
6304,1
6305,0.940853494586447
6306,1
6307,1
6308,1
6309,1
6310,1
6311,1
6312,0.7103761156221248
6313,1
6314,0.7603606715102362
6315,0.8055755876904325
6316,0.9369900156770595
6317,0.9084826664841529
6318,0.929323165830888
6319,0.7103761156221248
6320,1
6321,1
6322,0.8809063140582774
6323,0.7173863901595676
6324,1
6325,0.7746971908943291
6326,0.9288048427215077
6327,0.7344249320010077
6328,0.8581388817219927
6329,1
6330,1
6331,1
6332,0.9132475386563246
6333,1
6334,1
6335,1
6336,1
6337,0.9208675581149989
6338,1
6339,1
6340,1
6341,1
6342,1
6343,1
6344,0.924259078219697
6345,0.9414803402059879
6346,1
6347,1
6348,0.8969730134512891
6349,1
6350,0.9285309409678375
6351,1
6352,0.8126078805852636
6353,0.9403582080245544
6354,0.6900725498712413
6355,1
6356,1
6357,1
6358,1
6359,0.8984238177721507
6360,1
6361,0.8679013245661215
6362,1
6363,1
6364,1
6365,0.8707848192535931
6366,1
6367,1
6368,1
6369,1
6370,1
6371,1
6372,0.9089355372529971
6373,1
6374,1
6375,0.938233264342105
6376,0.5408086242756883
6377,0.9100519745633643
6378,0.7212764712077323
6379,1
6380,1
6381,1
6382,1
6383,1
6384,0.8821723075288975
6385,1
6386,1
6387,1
6388,1
6389,1
6390,0.9194286695617792
6391,1
6392,1
6393,1
6394,0.7732258914064238
6395,1
6396,1
6397,1
6398,1
6399,1
6400,1
6401,1
6402,1
6403,1
6404,0.8796471713105176
6405,1
6406,0.861697507631403
6407,0.8253366106153629
6408,1
6409,0.8341286974704595
6410,0.9171319534628952
6411,1
6412,0.8398429090047489
6413,1
6414,1
6415,1
6416,1
6417,1
6418,1
6419,0.9277039713418174
6420,1
6421,0.7811743570830806
6422,0.8821723075288975
6423,1
6424,0.9476552537699018
6425,1
6426,1
6427,0.8954051150581612
6428,1
6429,1
6430,0.9431802136566639
6431,0.9366252240269287
6432,1
6433,1
6434,1
6435,1
6436,0.8612301282775529
6437,1
6438,1
6439,0.5803847152131775
6440,1
6441,1
6442,1
6443,1
6444,0.9436048613532869
6445,1
6446,1
6447,1
6448,0.9202538560317807
6449,0.7939677466108631
6450,1
6451,0.835546172031628
6452,1
6453,1
6454,0.9032281956419094
6455,1
6456,1
6457,1
6458,0.9137204833571729
6459,1
6460,1
6461,1
6462,0.9490861202434729
6463,1
6464,1
6465,0.7712917862705471
6466,0.46492715523788775
6467,1
6468,1
6469,1
6470,1
6471,1
6472,1
6473,1
6474,1
6475,0.8850260900889968
6476,1
6477,1
6478,1
6479,1
6480,1
6481,1
6482,1
6483,0.9456873790735785
6484,1
6485,1
6486,1
6487,1
6488,1
6489,1
6490,1
6491,1
6492,1
6493,1
6494,1
6495,1
6496,1
6497,1
6498,1
6499,0.709635883776146
6500,0.8406700438376994
6501,1
6502,0.7212950399820459
6503,1
6504,1
6505,1
6506,0.9497420341653704
6507,0.949677114094096
6508,1
6509,1
6510,0.9234499016459965
6511,1
6512,1
6513,1
6514,0.6358110987836111
6515,1
6516,1
6517,1
6518,1
6519,0.9100519745633643
6520,1
6521,1
6522,1
6523,1
6524,0.9354412426330054
6525,0.9491450646025911
6526,0.9461872256651912
6527,0.7906949219470639
6528,1
6529,0.9421541117751779
6530,0.8762028275728851
6531,1
6532,1
6533,1
6534,0.9407545886378761
6535,1
6536,0.8674155725539794
6537,0.8605367664691383
6538,0.9374915960796881
6539,1
6540,1
6541,1
6542,0.9175154191923457
6543,0.9142472155266542
6544,1
6545,0.8446082648247766
6546,1
6547,1
6548,1
6549,1
6550,0.8899827717286449
6551,0.7717007837542146
6552,1
6553,1
6554,1
6555,0.9491110948085586
6556,0.9485368761522236
6557,0.7230194623370434
6558,1
6559,0.9287383626532468
6560,1
6561,1
6562,1
6563,1
6564,1
6565,0.9468481024793144
6566,1
6567,1
6568,1
6569,0.8298734651810172
6570,1
6571,0.8213466229243931
6572,1
6573,1
6574,1
6575,0.8508194829850398
6576,0.6908134975425122
6577,1
6578,1
6579,0.8964246021258969
6580,1
6581,0.6487728367400853
6582,1
6583,1
6584,1
6585,1
6586,1
6587,0.861697507631403
6588,0.7899405983591141
6589,0.9398732409913615
6590,0.7678116257333992
6591,1
6592,1
6593,0.6045853917423206
6594,1
6595,1
6596,0.8277378029584362
6597,0.8792586579888297
6598,0.8969730134512891
6599,1
6600,0.8321662930714626
6601,1
6602,0.940853494586447
6603,1
6604,1
6605,1
6606,1
6607,1
6608,0.7501499259214016
6609,1
6610,1
6611,1
6612,1
6613,1
6614,0.8950103166553367
6615,1
6616,1
6617,0.8297587009861301
6618,1
6619,1
6620,1
6621,1
6622,1
6623,1
6624,1
6625,0.9419047300400144
6626,1
6627,0.9085473214773494
6628,1
6629,1
6630,1
6631,0.3605218037384304
6632,1
6633,1
6634,1
6635,0.8182617309205898
6636,1
6637,0.712382306406019
6638,0.8653922208145903
6639,1
6640,0.8119713787395205
6641,0.815451500635205
6642,1
6643,1
6644,0.9083454008139968
6645,1
6646,1
6647,1
6648,0.9465292363343392
6649,0.9300356330354426
6650,1
6651,1
6652,1
6653,0.7103761156221248
6654,0.7882734568399891
6655,1
6656,1
6657,1
6658,1
6659,0.9431124631339363
6660,1
6661,1
6662,1
6663,1
6664,1
6665,1
6666,1
6667,1
6668,0.9025659060469607
6669,0.937470995921434
6670,1
6671,0.9325433910053909
6672,1
6673,1
6674,1
6675,1
6676,1
6677,0.7171550488220934
6678,1
6679,1
6680,1
6681,1
6682,1
6683,0.9404150040571051
6684,1
6685,1
6686,1
6687,1
6688,1
6689,1
6690,1
6691,1
6692,1
6693,0.6758413648729557
6694,1
6695,1
6696,1
6697,1
6698,1
6699,0.8365496794479877
6700,1
6701,0.8973280597979135
6702,0.8114347339092929
6703,0.49102260896901206
6704,1
6705,1
6706,0.9034034789151919
6707,1
6708,0.8288122313911674
6709,0.8577591010381714
6710,1
6711,1
6712,0.7254737282875805
6713,1
6714,0.933438091138864
6715,1
6716,1
6717,1
6718,0.8962534096912014
6719,1
6720,1
6721,1
6722,0.6105479273449718
6723,1
6724,1
6725,0.6691236608862868
6726,1
6727,1
6728,1
6729,1
6730,1
6731,1
6732,1
6733,1
6734,1
6735,1
6736,1
6737,1
6738,0.5671411765496164
6739,0.5568207262836085
6740,0.8494594296602943
6741,1
6742,1
6743,0.7694079810469572
6744,1
6745,1
6746,1
6747,1
6748,1
6749,1
6750,0.9310632452838893
6751,0.797910260771414
6752,0.6373114250932371
6753,1
6754,1
6755,1
6756,0.8087068810643574
6757,1
6758,1
6759,1
6760,0.8345475601092488
6761,1
6762,1
6763,1
6764,0.8814798274474658
6765,1
6766,0.8721958197854451
6767,1
6768,1
6769,0.8618837315307349
6770,1
6771,0.39909960116807464
6772,1
6773,0.9170689073495631
6774,1
6775,1
6776,1
6777,1
6778,1
6779,1
6780,1
6781,1
6782,1
6783,1
6784,1
6785,0.9029801527049411
6786,1
6787,1
6788,0.8199009941916319
6789,1
6790,0.9062866481084015
6791,0.8581887447674538
6792,0.9420820864777785
6793,1
6794,0.8976592879628531
6795,0.8719765669209244
6796,0.92464737033173094
6797,1
6798,1
6799,0.739861762150983
6800,1
6801,1
6802,1
6803,1
6804,1
6805,1
6806,0.8821723075288975
6807,0.9454713351490203
6808,0.9287635906239966
6809,1
6810,1
6811,1
6812,1
6813,1
6814,0.8839718072362048
6815,1
6816,1
6817,1
6818,1
6819,1
6820,0.8388242931492518
6821,1
6822,1
6823,1
6824,1
6825,1
6826,1
6827,0.9239206498132211
6828,1
6829,0.852920597215767
6830,1
6831,1
6832,1
6833,1
6834,1
6835,1
6836,1
6837,1
6838,1
6839,1
6840,1
6841,0.8785222081272045
6842,1
6843,1
6844,1
6845,1
6846,1
6847,0.9211955442061416
6848,1
6849,1
6850,1
6851,1
6852,1
6853,1
6854,1
6855,0.9402545462515893
6856,0.9493446105055373
6857,0.8950103166553367
6858,0.8089022161006845
6859,0.8797215387662479
6860,1
6861,1
6862,1
6863,1
6864,0.6426299117695728
6865,1
6866,1
6867,0.793170659184894
6868,0.7228933104616796
6869,0.4733592193110967
6870,1
6871,1
6872,0.9278284695505095
6873,1
6874,1
6875,1
6876,1
6877,1
6878,1
6879,0.9274018072886296
6880,0.7984278075982201
6881,1
6882,0.757581209518558
6883,1
6884,1
6885,1
6886,1
6887,1
6888,1
6889,0.7194812315158698
6890,0.9318167816334957
6891,1
6892,1
6893,1
6894,1
6895,1
6896,0.9106143667048409
6897,0.9041129357306013
6898,1
6899,0.938910433351806
6900,1
6901,1
6902,1
6903,1
6904,1
6905,1
6906,1
6907,0.882158527037212
6908,1
6909,0.923428961896409
6910,0.9163283636123933
6911,1
6912,1
6913,1
6914,1
6915,0.4172022335303556
6916,1
6917,1
6918,0.8405917026183615
6919,1
6920,1
6921,1
6922,0.7023587422188795
6923,1
6924,1
6925,1
6926,0.9133133005592553
6927,0.8298917279474061
6928,1
6929,1
6930,1
6931,0.7780301465432707
6932,0.9145056910841085
6933,1
6934,1
6935,0.9345121942945638
6936,0.7371566999300656
6937,1
6938,1
6939,0.9258290535248442
6940,1
6941,0.6819427720367863
6942,1
6943,1
6944,0.5408086242756883
6945,0.8832047117759394
6946,0.5399644388948595
6947,1
6948,0.9306701019507123
6949,0.8515258488642691
6950,1
6951,1
6952,1
6953,1
6954,0.9314668121562113
6955,1
6956,1
6957,1
6958,0.9489566090840352
6959,1
6960,1
6961,1
6962,1
6963,1
6964,0.9143030483780937
6965,0.857824355554204
6966,1
6967,0.8616341593532787
6968,1
6969,1
6970,1
6971,0.5374142047014552
6972,0.949709346054673
6973,1
6974,1
6975,1
6976,1
6977,1
6978,1
6979,1
6980,1
6981,1
6982,1
6983,0.8363970343183283
6984,1
6985,0.731410141139783
6986,0.7937657029307954
6987,0.9106143667048409
6988,1
6989,1
6990,1
6991,1
6992,0.9053759674182628
6993,0.5761416730093494
6994,0.6594788077677959
6995,1
6996,1
6997,1
6998,0.8290068527450524
6999,0.844590056313491
7000,0.8980058415273341
7001,0.9121749671516549
7002,0.6360620105238265
7003,1
7004,1
7005,1
7006,1
7007,1
7008,1
7009,1
7010,1
7011,1
7012,1
7013,1
7014,1
7015,1
7016,1
7017,1
7018,0.9402313794929033
7019,0.9270736112304401
7020,1
7021,0.8262327979933325
7022,0.8878511527290517
7023,1
7024,0.8981920189983222
7025,1
7026,1
7027,1
7028,0.8097672293343162
7029,1
7030,1
7031,0.9079359703257683
7032,0.7678748638216054
7033,0.9312462691501873
7034,0.9383158969323699
7035,0.9354229504593058
7036,0.9237096412694334
7037,1
7038,1
7039,0.9481353297428747
7040,1
7041,1
7042,0.8809441655174993
7043,1
7044,1
7045,1
7046,1
7047,1
7048,1
7049,1
7050,1
7051,1
7052,0.8958040626338788
7053,1
7054,1
7055,0.793170659184894
7056,0.8050805635684031
7057,0.9163951924309458
7058,1
7059,0.8921046138322638
7060,1
7061,1
7062,0.39909960116807464
7063,1
7064,1
7065,0.949677114094096
7066,0.7833887112935677
7067,1
7068,1
7069,1
7070,0.843314213630296
7071,1
7072,1
7073,1
7074,1
7075,1
7076,0.9081936669269067
7077,1
7078,1
7079,1
7080,1
7081,1
7082,0.8372377466066658
7083,1
7084,1
7085,1
7086,1
7087,1
7088,1
7089,1
7090,1
7091,0.9441411481151567
7092,1
7093,1
7094,1
7095,1
7096,1
7097,1
7098,1
7099,1
7100,1
7101,0.9331238060347439
7102,0.9091772678697937
7103,1
7104,1
7105,1
7106,1
7107,1
7108,1
7109,1
7110,1
7111,0.9345770826501297
7112,0.9463572757474166
7113,0.9100519745633643
7114,1
7115,1
7116,1
7117,1
7118,1
7119,0.636475362008192
7120,1
7121,0.5253181271767782
7122,0.43715855216646254
7123,1
7124,1
7125,1
7126,0.7775434396499018
7127,0.93622839264172375
7128,1
7129,1
7130,1
7131,1
7132,1
7133,1
7134,1
7135,1
7136,1
7137,0.7794087412028938
7138,0.8896545020684413
7139,1
7140,1
7141,1
7142,1
7143,1
7144,0.9162368281534008
7145,0.5176713932485466
7146,1
7147,1
7148,1
7149,1
7150,1
7151,0.9453216544807247
7152,1
7153,0.911933432600174
7154,1
7155,1
7156,1
7157,1
7158,1
7159,0.8087068810643574
7160,1
7161,0.7194812315158698
7162,1
7163,1
7164,0.802987417577855
7165,1
7166,0.8997738445296589
7167,1
7168,0.9435789758388196
7169,1
7170,0.5230714126813814
7171,1
7172,1
7173,1
7174,0.933399829975786
7175,1
7176,0.815320731018488
7177,1
7178,1
7179,0.7546807016996693
7180,1
7181,1
7182,1
7183,1
7184,1
7185,0.9001980246791922
7186,1
7187,1
7188,1
7189,0.8620917168244522
7190,0.9289828916460512
7191,0.9300437944863804
7192,0.43711192388075387
7193,1
7194,1
7195,0.884400592087056
7196,1
7197,1
7198,0.9175154191923457
7199,1
7200,1
7201,1
7202,0.7259522592934439
7203,0.8277107042237845
7204,1
7205,0.8373543266899189
7206,1
7207,1
7208,1
7209,1
7210,0.9133133005592553
7211,1
7212,1
7213,0.835041775600229
7214,1
7215,1
7216,0.8860966584025864
7217,1
7218,1
7219,1
7220,0.9239705986817873
7221,1
7222,0.9232568843059373
7223,1
7224,1
7225,1
7226,1
7227,1
7228,0.933631613708457
7229,1
7230,1
7231,1
7232,1
7233,1
7234,0.8749457283434848
7235,1
7236,1
7237,1
7238,1
7239,1
7240,1
7241,1
7242,1
7243,1
7244,1
7245,1
7246,1
7247,0.8547194547890693
7248,0.7123069480024775
7249,0.9484217310799674
7250,0.9448323730394107
7251,1
7252,1
7253,0.935995967855619
7254,0.6402188647993152
7255,1
7256,0.9055169280084974
7257,1
7258,1
7259,1
7260,1
7261,0.7991537684691251
7262,0.8050805635684031
7263,1
7264,0.8591524040360149
7265,1
7266,1
7267,0.8959772094111532
7268,1
7269,1
7270,0.8821075892022949
7271,0.7473233037572177
7272,0.9045356023416609
7273,1
7274,0.9203294208999934
7275,1
7276,1
7277,1
7278,1
7279,0.9307067835431498
7280,1
7281,1
7282,0.9453470471553874
7283,1
7284,1
7285,1
7286,1
7287,1
7288,0.9493529503564887
7289,1
7290,0.889884151904888
7291,1
7292,1
7293,1
7294,1
7295,1
7296,1
7297,1
7298,1
7299,0.7402160902127165
7300,1
7301,0.904316711715793
7302,1
7303,1
7304,1
7305,1
7306,0.9482312692836818
7307,0.7129634008391387
7308,1
7309,0.8796471713105176
7310,0.9361466480920756
7311,1
7312,1
7313,0.8444916528130118
7314,1
7315,0.8974172036947898
7316,0.9494369411406989
7317,0.4172022335303556
7318,1
7319,0.710531203359124
7320,1
7321,1
7322,0.8710303564240629
7323,0.7855827773119064
7324,0.32669273324763193
7325,1
7326,1
7327,0.9418803310532267
7328,1
7329,1
7330,0.9004223137192949
7331,1
7332,0.8333539810119213
7333,1
7334,1
7335,0.937853364522203
7336,1
7337,1
7338,1
7339,0.909756443056339
7340,1
7341,1
7342,1
7343,1
7344,1
7345,1
7346,1
7347,0.9179997809560522
7348,1
7349,1
7350,1
7351,1
7352,1
7353,1
7354,1
7355,1
7356,1
7357,1
7358,0.8644847253439231
7359,1
7360,1
7361,1
7362,0.9074279212274443
7363,1
7364,1
7365,1
7366,1
7367,1
7368,1
7369,0.9198751552970988
7370,1
7371,1
7372,0.762023348854702
7373,0.9219088511668591
7374,0.7442179175991169
7375,1
7376,0.9272991934711537
7377,0.9499355598565703
7378,0.734646141948632
7379,1
7380,1
7381,0.7712917862705471
7382,0.8120843447126799
7383,1
7384,1
7385,0.7950976087984046
7386,1
7387,1
7388,1
7389,1
7390,1
7391,1
7392,1
7393,1
7394,1
7395,1
7396,1
7397,1
7398,1
7399,0.8866302527845743
7400,1
7401,1
7402,1
7403,1
7404,1
7405,1
7406,1
7407,1
7408,1
7409,1
7410,1
7411,1
7412,1
7413,1
7414,1
7415,0.8647056585996227
7416,1
7417,1
7418,1
7419,1
7420,1
7421,1
7422,0.8164834350406015
7423,1
7424,1
7425,1
7426,1
7427,1
7428,1
7429,0.882158527037212
7430,1
7431,1
7432,0.49159007767286816
7433,1
7434,1
7435,1
7436,0.8348124667925029
7437,1
7438,0.6788786805611575
7439,0.9115842228413463
7440,1
7441,1
7442,1
7443,1
7444,1
7445,1
7446,1
7447,1
7448,1
7449,1
7450,1
7451,1
7452,1
7453,0.8813282082580975
7454,1
7455,1
7456,0.5176713932485466
7457,1
7458,1
7459,0.9277299489699422
7460,1
7461,0.7266068870326108
7462,1
7463,1
7464,1
7465,1
7466,1
7467,1
7468,1
7469,0.9334167814818516
7470,1
7471,1
7472,1
7473,0.7656125441726028
7474,1
7475,0.9282714816090111
7476,1
7477,0.8441363504125045
7478,0.9306932842742516
7479,0.604418380039291
7480,0.8949101369281046
7481,1
7482,1
7483,1
7484,1
7485,1
7486,0.6447239791807771
7487,1
7488,1
7489,1
7490,1
7491,0.9441411481151567
7492,0.8832171480892299
7493,1
7494,1
7495,1
7496,0.9312167575668641
7497,1
7498,0.8450736693176143
7499,1
7500,0.4340464136993472
7501,1
7502,1
7503,1
7504,1
7505,1
7506,0.7907056944598235
7507,1
7508,0.7478626547061147
7509,1
7510,1
7511,0.8834931452415917
7512,1
7513,0.9362590973592506
7514,1
7515,1
7516,1
7517,1
7518,1
7519,0.9255590956437632
7520,1
7521,1
7522,1
7523,1
7524,1
7525,1
7526,1
7527,1
7528,1
7529,0.9129640308004239
7530,0.9442875116101951
7531,0.9193370290721756
7532,1
7533,1
7534,1
7535,0.9084006532442604
7536,1
7537,1
7538,1
7539,0.9269377726765269
7540,1
7541,1
7542,1
7543,1
7544,0.7419998835886007
7545,1
7546,1
7547,0.67847247976111
7548,1
7549,0.9236774966922952
7550,0.9114378215067468
7551,0.7794087412028938
7552,1
7553,0.9250461827701096
7554,1
7555,1
7556,1
7557,0.8710303564240629
7558,0.9496035411602939
7559,1
7560,1
7561,1
7562,1
7563,0.8914062534739564
7564,1
7565,0.949690736963246
7566,0.4172022335303556
7567,1
7568,0.912966872103655
7569,0.942034230686155
7570,1
7571,0.9123457362058752
7572,0.9446362400785946
7573,1
7574,0.9182541070821038
7575,1
7576,1
7577,1
7578,1
7579,1
7580,1
7581,1
7582,1
7583,1
7584,0.9437674697761698
7585,1
7586,0.9435699699169225
7587,1
7588,1
7589,1
7590,1
7591,1
7592,0.8828877267605751
7593,1
7594,1
7595,1
7596,1
7597,1
7598,1
7599,1
7600,0.937933638880234
7601,1
7602,0.938910433351806
7603,0.9474911502920732
7604,0.69327815774302
7605,1
7606,1
7607,0.8754131832132197
7608,1
7609,1
7610,1
7611,1
7612,1
7613,1
7614,0.8341286974704595
7615,0.9126624871207537
7616,0.8559182941490148
7617,1
7618,1
7619,1
7620,1
7621,1
7622,1
7623,1
7624,1
7625,1
7626,1
7627,0.7388839061164181
7628,1
7629,1
7630,1
7631,1
7632,1
7633,1
7634,1
7635,0.9448754088345915
7636,1
7637,1
7638,1
7639,1
7640,1
7641,1
7642,1
7643,0.9494899161407354
7644,1
7645,1
7646,0.8034443291368214
7647,1
7648,1
7649,0.8352929354734432
7650,1
7651,1
7652,1
7653,1
7654,1
7655,0.8253337593430923
7656,1
7657,1
7658,0.8879363005509432
7659,1
7660,0.8929008077685642
7661,1
7662,0.9277337136738866
7663,1
7664,1
7665,1
7666,1
7667,0.7812698872444206
7668,1
7669,1
7670,1
7671,1
7672,0.43715855216646254
7673,1
7674,0.4172022335303556
7675,1
7676,0.9338757236986914
7677,0.8036443979632395
7678,1
7679,1
7680,1
7681,0.901970428461503
7682,1
7683,0.9328989745712599
7684,1
7685,0.9345770826501297
7686,1
7687,1
7688,0.9375057428583347
7689,1
7690,1
7691,1
7692,0.42482063499417044
7693,0.9259398073950811
7694,1
7695,1
7696,0.8303171207693258
7697,1
7698,1
7699,1
7700,1
7701,1
7702,1
7703,0.8199009941916319
7704,1
7705,1
7706,0.930115599479368
7707,1
7708,1
7709,1
7710,1
7711,0.9306932842742516
7712,1
7713,1
7714,1
7715,1
7716,0.8618837315307349
7717,1
7718,1
7719,1
7720,1
7721,0.6290781043852333
7722,1
7723,1
7724,1
7725,1
7726,1
7727,1
7728,1
7729,0.8919873452005604
7730,1
7731,1
7732,1
7733,1
7734,1
7735,1
7736,0.7475885745041796
7737,1
7738,1
7739,1
7740,1
7741,1
7742,1
7743,1
7744,1
7745,1
7746,1
7747,1
7748,1
7749,0.8781294373758052
7750,1
7751,1
7752,0.9025723478748829
7753,1
7754,1
7755,1
7756,1
7757,1
7758,0.835546172031628
7759,0.9202966171677182
7760,0.8201984931363011
7761,1
7762,0.9100519745633643
7763,1
7764,1
7765,1
7766,1
7767,1
7768,0.9367434461886842
7769,1
7770,1
7771,1
7772,0.7108695185715265
7773,1
7774,1
7775,1
7776,0.9372899433386837
7777,1
7778,0.9084006532442604
7779,1
7780,0.914379485847695
7781,1
7782,1
7783,0.7035112227915042
7784,0.9276884018190505
7785,1
7786,1
7787,0.9079359703257683
7788,1
7789,0.9089355372529971
7790,1
7791,0.898083132547122
7792,1
7793,1
7794,1
7795,0.882158527037212
7796,1
7797,1
7798,1
7799,1
7800,1
7801,0.8202378364883942
7802,0.8365496794479877
7803,1
7804,0.9416144157772328
7805,1
7806,1
7807,1
7808,1
7809,1
7810,0.8700147012057915
7811,1
7812,1
7813,0.7638166927282068
7814,0.8898654314360726
7815,0.885401482276952
7816,1
7817,1
7818,1
7819,1
7820,0.8941015155856904
7821,1
7822,1
7823,1
7824,1
7825,0.8262939165382149
7826,1
7827,0.924324893082828
7828,1
7829,1
7830,1
7831,1
7832,0.9306932842742516
7833,1
7834,1
7835,1
7836,1
7837,1
7838,1
7839,1
7840,1
7841,1
7842,1
7843,1
7844,1
7845,0.7676456653375764
7846,0.7712917862705471
7847,1
7848,1
7849,1
7850,1
7851,1
7852,1
7853,1
7854,1
7855,0.8694734656898175
7856,0.8507821466843283
7857,0.8922372317950158
7858,1
7859,1
7860,0.9273258703860465
7861,1
7862,1
7863,1
7864,1
7865,1
7866,1
7867,1
7868,0.9089355372529971
7869,1
7870,1
7871,0.8609560530133187
7872,1
7873,0.8199009941916319
7874,1
7875,1
7876,1
7877,0.9364331973753384
7878,1
7879,0.8612301282775529
7880,1
7881,1
7882,1
7883,1
7884,1
7885,1
7886,1
7887,0.8638683901658459
7888,1
7889,0.8753378605845482
7890,0.9150922565553437
7891,1
7892,0.9328054695634682
7893,0.9295985307626584
7894,1
7895,0.8970074333821519
7896,1
7897,1
7898,1
7899,1
7900,0.7412053441523139
7901,1
7902,1
7903,0.9027792046755819
7904,0.7838973981030631
7905,0.920824170896134
7906,1
7907,1
7908,1
7909,1
7910,0.7668098518101316
7911,1
7912,0.9053759674182628
7913,1
7914,0.9451611771885942
7915,1
7916,0.9318143713990655
7917,1
7918,0.9034984331985272
7919,0.9361466480920756
7920,1
7921,0.9128311922027046
7922,1
7923,1
7924,0.9393955125707008
7925,0.9050291977529933
7926,1
7927,1
7928,1
7929,1
7930,0.6402188647993152
7931,1
7932,0.9347288873743238
7933,0.8615767456252079
7934,1
7935,0.9306932842742516
7936,1
7937,1
7938,1
7939,1
7940,0.9089355372529971
7941,1
7942,1
7943,1
7944,1
7945,1
7946,1
7947,0.7927291121087905
7948,1
7949,1
7950,1
7951,0.8277378029584362
7952,0.8687259471813183
7953,0.8252486043651566
7954,1
7955,1
7956,1
7957,1
7958,1
7959,1
7960,1
7961,0.945176944646637
7962,1
7963,1
7964,1
7965,0.8599799832027134
7966,1
7967,0.6260999368730212
7968,1
7969,1
7970,1
7971,1
7972,0.9281244107899886
7973,1
7974,1
7975,0.9456115614003103
7976,1
7977,1
7978,0.8317286926289804
7979,1
7980,1
7981,1
7982,0.9477680935219899
7983,1
7984,1
7985,1
7986,1
7987,1
7988,0.8950794236292647
7989,1
7990,1
7991,1
7992,0.919668109379325
7993,1
7994,0.6734389509459714
7995,1
7996,0.9152366607799762
7997,1
7998,0.8618265207445528
7999,0.8262835314647471
8000,1
8001,1
8002,0.9293005970435015
8003,0.9419047300400144
8004,0.9154984516193913
8005,0.9461829203620334
8006,1
8007,1
8008,1
8009,0.7862498471656174
8010,0.8472520771726301
8011,1
8012,1
8013,1
8014,1
8015,1
8016,1
8017,0.8735440869055215
8018,1
8019,1
8020,1
8021,0.9426776435968681
8022,1
8023,1
8024,1
8025,0.9114378215067468
8026,1
8027,1
8028,0.8929024691625865
8029,1
8030,0.946841442978734
8031,0.7675364252218653
8032,1
8033,0.9200332475101859
8034,0.88739195883504
8035,0.9478744456439363
8036,1
8037,1
8038,1
8039,1
8040,0.9454713351490203
8041,0.923910501444423
8042,1
8043,1
8044,1
8045,1
8046,1
8047,1
8048,1
8049,1
8050,1
8051,1
8052,1
8053,1
8054,1
8055,0.9351096670555253
8056,0.9399074204876865
8057,0.9250440373223081
8058,1
8059,1
8060,1
8061,1
8062,1
8063,0.7322111999917552
8064,1
8065,1
8066,1
8067,0.9356251696264388
8068,1
8069,1
8070,0.7700899114160193
8071,1
8072,0.9342585829624248
8073,1
8074,1
8075,0.9477680935219899
8076,1
8077,1
8078,1
8079,1
8080,1
8081,1
8082,1
8083,1
8084,1
8085,1
8086,1
8087,1
8088,0.8473298998130611
8089,0.8252486043651566
8090,1
8091,0.9314164868482132
8092,1
8093,0.9295985307626584
8094,1
8095,1
8096,1
8097,1
8098,1
8099,1
8100,1
8101,0.9150678796825341
8102,1
8103,1
8104,1
8105,0.7129634008391387
8106,1
8107,1
8108,1
8109,0.7517464307716359
8110,1
8111,1
8112,1
8113,1
8114,1
8115,1
8116,0.9267917824808785
8117,1
8118,1
8119,1
8120,0.8524663940646281
8121,1
8122,1
8123,0.9345770826501297
8124,1
8125,1
8126,1
8127,1
8128,1
8129,1
8130,1
8131,1
8132,0.8405917026183615
8133,1
8134,1
8135,1
8136,1
8137,0.923478643126948
8138,1
8139,0.8393021656713159
8140,0.9145025586766022
8141,1
8142,1
8143,1
8144,0.9458808236997936
8145,1
8146,1
8147,1
8148,0.8266646310905738
8149,0.9373194172970979
8150,1
8151,0.8967958493816883
8152,1
8153,0.8643620903183239
8154,0.8625375942886168
8155,1
8156,0.923428961896409
8157,1
8158,0.8780606351146301
8159,1
8160,0.8667897593623343
8161,1
8162,0.9424003498389045
8163,1
8164,0.9277337136738866
8165,1
8166,0.9400281011856756
8167,1
8168,1
8169,0.9287754524810559
8170,0.9447097920479762
8171,1
8172,1
8173,1
8174,1
8175,0.787855649301079
8176,1
8177,1
8178,0.9375398285120013
8179,0.6889512443580005
8180,1
8181,1
8182,1
8183,1
8184,0.9295985307626584
8185,1
8186,0.9069462831076351
8187,1
8188,1
8189,1
8190,1
8191,1
8192,1
8193,1
8194,1
8195,1
8196,1
8197,0.9175154191923457
8198,1
8199,0.9427413477275214
8200,0.8507821466843283
8201,1
8202,0.9351326488703148
8203,1
8204,1
8205,1
8206,1
8207,1
8208,1
8209,1
8210,0.9133550563631476
8211,0.7464029457547071
8212,1
8213,0.6933250490587677
8214,1
8215,0.9277834986180862
8216,1
8217,1
8218,1
8219,1
8220,0.8796471713105176
8221,1
8222,0.9425738371303449
8223,0.9438869372514773
8224,1
8225,1
8226,0.9413790975196165
8227,1
8228,0.8790442580000706
8229,1
8230,0.815451500635205
8231,1
8232,1
8233,1
8234,1
8235,1
8236,0.739861762150983
8237,0.5112100145107132
8238,1
8239,1
8240,1
8241,1
8242,0.9317303171230453
8243,1
8244,1
8245,1
8246,0.9218199993508448
8247,0.9299542854564112
8248,0.32669273324763193
8249,1
8250,1
8251,1
8252,1
8253,1
8254,1
8255,1
8256,0.9328989745712599
8257,1
8258,1
8259,0.8775064979384208
8260,1
8261,0.8336808900172273
8262,1
8263,1
8264,1
8265,1
8266,1
8267,1
8268,1
8269,1
8270,1
8271,1
8272,1
8273,1
8274,1
8275,0.884890161243079
8276,1
8277,1
8278,1
8279,0.9442685921314865
8280,1
8281,1
8282,1
8283,1
8284,1
8285,1
8286,0.9075753552009256
8287,0.9306932842742516
8288,1
8289,0.9242648387079078
8290,1
8291,1
8292,1
8293,0.5970368782623771
8294,1
8295,1
8296,1
8297,0.9386168285227403
8298,1
8299,0.9454315905623402
8300,1
8301,1
8302,1
8303,1
8304,1
8305,0.8653796533476754
8306,1
8307,0.9494325918064721
8308,1
8309,1
8310,1
8311,1
8312,1
8313,1
8314,1
8315,1
8316,0.7914278948523649
8317,1
8318,0.8491252247340529
8319,1
8320,0.8581459807506081
8321,0.8569164158401744
8322,1
8323,1
8324,1
8325,0.9350811084282874
8326,1
8327,1
8328,1
8329,0.7528674530571849
8330,0.9089709472917822
8331,1
8332,0.8697481059068839
8333,1
8334,1
8335,1
8336,1
8337,1
8338,0.7159080417248919
8339,1
8340,0.8398233230379857
8341,1
8342,1
8343,1
8344,1
8345,1
8346,0.6513609656977166
8347,0.830275368813694
8348,1
8349,1
8350,0.8846569035562576
8351,1
8352,1
8353,1
8354,0.9279408973515311
8355,1
8356,0.9481223321982537
8357,1
8358,1
8359,1
8360,1
8361,1
8362,1
8363,1
8364,1
8365,0.9226617235216902
8366,1
8367,1
8368,1
8369,0.941408707979796
8370,1
8371,1
8372,1
8373,0.8055755876904325
8374,1
8375,1
8376,1
8377,1
8378,1
8379,1
8380,0.9047119132136896
8381,1
8382,1
8383,1
8384,1
8385,1
8386,1
8387,1
8388,0.588071933795539
8389,1
8390,0.7325163049508585
8391,0.8736738634379053
8392,0.8295509195570937
8393,1
8394,1
8395,0.9431380396693821
8396,0.9427522819953909
8397,1
8398,1
8399,1
8400,1
8401,1
8402,1
8403,1
8404,1
8405,1
8406,1
8407,0.9082597865131286
8408,1
8409,0.9300546999224258
8410,0.7678748638216054
8411,1
8412,1
8413,1
8414,0.9471190987574827
8415,1
8416,1
8417,1
8418,0.8770646974053866
8419,1
8420,0.8377193827095089
8421,0.9295985307626584
8422,0.8837052689068217
8423,1
8424,1
8425,0.927530671072186
8426,1
8427,1
8428,1
8429,0.929418714538921
8430,1
8431,1
8432,1
8433,1
8434,1
8435,1
8436,1
8437,1
8438,1
8439,0.46492715523788775
8440,1
8441,1
8442,1
8443,1
8444,0.7899405983591141
8445,0.45036936776479775
8446,1
8447,1
8448,1
8449,1
8450,1
8451,1
8452,0.9435789758388196
8453,1
8454,0.919668109379325
8455,1
8456,1
8457,1
8458,1
8459,0.5176713932485466
8460,0.8341936474459313
8461,0.932717472631725
8462,1
8463,1
8464,1
8465,1
8466,1
8467,1
8468,1
8469,1
8470,1
8471,1
8472,1
8473,1
8474,1
8475,1
8476,1
8477,1
8478,1
8479,0.9168862341464094
8480,1
8481,1
8482,1
8483,1
8484,1
8485,0.4340464136993472
8486,1
8487,0.9427540963519289
8488,0.8871159047103805
8489,0.8729642166392225
8490,0.8621847316437417
8491,1
8492,1
8493,0.8821723075288975
8494,0.4327919167131331
8495,1
8496,1
8497,1
8498,0.9461827461642972
8499,1
8500,1
8501,1
8502,1
8503,1
8504,1
8505,0.9451401097731214
8506,1
8507,1
8508,1
8509,1
8510,1
8511,1
8512,1
8513,1
8514,0.9306932842742516
8515,1
8516,1
8517,1
8518,1
8519,1
8520,1
8521,0.9026463287317557
8522,1
8523,1
8524,0.9420561297558367
8525,1
8526,1
8527,1
8528,1
8529,1
8530,1
8531,1
8532,0.9326005030693304
8533,1
8534,1
8535,1
8536,1
8537,1
8538,1
8539,1
8540,1
8541,0.9069539100392634
8542,1
8543,1
8544,1
8545,1
8546,1
8547,1
8548,1
8549,1
8550,0.9481447000140881
8551,1
8552,1
8553,1
8554,0.904342756995476
8555,1
8556,1
8557,1
8558,0.9328054695634682
8559,1
8560,0.3605218037384304
8561,1
8562,1
8563,1
8564,1
8565,1
8566,1
8567,1
8568,1
8569,1
8570,1
8571,0.9192920008892407
8572,1
8573,1
8574,1
8575,1
8576,1
8577,1
8578,1
8579,1
8580,0.8539617330934094
8581,0.9320484203190212
8582,0.7027226663415802
8583,1
8584,1
8585,1
8586,1
8587,1
8588,1
8589,1
8590,0.9364465086233684
8591,1
8592,1
8593,1
8594,1
8595,0.8837052689068217
8596,1
8597,1
8598,0.93622839264172375
8599,1
8600,1
8601,1
8602,0.8200743322349757
8603,0.8984238177721507
8604,1
8605,1
8606,1
8607,0.945886519351058
8608,0.8992416117416149
8609,1
8610,0.9255590414685303
8611,1
8612,1
8613,1
8614,1
8615,1
8616,1
8617,1
8618,1
8619,1
8620,1
8621,1
8622,0.9186174400412287
8623,1
8624,1
8625,1
8626,1
8627,1
8628,0.702476515199422
8629,0.8857802591085913
8630,1
8631,1
8632,1
8633,0.916330285667338
8634,1
8635,1
8636,1
8637,1
8638,0.8341936474459313
8639,0.6105479273449718
8640,1
8641,0.6822689293757621
8642,1
8643,1
8644,0.882158527037212
8645,1
8646,1
8647,1
8648,0.8207957013245987
8649,1
8650,1
8651,1
8652,1
8653,1
8654,1
8655,1
8656,0.9171514946084401
8657,1
8658,1
8659,1
8660,1
8661,1
8662,0.9339179272863122
8663,1
8664,1
8665,0.9342364570765402
8666,1
8667,1
8668,1
8669,0.9322767933612165
8670,1
8671,1
8672,1
8673,1
8674,1
8675,0.8262835314647471
8676,1
8677,0.5568207262836085
8678,0.9477680935219899
8679,1
8680,1
8681,1
8682,0.9282164981700963
8683,1
8684,0.9186174400412287
8685,1
8686,1
8687,0.9259809638778241
8688,1
8689,0.7509727668740548
8690,1
8691,1
8692,1
8693,1
8694,1
8695,1
8696,0.8548605409058034
8697,1
8698,1
8699,1
8700,0.9239206498132211
8701,1
8702,0.9123457362058752
8703,1
8704,0.8846569035562576
8705,0.6613204813414744
8706,1
8707,1
8708,1
8709,0.8471363544232954
8710,1
8711,1
8712,1
8713,0.6523619807216935
8714,1
8715,1
8716,1
8717,0.8647056585996227
8718,1
8719,1
8720,0.6402188647993152
8721,1
8722,1
8723,1
8724,1
8725,1
8726,1
8727,0.8998806318784137
8728,1
8729,0.859153162604385
8730,1
8731,0.9364857015932061
8732,1
8733,1
8734,1
8735,1
8736,0.9270736112304401
8737,1
8738,1
8739,1
8740,0.9264825577648876
8741,0.8866023354736748
8742,1
8743,1
8744,1
8745,0.9418233708407815
8746,1
8747,0.9495791719272868
8748,1
8749,1
8750,1
8751,1
8752,0.9350485011810284
8753,1
8754,1
8755,1
8756,0.8792368572025105
8757,1
8758,1
8759,1
8760,0.9121359646437449
8761,1
8762,1
8763,1
8764,1
8765,1
8766,0.912350472783734
8767,0.9283359766857542
8768,1
8769,1
8770,0.8431659127094944
8771,0.9081936669269067
8772,1
8773,1
8774,1
8775,1
8776,1
8777,1
8778,0.9325395047888025
8779,1
8780,0.7047603388849852
8781,1
8782,0.890573147328363
8783,1
8784,1
8785,1
8786,1
8787,1
8788,1
8789,1
8790,0.8102272601634943
8791,1
8792,1
8793,1
8794,1
8795,0.9092918874618543
8796,0.8821723075288975
8797,1
8798,1
8799,1
8800,1
8801,0.6819321842101068
8802,1
8803,1
8804,1
8805,0.8119713787395205
8806,1
8807,1
8808,1
8809,0.6609845467911205
8810,1
8811,0.8805777640625735
8812,1
8813,0.8062382136688881
8814,1
8815,1
8816,1
8817,1
8818,1
8819,0.7189461781030627
8820,1
8821,0.9488410859646406
8822,1
8823,1
8824,1
8825,1
8826,1
8827,1
8828,1
8829,1
8830,0.9177444655162528
8831,1
8832,1
8833,1
8834,1
8835,0.5714229907707741
8836,1
8837,1
8838,1
8839,1
8840,0.8401405991363065
8841,1
8842,0.8832047117759394
8843,0.9460296000486529
8844,1
8845,1
8846,0.7888884491751128
8847,0.8728926689760029
8848,1
8849,0.8814797527490097
8850,1
8851,1
8852,1
8853,0.8981093353327051
8854,1
8855,1
8856,1
8857,1
8858,1
8859,0.8515258488642691
8860,1
8861,0.7714306724214673
8862,1
8863,1
8864,1
8865,1
8866,1
8867,1
8868,1
8869,1
8870,1
8871,1
8872,1
8873,1
8874,1
8875,1
8876,1
8877,1
8878,1
8879,1
8880,0.8590640080654894
8881,1
8882,1
8883,1
8884,0.9393323627915242
8885,1
8886,1
8887,1
8888,1
8889,1
8890,0.9291016957825172
8891,0.8955988083614269
8892,1
8893,0.9469292982890556
8894,1
8895,1
8896,0.9081823129166974
8897,1
8898,1
8899,1
8900,1
8901,1
8902,1
8903,0.7815775091891796
8904,1
8905,1
8906,0.9246656258080268
8907,1
8908,0.8864221632253089
8909,0.9021776240335838
8910,1
8911,0.8141362527028477
8912,1
8913,0.8994398001863231
8914,0.7632776440799889
8915,0.8976592879628531
8916,1
8917,1
8918,1
8919,1
8920,1
8921,0.7313647031617427
8922,1
8923,1
8924,1
8925,0.7855827773119064
8926,1
8927,1
8928,1
8929,1
8930,1
8931,1
8932,1
8933,0.8478124481428331
8934,0.9372155452346957
8935,0.9316473846912322
8936,1
8937,0.8828877267605751
8938,0.7528674530571849
8939,0.9455419238854905
8940,1
8941,0.8948748242834773
8942,1
8943,0.8948655298393968
8944,0.8281252301236655
8945,0.9267628819617663
8946,1
8947,0.9089760798260538
8948,1
8949,1
8950,1
8951,1
8952,1
8953,1
8954,1
8955,1
8956,1
8957,1
8958,1
8959,0.7520174134082335
8960,1
8961,0.9494899161407354
8962,1
8963,1
8964,1
8965,1
8966,1
8967,0.8615767456252079
8968,1
8969,1
8970,1
8971,1
8972,1
8973,1
8974,1
8975,1
8976,0.9090248395903603
8977,1
8978,1
8979,1
8980,0.49266168976316305
8981,0.8809307743242354
8982,0.8473629969370412
8983,1
8984,0.9294035204234353
8985,1
8986,1
8987,1
8988,0.9488594838302383
8989,1
8990,0.8492640546772915
8991,1
8992,0.9219799458910815
8993,1
8994,0.938297373468542
8995,1
8996,1
8997,0.9353123706072427
8998,0.9446596836493764
8999,1
9000,0.9276864976779597
9001,0.69186827389279415
9002,1
9003,1
9004,0.9344271416897749
9005,0.6394281571409981
9006,1
9007,1
9008,1
9009,1
9010,1
9011,1
9012,1
9013,1
9014,1
9015,0.8410503628823836
9016,1
9017,1
9018,1
9019,1
9020,0.9369900156770595
9021,0.6849751873576586
9022,1
9023,1
9024,1
9025,1
9026,1
9027,1
9028,1
9029,1
9030,1
9031,1
9032,1
9033,1
9034,0.9127992757144331
9035,0.9193913763817096
9036,1
9037,1
9038,1
9039,0.9258290535248442
9040,1
9041,1
9042,1
9043,0.8181073215149365
9044,1
9045,1
9046,1
9047,0.8647056585996227
9048,0.9483304125528573
9049,1
9050,1
9051,0.8300736362091928
9052,1
9053,1
9054,1
9055,0.793170659184894
9056,1
9057,1
9058,1
9059,1
9060,1
9061,1
9062,0.39909960116807464
9063,1
9064,1
9065,0.9383164148579588
9066,1
9067,1
9068,1
9069,1
9070,1
9071,0.9252408314735903
9072,1
9073,1
9074,1
9075,1
9076,0.890862397486676
9077,1
9078,1
9079,1
9080,1
9081,1
9082,1
9083,0.94038326011122
9084,1
9085,0.9369003144853478
9086,1
9087,0.8997627820062213
9088,0.7195490620202493
9089,0.8406700438376994
9090,1
9091,0.69186827389279415
9092,1
9093,1
9094,1
9095,0.8395321090064344
9096,0.6530872160542265
9097,0.9263449013643182
9098,1
9099,0.8769537155008186
9100,1
9101,0.8252486043651566
9102,1
9103,0.7195490620202493
9104,0.9490517580369383
9105,0.5112100145107132
9106,1
9107,1
9108,1
9109,1
9110,1
9111,1
9112,0.8769537155008186
9113,1
9114,1
9115,1
9116,0.9476855667261989
9117,1
9118,1
9119,1
9120,0.5230969685281031
9121,0.9489566090840352
9122,1
9123,1
9124,1
9125,1
9126,1
9127,0.9345770826501297
9128,1
9129,0.8174942858899256
9130,0.8430917372106829
9131,0.7911640670694585
9132,0.8532069777791736
9133,1
9134,1
9135,0.7107566672909936
9136,1
9137,1
9138,1
9139,1
9140,0.739861762150983
9141,0.947102349355137
9142,1
9143,1
9144,0.793170659184894
9145,1
9146,1
9147,1
9148,1
9149,1
9150,0.941149040493843
9151,1
9152,1
9153,1
9154,0.830526514700838
9155,0.6231631061823448
9156,1
9157,0.5754530285411138
9158,1
9159,0.9202966171677182
9160,0.9361442208573418
9161,1
9162,1
9163,1
9164,0.9435213330805873
9165,1
9166,0.604418380039291
9167,1
9168,1
9169,1
9170,1
9171,1
9172,1
9173,0.7411408619146108
9174,1
9175,0.9036458269809113
9176,1
9177,1
9178,0.9189546720264419
9179,1
9180,1
9181,1
9182,1
9183,0.9450918800451671
9184,0.9393007738017015
9185,1
9186,0.7359597029918549
9187,1
9188,0.5831826643258868
9189,1
9190,1
9191,1
9192,1
9193,1
9194,1
9195,1
9196,0.9454619411998316
9197,1
9198,0.6793050809838689
9199,1
9200,1
9201,1
9202,1
9203,0.94619860020436
9204,0.8342460738109349
9205,1
9206,1
9207,1
9208,0.9052114738163799
9209,0.8441791917471629
9210,1
9211,1
9212,0.9277526113283059
9213,1
9214,1
9215,1
9216,0.8921204699964731
9217,1
9218,0.5658349257292719
9219,1
9220,1
9221,1
9222,1
9223,0.7470171740390839
9224,1
9225,1
9226,1
9227,0.8142884380725578
9228,1
9229,0.9440320606742287
9230,0.872152268455491
9231,1
9232,1
9233,1
9234,1
9235,0.9146063381496671
9236,1
9237,1
9238,0.7189461781030627
9239,1
9240,1
9241,1
9242,0.8120843447126799
9243,1
9244,0.7171550488220934
9245,1
9246,0.43715855216646254
9247,1
9248,0.8875520069668303
9249,0.600321024517991
9250,1
9251,0.8584667801430534
9252,1
9253,1
9254,1
9255,0.9183089933477127
9256,0.8761928148600251
9257,1
9258,0.8679013245661215
9259,1
9260,1
9261,1
9262,1
9263,0.9320446841704171
9264,0.7853309146994715
9265,1
9266,1
9267,1
9268,1
9269,1
9270,1
9271,0.8991021283156594
9272,1
9273,1
9274,0.8963043124917599
9275,0.8164410652367279
9276,1
9277,0.9138251788671885
9278,0.9395473427885391
9279,1
9280,0.930920354027114
9281,1
9282,0.8266928303942126
9283,1
9284,0.8213466229243931
9285,1
9286,0.9462151104053776
9287,1
9288,1
9289,0.8402046247381482
9290,1
9291,1
9292,1
9293,1
9294,1
9295,1
9296,1
9297,1
9298,0.7802844672995399
9299,1
9300,1
9301,1
9302,1
9303,1
9304,0.38391142434780773
9305,0.9277834986180862
9306,1
9307,1
9308,1
9309,0.9215323715750302
9310,1
9311,1
9312,0.6881596667966184
9313,1
9314,1
9315,0.8870064004168301
9316,1
9317,1
9318,1
9319,1
9320,1
9321,1
9322,0.9380927205372964
9323,0.8768380624539068
9324,0.7811450116751202
9325,1
9326,1
9327,1
9328,1
9329,1
9330,1
9331,1
9332,1
9333,1
9334,1
9335,1
9336,1
9337,0.8352929354734432
9338,1
9339,0.947519999039355
9340,1
9341,1
9342,1
9343,1
9344,1
9345,1
9346,0.917155708150321
9347,1
9348,1
9349,1
9350,1
9351,1
9352,1
9353,0.8738876340502547
9354,1
9355,1
9356,1
9357,1
9358,1
9359,0.9435789758388196
9360,1
9361,1
9362,1
9363,0.7994901219248626
9364,1
9365,1
9366,0.9198190134629701
9367,0.9413821731943081
9368,1
9369,0.8916051604109223
9370,1
9371,1
9372,0.8184826829768597
9373,1
9374,1
9375,1
9376,0.938910433351806
9377,1
9378,1
9379,0.9306793525279718
9380,0.7171550488220934
9381,0.88958185327591
9382,1
9383,1
9384,0.46492715523788775
9385,1
9386,1
9387,1
9388,1
9389,1
9390,0.7103761156221248
9391,0.901970428461503
9392,1
9393,0.859153162604385
9394,1
9395,1
9396,1
9397,1
9398,1
9399,0.9427540963519289
9400,1
9401,0.8930887368083581
9402,1
9403,1
9404,1
9405,1
9406,1
9407,0.8266618579450853
9408,0.9293356272633775
9409,1
9410,1
9411,1
9412,0.9305366109286162
9413,1
9414,1
9415,0.793170659184894
9416,1
9417,0.8365496794479877
9418,1
9419,1
9420,1
9421,1
9422,1
9423,1
9424,1
9425,1
9426,1
9427,1
9428,1
9429,1
9430,0.9308602166814659
9431,1
9432,1
9433,0.8560679509901148
9434,1
9435,1
9436,0.8163802839894481
9437,1
9438,1
9439,0.932734820319312
9440,0.8418857184620654
9441,1
9442,1
9443,1
9444,1
9445,1
9446,1
9447,1
9448,1
9449,1
9450,1
9451,1
9452,1
9453,1
9454,1
9455,0.8668589066539707
9456,1
9457,1
9458,0.8277107042237845
9459,1
9460,1
9461,1
9462,1
9463,1
9464,1
9465,1
9466,1
9467,1
9468,0.7696563466317078
9469,1
9470,1
9471,1
9472,1
9473,1
9474,1
9475,0.504089490731127
9476,1
9477,1
9478,0.8724138972940954
9479,1
9480,1
9481,1
9482,0.9034451588267591
9483,1
9484,1
9485,0.8821723075288975
9486,1
9487,0.8275321739035809
9488,0.739861762150983
9489,0.9456274029870323
9490,1
9491,1
9492,1
9493,1
9494,0.7981186133899612
9495,1
9496,0.9270383546999669
9497,1
9498,1
9499,1
9500,1
9501,0.9224902727348351
9502,1
9503,1
9504,0.5968036366116822
9505,1
9506,1
9507,1
9508,0.7176244749963784
9509,1
9510,1
9511,1
9512,1
9513,1
9514,1
9515,1
9516,1
9517,0.739861762150983
9518,1
9519,1
9520,0.9041129357306013
9521,0.9089355372529971
9522,0.8783096998420091
9523,1
9524,1
9525,1
9526,1
9527,1
9528,1
9529,1
9530,1
9531,0.9100519745633643
9532,0.9381523273201294
9533,1
9534,0.8457145170983962
9535,0.9056042149276968
9536,1
9537,1
9538,1
9539,0.9416175856776579
9540,0.9448323730394107
9541,1
9542,1
9543,1
9544,0.8515660467193922
9545,0.9451117431056624
9546,1
9547,0.32669273324763193
9548,1
9549,1
9550,0.9196849050088718
9551,1
9552,0.9099756003531461
9553,1
9554,0.8338042932081742
9555,1
9556,1
9557,0.8450447494459133
9558,1
9559,1
9560,1
9561,1
9562,0.9099477302069001
9563,0.9496035411602939
9564,1
9565,1
9566,1
9567,0.6838873618815939
9568,1
9569,1
9570,1
9571,1
9572,1
9573,1
9574,1
9575,1
9576,1
9577,1
9578,1
9579,1
9580,1
9581,1
9582,1
9583,0.9058611890466144
9584,1
9585,0.9107640564748065
9586,0.9257063312872021
9587,0.9258725057540612
9588,1
9589,1
9590,1
9591,1
9592,0.9181344919823539
9593,1
9594,1
9595,0.523591342340097
9596,1
9597,1
9598,0.9209531186647752
9599,1
9600,1
9601,1
9602,1
9603,1
9604,1
9605,1
9606,1
9607,0.8747988474279051
9608,1
9609,1
9610,1
9611,1
9612,1
9613,1
9614,0.9429918636455052
9615,0.8213466229243931
9616,1
9617,1
9618,1
9619,0.7712917862705471
9620,1
9621,1
9622,0.7528674530571849
9623,1
9624,0.8781772095395519
9625,0.9208715538521969
9626,0.8976592879628531
9627,1
9628,1
9629,1
9630,1
9631,1
9632,1
9633,1
9634,1
9635,1
9636,1
9637,0.9120157098109077
9638,1
9639,1
9640,1
9641,1
9642,0.8430028958229099
9643,1
9644,1
9645,1
9646,1
9647,0.9287753764569072
9648,0.9139401774279126
9649,1
9650,0.9331488314261505
9651,0.8796156472223138
9652,0.7491456642013888
9653,1
9654,1
9655,0.915065137305082
9656,1
9657,1
9658,1
9659,1
9660,1
9661,0.7326287149982157
9662,1
9663,1
9664,0.8558535297325115
9665,1
9666,1
9667,1
9668,1
9669,1
9670,1
9671,0.9299936894823733
9672,1
9673,1
9674,0.8923707833569992
9675,0.8395145717841233
9676,1
9677,0.9434492605471745
9678,0.7268456572045962
9679,0.9461827461642972
9680,1
9681,1
9682,1
9683,1
9684,1
9685,1
9686,1
9687,0.5235699638741673
9688,1
9689,1
9690,1
9691,1
9692,0.8252486043651566
9693,1
9694,1
9695,0.5887721055946515
9696,1
9697,0.8991119158809587
9698,1
9699,1
9700,1
9701,0.9035374275105416
9702,1
9703,1
9704,1
9705,1
9706,0.9407710255720283
9707,1
9708,1
9709,0.8841949018010421
9710,1
9711,1
9712,1
9713,0.8436331194117561
9714,1
9715,1
9716,1
9717,1
9718,1
9719,1
9720,1
9721,1
9722,1
9723,0.8653922208145903
9724,1
9725,1
9726,1
9727,1
9728,1
9729,0.7924468489836323
9730,0.9479930181606571
9731,0.8829092566802006
9732,1
9733,1
9734,1
9735,0.8647699832373568
9736,0.9053759674182628
9737,1
9738,1
9739,1
9740,1
9741,1
9742,1
9743,1
9744,0.9355991499788943
9745,0.8794149210268735
9746,1
9747,0.9427755089424553
9748,1
9749,1
9750,1
9751,1
9752,1
9753,1
9754,1
9755,0.9491563791968824
9756,1
9757,1
9758,1
9759,1
9760,0.9446362400785946
9761,1
9762,0.9423139128440217
9763,1
9764,0.940403991119868
9765,1
9766,1
9767,0.8564548874221499
9768,0.7468250623448003
9769,1
9770,1
9771,1
9772,1
9773,1
9774,1
9775,1
9776,1
9777,1
9778,1
9779,0.9481452553798793
9780,1
9781,1
9782,1
9783,1
9784,1
9785,1
9786,1
9787,1
9788,0.8418857184620654
9789,1
9790,1
9791,1
9792,1
9793,0.9485932971221742
9794,1
9795,0.9136944189323178
9796,1
9797,1
9798,1
9799,0.7815775091891796
9800,0.7173341484796846
9801,1
9802,0.8702306884847844
9803,1
9804,0.9453463198339901
9805,1
9806,1
9807,1
9808,1
9809,1
9810,0.9246562961424853
9811,0.9082209456086173
9812,1
9813,0.40348442543165447
9814,0.9379403356042109
9815,1
9816,1
9817,0.8611819149124286
9818,1
9819,1
9820,1
9821,1
9822,1
9823,1
9824,1
9825,0.8667897593623343
9826,1
9827,1
9828,0.8650789136130007
9829,0.5566427176043954
9830,1
9831,0.32669273324763193
9832,0.9174632933198172
9833,0.8647056585996227
9834,0.7434073569431752
9835,0.6700356555374226
9836,1
9837,1
9838,0.8690642393954943
9839,1
9840,1
9841,1
9842,0.6430685611473319
9843,1
9844,1
9845,1
9846,1
9847,1
9848,1
9849,1
9850,1
9851,1
9852,1
9853,1
9854,1
9855,1
9856,0.8790522524051417
9857,0.5831234044382748
9858,1
9859,1
9860,0.36618855176299875
9861,1
9862,1
9863,1
9864,1
9865,0.9196849050088718
9866,0.8770137740400157
9867,0.938639603159138
9868,1
9869,1
9870,1
9871,1
9872,1
9873,1
9874,1
9875,1
9876,1
9877,0.934631221905737
9878,1
9879,1
9880,1
9881,1
9882,1
9883,1
9884,0.8962449515654782
9885,0.9283869813022714
9886,1
9887,1
9888,1
9889,0.6775501804118899
9890,0.9399922247408788
9891,1
9892,1
9893,1
9894,1
9895,0.9398732409913615
9896,0.8733569946227718
9897,1
9898,0.8884463617878837
9899,0.9325536685680528
9900,1
9901,1
9902,1
9903,1
9904,1
9905,0.7998509255911197
9906,1
9907,1
9908,0.9478223889725725
9909,1
9910,1
9911,1
9912,1
9913,0.9356957783391209
9914,0.8850260900889968
9915,1
9916,1
9917,1
9918,1
9919,1
9920,1
9921,1
9922,1
9923,1
9924,1
9925,1
9926,1
9927,1
9928,1
9929,1
9930,1
9931,1
9932,0.7920649144750631
9933,1
9934,1
9935,1
9936,0.8515258488642691
9937,1
9938,1
9939,1
9940,1
9941,1
9942,1
9943,0.9381117726324996
9944,1
9945,1
9946,1
9947,0.9048563687936194
9948,0.7062948303384234
9949,1
9950,0.8087554427273888
9951,1
9952,1
9953,0.9265133825136475
9954,0.8110553917112815
9955,1
9956,0.8408630485389542
9957,0.8786540268542469
9958,1
9959,0.9170815543062398
9960,1
9961,1
9962,1
9963,1
9964,1
9965,0.9483271268299859
9966,1
9967,1
9968,1
9969,1
9970,0.8459558334740431
9971,1
9972,1
9973,1
9974,0.604418380039291
9975,1
9976,0.9127638047684277
9977,1
9978,1
9979,0.82787611341057
9980,1
9981,1
9982,1
9983,0.7798366632895052
9984,1
9985,1
9986,1
9987,0.8977818223756795
9988,1
9989,1
9990,1
9991,1
9992,1
9993,1
9994,1
9995,1
9996,0.8407198200822003
9997,1
9998,1
9999,1
10000,0.8702306884847844
10001,0.9462151104053776
10002,1
10003,0.8647421822163263
10004,1
10005,0.9386137313286698
10006,1
10007,0.8347036621033324
10008,1
10009,1
10010,0.6260999368730212
10011,0.7813902916969451
10012,0.8695273694342176
10013,0.9344271416897749
10014,1
10015,1
10016,0.9286932352122557
10017,1
10018,1
10019,0.9489399740181913
10020,1
10021,0.9174569388168166
10022,0.8023823891614298
10023,1
10024,0.711887089540352
10025,1
10026,1
10027,1
10028,1
10029,1
10030,1
10031,1
10032,0.9054080420528567
10033,1
10034,1
10035,1
10036,0.7279240834585603
10037,1
10038,1
10039,1
10040,1
10041,0.6053433573123138
10042,0.9185254064296627
10043,0.9310632452838893
10044,1
10045,0.859153162604385
10046,1
10047,1
10048,1
10049,1
10050,1
10051,0.7517464307716359
10052,1
10053,1
10054,1
10055,1
10056,1
10057,1
10058,0.891898684167502
10059,0.739861762150983
10060,0.9035374275105416
10061,0.8976961683027765
10062,1
10063,1
10064,1
10065,0.9025794991357268
10066,0.9181344919823539
10067,1
10068,0.9402545462515893
10069,1
10070,1
10071,1
10072,1
10073,0.8850529853924038
10074,1
10075,1
10076,1
10077,1
10078,1
10079,0.4733592193110967
10080,1
10081,1
10082,0.9499248453048607
10083,0.8797336989712645
10084,1
10085,1
10086,1
10087,1
10088,1
10089,1
10090,1
10091,1
10092,0.924345426036013
10093,1
10094,1
10095,1
10096,1
10097,1
10098,0.8301501101780012
10099,1
10100,0.8973494733773557
10101,1
10102,1
10103,1
10104,1
10105,1
10106,0.8087068810643574
10107,1
10108,1
10109,0.6314074573846035
10110,0.8311218021159871
10111,1
10112,1
10113,0.9142600319696901
10114,1
10115,1
10116,1
10117,0.44933706189866945
10118,0.835041775600229
10119,0.8683967883796966
10120,1
10121,1
10122,1
10123,1
10124,0.7140213877502322
10125,1
10126,0.8591524040360149
10127,0.7517464307716359
10128,0.9324911650184623
10129,0.7197263252020797
10130,0.8261944432671873
10131,0.9160114867472999
10132,1
10133,1
10134,0.7017303865497424
10135,0.7464029457547071
10136,0.5566427176043954
10137,1
10138,0.8945380361210964
10139,1
10140,1
10141,0.9051665195405235
10142,1
10143,0.9122579712215334
10144,1
10145,1
10146,1
10147,0.9392136832634139
10148,1
10149,1
10150,0.8398429090047489
10151,1
10152,1
10153,1
10154,1
10155,1
10156,1
10157,0.891898684167502
10158,1
10159,1
10160,0.9091608847878224
10161,1
10162,0.8914020917943293
10163,1
10164,1
10165,0.910777542437017
10166,1
10167,1
10168,1
10169,0.9232587452313425
10170,1
10171,0.949667483561903
10172,1
10173,1
10174,0.9047533156911087
10175,0.8383760316564551
10176,1
10177,1
10178,1
10179,1
10180,0.8402046247381482
10181,0.8821723075288975
10182,0.899603303136366
10183,1
10184,0.8786983474711191
10185,1
10186,1
10187,1
10188,1
10189,0.945946033692074
10190,0.90043891562799
10191,1
10192,1
10193,1
10194,1
10195,0.9441411481151567
10196,0.8125918619368243
10197,1
10198,0.7781747067733128
10199,1
10200,1
10201,0.9417499912801859
10202,0.9149309459112259
10203,1
10204,1
10205,1
10206,0.7855827773119064
10207,1
10208,1
10209,0.9183045108820507
10210,1
10211,0.7197263252020797
10212,1
10213,1
10214,0.7928812773433367
10215,1
10216,1
10217,1
10218,1
10219,1
10220,1
10221,1
10222,0.8973492430239579
10223,1
10224,1
10225,0.7830021632393166
10226,1
10227,1
10228,1
10229,0.9182827502705893
10230,1
10231,0.8818754630977065
10232,1
10233,1
10234,0.9185356824409848
10235,1
10236,0.8968748226635189
10237,1
10238,1
10239,1
10240,0.6448039103546119
10241,1
10242,1
10243,0.7096186827105556
10244,1
10245,0.9122494640990859
10246,1
10247,1
10248,0.7212764712077323
10249,0.8701663739489246
10250,1
10251,1
10252,0.7464029457547071
10253,1
10254,1
10255,1
10256,1
10257,1
10258,1
10259,1
10260,0.8394407964969264
10261,1
10262,1
10263,1
10264,1
10265,1
10266,1
10267,1
10268,1
10269,1
10270,1
10271,1
10272,1
10273,1
10274,1
10275,1
10276,1
10277,0.9362727220088655
10278,0.40597525503242865
10279,0.8677677911139605
10280,1
10281,1
10282,1
10283,1
10284,1
10285,1
10286,1
10287,1
10288,1
10289,1
10290,1
10291,0.8585798289825551
10292,1
10293,0.8849948986982823
10294,0.8667322948884967
10295,1
10296,1
10297,1
10298,1
10299,1
10300,1
10301,1
10302,0.9198816175872797
10303,1
10304,1
10305,0.8659499157561663
10306,1
10307,1
10308,1
10309,1
10310,1
10311,0.9252408314735903
10312,1
10313,1
10314,1
10315,1
10316,0.7853309146994715
10317,1
10318,0.9267917824808785
10319,1
10320,1
10321,1
10322,0.8711264544980938
10323,0.9452877419120599
10324,0.8837052689068217
10325,0.8977818223756795
10326,0.9427540963519289
10327,1
10328,1
10329,1
10330,1
10331,0.943668497462531
10332,1
10333,0.8615767456252079
10334,1
10335,0.9267917824808785
10336,1
10337,1
10338,1
10339,1
10340,1
10341,1
10342,1
10343,0.9157342657141376
10344,1
10345,0.8356106099063157
10346,0.7622669648406258
10347,1
10348,0.8639252359542465
10349,1
10350,1
10351,1
10352,1
10353,0.9053759674182628
10354,1
10355,0.9328613430379086
10356,1
10357,0.8694639911812695
10358,1
10359,0.9122579712215334
10360,1
10361,1
10362,1
10363,0.9295985307626584
10364,1
10365,1
10366,1
10367,1
10368,0.9293202451783441
10369,1
10370,0.7830021632393166
10371,1
10372,0.6299209476625592
10373,1
10374,1
10375,0.6334669132187167
10376,0.93622839264172375
10377,1
10378,1
10379,0.941476595709322
10380,0.94012908947918
10381,0.8710587180701719
10382,1
10383,0.94820986201502
10384,1
10385,1
10386,0.8632309016986605
10387,0.9333964946395997
10388,1
10389,0.9288048427215077
10390,1
10391,0.9493887697677268
10392,1
10393,0.9092854154998246
10394,1
10395,1
10396,1
10397,0.9189198822478315
10398,0.8277107042237845
10399,0.8553666350267249
10400,1
10401,0.8338958520453015
10402,1
10403,1
10404,1
10405,1
10406,1
10407,1
10408,1
10409,1
10410,1
10411,1
10412,1
10413,1
10414,0.5371436575868691
10415,1
10416,0.895548840140629
10417,1
10418,1
10419,0.9089355372529971
10420,1
10421,1
10422,1
10423,0.9429919624530219
10424,1
10425,1
10426,1
10427,1
10428,1
10429,0.8250143611661176
10430,1
10431,0.7981415772804076
10432,1
10433,1
10434,1
10435,0.9283869813022714
10436,0.9228328600445447
10437,1
10438,1
10439,1
10440,1
10441,1
10442,0.8882017327849392
10443,1
10444,1
10445,0.9210868863025413
10446,1
10447,1
10448,1
10449,1
10450,1
10451,1
10452,1
10453,1
10454,1
10455,1
10456,1
10457,0.8930875273924443
10458,1
10459,1
10460,1
10461,1
10462,1
10463,0.876416616791754
10464,1
10465,1
10466,1
10467,1
10468,0.8805777640625735
10469,1
10470,1
10471,1
10472,1
10473,1
10474,0.9370074712998466
10475,1
10476,0.8362301235152843
10477,1
10478,1
10479,1
10480,1
10481,1
10482,1
10483,0.776363695605065
10484,1
10485,0.8653922208145903
10486,1
10487,1
10488,1
10489,1
10490,1
10491,1
10492,1
10493,0.9000087940382507
10494,0.7475885745041796
10495,1
10496,1
10497,1
10498,1
10499,1
10500,1
10501,0.8802229589845211
10502,0.6790455984004247
10503,1
10504,1
10505,0.9157858955777276
10506,1
10507,1
10508,1
10509,0.947749784153913
10510,0.9173987741281496
10511,0.9359798246590652
10512,1
10513,1
10514,1
10515,0.49266168976316305
10516,1
10517,0.882158527037212
10518,1
10519,0.9286707023577757
10520,1
10521,1
10522,1
10523,0.7950976087984046
10524,1
10525,1
10526,0.3778343410768822
10527,0.8361944817496891
10528,1
10529,1
10530,1
10531,1
10532,1
10533,0.5566427176043954
10534,1
10535,1
10536,1
10537,0.829105808128018
10538,1
10539,1
10540,1
10541,1
10542,1
10543,1
10544,1
10545,0.6572075698384541
10546,1
10547,1
10548,0.9388577343437038
10549,1
10550,0.9189546720264419
10551,1
10552,1
10553,1
10554,1
10555,0.685144785414796
10556,0.9220476007416588
10557,1
10558,1
10559,1
10560,0.7839252594740264
10561,1
10562,0.9463972135084852
10563,1
10564,1
10565,1
10566,1
10567,1
10568,1
10569,1
10570,0.8495512933114234
10571,1
10572,0.9306812654626151
10573,0.8795425309514935
10574,1
10575,1
10576,1
10577,1
10578,1
10579,1
10580,1
10581,0.8885340880213068
10582,0.942404762954302
10583,1
10584,0.8668391989583006
10585,1
10586,0.909756443056339
10587,1
10588,1
10589,0.9211955442061416
10590,0.8850260900889968
10591,0.9058172642957724
10592,1
10593,1
10594,1
10595,1
10596,1
10597,1
10598,1
10599,1
10600,1
10601,1
10602,0.9011524508437958
10603,1
10604,1
10605,1
10606,0.9136944189323178
10607,0.924903336613866
10608,0.8446705693682649
10609,1
10610,0.9361466480920756
10611,0.9494331222857347
10612,0.736464692584094
10613,1
10614,1
10615,0.9354515766552046
10616,1
10617,0.86390395088878
10618,0.8857030100405958
10619,1
10620,0.9153236099813388
10621,1
10622,0.7712659084616226
10623,1
10624,0.8926666991500033
10625,1
10626,1
10627,1
10628,1
10629,0.7611742199480948
10630,0.9074239754576967
10631,1
10632,1
10633,1
10634,1
10635,1
10636,0.5611151240811229
10637,1
10638,1
10639,1
10640,1
10641,1
10642,1
10643,1
10644,1
10645,0.9178028137165289
10646,0.8797116093005656
10647,1
10648,1
10649,1
10650,1
10651,0.9278521172109427
10652,1
10653,0.7215913846986802
10654,0.8544468415094897
10655,1
10656,1
10657,1
10658,1
10659,1
10660,0.40348442543165447
10661,1
10662,1
10663,0.8713172024289312
10664,1
10665,1
10666,0.929323165830888
10667,1
10668,1
10669,1
10670,1
10671,1
10672,0.9369971644582867
10673,1
10674,1
10675,0.8402046247381482
10676,1
10677,1
10678,0.941491667897483
10679,1
10680,1
10681,1
10682,1
10683,1
10684,1
10685,1
10686,1
10687,1
10688,0.9348306206984361
10689,0.48438155093345076
10690,0.9080595984860556
10691,0.8771358012021617
10692,1
10693,0.944217743048712
10694,1
10695,1
10696,1
10697,1
10698,1
10699,0.9476010383653098
10700,1
10701,1
10702,1
10703,1
10704,1
10705,0.9089355372529971
10706,1
10707,0.9371743128822562
10708,0.9453048899795486
10709,1
10710,1
10711,0.8213466229243931
10712,1
10713,1
10714,1
10715,1
10716,0.9389456211185218
10717,1
10718,1
10719,1
10720,1
10721,1
10722,0.8549657867101778
10723,1
10724,1
10725,1
10726,1
10727,1
10728,1
10729,1
10730,0.9193671734624345
10731,1
10732,1
10733,1
10734,1
10735,1
10736,0.9474643511504618
10737,1
10738,1
10739,1
10740,1
10741,0.9131418332615335
10742,1
10743,1
10744,1
10745,1
10746,1
10747,1
10748,1
10749,1
10750,1
10751,1
10752,1
10753,1
10754,0.8852008728617872
10755,1
10756,1
10757,1
10758,1
10759,1
10760,0.8738876340502547
10761,1
10762,0.6793050809838689
10763,1
10764,1
10765,1
10766,1
10767,1
10768,1
10769,1
10770,0.8980058415273341
10771,1
10772,1
10773,0.504089490731127
10774,1
10775,0.9456622691148581
10776,1
10777,1
10778,1
10779,0.843948414627444
10780,1
10781,0.9414803402059879
10782,1
10783,1
10784,1
10785,1
10786,0.9404866371377198
10787,1
10788,1
10789,0.5176713932485466
10790,1
10791,1
10792,1
10793,1
10794,1
10795,1
10796,1
10797,1
10798,1
10799,1
10800,1
10801,1
10802,0.9289203884671953
10803,1
10804,1
10805,0.9488594838302383
10806,1
10807,0.46492715523788775
10808,1
10809,1
10810,1
10811,1
10812,1
10813,1
10814,1
10815,0.9198861119651698
10816,1
10817,1
10818,1
10819,1
10820,1
10821,0.853482339770586
10822,0.6530872160542265
10823,0.850749271455558
10824,0.909756443056339
10825,0.9470221774348935
10826,1
10827,1
10828,1
10829,1
10830,1
10831,1
10832,1
10833,1
10834,1
10835,1
10836,0.9419047300400144
10837,1
10838,1
10839,0.8978059263031924
10840,1
10841,1
10842,1
10843,0.8798907413559354
10844,1
10845,1
10846,1
10847,1
10848,1
10849,0.8839770902444289
10850,0.9099401948076351
10851,1
10852,0.8624734535972602
10853,0.9426944059687923
10854,1
10855,0.9268163686282559
10856,1
10857,1
10858,1
10859,1
10860,0.9199216936600857
10861,0.8355619286808613
10862,1
10863,1
10864,1
10865,0.9362727220088655
10866,1
10867,1
10868,0.9345770826501297
10869,0.8907396211891088
10870,1
10871,0.8738876340502547
10872,1
10873,1
10874,1
10875,0.947749784153913
10876,1
10877,1
10878,1
10879,1
10880,1
10881,0.8129929292217558
10882,1
10883,1
10884,1
10885,0.8290068527450524
10886,1
10887,0.9470221774348935
10888,0.8948748242834773
10889,0.9035374275105416
10890,1
10891,1
10892,1
10893,1
10894,1
10895,1
10896,0.9452677581392146
10897,0.43711192388075387
10898,0.9350653343089449
10899,1
10900,0.9484903228251946
10901,1
10902,1
10903,0.8661727210919986
10904,1
10905,0.9493418780884667
10906,0.865869195902012
10907,1
10908,1
10909,1
10910,1
10911,1
10912,1
10913,1
10914,1
10915,1
10916,1
10917,1
10918,1
10919,1
10920,1
10921,1
10922,0.9306932842742516
10923,1
10924,1
10925,1
10926,1
10927,0.9407059476473572
10928,1
10929,0.9461872256651912
10930,0.9258725057540612
10931,1
10932,1
10933,1
10934,1
10935,0.8325397769303132
10936,1
10937,0.8639252359542465
10938,1
10939,1
10940,1
10941,1
10942,1
10943,1
10944,1
10945,1
10946,1
10947,1
10948,0.8754830685701902
10949,1
10950,1
10951,1
10952,1
10953,1
10954,1
10955,1
10956,1
10957,1
10958,0.9252408314735903
10959,1
10960,1
10961,0.7313647031617427
10962,1
10963,0.8900761552852708
10964,1
10965,0.8535191864146341
10966,0.9288582136695239
10967,1
10968,1
10969,1
10970,1
10971,1
10972,1
10973,1
10974,0.9491450646025911
10975,1
10976,1
10977,1
10978,1
10979,0.941488147360847
10980,0.9370975635642508
10981,0.885401482276952
10982,0.7977457617958391
10983,1
10984,1
10985,1
10986,0.8604133949319972
10987,1
10988,0.9456238450616496
10989,1
10990,1
10991,1
10992,1
10993,1
10994,1
10995,1
10996,0.8518924812205375
10997,0.8720137795563766
10998,0.882290309194584
10999,1
11000,1
11001,1
11002,1
11003,0.8709269579234991
11004,0.9239206498132211
11005,1
11006,1
11007,0.92973391241977
11008,1
11009,1
11010,1
11011,1
11012,0.793170659184894
11013,1
11014,1
11015,1
11016,1
11017,0.8495512933114234
11018,0.604418380039291
11019,1
11020,1
11021,0.9005869394471551
11022,1
11023,0.8770626262168352
11024,0.45036936776479775
11025,1
11026,1
11027,1
11028,1
11029,1
11030,1
11031,1
11032,1
11033,1
11034,1
11035,1
11036,0.8471848891565901
11037,1
11038,1
11039,1
11040,1
11041,1
11042,1
11043,1
11044,1
11045,1
11046,1
11047,0.48581060734352743
11048,1
11049,1
11050,1
11051,0.9459716561231809
11052,1
11053,1
11054,0.9114378215067468
11055,1
11056,1
11057,1
11058,1
11059,0.6950959389092973
11060,1
11061,1
11062,0.7678116257333992
11063,1
11064,0.9465131338095212
11065,1
11066,1
11067,1
11068,1
11069,0.596807282642301
11070,0.945176944646637
11071,1
11072,1
11073,0.9422131025132638
11074,1
11075,1
11076,0.8828877267605751
11077,0.9314668121562113
11078,1
11079,0.7189461781030627
11080,1
11081,0.941283515985981
11082,1
11083,0.7855827773119064
11084,1
11085,1
11086,1
11087,0.9306932842742516
11088,1
11089,0.9412671303451119
11090,1
11091,1
11092,1
11093,1
11094,1
11095,0.8622481133311115
11096,1
11097,1
11098,1
11099,1
11100,1
11101,1
11102,1
11103,1
11104,1
11105,0.6235462090956386
11106,1
11107,1
11108,1
11109,0.23052447833849996
11110,0.9186174400412287
11111,1
11112,0.9402110565120758
11113,1
11114,0.7425925335848323
11115,1
11116,0.5585473518833919
11117,1
11118,1
11119,1
11120,0.8253337593430923
11121,1
11122,0.938406815351352
11123,1
11124,0.7514138537219951
11125,1
11126,1
11127,0.8685736925446694
11128,1
11129,0.9124296670281539
11130,0.7879905316441539
11131,1
11132,1
11133,1
11134,1
11135,0.9407059476473572
11136,0.6682571611322374
11137,1
11138,0.9472674040855009
11139,0.5176713932485466
11140,1
11141,1
11142,0.8252486043651566
11143,1
11144,1
11145,0.8788134779137662
11146,1
11147,1
11148,1
11149,1
11150,0.891279265244324
11151,1
11152,0.9032281956419094
11153,1
11154,0.9215323715750302
11155,1
11156,1
11157,0.6375569517568015
11158,1
11159,0.6785125550063295
11160,0.7919283753675666
11161,0.8518026082276411
11162,0.7815775091891796
11163,0.9166323195641121
11164,0.43711192388075387
11165,1
11166,1
11167,1
11168,1
11169,1
11170,1
11171,1
11172,0.9146120016881834
11173,0.9304308589893628
11174,1
11175,1
11176,1
11177,1
11178,0.9475131901425361
11179,1
11180,0.9369488886634224
11181,0.5670463004770423
11182,1
11183,1
11184,1
11185,1
11186,1
11187,0.8710303564240629
11188,1
11189,1
11190,1
11191,0.8877538667677651
11192,1
11193,1
11194,0.8253366106153629
11195,0.8710303564240629
11196,0.8977033030283298
11197,0.9451611771885942
11198,1
11199,1
11200,1
11201,0.7445049210231808
11202,1
11203,1
11204,1
11205,1
11206,1
11207,1
11208,0.9304308589893628
11209,1
11210,0.919668109379325
11211,1
11212,1
11213,1
11214,1
11215,1
11216,1
11217,0.69186827389279415
11218,0.8356735923795537
11219,1
11220,1
11221,1
11222,0.9430616667254518
11223,1
11224,0.9127549352926061
11225,0.9298127064552453
11226,1
11227,1
11228,1
11229,0.9345770826501297
11230,0.9234575938164387
11231,1
11232,1
11233,1
11234,0.8242872139940621
11235,1
11236,1
11237,0.9290141141119975
11238,0.9370888679746411
11239,1
11240,0.9425998848847834
11241,0.8981013343675437
11242,1
11243,0.920192892294457
11244,1
11245,1
11246,1
11247,0.9150295929072018
11248,1
11249,1
11250,1
11251,1
11252,1
11253,0.9230036511986068
11254,1
11255,0.793170659184894
11256,1
11257,0.9292439454916185
11258,0.9334714588352439
11259,0.9267312402364868
11260,1
11261,1
11262,1
11263,1
11264,1
11265,1
11266,1
11267,1
11268,1
11269,1
11270,0.9189187756761807
11271,1
11272,1
11273,1
11274,1
11275,0.6974324479124785
11276,1
11277,1
11278,0.7712917862705471
11279,1
11280,1
11281,0.46400987603078947
11282,1
11283,0.40348442543165447
11284,0.9389136953252123
11285,0.8035359897991466
11286,1
11287,1
11288,0.9079359703257683
11289,1
11290,0.851342367932031
11291,1
11292,0.9128311922027046
11293,1
11294,1
11295,1
11296,1
11297,1
11298,0.7381766466121237
11299,1
11300,0.9427755089424553
11301,1
11302,0.44933706189866945
11303,1
11304,1
11305,0.9139598034696145
11306,1
11307,1
11308,1
11309,1
11310,0.9175154191923457
11311,1
11312,1
11313,1
11314,0.9192307334344368
11315,1
11316,1
11317,1
11318,1
11319,1
11320,0.8798303425174933
11321,0.9109668773062813
11322,0.927528136664215
11323,1
11324,1
11325,0.9257025183512876
11326,1
11327,0.8871257292271026
11328,1
11329,1
11330,0.8982507752495051
11331,1
11332,1
11333,0.9360158603278719
11334,0.8252486043651566
11335,1
11336,1
11337,1
11338,1
11339,1
11340,1
11341,1
11342,1
11343,1
11344,1
11345,1
11346,1
11347,1
11348,1
11349,0.8731836902199852
11350,1
11351,1
11352,1
11353,0.9069462831076351
11354,1
11355,1
11356,1
11357,1
11358,0.9416887926163359
11359,1
11360,1
11361,0.9026103832021228
11362,1
11363,1
11364,1
11365,1
11366,0.8958395486039982
11367,1
11368,1
11369,1
11370,1
11371,1
11372,1
11373,1
11374,1
11375,1
11376,0.8214815055104809
11377,1
11378,1
11379,1
11380,1
11381,0.8895580412348679
11382,1
11383,1
11384,0.5325526476088471
11385,1
11386,0.6402188647993152
11387,0.8899827717286449
11388,0.8023602440535174
11389,1
11390,1
11391,1
11392,0.8660648664949645
11393,1
11394,1
11395,0.935995967855619
11396,0.9427413477275214
11397,1
11398,1
11399,1
11400,1
11401,1
11402,1
11403,1
11404,1
11405,1
11406,1
11407,0.8187637967468744
11408,0.9489861937782401
11409,0.7116640080477467
11410,1
11411,0.9080656357415593
11412,1
11413,1
11414,0.8619267777571056
11415,0.9448196846765773
11416,0.8962534096912014
11417,1
11418,1
11419,0.9306812654626151
11420,0.9331007555325632
11421,1
11422,1
11423,1
11424,1
11425,1
11426,0.926661528432086
11427,0.8298917279474061
11428,1
11429,1
11430,1
11431,0.8292373349550587
11432,0.9138251788671885
11433,1
11434,0.7189461781030627
11435,1
11436,1
11437,1
11438,1
11439,1
11440,1
11441,1
11442,1
11443,1
11444,1
11445,1
11446,0.8615767456252079
11447,1
11448,1
11449,1
11450,1
11451,1
11452,1
11453,0.9405671421749524
11454,1
11455,0.9350440466145278
11456,0.5020329903276758
11457,1
11458,1
11459,1
11460,1
11461,0.9433596126580688
11462,1
11463,1
11464,1
11465,1
11466,0.9455189849330404
11467,0.7366565360454321
11468,1
11469,1
11470,1
11471,0.9325692991981437
11472,0.9420820864777785
11473,1
11474,1
11475,1
11476,1
11477,0.9426776647097369
11478,1
11479,0.9263449013643182
11480,1
11481,1
11482,1
11483,1
11484,1
11485,0.8296923414803017
11486,0.8704695745524595
11487,1
11488,1
11489,1
11490,0.9010188622744825
11491,0.9195265364181026
11492,1
11493,1
11494,1
11495,1
11496,0.909253006707169
11497,1
11498,1
11499,1
11500,0.9454203013977572
11501,0.7816174168814132
11502,0.6299209476625592
11503,0.8950103166553367
11504,1
11505,1
11506,1
11507,0.8974850634800762
11508,1
11509,1
11510,0.8800452448328852
11511,1
11512,1
11513,1
11514,1
11515,1
11516,1
11517,0.9498059474035011
11518,0.7103761156221248
11519,1
11520,0.9200787326171679
11521,1
11522,1
11523,1
11524,1
11525,0.8912995584281876
11526,1
11527,1
11528,1
11529,1
11530,0.8716737326923178
11531,1
11532,1
11533,1
11534,1
11535,1
11536,1
11537,1
11538,1
11539,1
11540,1
11541,1
11542,0.9379403356042109
11543,0.9493446105055373
11544,1
11545,0.9053545018539649
11546,0.8597108548547415
11547,1
11548,0.9361750369684214
11549,1
11550,1
11551,1
11552,1
11553,1
11554,1
11555,1
11556,1
11557,1
11558,0.8547194547890693
11559,1
11560,1
11561,0.8553666350267249
11562,1
11563,1
11564,1
11565,0.9416887926163359
11566,1
11567,1
11568,1
11569,1
11570,1
11571,1
11572,1
11573,1
11574,1
11575,1
11576,1
11577,1
11578,1
11579,0.7490603397334712
11580,1
11581,1
11582,1
11583,1
11584,0.8152460142598674
11585,1
11586,1
11587,0.824453810024281
11588,0.9223893229876675
11589,1
11590,0.9401706175025972
11591,1
11592,1
11593,1
11594,0.9386542800599682
11595,0.9209376882197442
11596,1
11597,1
11598,0.9129640308004239
11599,0.8407051967408672
11600,0.9091776291436446
11601,0.9299051597456025
11602,1
11603,0.9306932842742516
11604,1
11605,1
11606,1
11607,1
11608,1
11609,1
11610,1
11611,1
11612,1
11613,1
11614,1
11615,1
11616,1
11617,0.6854974327480183
11618,1
11619,1
11620,1
11621,1
11622,1
11623,1
11624,1
11625,0.9452863283036699
11626,1
11627,1
11628,1
11629,1
11630,1
11631,0.906486278959488
11632,1
11633,0.8703883205718208
11634,0.9375398285120013
11635,0.9023254668190462
11636,0.588071933795539
11637,1
11638,1
11639,0.8579734137680642
11640,0.5112100145107132
11641,0.9035374275105416
11642,1
11643,1
11644,1
11645,1
11646,1
11647,1
11648,1
11649,1
11650,1
11651,0.853482339770586
11652,1
11653,1
11654,1
11655,1
11656,1
11657,1
11658,1
11659,1
11660,1
11661,0.9081936669269067
11662,1
11663,1
11664,1
11665,1
11666,0.8077894973461764
11667,1
11668,0.9053759674182628
11669,0.7310334174981743
11670,1
11671,1
11672,1
11673,1
11674,0.9111420227016451
11675,0.9215323715750302
11676,1
11677,1
11678,1
11679,0.8697393392474844
11680,0.4658977566009267
11681,1
11682,1
11683,0.9089355372529971
11684,1
11685,0.626948430284074
11686,1
11687,0.7189461781030627
11688,0.9288436759775494
11689,0.915016515370642
11690,0.8770646974053866
11691,1
11692,1
11693,1
11694,1
11695,1
11696,1
11697,0.8581459807506081
11698,1
11699,1
11700,0.8158103091649725
11701,1
11702,1
11703,1
11704,1
11705,1
11706,1
11707,1
11708,1
11709,1
11710,1
11711,1
11712,1
11713,0.815451500635205
11714,0.9346868559073188
11715,1
11716,0.8999063532346268
11717,0.8914062534739564
11718,1
11719,1
11720,1
11721,0.8570329064112016
11722,1
11723,1
11724,1
11725,1
11726,1
11727,0.9164890081838248
11728,1
11729,1
11730,0.6869075222495227
11731,1
11732,1
11733,1
11734,1
11735,0.8841425687190662
11736,0.7195490620202493
11737,0.8973831377331664
11738,0.9461872256651912
11739,1
11740,1
11741,0.8665491482840314
11742,0.9463150145129031
11743,0.8179733831486208
11744,0.9280917069582172
11745,1
11746,1
11747,1
11748,0.9416230155531169
11749,1
11750,0.8859382158067247
11751,0.8102272601634943
11752,0.9270144745231739
11753,1
11754,0.9380182201410142
11755,1
11756,1
11757,0.9424315173061748
11758,1
11759,1
11760,0.9395361937992999
11761,0.9142472155266542
11762,1
11763,1
11764,0.8857856054192885
11765,1
11766,1
11767,0.9362727220088655
11768,0.9198861119651698
11769,0.8653080646464459
11770,1
11771,1
11772,0.6524203763514236
11773,0.835546172031628
11774,1
11775,0.9261979063925491
11776,0.9316411869278172
11777,1
11778,1
11779,1
11780,0.41933871260297145
11781,1
11782,1
11783,1
11784,0.7338884607574164
11785,0.9427755089424553
11786,1
11787,0.8806914937268269
11788,1
11789,1
11790,1
11791,0.8744867907559292
11792,1
11793,1
11794,1
11795,1
11796,1
11797,1
11798,1
11799,1
11800,0.6722533880467594
11801,0.8604440849545397
11802,0.9476047915050818
11803,1
11804,1
11805,0.8828877267605751
11806,1
11807,1
11808,1
11809,1
11810,1
11811,1
11812,0.6563833025265245
11813,1
11814,0.9355777410202721
11815,0.8622481133311115
11816,1
11817,1
11818,1
11819,1
11820,1
11821,0.9350440466145278
11822,1
11823,1
11824,1
11825,1
11826,1
11827,1
11828,1
11829,1
11830,1
11831,1
11832,1
11833,0.9479930181606571
11834,0.9263449013643182
11835,1
11836,1
11837,1
11838,0.8705459093081251
11839,1
11840,1
11841,0.9082401188610316
11842,0.8174780079613403
11843,0.9413821731943081
11844,1
11845,1
11846,1
11847,1
11848,1
11849,1
11850,0.9355361660063067
11851,1
11852,1
11853,1
11854,0.8931839870208806
11855,1
11856,1
11857,0.9089355372529971
11858,1
11859,0.7454166306776159
11860,0.938910433351806
11861,1
11862,1
11863,1
11864,1
11865,1
11866,1
11867,1
11868,1
11869,0.9137649083634358
11870,1
11871,0.8972495942761176
11872,1
11873,1
11874,1
11875,1
11876,1
11877,1
11878,1
11879,1
11880,1
11881,1
11882,1
11883,1
11884,1
11885,1
11886,0.9153236099813388
11887,1
11888,1
11889,1
11890,0.9198971392558395
11891,0.9230170145444427
11892,1
11893,1
11894,1
11895,1
11896,1
11897,1
11898,1
11899,1
11900,1
11901,1
11902,1
11903,0.911933432600174
11904,1
11905,1
11906,1
11907,1
11908,1
11909,1
11910,1
11911,1
11912,1
11913,1
11914,1
11915,1
11916,1
11917,0.7685837718097019
11918,1
11919,1
11920,1
11921,0.9306932842742516
11922,0.6695005923323716
11923,1
11924,1
11925,0.8266618579450853
11926,0.9267280490502023
11927,1
11928,1
11929,0.9328989745712599
11930,0.9435699788983762
11931,0.9259398073950811
11932,1
11933,0.4172022335303556
11934,1
11935,1
11936,0.9362628347476865
11937,1
11938,1
11939,1
11940,1
11941,1
11942,1
11943,1
11944,1
11945,0.9089355372529971
11946,0.9374446351361079
11947,0.944426875969556
11948,0.943240428396355
11949,1
11950,1
11951,1
11952,1
11953,0.8135725123022947
11954,1
11955,1
11956,0.9281609009959447
11957,1
11958,1
11959,1
11960,1
11961,1
11962,1
11963,1
11964,0.6477709139622572
11965,0.9366206786048177
11966,0.6003250618263333
11967,1
11968,1
11969,1
11970,1
11971,1
11972,1
11973,1
11974,1
11975,1
11976,1
11977,1
11978,1
11979,1
11980,1
11981,1
11982,1
11983,0.8950103166553367
11984,1
11985,1
11986,0.8497218726516701
11987,1
11988,0.8906016195722735
11989,1
11990,0.8941208870259765
11991,1
11992,1
11993,0.32669273324763193
11994,1
11995,0.6540136698896878
11996,0.9362628347476865
11997,0.8436071050437666
11998,0.9489830813258119
11999,1
12000,1
12001,1
12002,1
12003,0.9188398349016689
12004,1
12005,1
12006,1
12007,1
12008,1
12009,1
12010,1
12011,1
12012,1
12013,1
12014,0.8002145354142929
12015,1
12016,1
12017,1
12018,1
12019,1
12020,0.9246656258080268
12021,1
12022,1
12023,0.6402188647993152
12024,0.9340099147687055
12025,1
12026,1
12027,1
12028,1
12029,1
12030,1
12031,1
12032,1
12033,1
12034,1
12035,0.6885666997785582
12036,0.9336950557241711
12037,1
12038,1
12039,1
12040,1
12041,0.9172744757527622
12042,0.9308113009462835
12043,1
12044,1
12045,1
12046,1
12047,0.7829350214359172
12048,1
12049,1
12050,1
12051,1
12052,1
12053,1
12054,1
12055,1
12056,1
12057,1
12058,0.9240764606734669
12059,1
12060,1
12061,1
12062,1
12063,1
12064,1
12065,1
12066,1
12067,0.9495791719272868
12068,1
12069,0.9388283542373463
12070,1
12071,1
12072,1
12073,1
12074,1
12075,0.4172022335303556
12076,1
12077,1
12078,1
12079,0.9427413477275214
12080,0.7685837718097019
12081,1
12082,1
12083,1
12084,0.9021723879558949
12085,1
12086,1
12087,1
12088,0.8051665538236631
12089,0.8373901522408833
12090,0.9494331222857347
12091,1
12092,1
12093,0.9037626696751427
12094,0.8105756729989738
12095,1
12096,1
12097,0.8536143513770198
12098,1
12099,1
12100,1
12101,1
12102,1
12103,1
12104,1
12105,1
12106,0.9377288147826115
12107,0.8174153075648208
12108,1
12109,0.9414384187221502
12110,0.9179720798488684
12111,1
12112,0.9491496973249914
12113,1
12114,1
12115,1
12116,1
12117,1
12118,1
12119,0.7920649144750631
12120,1
12121,0.909756443056339
12122,0.8870064004168301
12123,1
12124,0.6993535027687965
12125,1
12126,0.4733592193110967
12127,0.7862494976610149
12128,0.929998092630141
12129,1
12130,1
12131,1
12132,1
12133,1
12134,0.8926933181812932
12135,1
12136,1
12137,1
12138,0.9177049895352056
12139,1
12140,1
12141,0.9461872256651912
12142,1
12143,1
12144,0.8851458638558979
12145,1
12146,1
12147,0.9261439764194966
12148,0.7189461781030627
12149,1
12150,1
12151,1
12152,0.8532069777791736
12153,0.9477680935219899
12154,1
12155,1
12156,1
12157,1
12158,0.865342993871003
12159,1
12160,1
12161,1
12162,1
12163,0.9288048427215077
12164,1
12165,0.8992295179089269
12166,1
12167,1
12168,1
12169,1
12170,0.7963118770672862
12171,1
12172,1
12173,1
12174,1
12175,0.9462151104053776
12176,0.9154830759763407
12177,1
12178,0.9235364331551598
12179,1
12180,1
12181,1
12182,1
12183,1
12184,1
12185,1
12186,1
12187,1
12188,0.7373802394952129
12189,1
12190,1
12191,0.9427141559009847
12192,1
12193,1
12194,0.9423307656263016
12195,0.8583914045579174
12196,0.8611819149124286
12197,1
12198,1
12199,1
12200,1
12201,0.8770573342946906
12202,1
12203,1
12204,0.41145711180240746
12205,1
12206,0.9071620337241881
12207,1
12208,1
12209,1
12210,0.9364857015932061
12211,1
12212,1
12213,1
12214,1
12215,1
12216,1
12217,1
12218,1
12219,1
12220,1
12221,0.9355991499788943
12222,1
12223,1
12224,1
12225,1
12226,0.8888715853279199
12227,1
12228,0.9050788911903671
12229,0.590570667014169
12230,1
12231,1
12232,1
12233,0.7195490620202493
12234,1
12235,1
12236,1
12237,1
12238,1
12239,1
12240,1
12241,1
12242,0.9381117726324996
12243,1
12244,1
12245,0.9349353758970944
12246,1
12247,1
12248,0.9184382076804002
12249,1
12250,0.7820952413760823
12251,1
12252,0.8214815055104809
12253,1
12254,0.9209531186647752
12255,1
12256,1
12257,1
12258,0.8949101369281046
12259,1
12260,0.9420960340136623
12261,0.9420820864777785
12262,0.9212635347014864
12263,0.8210247620187325
12264,1
12265,0.9270266000533726
12266,0.8564548874221499
12267,1
12268,0.9122485149796753
12269,0.889721476659307
12270,0.9387522115944343
12271,1
12272,1
12273,1
12274,0.9070190626285641
12275,1
12276,1
12277,0.93399239314719
12278,1
12279,1
12280,1
12281,1
12282,1
12283,1
12284,1
12285,0.8653922208145903
12286,1
12287,1
12288,1
12289,1
12290,1
12291,0.9345770826501297
12292,1
12293,1
12294,1
12295,0.7994901219248626
12296,1
12297,1
12298,1
12299,1
12300,1
12301,0.9199158818358767
12302,1
12303,1
12304,1
12305,1
12306,1
12307,1
12308,1
12309,1
12310,0.8506659320971685
12311,1
12312,1
12313,1
12314,0.7230194623370434
12315,0.6311491214075992
12316,1
12317,1
12318,1
12319,0.7344249320010077
12320,1
12321,1
12322,0.898922955543155
12323,1
12324,1
12325,1
12326,0.8174780079613403
12327,0.9427522819953909
12328,0.9316473846912322
12329,1
12330,1
12331,0.9484805606109609
12332,1
12333,0.9204929576261481
12334,0.8550874722856302
12335,1
12336,0.8736619035875932
12337,1
12338,1
12339,1
12340,1
12341,0.9077774757695657
12342,1
12343,0.9296183445530566
12344,1
12345,1
12346,1
12347,1
12348,1
12349,1
12350,1
12351,1
12352,1
12353,0.8074854470552988
12354,1
12355,1
12356,0.8515258488642691
12357,1
12358,0.782321092249367
12359,0.7855827773119064
12360,1
12361,1
12362,1
12363,1
12364,1
12365,1
12366,1
12367,0.9023153419749532
12368,1
12369,1
12370,1
12371,1
12372,1
12373,1
12374,0.6402188647993152
12375,1
12376,1
12377,1
12378,1
12379,1
12380,1
12381,1
12382,1
12383,1
12384,1
12385,1
12386,1
12387,1
12388,1
12389,1
12390,1
12391,1
12392,1
12393,1
12394,0.8949101369281046
12395,1
12396,1
12397,0.8815162323610493
12398,0.9233000065631018
12399,1
12400,0.9363990984499484
12401,1
12402,0.9175154191923457
12403,1
12404,1
12405,1
12406,1
12407,1
12408,0.8783747201233458
12409,1
12410,1
12411,1
12412,0.930920354027114
12413,1
12414,1
12415,0.9369900156770595
12416,1
12417,1
12418,1
12419,0.9199216936600857
12420,0.7438692553211882
12421,0.8845078055219149
12422,1
12423,0.947102349355137
12424,1
12425,0.8921204699964731
12426,0.8097543111891904
12427,1
12428,0.8383455330296465
12429,1
12430,0.9233846587727195
12431,1
12432,1
12433,1
12434,1
12435,0.7799385184889658
12436,0.48581060734352743
12437,1
12438,1
12439,1
12440,0.8735427362778105
12441,1
12442,1
12443,1
12444,0.8908833340579926
12445,1
12446,1
12447,0.793170659184894
12448,1
12449,0.8121645964320291
12450,0.9157496379138923
12451,1
12452,1
12453,1
12454,1
12455,1
12456,1
12457,1
12458,1
12459,1
12460,0.9294724188208763
12461,0.8119713787395205
12462,1
12463,0.8994398001863231
12464,1
12465,1
12466,0.9398732409913615
12467,1
12468,1
12469,0.9196849050088718
12470,1
12471,0.9186174400412287
12472,1
12473,1
12474,1
12475,1
12476,1
12477,0.9432708071042665
12478,1
12479,1
12480,0.6506307309286833
12481,1
12482,1
12483,1
12484,1
12485,0.8277107042237845
12486,0.8297450195207756
12487,1
12488,1
12489,1
12490,0.8949101369281046
12491,0.9200787326171679
12492,0.8434954084888248
12493,1
12494,1
12495,1
12496,1
12497,1
12498,1
12499,1
12500,1
12501,1
12502,1
12503,1
12504,0.9454316143261491
12505,1
12506,0.882126002058185
12507,0.8906855739095315
12508,0.9342364570765402
12509,0.9405908382087358
12510,1
12511,1
12512,0.9111780545188706
12513,1
12514,0.9331488314261505
12515,1
12516,1
12517,1
12518,1
12519,1
12520,1
12521,1
12522,1
12523,1
12524,0.9056769130278174
12525,1
12526,1
12527,1
12528,1
12529,1
12530,1
12531,0.945946033692074
12532,1
12533,1
12534,1
12535,1
12536,0.8443710592776916
12537,0.8806271072612225
12538,1
12539,1
12540,1
12541,1
12542,1
12543,1
12544,1
12545,1
12546,1
12547,1
12548,1
12549,0.9497280765379644
12550,1
12551,1
12552,1
12553,1
12554,1
12555,1
12556,0.9207341493898218
12557,1
12558,1
12559,1
12560,1
12561,1
12562,1
12563,1
12564,1
12565,1
12566,1
12567,0.9413239874242134
12568,1
12569,1
12570,1
12571,1
12572,1
12573,1
12574,1
12575,1
12576,0.9082415557146503
12577,0.43715855216646254
12578,1
12579,1
12580,1
12581,1
12582,1
12583,1
12584,1
12585,1
12586,1
12587,1
12588,1
12589,0.9270144745231739
12590,1
12591,1
12592,1
12593,1
12594,1
12595,1
12596,0.7980852340308832
12597,1
12598,1
12599,0.5308244091984848
12600,1
12601,1
12602,0.7815775091891796
12603,1
12604,0.9016185685159321
12605,1
12606,1
12607,0.9047936569550391
12608,0.6793050809838689
12609,0.8797215387662479
12610,1
12611,1
12612,1
12613,1
12614,1
12615,0.9459773153976968
12616,1
12617,1
12618,1
12619,1
12620,1
12621,1
12622,1
12623,1
12624,1
12625,1
12626,1
12627,1
12628,1
12629,0.8182617309205898
12630,0.9162297956600731
12631,1
12632,1
12633,1
12634,0.9267917824808785
12635,0.9215323715750302
12636,0.8493178687144516
12637,0.8645997285153572
12638,1
12639,0.9420960340136623
12640,1
12641,1
12642,1
12643,0.9356732731384946
12644,1
12645,1
12646,1
12647,0.9462151104053776
12648,1
12649,1
12650,1
12651,1
12652,0.6775501804118899
12653,1
12654,1
12655,1
12656,1
12657,1
12658,1
12659,1
12660,1
12661,0.9446175592360166
12662,0.8783251788728113
12663,1
12664,1
12665,1
12666,0.6938383991628851
12667,1
12668,1
12669,1
12670,0.9328392660679358
12671,0.9468858876382377
12672,1
12673,1
12674,0.9467050485570191
12675,0.7794087412028938
12676,1
12677,1
12678,0.6290489498918338
12679,1
12680,1
12681,1
12682,1
12683,1
12684,0.9412942101042259
12685,1
12686,1
12687,1
12688,1
12689,1
12690,1
12691,1
12692,1
12693,0.9270661661686402
12694,0.8704695745524595
12695,1
12696,1
12697,1
12698,1
12699,1
12700,1
12701,1
12702,1
12703,0.940965985715778
12704,0.9320292441067376
12705,0.8341286974704595
12706,0.6758413648729557
12707,1
12708,0.9175154191923457
12709,1
12710,1
12711,1
12712,1
12713,1
12714,1
12715,1
12716,1
12717,1
12718,1
12719,1
12720,1
12721,1
12722,1
12723,1
12724,1
12725,1
12726,1
12727,1
12728,1
12729,1
12730,0.793170659184894
12731,0.901970428461503
12732,0.940853494586447
12733,1
12734,0.4747922060527482
12735,0.906001014763809
12736,1
12737,1
12738,1
12739,0.5308244091984848
12740,1
12741,0.6402188647993152
12742,1
12743,1
12744,1
12745,1
12746,0.947102349355137
12747,1
12748,1
12749,1
12750,0.7556014561232466
12751,1
12752,1
12753,0.8981920189983222
12754,1
12755,1
12756,1
12757,1
12758,0.9071189193424817
12759,0.8252486043651566
12760,0.9432708071042665
12761,0.9280534504199632
12762,1
12763,0.7944965091849815
12764,0.9085654526535905
12765,1
12766,1
12767,1
12768,1
12769,0.9192846859088327
12770,1
12771,0.8961690922499589
12772,1
12773,0.9391792425965498
12774,1
12775,1
12776,1
12777,0.9030162296435195
12778,1
12779,1
12780,1
12781,0.8801108019165256
12782,1
12783,1
12784,1
12785,1
12786,1
12787,1
12788,0.7671811967248651
12789,1
12790,1
12791,1
12792,1
12793,1
12794,1
12795,1
12796,1
12797,1
12798,1
12799,0.8959473114151041
12800,1
12801,1
12802,1
12803,1
12804,1
12805,0.9258725057540612
12806,1
12807,1
12808,1
12809,1
12810,0.9251519777822291
12811,0.835041775600229
12812,1
12813,1
12814,1
12815,0.8957354498419916
12816,1
12817,1
12818,0.8613144862683363
12819,0.9239206498132211
12820,1
12821,1
12822,1
12823,1
12824,1
12825,1
12826,1
12827,1
12828,1
12829,0.9157294511306018
12830,1
12831,1
12832,1
12833,1
12834,0.8659499157561663
12835,0.8819427623509922
12836,0.8857802591085913
12837,1
12838,1
12839,1
12840,1
12841,1
12842,1
12843,1
12844,0.9389684525974025
12845,1
12846,1
12847,1
12848,1
12849,1
12850,0.9102022780023383
12851,0.9079297769775232
12852,1
12853,1
12854,0.9491779164227461
12855,0.8941208870259765
12856,1
12857,1
12858,0.8487973568673565
12859,1
12860,0.943618660418684
12861,0.8307026415409667
12862,0.9202966171677182
12863,1
12864,0.7212950399820459
12865,1
12866,1
12867,1
12868,1
12869,1
12870,0.9362727220088655
12871,1
12872,0.8813274598453643
12873,1
12874,1
12875,1
12876,0.7667863470920072
12877,1
12878,1
12879,0.604418380039291
12880,1
12881,0.9295985307626584
12882,0.8964892712748478
12883,1
12884,1
12885,1
12886,1
12887,1
12888,0.93591793373611
12889,1
12890,1
12891,1
12892,1
12893,1
12894,1
12895,0.9465131338095212
12896,0.9478973182389064
12897,1
12898,1
12899,1
12900,1
12901,1
12902,1
12903,1
12904,1
12905,1
12906,1
12907,1
12908,0.8454850063754342
12909,1
12910,0.6402188647993152
12911,0.8954600707363695
12912,0.9035374275105416
12913,1
12914,0.9094771904896262
12915,1
12916,1
12917,0.5566427176043954
12918,1
12919,1
12920,0.9129937919966078
12921,1
12922,0.9257184664123749
12923,1
12924,0.6147683008836283
12925,1
12926,0.9278260912107181
12927,1
12928,1
12929,1
12930,1
12931,1
12932,1
12933,1
12934,1
12935,1
12936,1
12937,1
12938,0.8885190364777871
12939,0.6513609656977166
12940,1
12941,1
12942,1
12943,1
12944,1
12945,1
12946,0.934717381151516
12947,0.8022409878592172
12948,1
12949,1
12950,0.8277378029584362
12951,0.856931192806265
12952,1
12953,0.9138251788671885
12954,1
12955,1
12956,1
12957,1
12958,0.9258725057540612
12959,1
12960,1
12961,1
12962,1
12963,0.8798032068118603
12964,1
12965,1
12966,1
12967,0.8800571554398013
12968,1
12969,1
12970,0.7255805092973977
12971,1
12972,0.891898684167502
12973,1
12974,1
12975,1
12976,1
12977,0.8980682284642537
12978,1
12979,1
12980,1
12981,1
12982,1
12983,1
12984,1
12985,1
12986,0.945324729585518
12987,1
12988,1
12989,1
12990,1
12991,1
12992,1
12993,1
12994,0.8177831797223205
12995,1
12996,1
12997,0.7423671913804096
12998,1
12999,1
13000,1
13001,1
13002,1
13003,1
13004,1
13005,1
13006,0.828014870544009
13007,0.6621895804926166
13008,1
13009,0.9352940969254306
13010,1
13011,0.9263449013643182
13012,1
13013,1
13014,1
13015,0.9399551109187451
13016,1
13017,1
13018,1
13019,1
13020,0.8176059515889543
13021,0.9175154191923457
13022,1
13023,1
13024,1
13025,0.925462914418337
13026,0.9463737446626694
13027,1
13028,1
13029,0.8119713787395205
13030,0.9035374275105416
13031,1
13032,1
13033,1
13034,1
13035,0.8131223778866227
13036,1
13037,1
13038,1
13039,0.8850260900889968
13040,1
13041,1
13042,1
13043,1
13044,1
13045,0.7366565360454321
13046,1
13047,1
13048,0.9375398285120013
13049,0.8594386210388116
13050,1
13051,1
13052,0.9451611771885942
13053,0.9443732780881401
13054,1
13055,0.9421541117751779
13056,1
13057,0.8749457283434848
13058,1
13059,1
13060,1
13061,1
13062,0.9462410898102723
13063,1
13064,1
13065,0.9037418124721368
13066,0.93500744443162
13067,0.9089031683121378
13068,1
13069,1
13070,1
13071,0.8459471650423244
13072,1
13073,0.938297373468542
13074,1
13075,1
13076,0.9498999825490164
13077,0.8643753185393649
13078,0.8912009710291757
13079,0.9439570283152362
13080,0.8302037260607364
13081,0.7704754609641021
13082,1
13083,1
13084,0.7287634238421427
13085,0.8981013343675437
13086,0.8539617330934094
13087,0.9489116590655888
13088,1
13089,0.8771358012021617
13090,0.8935959158979467
13091,1
13092,1
13093,0.36618855176299875
13094,1
13095,0.8850260900889968
13096,0.6360620105238265
13097,0.942080207301698
13098,0.8316210395527893
13099,1
13100,0.8087068810643574
13101,1
13102,1
13103,0.937478938028711
13104,1
13105,1
13106,1
13107,1
13108,1
13109,1
13110,1
13111,1
13112,1
13113,1
13114,1
13115,1
13116,1
13117,1
13118,0.8252486043651566
13119,0.9408487341390286
13120,1
13121,1
13122,0.9388224257740063
13123,1
13124,1
13125,1
13126,0.32669273324763193
13127,1
13128,1
13129,1
13130,1
13131,1
13132,1
13133,1
13134,1
13135,1
13136,1
13137,0.888280788326185
13138,1
13139,0.48581060734352743
13140,1
13141,0.9420141659268605
13142,1
13143,1
13144,1
13145,1
13146,0.9394605644668437
13147,1
13148,1
13149,1
13150,0.9407740615233121
13151,1
13152,1
13153,1
13154,1
13155,1
13156,0.9111895915325099
13157,1
13158,0.9381619924553526
13159,1
13160,0.8971069026493992
13161,1
13162,1
13163,1
13164,0.8621484933891321
13165,1
13166,0.7344249320010077
13167,0.6713283337941407
13168,1
13169,1
13170,0.8507821466843283
13171,1
13172,0.6887121014669942
13173,1
13174,1
13175,0.701126668406488
13176,0.9370923840880984
13177,1
13178,1
13179,0.9081823129166974
13180,0.9304308589893628
13181,1
13182,1
13183,1
13184,1
13185,1
13186,1
13187,0.9281927802306117
13188,1
13189,1
13190,0.7678748638216054
13191,1
13192,0.8861530601796678
13193,1
13194,1
13195,0.7787912402931024
13196,1
13197,1
13198,0.8921286259314927
13199,1
13200,0.8953244525350268
13201,1
13202,1
13203,1
13204,1
13205,1
13206,1
13207,1
13208,1
13209,1
13210,1
13211,1
13212,1
13213,1
13214,0.7377272508519396
13215,1
13216,1
13217,0.9126624871207537
13218,0.9024511728351148
13219,0.9491642355591824
13220,1
13221,1
13222,1
13223,1
13224,1
13225,1
13226,1
13227,0.844351710983666
13228,0.8244923038765799
13229,1
13230,1
13231,1
13232,1
13233,0.904160063231318
13234,0.9469537123014117
13235,1
13236,1
13237,1
13238,1
13239,1
13240,0.9446362400785946
13241,1
13242,1
13243,1
13244,1
13245,0.9059265395466795
13246,1
13247,0.8468621496493656
13248,1
13249,1
13250,0.39909960116807464
13251,1
13252,1
13253,1
13254,1
13255,1
13256,1
13257,0.9105972035899803
13258,0.8827218458995243
13259,1
13260,1
13261,0.8241804948918748
13262,1
13263,1
13264,1
13265,0.8317467431924805
13266,1
13267,0.9214727373091264
13268,0.8252486043651566
13269,0.9497260074068813
13270,1
13271,1
13272,0.941787055950576
13273,1
13274,1
13275,1
13276,0.9196849050088718
13277,1
13278,1
13279,0.8454850063754342
13280,1
13281,1
13282,1
13283,1
13284,0.6499040955679668
13285,0.9317182599869607
13286,1
13287,1
13288,1
13289,1
13290,1
13291,1
13292,0.6387968823866748
13293,1
13294,1
13295,1
13296,1
13297,0.7844732156484396
13298,1
13299,1
13300,0.7034497308641311
13301,1
13302,1
13303,0.9000087940382507
13304,1
13305,0.9345604107564565
13306,1
13307,0.8948991706193731
13308,0.8770646974053866
13309,0.9306932842742516
13310,0.9420820864777785
13311,0.7189461781030627
13312,0.940661022080919
13313,1
13314,1
13315,1
13316,0.8252486043651566
13317,1
13318,1
13319,1
13320,1
13321,1
13322,1
13323,1
13324,1
13325,0.9415336373552513
13326,0.9332230905501825
13327,0.8252778725668429
13328,0.9458808236997936
13329,1
13330,1
13331,1
13332,1
13333,1
13334,1
13335,0.9473057121068361
13336,1
13337,0.844590056313491
13338,1
13339,0.9140152012372107
13340,1
13341,0.8178464725591074
13342,1
13343,0.9395473427885391
13344,1
13345,1
13346,1
13347,1
13348,1
13349,1
13350,1
13351,0.7951739878542881
13352,1
13353,1
13354,0.8710303564240629
13355,1
13356,0.7884486153522974
13357,1
13358,1
13359,0.881439366792027
13360,1
13361,1
13362,1
13363,1
13364,1
13365,1
13366,0.712382306406019
13367,1
13368,1
13369,0.938910433351806
13370,1
13371,0.9420820864777785
13372,1
13373,0.9079359703257683
13374,1
13375,0.9342121702188171
13376,0.5329660658297437
13377,1
13378,1
13379,1
13380,1
13381,1
13382,0.9014843520398299
13383,1
13384,1
13385,1
13386,1
13387,0.920343913776366
13388,1
13389,0.9257063312872021
13390,0.8897511767353365
13391,0.8805777640625735
13392,0.9375882197472135
13393,1
13394,1
13395,1
13396,1
13397,0.787855649301079
13398,1
13399,1
13400,1
13401,0.8939219444653241
13402,0.9427413477275214
13403,0.9133133005592553
13404,0.7137293524739522
13405,1
13406,1
13407,1
13408,1
13409,1
13410,1
13411,1
13412,1
13413,1
13414,1
13415,1
13416,0.9154046886183851
13417,1
13418,0.9329344527179542
13419,1
13420,1
13421,0.8774621853358817
13422,1
13423,0.9457446376639361
13424,0.9015033061961067
13425,1
13426,1
13427,0.848714011073753
13428,1
13429,1
13430,1
13431,1
13432,1
13433,0.8653922208145903
13434,1
13435,1
13436,0.9000087940382507
13437,1
13438,1
13439,1
13440,1
13441,0.9185873532887621
13442,1
13443,1
13444,0.9357538308658065
13445,0.947670361190149
13446,1
13447,0.9147784738814033
13448,1
13449,0.91016423794236
13450,1
13451,0.8195015915807439
13452,1
13453,1
13454,1
13455,1
13456,1
13457,0.9295985307626584
13458,0.8624734535972602
13459,1
13460,0.9196488238760383
13461,0.9461827461642972
13462,0.9486165647659477
13463,0.9287441227318056
13464,1
13465,1
13466,1
13467,0.9283571727537552
13468,1
13469,1
13470,0.7325163049508585
13471,1
13472,1
13473,1
13474,1
13475,1
13476,1
13477,1
13478,1
13479,0.8266646310905738
13480,1
13481,1
13482,1
13483,1
13484,0.8655093333860717
13485,0.5261605249737522
13486,1
13487,1
13488,1
13489,1
13490,1
13491,0.8472520771726301
13492,0.8564816059236036
13493,1
13494,0.9186634609769903
13495,1
13496,1
13497,1
13498,1
13499,1
13500,1
13501,1
13502,1
13503,1
13504,1
13505,1
13506,1
13507,1
13508,0.763921634516392
13509,0.7456548297949616
13510,1
13511,1
13512,1
13513,1
13514,1
13515,1
13516,1
13517,1
13518,1
13519,1
13520,1
13521,0.9352346883506606
13522,0.9476047915050818
13523,1
13524,1
13525,0.9393323627915242
13526,1
13527,0.7110202932677308
13528,1
13529,1
13530,1
13531,0.6461185322501561
13532,1
13533,1
13534,1
13535,1
13536,1
13537,1
13538,1
13539,1
13540,1
13541,1
13542,0.8526405725080426
13543,1
13544,0.9076410902121651
13545,1
13546,1
13547,0.9092854154998246
13548,1
13549,0.8176059515889543
13550,0.9170176413471876
13551,1
13552,1
13553,1
13554,1
13555,0.8668391989583006
13556,1
13557,0.9094496036286189
13558,1
13559,1
13560,1
13561,0.8311218021159871
13562,1
13563,1
13564,1
13565,0.8099258239365732
13566,1
13567,1
13568,1
13569,0.4917372277768227
13570,1
13571,1
13572,1
13573,1
13574,1
13575,1
13576,1
13577,1
13578,0.6788786805611575
13579,0.8564548874221499
13580,0.40348442543165447
13581,1
13582,1
13583,1
13584,1
13585,0.8253496066094596
13586,0.9249660734978367
13587,1
13588,1
13589,0.7415756436478007
13590,1
13591,0.926796844537773
13592,1
13593,1
13594,1
13595,0.8341936474459313
13596,0.9489195544037287
13597,0.8396571391777409
13598,1
13599,1
13600,1
13601,1
13602,0.9295985307626584
13603,0.8629185672930378
13604,1
13605,1
13606,1
13607,1
13608,1
13609,0.937782952132007
13610,1
13611,1
13612,1
13613,1
13614,1
13615,0.9494331222857347
13616,1
13617,0.9369003144853478
13618,0.9296257721650556
13619,0.9294010320552948
13620,1
13621,1
13622,1
13623,1
13624,1
13625,1
13626,1
13627,1
13628,1
13629,1
13630,0.8908488042685541
13631,1
13632,0.9442685921314865
13633,1
13634,1
13635,1
13636,0.912350472783734
13637,1
13638,1
13639,1
13640,1
13641,1
13642,1
13643,1
13644,1
13645,1
13646,1
13647,1
13648,0.8905052938352901
13649,1
13650,1
13651,1
13652,1
13653,1
13654,1
13655,1
13656,1
13657,0.5176713932485466
13658,1
13659,1
13660,1
13661,0.8032574447600547
13662,1
13663,0.739861762150983
13664,1
13665,1
13666,0.6819018058382977
13667,0.9168862341464094
13668,0.9353577718231915
13669,0.8495512933114234
13670,1
13671,0.8624734535972602
13672,0.9325536685680528
13673,0.763921634516392
13674,1
13675,1
13676,1
13677,0.9427540963519289
13678,1
13679,0.9074279212274443
13680,0.7595763404615704
13681,1
13682,0.9446362400785946
13683,1
13684,0.8792368572025105
13685,1
13686,1
13687,1
13688,1
13689,1
13690,1
13691,0.9383478516316919
13692,0.8486784331069329
13693,1
13694,1
13695,0.920372842855891
13696,0.8790535484029849
13697,0.9489195544037287
13698,1
13699,1
13700,1
13701,0.7298366224946445
13702,0.8977818223756795
13703,0.6402188647993152
13704,1
13705,1
13706,1
13707,0.8962534096912014
13708,1
13709,1
13710,1
13711,1
13712,0.8998856052181132
13713,1
13714,0.8995417929567562
13715,1
13716,1
13717,1
13718,1
13719,0.9252408314735903
13720,0.9474797695675664
13721,0.6209215777160144
13722,1
13723,0.9410756355486789
13724,0.6974101324162137
13725,1
13726,1
13727,0.891898684167502
13728,0.8982507752495051
13729,1
13730,1
13731,0.8036443979632395
13732,1
13733,1
13734,1
13735,1
13736,0.9427540963519289
13737,1
13738,0.7836463946070096
13739,1
13740,0.8957590212476055
13741,1
13742,1
13743,1
13744,1
13745,1
13746,1
13747,1
13748,1
13749,0.9413821731943081
13750,1
13751,1
13752,0.9184721440072384
13753,1
13754,0.7802844672995399
13755,1
13756,0.787329688675555
13757,0.803620756712062
13758,1
13759,1
13760,0.8613525272868764
13761,0.9439447970436299
13762,1
13763,0.9321209260723063
13764,1
13765,1
13766,0.9107007607939306
13767,1
13768,1
13769,1
13770,0.7907485082174758
13771,1
13772,1
13773,0.9444010675301371
13774,1
13775,0.9399922247408788
13776,1
13777,1
13778,1
13779,0.9007486315989446
13780,1
13781,0.815451500635205
13782,1
13783,0.7881444983862737
13784,0.556580528024074
13785,1
13786,1
13787,1
13788,0.9103230929808931
13789,1
13790,1
13791,0.883858530376105
13792,1
13793,1
13794,1
13795,0.739861762150983
13796,1
13797,0.8534105818198551
13798,1
13799,1
13800,0.906047855488915
13801,1
13802,1
13803,1
13804,1
13805,1
13806,1
13807,0.9177389142219837
13808,1
13809,0.4172022335303556
13810,1
13811,0.8192577868274539
13812,0.6889686713936819
13813,1
13814,1
13815,0.9089355372529971
13816,1
13817,1
13818,1
13819,1
13820,0.9108785704546153
13821,1
13822,0.9047119132136896
13823,1
13824,0.9138251788671885
13825,1
13826,1
13827,1
13828,0.9280534504199632
13829,1
13830,1
13831,1
13832,1
13833,1
13834,1
13835,1
13836,1
13837,1
13838,1
13839,1
13840,1
13841,1
13842,1
13843,1
13844,0.8552220415836986
13845,1
13846,1
13847,1
13848,1
13849,0.6402188647993152
13850,1
13851,1
13852,0.7800488119878686
13853,1
13854,0.9476365172520376
13855,0.9361442208573418
13856,0.9467226531760274
13857,1
13858,1
13859,1
13860,0.9050291977529933
13861,0.9262385335223298
13862,1
13863,1
13864,1
13865,0.9133133005592553
13866,1
13867,1
13868,1
13869,1
13870,1
13871,1
13872,0.926796844537773
13873,1
13874,0.9173717978289907
13875,1
13876,0.7344249320010077
13877,1
13878,1
13879,1
13880,0.9408487341390286
13881,1
13882,1
13883,1
13884,1
13885,0.8406700438376994
13886,0.8828877267605751
13887,1
13888,1
13889,1
13890,1
13891,1
13892,1
13893,0.9446596836493764
13894,1
13895,1
13896,1
13897,1
13898,1
13899,1
13900,1
13901,0.8968248906621554
13902,1
13903,0.7712917862705471
13904,1
13905,1
13906,1
13907,1
13908,1
13909,0.9454619411998316
13910,0.6477709139622572
13911,1
13912,1
13913,1
13914,0.913384838446057
13915,1
13916,1
13917,1
13918,1
13919,1
13920,0.924715836488525
13921,0.9359589680499679
13922,1
13923,1
13924,0.604418380039291
13925,1
13926,0.8897524347239743
13927,1
13928,1
13929,1
13930,1
13931,1
13932,1
13933,0.9394312264406032
13934,1
13935,1
13936,0.8978059263031924
13937,1
13938,1
13939,0.9092854154998246
13940,1
13941,1
13942,1
13943,1
13944,1
13945,0.8034443291368214
13946,1
13947,1
13948,1
13949,1
13950,0.8857856054192885
13951,1
13952,1
13953,1
13954,1
13955,1
13956,1
13957,0.8397562580128144
13958,1
13959,0.9328989745712599
13960,1
13961,1
13962,0.9175154191923457
13963,1
13964,1
13965,1
13966,1
13967,1
13968,1
13969,1
13970,1
13971,0.9280534504199632
13972,1
13973,1
13974,0.9166323195641121
13975,1
13976,0.6563833025265245
13977,1
13978,0.9152607699786381
13979,0.8668528950802583
13980,1
13981,1
13982,1
13983,1
13984,1
13985,0.76894563285133
13986,1
13987,0.942910939224885
13988,1
13989,1
13990,1
13991,1
13992,1
13993,0.8764912445854484
13994,1
13995,0.8624179455645541
13996,1
13997,0.8089022161006845
13998,1
13999,0.8277107042237845
14000,1
14001,1
14002,1
14003,1
14004,1
14005,1
14006,0.9314813644790081
14007,0.9366571597438681
14008,1
14009,1
14010,1
14011,1
14012,1
14013,1
14014,0.7571281072496331
14015,0.8444811120688535
14016,1
14017,1
14018,1
14019,1
14020,1
14021,1
14022,1
14023,0.8536679329575327
14024,0.7857659191908902
14025,0.8964100307901154
14026,0.9388910397500334
14027,1
14028,1
14029,1
14030,0.9223979382407904
14031,1
14032,1
14033,1
14034,1
14035,1
14036,0.9359589680499679
14037,1
14038,1
14039,1
14040,0.8982972906335343
14041,0.7508270629883212
14042,1
14043,1
14044,1
14045,0.8427837909018436
14046,1
14047,0.8155310388762644
14048,1
14049,1
14050,0.8640557869106517
14051,1
14052,1
14053,0.8379505728669683
14054,1
14055,1
14056,1
14057,1
14058,0.8336848463913432
14059,0.8317286926289804
14060,0.9415901641103567
14061,0.9329344527179542
14062,1
14063,1
14064,1
14065,1
14066,1
14067,0.8797258721808513
14068,1
14069,1
14070,0.32669273324763193
14071,1
14072,1
14073,0.9497095290968539
14074,0.872441415055923
14075,0.7366565360454321
14076,1
14077,0.8439002124509091
14078,0.9036495966796854
14079,1
14080,1
14081,1
14082,1
14083,1
14084,1
14085,1
14086,1
14087,1
14088,1
14089,1
14090,1
14091,0.9376587052489839
14092,1
14093,1
14094,1
14095,0.8585097645089615
14096,0.4340547346040971
14097,1
14098,0.8784843787091268
14099,1
14100,1
14101,1
14102,0.32669273324763193
14103,1
14104,1
14105,1
14106,0.9180328322308556
14107,0.8585798289825551
14108,1
14109,1
14110,1
14111,1
14112,1
14113,1
14114,0.6682571611322374
14115,1
14116,0.928431335912552
14117,1
14118,1
14119,1
14120,1
14121,1
14122,1
14123,1
14124,1
14125,1
14126,1
14127,0.9300935315448464
14128,1
14129,1
14130,0.8315717128921899
14131,1
14132,0.6075763964115368
14133,1
14134,1
14135,0.945946033692074
14136,0.6105479273449718
14137,1
14138,1
14139,1
14140,0.8889585564060551
14141,1
14142,1
14143,1
14144,1
14145,0.600797327984531
14146,1
14147,1
14148,0.8744867907559292
14149,0.8948507416305281
14150,1
14151,0.9306812654626151
14152,0.9363275081803951
14153,0.9116465364163353
14154,1
14155,0.6530872160542265
14156,1
14157,0.8940892350771207
14158,0.8862233149907205
14159,1
14160,1
14161,1
14162,0.9123909994270049
14163,1
14164,1
14165,1
14166,0.8709246833801864
14167,1
14168,1
14169,1
14170,0.8710303564240629
14171,0.9263449013643182
14172,0.9052629425360162
14173,1
14174,1
14175,0.8812164605597486
14176,0.9477680935219899
14177,1
14178,1
14179,1
14180,1
14181,0.9250402302356074
14182,1
14183,0.932717472631725
14184,1
14185,1
14186,0.865342993871003
14187,1
14188,1
14189,0.8879821344997256
14190,0.7103761156221248
14191,1
14192,0.5876925643607007
14193,0.8790442580000706
14194,1
14195,1
14196,0.9074752602496069
14197,1
14198,0.8317467431924805
14199,0.9396908651384765
14200,1
14201,1
14202,0.9069148188827277
14203,0.8545072137645059
14204,1
14205,1
14206,0.8997493675149364
14207,0.9389515138931884
14208,1
14209,1
14210,0.9385240091236959
14211,1
14212,1
14213,1
14214,0.8908779374301493
14215,1
14216,1
14217,0.9117181156245144
14218,1
14219,1
14220,0.9263446764039064
14221,1
14222,0.9280534504199632
14223,1
14224,1
14225,1
14226,1
14227,0.8313650957021157
14228,0.8844873627737915
14229,1
14230,0.9098530489903688
14231,1
14232,1
14233,0.9419047300400144
14234,0.931080239378987
14235,1
14236,1
14237,1
14238,1
14239,1
14240,0.8277107042237845
14241,1
14242,1
14243,0.4826726377448582
14244,0.8711264544980938
14245,0.9283869813022714
14246,0.5253181271767782
14247,1
14248,1
14249,1
14250,1
14251,0.9184164083384829
14252,1
14253,0.9081796927753677
14254,0.88179482769901
14255,1
14256,1
14257,1
14258,1
14259,1
14260,0.9139598034696145
14261,1
14262,0.6960723510002437
14263,1
14264,0.8623910514961534
14265,1
14266,0.9435789758388196
14267,1
14268,1
14269,1
14270,1
14271,0.9035374275105416
14272,1
14273,1
14274,1
14275,1
14276,1
14277,1
14278,0.9021723879558949
14279,1
14280,1
14281,1
14282,0.8465953858265173
14283,1
14284,1
14285,0.7911640670694585
14286,1
14287,1
14288,1
14289,1
14290,1
14291,1
14292,1
14293,0.7441104440207422
14294,1
14295,0.8473629969370412
14296,1
14297,1
14298,0.9295985307626584
14299,1
14300,1
14301,1
14302,1
14303,0.731410141139783
14304,0.7855827773119064
14305,0.9319206181317448
14306,0.9440323719522248
14307,1
14308,1
14309,1
14310,1
14311,0.8812164605597486
14312,1
14313,1
14314,1
14315,0.8553666350267249
14316,1
14317,1
14318,1
14319,1
14320,0.942795968587727
14321,1
14322,1
14323,0.821305887161131
14324,0.7057601746404771
14325,0.9013643556545484
14326,1
14327,1
14328,1
14329,1
14330,1
14331,1
14332,0.570668142386897
14333,0.7859745512826491
14334,1
14335,1
14336,1
14337,0.7709217585462419
14338,1
14339,0.9194871323304256
14340,0.7083653560312128
14341,1
14342,1
14343,1
14344,1
14345,1
14346,1
14347,1
14348,1
14349,0.9488410859646406
14350,0.9460534313516901
14351,0.9119137881188353
14352,1
14353,1
14354,1
14355,1
14356,0.8957725278160111
14357,0.9465131338095212
14358,1
14359,0.8409670374744758
14360,0.8936558275486878
14361,1
14362,1
14363,0.9445235676175322
14364,1
14365,1
14366,1
14367,1
14368,0.9138251788671885
14369,1
14370,0.8822187809988057
14371,1
14372,1
14373,1
14374,0.9405484304894796
14375,1
14376,1
14377,1
14378,0.9305455664298354
14379,1
14380,1
14381,0.9092854154998246
14382,0.8122595589318463
14383,1
14384,1
14385,0.9069401948076351
14386,1
14387,1
14388,0.7571281072496331
14389,0.8118289987570886
14390,1
14391,1
14392,1
14393,1
14394,1
14395,1
14396,1
14397,1
14398,1
14399,1
14400,1
14401,1
14402,1
14403,0.7423671913804096
14404,0.9195640486603295
14405,0.9147432234221672
14406,1
14407,0.7242027409425585
14408,1
14409,0.9306932842742516
14410,1
14411,0.9252408314735903
14412,1
14413,1
14414,1
14415,1
14416,1
14417,1
14418,1
14419,1
14420,1
14421,1
14422,1
14423,1
14424,0.9258725057540612
14425,1
14426,1
14427,1
14428,0.9180445744978154
14429,1
14430,1
14431,0.9488594838302383
14432,0.944945472692359
14433,1
14434,1
14435,1
14436,1
14437,1
14438,0.8559182941490148
14439,1
14440,1
14441,1
14442,1
14443,1
14444,1
14445,1
14446,1
14447,1
14448,1
14449,0.8981013343675437
14450,0.9447097920479762
14451,1
14452,1
14453,1
14454,1
14455,1
14456,0.9427666375366512
14457,1
14458,1
14459,1
14460,1
14461,1
14462,1
14463,1
14464,1
14465,1
14466,0.9408924083439206
14467,1
14468,0.9461872256651912
14469,1
14470,1
14471,0.8697393392474844
14472,1
14473,1
14474,1
14475,1
14476,1
14477,1
14478,1
14479,1
14480,1
14481,1
14482,1
14483,1
14484,0.9152366607799762
14485,1
14486,1
14487,1
14488,1
14489,1
14490,1
14491,0.32669273324763193
14492,0.8640499114988501
14493,1
14494,0.9468481024793144
14495,0.8106460547401951
14496,1
14497,0.8943715139655499
14498,1
14499,1
14500,1
14501,1
14502,0.8253366106153629
14503,1
14504,1
14505,0.8277107042237845
14506,1
14507,0.9499193580807703
14508,1
14509,0.9306932842742516
14510,1
14511,0.7704754609641021
14512,0.8252486043651566
14513,1
14514,0.9263430860036705
14515,0.7946274813222595
14516,1
14517,1
14518,1
14519,1
14520,1
14521,1
14522,1
14523,1
14524,0.925462914418337
14525,1
14526,1
14527,1
14528,1
14529,1
14530,1
14531,1
14532,1
14533,1
14534,0.6089992702730558
14535,0.7867952541683848
14536,1
14537,0.7830021632393166
14538,1
14539,1
14540,1
14541,1
14542,0.49266168976316305
14543,1
14544,1
14545,0.6758413648729557
14546,1
14547,1
14548,1
14549,1
14550,0.8754131832132197
14551,1
14552,1
14553,1
14554,1
14555,1
14556,1
14557,1
14558,1
14559,0.850653365456484
14560,0.8036443979632395
14561,0.9414803402059879
14562,1
14563,0.739861762150983
14564,1
14565,1
14566,1
14567,0.943668497462531
14568,1
14569,1
14570,0.6418092289593585
14571,1
14572,1
14573,1
14574,1
14575,1
14576,1
14577,1
14578,1
14579,1
14580,1
14581,1
14582,1
14583,1
14584,1
14585,0.6402188647993152
14586,1
14587,0.8769131835677362
14588,0.901970428461503
14589,1
14590,1
14591,1
14592,1
14593,0.8475051229474413
14594,1
14595,0.8930887368083581
14596,1
14597,1
14598,0.5566427176043954
14599,0.7103761156221248
14600,1
14601,0.9361864371229895
14602,0.9480497122023336
14603,1
14604,0.9499322598356396
14605,1
14606,1
14607,1
14608,1
14609,1
14610,0.8365625554210696
14611,0.9427413477275214
14612,1
14613,1
14614,0.9078748104079711
14615,0.9329877516236613
14616,1
14617,1
14618,0.739861762150983
14619,1
14620,1
14621,1
14622,0.888585633709783
14623,0.942910939224885
14624,1
14625,1
14626,0.9305626044081667
14627,1
14628,1
14629,1
14630,0.9429644013977085
14631,0.9489399740181913
14632,1
14633,0.9370656619038035
14634,1
14635,1
14636,0.9339872242825459
14637,1
14638,1
14639,1
14640,1
14641,1
14642,1
14643,0.8519501364194259
14644,1
14645,0.9287549908958039
14646,1
14647,0.8581459807506081
14648,1
14649,1
14650,1
14651,1
14652,1
14653,0.9375688571922893
14654,0.5032089885190006
14655,1
14656,0.9204963391123525
14657,1
14658,1
14659,0.8507821466843283
14660,1
14661,0.8866302527845743
14662,1
14663,0.8559182941490148
14664,1
14665,1
14666,0.7376457689126948
14667,1
14668,1
14669,1
14670,0.600797327984531
14671,1
14672,1
14673,1
14674,0.9082209456086173
14675,1
14676,1
14677,1
14678,1
14679,1
14680,1
14681,1
14682,1
14683,1
14684,0.8448778306011444
14685,1
14686,0.859153162604385
14687,0.9391738170236174
14688,1
14689,1
14690,1
14691,1
14692,0.821769411810497
14693,1
14694,1
14695,1
14696,1
14697,1
14698,1
14699,1
14700,0.9485784076782957
14701,1
14702,1
14703,1
14704,0.8941516039291537
14705,1
14706,1
14707,1
14708,1
14709,0.9007433376923616
14710,1
14711,0.9214123145283535
14712,1
14713,0.8466075966264877
14714,1
14715,1
14716,0.9432708071042665
14717,0.8821436789362285
14718,0.8290068527450524
14719,1
14720,0.938848241548378
14721,0.9376070789196551
14722,1
14723,1
14724,1
14725,0.9421232932190896
14726,0.8434954084888248
14727,1
14728,0.6577996672957402
14729,1
14730,1
14731,1
14732,1
14733,1
14734,0.5771533375609977
14735,0.861274609573398
14736,1
14737,1
14738,1
14739,1
14740,0.8292459129184564
14741,1
14742,1
14743,1
14744,1
14745,1
14746,1
14747,1
14748,1
14749,1
14750,1
14751,1
14752,0.8716737326923178
14753,1
14754,0.8615475529406064
14755,1
14756,1
14757,1
14758,1
14759,1
14760,1
14761,1
14762,0.9437054267824677
14763,1
14764,1
14765,1
14766,1
14767,1
14768,1
14769,0.8984669104378304
14770,1
14771,0.6819427720367863
14772,1
14773,0.8352929354734432
14774,0.934473911942135
14775,0.9356716397191079
14776,0.8725534315663465
14777,1
14778,1
14779,1
14780,1
14781,1
14782,1
14783,1
14784,1
14785,0.914742971138443
14786,1
14787,1
14788,1
14789,0.90986060169151
14790,1
14791,1
14792,1
14793,1
14794,1
14795,1
14796,1
14797,1
14798,1
14799,1
14800,1
14801,0.8767597060159656
14802,1
14803,1
14804,1
14805,1
14806,1
14807,1
14808,1
14809,0.9295985307626584
14810,1
14811,1
14812,0.9427134691832068
14813,1
14814,0.882158527037212
14815,1
14816,1
14817,1
14818,1
14819,0.9119537889032485
14820,1
14821,1
14822,1
14823,1
14824,0.8212758094058341
14825,1
14826,0.9346388824844833
14827,0.5340909819431952
14828,1
14829,1
14830,1
14831,1
14832,1
14833,1
14834,0.9384758103357461
14835,1
14836,1
14837,1
14838,1
14839,1
14840,1
14841,1
14842,1
14843,0.937933638880234
14844,1
14845,1
14846,1
14847,0.8780193333759923
14848,0.9251040445327481
14849,0.9490173560105407
14850,1
14851,0.9421920814403435
14852,0.9041568602054237
14853,1
14854,0.8340030197296934
14855,0.8828877267605751
14856,1
14857,0.6451768255669065
14858,0.9295985307626584
14859,0.5670463004770423
14860,1
14861,1
14862,1
14863,0.7815775091891796
14864,1
14865,1
14866,1
14867,1
14868,0.9112477782576216
14869,1
14870,0.9488410859646406
14871,0.8738813057822774
14872,1
14873,1
14874,1
14875,1
14876,1
14877,0.8199009941916319
14878,0.8976128444602967
14879,1
14880,1
14881,1
14882,1
14883,1
14884,1
14885,0.9113129406918024
14886,0.8764056615708142
14887,0.9280534504199632
14888,1
14889,0.9237848245787247
14890,1
14891,1
14892,0.7496576745609728
14893,1
14894,1
14895,0.9238383250589355
14896,1
14897,0.8616105978418178
14898,1
14899,0.9161353167330794
14900,1
14901,0.9035374275105416
14902,0.8974882139427417
14903,1
14904,0.9186525487531115
14905,0.9487449531744112
14906,1
14907,1
14908,1
14909,0.7416327264398915
14910,1
14911,0.9277834986180862
14912,1
14913,1
14914,1
14915,1
14916,1
14917,1
14918,1
14919,0.9007740116791996
14920,1
14921,0.7285751613159147
14922,0.5299728693223813
14923,1
14924,1
14925,1
14926,0.8615767456252079
14927,1
14928,1
14929,0.4905769586222065
14930,0.9328407277435847
14931,0.9071620337241881
14932,1
14933,1
14934,1
14935,1
14936,1
14937,1
14938,1
14939,1
14940,0.5127089522063698
14941,1
14942,1
14943,1
14944,1
14945,1
14946,1
14947,1
14948,0.885401482276952
14949,1
14950,1
14951,1
14952,1
14953,1
14954,1
14955,1
14956,0.6563833025265245
14957,0.48581060734352743
14958,1
14959,1
14960,1
14961,1
14962,1
14963,1
14964,1
14965,0.9360914592807238
14966,0.48581060734352743
14967,1
14968,1
14969,0.9391210469896728
14970,1
14971,1
14972,0.6003250618263333
14973,1
14974,1
14975,0.7730700620913307
14976,1
14977,1
14978,1
14979,1
14980,1
14981,0.9407840768738991
14982,1
14983,1
14984,1
14985,0.7994901219248626
14986,1
14987,0.6297864780886048
14988,1
14989,0.888280788326185
14990,1
14991,1
14992,1
14993,1
14994,1
14995,0.5763208703366369
14996,1
14997,0.8161149441486805
14998,1
14999,1
15000,1
15001,0.8352689910567065
15002,0.885401482276952
15003,0.8430917372106829
15004,1
15005,1
15006,1
15007,1
15008,1
15009,1
15010,1
15011,0.8581459807506081
15012,1
15013,1
15014,1
15015,0.7287634238421427
15016,1
15017,1
15018,1
15019,1
15020,1
15021,1
15022,1
15023,1
15024,1
15025,1
15026,1
15027,0.739861762150983
15028,1
15029,1
15030,1
15031,1
15032,1
15033,1
15034,0.855370856934196
15035,1
15036,1
15037,1
15038,1
15039,1
15040,1
15041,1
15042,0.9356716397191079
15043,1
15044,1
15045,1
15046,1
15047,1
15048,1
15049,0.8794149210268735
15050,1
15051,1
15052,1
15053,0.9491450646025911
15054,0.9430611081417541
15055,0.8721412886476296
15056,0.8729299677330642
15057,0.9454619411998316
15058,1
15059,1
15060,0.42906939997467347
15061,1
15062,1
15063,1
15064,1
15065,1
15066,1
15067,1
15068,0.9337196323852553
15069,0.9026463287317557
15070,0.5991385525783025
15071,0.9215323715750302
15072,1
15073,0.9081936669269067
15074,1
15075,1
15076,0.5373773716544009
15077,1
15078,1
15079,1
15080,1
15081,1
15082,0.5368169657567244
15083,0.8954600707363695
15084,1
15085,1
15086,1
15087,0.9384758103357461
15088,0.7212764712077323
15089,1
15090,1
15091,0.9345770826501297
15092,1
15093,1
15094,1
15095,0.9448457255744416
15096,1
15097,1
15098,1
15099,1
15100,1
15101,0.8668391989583006
15102,1
15103,0.9389892908125179
15104,1
15105,0.7435395788305109
15106,1
15107,1
15108,1
15109,1
15110,1
15111,0.853504773429557
15112,0.8982729594632521
15113,1
15114,1
15115,1
15116,1
15117,0.7781747067733128
15118,1
15119,0.9371195439069555
15120,1
15121,0.9343957503465687
15122,1
15123,1
15124,0.7913573727952995
15125,1
15126,0.9197196285992175
15127,1
15128,1
15129,0.9359589680499679
15130,1
15131,0.38107550291193576
15132,1
15133,1
15134,1
15135,0.6195297332430518
15136,1
15137,0.9277299489699422
15138,1
15139,1
15140,1
15141,1
15142,0.9204929576261481
15143,1
15144,1
15145,1
15146,1
15147,1
15148,0.888280788326185
15149,0.7310334174981743
15150,1
15151,0.9306812654626151
15152,0.937478938028711
15153,0.9277337136738866
15154,1
15155,1
15156,1
15157,1
15158,1
15159,1
15160,0.9379403356042109
15161,1
15162,0.9426776435968681
15163,0.8243405382068427
15164,1
15165,1
15166,1
15167,1
15168,1
15169,0.7871910015173621
15170,1
15171,1
15172,1
15173,1
15174,1
15175,1
15176,1
15177,0.8852393040892775
15178,1
15179,0.6402188647993152
15180,1
15181,0.9094457304756071
15182,1
15183,1
15184,1
15185,1
15186,1
15187,1
15188,0.9133133005592553
15189,0.866006783360018
15190,1
15191,1
15192,1
15193,1
15194,1
15195,1
15196,1
15197,1
15198,0.9325263307849554
15199,0.8974694566376491
15200,1
15201,1
15202,1
15203,0.8764857611362583
15204,0.8393217588569738
15205,1
15206,0.9306701019507123
15207,1
15208,1
15209,0.9383232390333992
15210,0.9456238450616496
15211,1
15212,1
15213,0.9122579712215334
15214,1
15215,0.9258725057540612
15216,1
15217,1
15218,1
15219,1
15220,1
15221,1
15222,0.9126624871207537
15223,1
15224,1
15225,1
15226,1
15227,0.9171468056442734
15228,1
15229,0.9456158804354416
15230,1
15231,1
15232,1
15233,1
15234,1
15235,1
15236,1
15237,1
15238,1
15239,1
15240,0.9339250908415218
15241,1
15242,1
15243,1
15244,1
15245,0.9288770925281883
15246,1
15247,0.934040496380053
15248,1
15249,1
15250,0.9306812654626151
15251,1
15252,1
15253,1
15254,1
15255,1
15256,1
15257,1
15258,1
15259,0.8692841483564997
15260,1
15261,1
15262,1
15263,1
15264,1
15265,1
15266,1
15267,1
15268,1
15269,1
15270,0.8653796533476754
15271,1
15272,1
15273,0.8739715407935679
15274,1
15275,1
15276,1
15277,1
15278,0.8632491255166522
15279,1
15280,1
15281,0.9390945681528864
15282,1
15283,1
15284,1
15285,1
15286,0.940641594631175
15287,0.935691679487598
15288,1
15289,1
15290,1
15291,0.8379910678351105
15292,1
15293,1
15294,1
15295,1
15296,1
15297,1
15298,1
15299,0.9344739710583991
15300,1
15301,1
15302,1
15303,1
15304,1
15305,1
15306,1
15307,1
15308,1
15309,1
15310,1
15311,1
15312,1
15313,1
15314,1
15315,0.9123457362058752
15316,0.9030107355384568
15317,1
15318,1
15319,1
15320,1
15321,1
15322,1
15323,1
15324,1
15325,1
15326,1
15327,1
15328,1
15329,1
15330,0.7018353530350715
15331,0.8899659998045024
15332,1
15333,0.8526405725080426
15334,1
15335,1
15336,0.8373543266899189
15337,1
15338,1
15339,0.8615767456252079
15340,1
15341,0.8557653234385844
15342,1
15343,1
15344,0.9100519745633643
15345,1
15346,0.9407840768738991
15347,1
15348,1
15349,1
15350,1
15351,0.49159007767286816
15352,1
15353,1
15354,1
15355,1
15356,1
15357,0.9413793155292451
15358,1
15359,1
15360,1
15361,0.891898684167502
15362,0.6819427720367863
15363,1
15364,1
15365,1
15366,0.93622839264172375
15367,0.9277834986180862
15368,1
15369,1
15370,1
15371,1
15372,1
15373,0.9252408314735903
15374,0.9391907929048332
15375,0.9289203884671953
15376,1
15377,1
15378,0.4357901393322036
15379,1
15380,1
15381,1
15382,1
15383,1
15384,1
15385,1
15386,1
15387,0.9314396991183089
15388,0.8660360216503562
15389,1
15390,0.8686106097162516
15391,1
15392,0.8797605048697131
15393,1
15394,0.8105756729989738
15395,0.8460265296989792
15396,1
15397,1
15398,1
15399,0.9015484272618249
15400,1
15401,1
15402,0.9461278818568646
15403,1
15404,1
15405,1
15406,1
15407,0.8368165568281988
15408,1
15409,0.8181073215149365
15410,1
15411,0.9320594641818193
15412,0.8120843447126799
15413,1
15414,1
15415,1
15416,1
15417,1
15418,1
15419,1
15420,1
15421,1
15422,1
15423,0.9374225070383189
15424,0.9377517237305059
15425,1
15426,1
15427,1
15428,1
15429,1
15430,1
15431,1
15432,1
15433,1
15434,1
15435,1
15436,0.9481113743411194
15437,0.5368169657567244
15438,1
15439,1
15440,1
15441,1
15442,1
15443,1
15444,1
15445,1
15446,1
15447,0.8418857184620654
15448,0.9353405329585227
15449,1
15450,1
15451,0.8898450498276973
15452,0.9485600591786013
15453,1
15454,1
15455,0.7939677466108631
15456,1
15457,0.23052447833849996
15458,0.7812698872444206
15459,0.8591524040360149
15460,1
15461,0.8341286974704595
15462,0.80625210382973
15463,1
15464,1
15465,0.7176244749963784
15466,1
15467,1
15468,1
15469,1
15470,1
15471,1
15472,1
15473,1
15474,1
15475,1
15476,0.939128895017188
15477,1
15478,1
15479,1
15480,1
15481,0.8497218726516701
15482,0.9232297586179863
15483,0.7840088215601726
15484,0.9314258912231843
15485,0.9000087940382507
15486,1
15487,1
15488,0.8704659384461293
15489,0.8495252985857943
15490,1
15491,1
15492,0.7906949219470639
15493,0.9455189849330404
15494,1
15495,1
15496,0.7849763816381782
15497,1
15498,1
15499,1
15500,0.8922372317950158
15501,1
15502,1
15503,1
15504,0.7980852340308832
15505,1
15506,1
15507,1
15508,0.8559182941490148
15509,1
15510,1
15511,0.8436071050437666
15512,1
15513,1
15514,1
15515,1
15516,0.5238989291229963
15517,1
15518,0.5589279089543224
15519,1
15520,1
15521,0.8771358012021617
15522,1
15523,1
15524,0.8197362013490221
15525,1
15526,1
15527,1
15528,0.9230170145444427
15529,0.9476047915050818
15530,1
15531,1
15532,0.9348368482399019
15533,1
15534,1
15535,0.9021723879558949
15536,0.9486259966710925
15537,0.9079473909332072
15538,1
15539,0.9034451588267591
15540,1
15541,0.6837676302759544
15542,1
15543,0.8277107042237845
15544,0.8615767456252079
15545,1
15546,1
15547,0.9277834986180862
15548,1
15549,0.7159080417248919
15550,1
15551,0.8740516905604686
15552,1
15553,0.9480462579703061
15554,1
15555,0.941149040493843
15556,0.9499852744641265
15557,1
15558,1
15559,1
15560,1
15561,1
15562,1
15563,1
15564,1
15565,1
15566,0.7232728312334126
15567,1
15568,1
15569,0.936106953579366
15570,1
15571,1
15572,1
15573,1
15574,1
15575,0.9159479295225841
15576,1
15577,1
15578,0.938297373468542
15579,1
15580,1
15581,1
15582,1
15583,1
15584,1
15585,1
15586,0.8615767456252079
15587,1
15588,0.7023587422188795
15589,1
15590,0.7413046484599742
15591,1
15592,0.902684453275321
15593,1
15594,0.9196488238760383
15595,1
15596,1
15597,1
15598,1
15599,0.9473189321469208
15600,1
15601,0.38016182778507357
15602,1
15603,1
15604,1
15605,1
15606,1
15607,1
15608,0.8410987982320409
15609,0.49266168976316305
15610,1
15611,1
15612,1
15613,0.9267312402364868
15614,0.9322721858915288
15615,0.9249566709003568
15616,1
15617,1
15618,1
15619,1
15620,1
15621,1
15622,1
15623,1
15624,1
15625,1
15626,0.734395712119048
15627,0.9408487341390286
15628,1
15629,1
15630,0.7659142982711117
15631,0.8975023344243216
15632,0.9239206498132211
15633,1
15634,0.9162797629588002
15635,0.8087068810643574
15636,1
15637,0.9272668408486916
15638,1
15639,0.9386632247379818
15640,1
15641,0.9388321739256816
15642,1
15643,0.9489585748683328
15644,0.8846341514033071
15645,1
15646,1
15647,1
15648,1
15649,0.9288770925281883
15650,0.6563833025265245
15651,0.8909073321945568
15652,0.7571281072496331
15653,0.8818754630977065
15654,1
15655,1
15656,0.9050291977529933
15657,1
15658,0.9348405151968444
15659,1
15660,1
15661,1
15662,1
15663,1
15664,1
15665,1
15666,1
15667,1
15668,1
15669,0.8422802389276693
15670,1
15671,1
15672,1
15673,0.8884463617878837
15674,0.7678116257333992
15675,1
15676,0.7133625884712138
15677,0.8916051604109223
15678,1
15679,1
15680,0.9009238010531871
15681,1
15682,1
15683,0.9142934365744411
15684,1
15685,0.787855649301079
15686,0.9152366607799762
15687,1
15688,1
15689,1
15690,1
15691,1
15692,1
15693,0.9161109955928743
15694,1
15695,1
15696,1
15697,1
15698,1
15699,1
15700,1
15701,0.9225121459787163
15702,1
15703,0.5408086242756883
15704,1
15705,0.9364857015932061
15706,0.8311218021159871
15707,0.793170659184894
15708,1
15709,0.9283019244443508
15710,1
15711,1
15712,1
15713,1
15714,1
15715,1
15716,1
15717,1
15718,1
15719,1
15720,1
15721,0.9345770826501297
15722,0.8801876098335537
15723,1
15724,1
15725,0.9322767933612165
15726,1
15727,1
15728,0.6446756067148206
15729,0.48753080710497887
15730,0.9142472155266542
15731,1
15732,0.8919734524282691
15733,1
15734,1
15735,0.9267044080809544
15736,1
15737,0.7517464307716359
15738,1
15739,1
15740,1
15741,0.9239206498132211
15742,1
15743,1
15744,1
15745,1
15746,1
15747,1
15748,0.8571212118352523
15749,1
15750,0.8864665975106221
15751,1
15752,1
15753,1
15754,1
15755,0.9119030711782298
15756,1
15757,1
15758,1
15759,1
15760,1
15761,1
15762,1
15763,1
15764,0.6700773170332976
15765,1
15766,0.9493563065856107
15767,0.9000087940382507
15768,1
15769,1
15770,0.9247865315134255
15771,1
15772,0.8974882139427417
15773,0.9482312692836818
15774,0.7187823561547741
15775,1
15776,1
15777,1
15778,0.9264667726042383
15779,0.7464029457547071
15780,1
15781,0.9440323719522248
15782,0.32669273324763193
15783,0.9281609009959447
15784,0.8738552658271963
15785,1
15786,1
15787,1
15788,1
15789,1
15790,1
15791,1
15792,1
15793,1
15794,1
15795,0.936830916842584
15796,0.9301559875670121
15797,0.8182292027478358
15798,1
15799,1
15800,1
15801,0.9451611771885942
15802,1
15803,1
15804,1
15805,1
15806,1
15807,1
15808,1
15809,1
15810,0.9102022780023383
15811,0.9306812654626151
15812,0.940853494586447
15813,1
15814,1
15815,1
15816,1
15817,1
15818,1
15819,1
15820,1
15821,1
15822,0.9421541117751779
15823,0.9278199293317572
15824,1
15825,1
15826,1
15827,0.9185356824409848
15828,1
15829,1
15830,0.9442685921314865
15831,1
15832,1
15833,1
15834,1
15835,1
15836,1
15837,0.8668992273074756
15838,0.8260434352692646
15839,1
15840,1
15841,1
15842,1
15843,1
15844,1
15845,1
15846,0.9407546555987951
15847,0.8252486043651566
15848,0.8581459807506081
15849,1
15850,1
15851,1
15852,0.8604133949319972
15853,0.8962573106522576
15854,1
15855,1
15856,1
15857,0.787855649301079
15858,1
15859,1
15860,1
15861,1
15862,0.849108263734243
15863,0.7911640670694585
15864,0.596172594852916
15865,0.7638172744435773
15866,1
15867,1
15868,1
15869,0.9280886343071301
15870,1
15871,0.891898684167502
15872,1
15873,1
15874,1
15875,1
15876,1
15877,1
15878,1
15879,0.41933871260297145
15880,1
15881,0.9215323715750302
15882,1
15883,1
15884,0.8398429090047489
15885,1
15886,1
15887,1
15888,1
15889,0.7137832767449894
15890,0.7869337125662751
15891,1
15892,1
15893,0.8857802591085913
15894,1
15895,1
15896,1
15897,1
15898,0.9410714986408473
15899,1
15900,1
15901,1
15902,1
15903,1
15904,0.9194899924681634
15905,1
15906,1
15907,1
15908,1
15909,1
15910,0.8718637360758931
15911,1
15912,1
15913,0.8373543266899189
15914,1
15915,1
15916,1
15917,1
15918,0.5176713932485466
15919,1
15920,0.9329147254865809
15921,1
15922,1
15923,1
15924,1
15925,1
15926,1
15927,1
15928,1
15929,0.9397259451471465
15930,1
15931,1
15932,1
15933,1
15934,1
15935,0.8448713161592122
15936,1
15937,0.9033658948903741
15938,0.9123457362058752
15939,1
15940,1
15941,1
15942,1
15943,1
15944,0.9079359703257683
15945,1
15946,1
15947,0.9051928904629257
15948,1
15949,0.6163364964882403
15950,0.5121847841308532
15951,1
15952,1
15953,1
15954,0.807433569367146
15955,0.929397414229474
15956,1
15957,1
15958,1
15959,1
15960,1
15961,1
15962,1
15963,1
15964,1
15965,0.717907252293772
15966,0.8134827936500065
15967,1
15968,1
15969,1
15970,1
15971,1
15972,1
15973,0.9322988931305738
15974,1
15975,0.8807535417363687
15976,0.9301316823109794
15977,0.9427540963519289
15978,1
15979,1
15980,1
15981,1
15982,1
15983,1
15984,1
15985,0.89894669504046
15986,0.8672794403198187
15987,0.9331488314261505
15988,1
15989,1
15990,1
15991,0.32669273324763193
15992,1
15993,0.8817679998627499
15994,1
15995,0.9138251788671885
15996,1
15997,1
15998,1
15999,1
16000,0.8930887368083581
16001,1
16002,1
16003,1
16004,0.8723926325779103
16005,1
16006,1
16007,1
16008,1
16009,0.9295985307626584
16010,1
16011,1
16012,0.8624734535972602
16013,0.9200509150056593
16014,1
16015,1
16016,0.8349514236995892
16017,1
16018,1
16019,1
16020,1
16021,1
16022,1
16023,0.6523619807216935
16024,1
16025,0.8977818223756795
16026,0.9143459654215579
16027,0.9305301721687389
16028,0.814153969635876
16029,1
16030,1
16031,0.9334951529949691
16032,1
16033,1
16034,0.6402188647993152
16035,1
16036,1
16037,0.8913662862223843
16038,1
16039,1
16040,1
16041,0.8697393392474844
16042,0.9063775322347056
16043,1
16044,1
16045,0.93554392930998
16046,1
16047,0.7675364252218653
16048,0.9366571597438681
16049,1
16050,0.9343307610725882
16051,1
16052,1
16053,1
16054,0.8774621853358817
16055,1
16056,0.8119713787395205
16057,0.8867358847334048
16058,0.9177261411691156
16059,0.7150191838183139
16060,0.8581768203266994
16061,1
16062,0.9447402498469692
16063,1
16064,0.9488594838302383
16065,1
16066,0.7735388218708348
16067,1
16068,1
16069,1
16070,1
16071,1
16072,1
16073,1
16074,1
16075,1
16076,1
16077,1
16078,1
16079,1
16080,0.39909960116807464
16081,0.8691863569817921
16082,1
16083,1
16084,0.672681028257151
16085,0.8265572226006954
16086,0.6022230092943409
16087,1
16088,1
16089,1
16090,1
16091,1
16092,1
16093,1
16094,1
16095,1
16096,0.9144769493491851
16097,1
16098,1
16099,0.8430917372106829
16100,1
16101,1
16102,0.8606340236357588
16103,1
16104,0.5288617202874574
16105,1
16106,0.940491681534217
16107,1
16108,0.852920597215767
16109,1
16110,0.907257035357485
16111,1
16112,1
16113,0.710777556546601
16114,1
16115,1
16116,0.9456238450616496
16117,1
16118,1
16119,1
16120,0.9156772631609222
16121,1
16122,1
16123,1
16124,1
16125,0.84623887737629655
16126,1
16127,1
16128,1
16129,1
16130,0.9286623099826113
16131,1
16132,0.8506782507431626
16133,1
16134,1
16135,1
16136,0.8818754630977065
16137,0.6252734846959063
16138,1
16139,1
16140,1
16141,1
16142,1
16143,1
16144,1
16145,1
16146,1
16147,1
16148,0.8199009941916319
16149,1
16150,1
16151,0.9153722307075574
16152,1
16153,0.8974882139427417
16154,0.8253337593430923
16155,1
16156,1
16157,1
16158,0.7413113210206153
16159,0.93500744443162
16160,0.913446324222608
16161,1
16162,0.8818754630977065
16163,0.8784249095946948
16164,0.933314824786917
16165,1
16166,0.8992416117416149
16167,1
16168,0.9376692879012476
16169,1
16170,1
16171,1
16172,1
16173,0.7268456572045962
16174,1
16175,1
16176,0.588071933795539
16177,1
16178,1
16179,1
16180,1
16181,1
16182,1
16183,1
16184,1
16185,1
16186,1
16187,0.9454713351490203
16188,1
16189,1
16190,0.887729034914087
16191,0.9294642899823501
16192,1
16193,1
16194,0.9440323719522248
16195,1
16196,1
16197,0.604418380039291
16198,0.8131437563955162
16199,0.7802844672995399
16200,0.8941208870259765
16201,1
16202,0.7298366224946445
16203,0.9343683450465939
16204,1
16205,0.9218111845030854
16206,0.9288048427215077
16207,1
16208,1
16209,1
16210,1
16211,1
16212,1
16213,1
16214,1
16215,1
16216,0.916535679871163
16217,1
16218,0.9176348593755022
16219,1
16220,1
16221,1
16222,1
16223,0.9213141058210306
16224,1
16225,1
16226,1
16227,1
16228,1
16229,1
16230,0.7195490620202493
16231,0.8315717128921899
16232,0.9359795234280843
16233,0.9288048427215077
16234,1
16235,0.6402188647993152
16236,1
16237,1
16238,0.8122595589318463
16239,1
16240,1
16241,0.32669273324763193
16242,0.9380887826935377
16243,1
16244,0.9351794846108878
16245,1
16246,1
16247,1
16248,0.8972495942761176
16249,0.940853494586447
16250,1
16251,1
16252,0.9114378215067468
16253,1
16254,1
16255,1
16256,0.9385139322416566
16257,1
16258,1
16259,0.8309041750823861
16260,1
16261,1
16262,0.6366133507233525
16263,0.8702751141191133
16264,1
16265,0.901970428461503
16266,1
16267,0.9387893289146161
16268,1
16269,1
16270,1
16271,0.9013627325493427
16272,0.9010188622744825
16273,1
16274,1
16275,1
16276,0.9495012099473971
16277,1
16278,1
16279,1
16280,0.6819018058382977
16281,0.8885190364777871
16282,1
16283,1
16284,1
16285,1
16286,0.6758413648729557
16287,1
16288,1
16289,1
16290,1
16291,0.9477680935219899
16292,1
16293,1
16294,1
16295,1
16296,1
16297,1
16298,1
16299,1
16300,1
16301,1
16302,1
16303,1
16304,1
16305,1
16306,1
16307,0.8822187809988057
16308,0.9450633317083761
16309,1
16310,0.8830705187570863
16311,0.48581060734352743
16312,0.7937657029307954
16313,1
16314,0.9257063312872021
16315,1
16316,1
16317,1
16318,1
16319,0.9494899161407354
16320,1
16321,0.8424205641199729
16322,0.8750923826244869
16323,0.9402349651783881
16324,0.8302385905769128
16325,1
16326,1
16327,1
16328,1
16329,0.8883844470354677
16330,1
16331,1
16332,0.948638883516676
16333,1
16334,0.8690434313364297
16335,1
16336,0.8948586491312607
16337,1
16338,0.9499248453048607
16339,1
16340,0.8729299677330642
16341,1
16342,0.8927851385110336
16343,0.9202966171677182
16344,1
16345,1
16346,0.9216858783482162
16347,0.9471190987574827
16348,1
16349,1
16350,0.9487837354160639
16351,1
16352,1
16353,0.5663250509106815
16354,1
16355,0.6201210431207331
16356,0.8252486043651566
16357,1
16358,0.9027718805372111
16359,1
16360,0.9042437399322135
16361,1
16362,1
16363,1
16364,1
16365,0.9195733104568722
16366,1
16367,1
16368,1
16369,1
16370,1
16371,0.6402188647993152
16372,1
16373,1
16374,1
16375,1
16376,1
16377,1
16378,1
16379,1
16380,1
16381,1
16382,1
16383,1
16384,1
16385,0.9440764480243596
16386,0.8665491482840314
16387,0.717415674619257
16388,0.891107296148327
16389,1
16390,1
16391,0.4172022335303556
16392,1
16393,0.8456272133785714
16394,1
16395,1
16396,1
16397,1
16398,1
16399,1
16400,1
16401,1
16402,1
16403,0.9107581009761254
16404,0.9133133005592553
16405,0.8426580988936054
16406,0.7981415772804076
16407,1
16408,1
16409,0.8253366106153629
16410,1
16411,1
16412,1
16413,1
16414,1
16415,1
16416,1
16417,1
16418,0.9427413477275214
16419,1
16420,1
16421,1
16422,1
16423,1
16424,0.7802844672995399
16425,1
16426,1
16427,1
16428,1
16429,1
16430,1
16431,0.8238782912024077
16432,1
16433,1
16434,1
16435,0.8366709742694708
16436,0.88112845640436
16437,1
16438,1
16439,0.9188868396438544
16440,1
16441,0.8618837315307349
16442,1
16443,1
16444,0.9263771897377943
16445,1
16446,1
16447,1
16448,1
16449,0.9376736128413498
16450,1
16451,1
16452,0.911933432600174
16453,1
16454,0.9266588812834656
16455,1
16456,1
16457,0.938233264342105
16458,1
16459,1
16460,1
16461,1
16462,1
16463,1
16464,0.7879752365839925
16465,0.8784843787091268
16466,1
16467,1
16468,1
16469,0.9073547074642881
16470,1
16471,1
16472,1
16473,1
16474,0.9104837788121786
16475,0.7786329781794099
16476,0.8495512933114234
16477,1
16478,1
16479,1
16480,1
16481,0.8756458720598359
16482,1
16483,0.9097847841085881
16484,1
16485,0.8749119746364816
16486,1
16487,1
16488,1
16489,0.857863364598232
16490,1
16491,1
16492,0.9427540963519289
16493,1
16494,1
16495,0.9490173560105407
16496,1
16497,0.9298127064552453
16498,1
16499,1
16500,0.9097249377827504
16501,1
16502,0.7072581204166486
16503,0.7953487173664069
16504,1
16505,1
16506,1
16507,1
16508,1
16509,1
16510,1
16511,1
16512,1
16513,1
16514,1
16515,1
16516,0.42906939997467347
16517,1
16518,0.9210707036905329
16519,1
16520,1
16521,1
16522,0.780846266002612
16523,1
16524,1
16525,1
16526,1
16527,1
16528,0.9029324503678615
16529,1
16530,1
16531,1
16532,1
16533,1
16534,1
16535,1
16536,1
16537,1
16538,1
16539,1
16540,1
16541,1
16542,1
16543,1
16544,1
16545,0.871644993685532
16546,0.8712132670214746
16547,1
16548,1
16549,1
16550,0.9345770826501297
16551,0.8974882139427417
16552,1
16553,0.8252486043651566
16554,1
16555,1
16556,1
16557,1
16558,0.8813006372544722
16559,0.8214815055104809
16560,1
16561,1
16562,0.943014249131379
16563,1
16564,0.938297373468542
16565,1
16566,0.9289359427343366
16567,1
16568,0.9457481294674295
16569,0.9277834986180862
16570,1
16571,1
16572,1
16573,1
16574,1
16575,0.9486432912514582
16576,1
16577,1
16578,0.9038209123768187
16579,1
16580,1
16581,1
16582,0.9132420762067418
16583,1
16584,1
16585,1
16586,1
16587,1
16588,0.9347032116804918
16589,0.7884486153522974
16590,1
16591,1
16592,1
16593,0.9034081014012397
16594,0.902538109415055
16595,1
16596,0.9150729836870222
16597,1
16598,1
16599,1
16600,1
16601,1
16602,1
16603,1
16604,1
16605,1
16606,1
16607,1
16608,0.9361466480920756
16609,1
16610,0.9197796517966356
16611,0.8918427876754854
16612,1
16613,1
16614,1
16615,1
16616,0.8603993384323567
16617,1
16618,1
16619,1
16620,1
16621,1
16622,1
16623,1
16624,1
16625,1
16626,0.9376041039366849
16627,1
16628,1
16629,0.8771358012021617
16630,1
16631,0.8721301180774025
16632,1
16633,0.9402650276414671
16634,1
16635,1
16636,1
16637,1
16638,0.4583175445183536
16639,1
16640,1
16641,0.8670207740118424
16642,1
16643,1
16644,0.533888591627506
16645,1
16646,0.6984348046171458
16647,0.8589857750172692
16648,1
16649,1
16650,1
16651,0.7679293187561129
16652,0.9010625280546356
16653,1
16654,1
16655,1
16656,1
16657,0.5566427176043954
16658,1
16659,1
16660,1
16661,1
16662,1
16663,0.8101880568959239
16664,1
16665,1
16666,1
16667,0.9255590956437632
16668,0.4687421681714064
16669,1
16670,1
16671,0.8974882139427417
16672,1
16673,1
16674,1
16675,0.919668109379325
16676,1
16677,1
16678,1
16679,1
16680,1
16681,1
16682,1
16683,0.9270736112304401
16684,0.9485071254301646
16685,0.9330364790882467
16686,0.7528674530571849
16687,1
16688,1
16689,1
16690,1
16691,0.7423671913804096
16692,0.7355499983209389
16693,1
16694,1
16695,1
16696,1
16697,1
16698,1
16699,0.9123457362058752
16700,0.9394335576706305
16701,1
16702,1
16703,0.7446310044278521
16704,0.8695998775486111
16705,1
16706,1
16707,1
16708,1
16709,0.9023798937353835
16710,1
16711,1
16712,1
16713,0.8694344915178692
16714,1
16715,0.600321024517991
16716,1
16717,1
16718,1
16719,1
16720,1
16721,0.793170659184894
16722,0.8906855739095315
16723,1
16724,1
16725,1
16726,0.9376692879012476
16727,1
16728,1
16729,1
16730,1
16731,1
16732,1
16733,1
16734,1
16735,1
16736,1
16737,1
16738,0.9350890523425389
16739,1
16740,1
16741,1
16742,1
16743,1
16744,1
16745,1
16746,0.9177864105293778
16747,1
16748,0.6232281338895347
16749,0.9331488314261505
16750,1
16751,1
16752,1
16753,1
16754,1
16755,0.8982507752495051
16756,1
16757,1
16758,1
16759,0.930234120513985
16760,0.7194812315158698
16761,1
16762,0.7234538173753432
16763,0.880116106548262
16764,1
16765,0.9079359703257683
16766,0.6726866869363728
16767,1
16768,1
16769,1
16770,1
16771,1
16772,0.9375577490232887
16773,0.9419047300400144
16774,1
16775,1
16776,1
16777,0.9138588753344732
16778,1
16779,1
16780,1
16781,1
16782,1
16783,0.9138251788671885
16784,1
16785,1
16786,1
16787,0.604418380039291
16788,1
16789,0.9479106504565346
16790,1
16791,0.6075763964115368
16792,0.9448323730394107
16793,0.9138251788671885
16794,1
16795,1
16796,1
16797,0.6249682293313573
16798,0.938910433351806
16799,1
16800,1
16801,1
16802,0.7454613365941993
16803,1
16804,1
16805,1
16806,1
16807,0.8695273694342176
16808,1
16809,1
16810,1
16811,1
16812,1
16813,1
16814,1
16815,1
16816,1
16817,0.9384583037390508
16818,1
16819,1
16820,1
16821,0.8037531530830452
16822,1
16823,1
16824,1
16825,1
16826,1
16827,0.9000087940382507
16828,1
16829,1
16830,1
16831,0.5308244091984848
16832,0.9215323715750302
16833,1
16834,1
16835,0.8252486043651566
16836,1
16837,1
16838,1
16839,1
16840,1
16841,1
16842,1
16843,1
16844,1
16845,1
16846,1
16847,1
16848,1
16849,0.9209376882197442
16850,1
16851,1
16852,1
16853,0.8794922362378876
16854,0.885401482276952
16855,1
16856,1
16857,0.7204374655196718
16858,1
16859,1
16860,0.9433035061480082
16861,1
16862,0.9250440373223081
16863,1
16864,1
16865,1
16866,1
16867,1
16868,1
16869,1
16870,0.9166954393788326
16871,1
16872,1
16873,1
16874,1
16875,1
16876,1
16877,1
16878,0.9293356272633775
16879,0.8087068810643574
16880,1
16881,0.9311392606184586
16882,1
16883,1
16884,1
16885,1
16886,1
16887,1
16888,1
16889,0.7704754609641021
16890,1
16891,1
16892,1
16893,1
16894,0.890404952361452
16895,0.9081601367143315
16896,1
16897,1
16898,0.9057753335303953
16899,1
16900,1
16901,1
16902,1
16903,0.9446596836493764
16904,0.9052446508159309
16905,1
16906,0.9494331222857347
16907,0.8402046247381482
16908,0.850653365456484
16909,0.8618139907785349
16910,1
16911,1
16912,0.813970317856339
16913,1
16914,1
16915,0.6715273910330568
16916,1
16917,1
16918,0.8552454303559214
16919,1
16920,1
16921,1
16922,1
16923,1
16924,1
16925,1
16926,1
16927,0.8889601679326752
16928,1
16929,0.9195144094701484
16930,1
16931,1
16932,0.9201898430029228
16933,0.9466288419706137
16934,1
16935,1
16936,0.7833887112935677
16937,1
16938,1
16939,1
16940,0.9079359703257683
16941,1
16942,1
16943,1
16944,1
16945,1
16946,1
16947,1
16948,1
16949,1
16950,1
16951,0.8976592879628531
16952,0.8453966320588963
16953,1
16954,1
16955,1
16956,1
16957,0.8406318254379563
16958,1
16959,1
16960,0.7540481201170962
16961,1
16962,1
16963,1
16964,0.9263513396863823
16965,1
16966,0.739861762150983
16967,1
16968,1
16969,0.8797605048697131
16970,1
16971,1
16972,0.8051526213312162
16973,1
16974,1
16975,1
16976,1
16977,0.6402188647993152
16978,1
16979,1
16980,1
16981,1
16982,1
16983,1
16984,0.9079359703257683
16985,1
16986,1
16987,1
16988,0.8915262898193435
16989,1
16990,0.9277834986180862
16991,1
16992,1
16993,0.9069650252439438
16994,0.8058522677400621
16995,0.7815775091891796
16996,0.7464029457547071
16997,1
16998,0.6471989162354547
16999,1
17000,1
17001,1
17002,1
17003,1
17004,1
17005,1
17006,0.840445090018677
17007,1
17008,1
17009,1
17010,1
17011,1
17012,1
17013,0.89782596437162
17014,1
17015,1
17016,1
17017,1
17018,1
17019,1
17020,1
17021,1
17022,1
17023,1
17024,0.9318121801441726
17025,1
17026,1
17027,1
17028,0.8297587009861301
17029,1
17030,1
17031,1
17032,1
17033,1
17034,1
17035,1
17036,0.7982278959726712
17037,1
17038,1
17039,1
17040,0.8135725123022947
17041,1
17042,1
17043,1
17044,1
17045,0.8590640080654894
17046,0.8184683193106489
17047,1
17048,0.8585798289825551
17049,1
17050,1
17051,1
17052,0.9440323719522248
17053,1
17054,1
17055,0.9427413477275214
17056,1
17057,1
17058,1
17059,1
17060,1
17061,0.6123793052668473
17062,0.5566427176043954
17063,1
17064,1
17065,0.8341936474459313
17066,1
17067,0.8839718072362048
17068,1
17069,1
17070,0.935150580919104
17071,1
17072,1
17073,1
17074,0.9082209456086173
17075,0.9472548355815682
17076,0.7189461781030627
17077,1
17078,1
17079,1
17080,0.7867952541683848
17081,1
17082,1
17083,0.9122579712215334
17084,1
17085,1
17086,1
17087,1
17088,1
17089,0.9079385236287216
17090,0.90337736303594
17091,1
17092,1
17093,1
17094,1
17095,1
17096,1
17097,0.831377636977725
17098,1
17099,1
17100,1
17101,0.8035359897991466
17102,1
17103,1
17104,1
17105,1
17106,1
17107,1
17108,0.8692293878839484
17109,1
17110,1
17111,1
17112,1
17113,1
17114,1
17115,0.8261944432671873
17116,1
17117,1
17118,0.945946033692074
17119,0.8686623621349933
17120,0.8586639468271298
17121,1
17122,1
17123,0.9171600242006378
17124,0.8732698891243631
17125,1
17126,0.888280788326185
17127,1
17128,0.835546172031628
17129,0.9414120454195356
17130,1
17131,1
17132,1
17133,0.6793050809838689
17134,1
17135,1
17136,1
17137,0.8661635777103228
17138,1
17139,0.8723500218413908
17140,1
17141,0.9387316816291419
17142,1
17143,1
17144,0.9176005332892129
17145,1
17146,1
17147,1
17148,0.9138251788671885
17149,1
17150,1
17151,1
17152,0.7189461781030627
17153,1
17154,0.931620278216901
17155,0.8813282082580975
17156,0.9215323715750302
17157,0.8813282082580975
17158,1
17159,0.9483728630175073
17160,1
17161,1
17162,1
17163,1
17164,0.6436733400212314
17165,0.891844001774781
17166,0.6402188647993152
17167,1
17168,1
17169,1
17170,1
17171,1
17172,1
17173,1
17174,0.940853494586447
17175,1
17176,1
17177,0.9253089893726765
17178,1
17179,1
17180,1
17181,1
17182,1
17183,0.8247440388525383
17184,1
17185,1
17186,0.8425307387186818
17187,0.9137649083634358
17188,1
17189,1
17190,0.88697484471065835
17191,1
17192,0.9361750369684214
17193,1
17194,0.9401013110221775
17195,1
17196,1
17197,1
17198,1
17199,1
17200,0.8940005453861459
17201,0.7923390509737526
17202,0.9383385055322973
17203,0.9237772718165197
17204,1
17205,1
17206,1
17207,1
17208,0.8495512933114234
17209,0.9375733516200909
17210,0.6818975546868828
17211,1
17212,0.6819427720367863
17213,1
17214,1
17215,0.668716796737097
17216,0.7658698706626393
17217,1
17218,0.8439002124509091
17219,1
17220,1
17221,1
17222,0.9083610006310968
17223,0.8089022161006845
17224,0.9274967845247652
17225,1
17226,1
17227,0.9369003144853478
17228,1
17229,1
17230,1
17231,1
17232,1
17233,1
17234,0.80625210382973
17235,1
17236,1
17237,0.566246066878505
17238,1
17239,0.9456647646699211
17240,1
17241,1
17242,1
17243,0.6297864780886048
17244,0.5053906361605512
17245,1
17246,1
17247,0.8473629969370412
17248,1
17249,1
17250,1
17251,1
17252,1
17253,1
17254,1
17255,0.8374965469565107
17256,1
17257,1
17258,0.9194300054163247
17259,1
17260,1
17261,1
17262,1
17263,1
17264,0.9277337136738866
17265,1
17266,0.9433614497156316
17267,1
17268,1
17269,1
17270,1
17271,0.8518026082276411
17272,1
17273,1
17274,1
17275,1
17276,0.8087068810643574
17277,1
17278,1
17279,0.8677818900811538
17280,1
17281,1
17282,1
17283,1
17284,0.8311218021159871
17285,1
17286,1
17287,1
17288,0.8365496794479877
17289,1
17290,1
17291,1
17292,1
17293,1
17294,1
17295,0.8472520771726301
17296,0.8610899609380602
17297,1
17298,1
17299,1
17300,1
17301,0.9206033621615974
17302,1
17303,1
17304,1
17305,1
17306,0.938276086233735
17307,1
17308,0.926796844537773
17309,1
17310,1
17311,0.8974882139427417
17312,1
17313,1
17314,0.9490376341430292
17315,1
17316,0.909756443056339
17317,0.9295985307626584
17318,0.69186827389279415
17319,1
17320,1
17321,0.8702306884847844
17322,0.9339915194273855
17323,1
17324,1
17325,1
17326,0.8420099650314762
17327,1
17328,1
17329,0.9270736112304401
17330,1
17331,1
17332,0.8252486043651566
17333,1
17334,0.815451500635205
17335,1
17336,0.9361398118708438
17337,0.7638166927282068
17338,1
17339,1
17340,1
17341,1
17342,0.9250440373223081
17343,1
17344,0.9369003144853478
17345,1
17346,1
17347,1
17348,0.8119713787395205
17349,0.8104652240938052
17350,1
17351,1
17352,0.9072858668625107
17353,1
17354,1
17355,1
17356,1
17357,0.9386256010526571
17358,0.9346678604840445
17359,1
17360,1
17361,1
17362,0.899603303136366
17363,1
17364,1
17365,1
17366,0.8828798635293221
17367,1
17368,0.8496643738065071
17369,1
17370,1
17371,0.8402046247381482
17372,1
17373,1
17374,1
17375,1
17376,1
17377,1
17378,1
17379,1
17380,0.8702306884847844
17381,0.739861762150983
17382,1
17383,0.905717024789387
17384,1
17385,1
17386,1
17387,1
17388,1
17389,0.9224902727348351
17390,0.9252408314735903
17391,1
17392,1
17393,1
17394,0.9209376882197442
17395,1
17396,1
17397,1
17398,0.9474001075334872
17399,1
17400,1
17401,1
17402,1
17403,1
17404,1
17405,0.9369463407865939
17406,0.9177864105293778
17407,0.8994398001863231
17408,1
17409,1
17410,1
17411,1
17412,1
17413,1
17414,1
17415,0.6691056568896119
17416,1
17417,1
17418,1
17419,1
17420,1
17421,1
17422,1
17423,1
17424,1
17425,1
17426,1
17427,0.928431335912552
17428,1
17429,1
17430,0.8860331116038699
17431,0.8262835314647471
17432,0.3605218037384304
17433,1
17434,1
17435,1
17436,1
17437,0.882158527037212
17438,1
17439,1
17440,1
17441,1
17442,1
17443,1
17444,1
17445,1
17446,1
17447,1
17448,1
17449,1
17450,1
17451,1
17452,0.7981788694720074
17453,1
17454,1
17455,1
17456,1
17457,1
17458,1
17459,0.8250144543101592
17460,1
17461,0.6736830728445362
17462,0.7035112227915042
17463,1
17464,1
17465,1
17466,0.853890547951815
17467,1
17468,1
17469,1
17470,0.9310632452838893
17471,1
17472,1
17473,0.7144486614390945
17474,1
17475,0.880116106548262
17476,1
17477,1
17478,0.40597525503242865
17479,0.9314267633438957
17480,1
17481,1
17482,0.7661322415115521
17483,1
17484,1
17485,0.9396926830172162
17486,1
17487,1
17488,1
17489,1
17490,1
17491,0.850653365456484
17492,0.8087480710633188
17493,0.9339250908415218
17494,0.8953244525350268
17495,1
17496,1
17497,1
17498,0.8921204699964731
17499,1
17500,1
17501,1
17502,1
17503,0.929758225785802
17504,0.8420099650314762
17505,1
17506,1
17507,0.8141362527028477
17508,1
17509,1
17510,1
17511,1
17512,0.6300180076565932
17513,1
17514,0.934694961742459
17515,0.588071933795539
17516,1
17517,1
17518,0.8252486043651566
17519,1
17520,0.9461827461642972
17521,1
17522,1
17523,1
17524,1
17525,1
17526,1
17527,0.7862049875427627
17528,0.9209055842984647
17529,0.7984278075982201
17530,1
17531,0.8964277869941284
17532,0.9173987741281496
17533,1
17534,1
17535,1
17536,1
17537,0.8252486043651566
17538,1
17539,0.8277378029584362
17540,1
17541,1
17542,1
17543,0.8430917372106829
17544,1
17545,0.9477680935219899
17546,0.739861762150983
17547,1
17548,1
17549,1
17550,1
17551,1
17552,1
17553,1
17554,1
17555,1
17556,0.8203918233858591
17557,1
17558,1
17559,0.8420099650314762
17560,0.6909226031781092
17561,1
17562,0.904909790571835
17563,1
17564,1
17565,1
17566,0.8725117072087348
17567,1
17568,1
17569,0.7935807105912942
17570,0.940068342329488
17571,1
17572,1
17573,1
17574,0.5903226494243273
17575,0.9286824806683505
17576,1
17577,1
17578,1
17579,1
17580,1
17581,1
17582,0.9451611771885942
17583,0.6837676302759544
17584,1
17585,1
17586,1
17587,1
17588,0.8164410652367279
17589,0.9145056910841085
17590,1
17591,0.9306932842742516
17592,1
17593,1
17594,0.8920200263502671
17595,0.9475417915521134
17596,1
17597,0.9070767345256623
17598,0.9027718805372111
17599,0.8256507155292795
17600,0.7830021632393166
17601,0.917881958283686
17602,1
17603,0.5684885367880653
17604,1
17605,0.5807666324975214
17606,1
17607,0.9431409506727659
17608,1
17609,1
17610,1
17611,1
17612,1
17613,0.8721412886476296
17614,1
17615,1
17616,1
17617,1
17618,0.8851506136369787
17619,0.886257648853439
17620,1
17621,1
17622,1
17623,1
17624,1
17625,1
17626,1
17627,0.9474363314527185
17628,1
17629,1
17630,0.9416144157772328
17631,1
17632,1
17633,1
17634,0.8114347339092929
17635,0.8354446154250535
17636,0.5751709267352403
17637,1
17638,1
17639,1
17640,0.940985622090839
17641,1
17642,1
17643,1
17644,1
17645,1
17646,1
17647,1
17648,1
17649,1
17650,1
17651,1
17652,1
17653,1
17654,1
17655,1
17656,1
17657,1
17658,0.8754849016166656
17659,1
17660,1
17661,1
17662,1
17663,1
17664,0.901970428461503
17665,1
17666,1
17667,1
17668,1
17669,1
17670,0.922828020764358
17671,1
17672,0.8737109033244497
17673,1
17674,1
17675,1
17676,1
17677,1
17678,0.8316725855959961
17679,0.7189461781030627
17680,1
17681,1
17682,1
17683,1
17684,1
17685,1
17686,0.9291016957825172
17687,1
17688,1
17689,1
17690,1
17691,1
17692,1
17693,0.8850529853924038
17694,0.8341936474459313
17695,1
17696,0.9256863679578011
17697,0.928230383370551
17698,1
17699,1
17700,1
17701,1
17702,0.9355991499788943
17703,1
17704,0.7881444983862737
17705,0.6849751873576586
17706,0.8406700438376994
17707,1
17708,1
17709,1
17710,1
17711,1
17712,1
17713,0.9312832999580569
17714,1
17715,1
17716,0.8429091869772488
17717,0.9245910927727548
17718,0.9206703014507543
17719,1
17720,0.9443899336954712
17721,1
17722,0.6900803912174807
17723,0.41933871260297145
17724,1
17725,1
17726,1
17727,1
17728,1
17729,1
17730,0.8397066515147226
17731,1
17732,1
17733,1
17734,1
17735,0.9437288537642058
17736,0.9035374275105416
17737,1
17738,1
17739,0.9454713351490203
17740,0.8920900982756428
17741,1
17742,0.5887683858793478
17743,0.9096093895941417
17744,1
17745,1
17746,1
17747,1
17748,1
17749,1
17750,1
17751,1
17752,0.9143030483780937
17753,1
17754,1
17755,0.7150191838183139
17756,1
17757,0.9321128485762344
17758,1
17759,1
17760,1
17761,0.7355499983209389
17762,1
17763,1
17764,1
17765,1
17766,1
17767,1
17768,1
17769,0.9277337136738866
17770,1
17771,1
17772,1
17773,0.8252486043651566
17774,1
17775,1
17776,0.6201210431207331
17777,1
17778,0.9112477782576216
17779,1
17780,1
17781,1
17782,1
17783,0.9461827461642972
17784,1
17785,1
17786,1
17787,1
17788,0.9185356824409848
17789,1
17790,1
17791,0.8698298224417176
17792,1
17793,1
17794,1
17795,1
17796,1
17797,1
17798,1
17799,1
17800,1
17801,1
17802,1
17803,1
17804,0.7214992820233079
17805,0.9361750369684214
17806,1
17807,1
17808,1
17809,1
17810,0.4687421681714064
17811,1
17812,0.7116640080477467
17813,1
17814,1
17815,1
17816,1
17817,1
17818,0.9418478562218912
17819,0.9461872256651912
17820,0.9408009037323513
17821,1
17822,0.5346093356455012
17823,0.9323545393670327
17824,1
17825,1
17826,1
17827,1
17828,1
17829,0.909756443056339
17830,1
17831,0.7715813095678454
17832,0.845895985126315
17833,1
17834,0.9261979063925491
17835,1
17836,1
17837,1
17838,0.9419854590570907
17839,1
17840,0.8951212301863988
17841,0.9239206498132211
17842,1
17843,0.9336882324382385
17844,0.8949101369281046
17845,1
17846,1
17847,1
17848,1
17849,1
17850,1
17851,0.8213975228400707
17852,1
17853,1
17854,0.863983563620274
17855,0.8969730134512891
17856,1
17857,1
17858,0.9296257721650556
17859,1
17860,1
17861,1
17862,1
17863,0.9399289296028905
17864,0.9458963376783878
17865,1
17866,1
17867,1
17868,1
17869,0.9155372214404649
17870,1
17871,1
17872,1
17873,1
17874,0.9328392660679358
17875,0.9403408454264661
17876,1
17877,1
17878,1
17879,1
17880,1
17881,1
17882,1
17883,1
17884,1
17885,1
17886,0.9388283542373463
17887,0.6402188647993152
17888,1
17889,0.7990733066669693
17890,1
17891,1
17892,1
17893,1
17894,0.7890524793927931
17895,1
17896,0.8036443979632395
17897,1
17898,1
17899,1
17900,1
17901,1
17902,1
17903,1
17904,1
17905,0.8805600634748492
17906,1
17907,1
17908,0.7980852340308832
17909,1
17910,1
17911,0.9138251788671885
17912,1
17913,1
17914,1
17915,1
17916,1
17917,0.5661633814401882
17918,1
17919,0.6683989470614431
17920,1
17921,1
17922,1
17923,1
17924,1
17925,0.8252486043651566
17926,1
17927,1
17928,1
17929,1
17930,1
17931,1
17932,1
17933,1
17934,1
17935,1
17936,0.9325833643002898
17937,1
17938,1
17939,1
17940,0.7567303935102666
17941,1
17942,1
17943,0.43711192388075387
17944,1
17945,1
17946,1
17947,1
17948,1
17949,0.8749119746364816
17950,0.9012218178949347
17951,0.9300319978547219
17952,1
17953,1
17954,1
17955,1
17956,1
17957,0.9253415158962265
17958,0.923836378176687
17959,1
17960,1
17961,1
17962,0.9421232932190896
17963,1
17964,1
17965,1
17966,1
17967,0.9020455969005793
17968,1
17969,0.9015033061961067
17970,1
17971,0.9369201378677059
17972,1
17973,1
17974,1
17975,1
17976,1
17977,1
17978,1
17979,0.857824355554204
17980,1
17981,1
17982,0.892432000357647
17983,1
17984,1
17985,1
17986,1
17987,1
17988,1
17989,1
17990,1
17991,0.9309005726247219
17992,1
17993,0.859153162604385
17994,0.8594022383028836
17995,0.811029312991726
17996,0.8729430046218168
17997,1
17998,1
17999,1
18000,1
18001,1
18002,1
18003,1
18004,0.8653922208145903
18005,1
18006,1
18007,0.9496680418389101
18008,1
18009,0.8543227799970277
18010,1
18011,0.9257502474892502
18012,0.9169106926822184
18013,1
18014,1
18015,0.9291091407032592
18016,0.4687421681714064
18017,1
18018,0.8495512933114234
18019,1
18020,0.8922372317950158
18021,1
18022,1
18023,1
18024,0.9239206498132211
18025,1
18026,1
18027,1
18028,1
18029,1
18030,1
18031,1
18032,1
18033,0.7616890072277939
18034,1
18035,0.8252486043651566
18036,1
18037,1
18038,1
18039,0.9357671107434063
18040,1
18041,1
18042,1
18043,1
18044,1
18045,0.9211423439807309
18046,1
18047,0.7881444983862737
18048,1
18049,1
18050,0.9228328600445447
18051,0.9278311420811084
18052,0.9195490337552908
18053,0.9215323715750302
18054,1
18055,1
18056,0.779667028383394
18057,1
18058,1
18059,1
18060,1
18061,1
18062,0.8290068527450524
18063,1
18064,1
18065,1
18066,1
18067,1
18068,0.8806051282901922
18069,1
18070,1
18071,1
18072,1
18073,1
18074,1
18075,1
18076,1
18077,1
18078,1
18079,0.8615767456252079
18080,1
18081,1
18082,1
18083,1
18084,1
18085,1
18086,0.89782596437162
18087,1
18088,1
18089,0.9469370944675497
18090,1
18091,0.8277107042237845
18092,0.9476292856921655
18093,0.9257025183512876
18094,1
18095,1
18096,1
18097,0.9490173560105407
18098,0.8439002124509091
18099,1
18100,1
18101,0.8872127990730349
18102,1
18103,0.8883844470354677
18104,0.9473162613061697
18105,0.9255541135579783
18106,1
18107,1
18108,0.7313647031617427
18109,0.9409606485065307
18110,1
18111,1
18112,1
18113,0.9442973972993116
18114,1
18115,1
18116,0.9396583189742831
18117,1
18118,1
18119,1
18120,0.9073547074642881
18121,1
18122,0.7895242165585602
18123,0.9112477782576216
18124,1
18125,1
18126,1
18127,1
18128,1
18129,1
18130,1
18131,0.9089355372529971
18132,1
18133,1
18134,1
18135,0.9415686754711713
18136,1
18137,0.9175154191923457
18138,1
18139,1
18140,1
18141,0.9070767345256623
18142,0.9138913479272602
18143,0.8089022161006845
18144,1
18145,1
18146,1
18147,1
18148,0.9246656258080268
18149,1
18150,1
18151,0.9068978923282279
18152,0.8231703563649282
18153,1
18154,1
18155,1
18156,1
18157,1
18158,0.3882749397364784
18159,1
18160,0.4658977566009267
18161,0.9155467671431937
18162,1
18163,1
18164,1
18165,1
18166,1
18167,0.48581060734352743
18168,0.40348442543165447
18169,1
18170,1
18171,1
18172,1
18173,1
18174,1
18175,1
18176,1
18177,1
18178,1
18179,1
18180,1
18181,0.7464029457547071
18182,0.6560108363136273
18183,0.7913573727952995
18184,1
18185,0.8152460142598674
18186,1
18187,1
18188,0.6828762022320933
18189,1
18190,0.9483304125528573
18191,0.8710303564240629
18192,1
18193,1
18194,0.9306701019507123
18195,1
18196,1
18197,0.7705084452655643
18198,1
18199,1
18200,0.9361466480920756
18201,1
18202,0.8809441655174993
18203,0.9331832591679291
18204,1
18205,1
18206,0.7457325951519538
18207,0.9330364790882467
18208,1
18209,0.9169926441559101
18210,1
18211,1
18212,1
18213,1
18214,0.9052446508159309
18215,1
18216,0.9453463198339901
18217,0.9106355101516979
18218,1
18219,1
18220,1
18221,1
18222,0.9435789758388196
18223,0.9312462691501873
18224,0.9179997809560522
18225,0.897290114290242
18226,1
18227,1
18228,1
18229,0.8252486043651566
18230,1
18231,1
18232,0.8709700520456767
18233,0.46492715523788775
18234,0.9424970321261513
18235,1
18236,0.9487884123112958
18237,1
18238,1
18239,0.9293202451783441
18240,1
18241,1
18242,0.6954331116535873
18243,1
18244,1
18245,1
18246,1
18247,1
18248,1
18249,1
18250,0.7654256549905445
18251,1
18252,1
18253,1
18254,0.9495885355232944
18255,1
18256,1
18257,0.6477709139622572
18258,1
18259,1
18260,1
18261,1
18262,1
18263,1
18264,1
18265,0.8582825642407415
18266,1
18267,1
18268,1
18269,1
18270,1
18271,1
18272,1
18273,1
18274,0.8500445249084877
18275,0.8253366106153629
18276,1
18277,1
18278,1
18279,1
18280,1
18281,1
18282,1
18283,1
18284,1
18285,1
18286,1
18287,1
18288,1
18289,1
18290,1
18291,1
18292,1
18293,0.9138251788671885
18294,0.8518026082276411
18295,1
18296,1
18297,0.8343014545541736
18298,1
18299,0.6547419043884276
18300,1
18301,1
18302,0.9263449013643182
18303,1
18304,1
18305,1
18306,0.8899175365179102
18307,0.7777781904336263
18308,0.8878511527290517
18309,0.9374446351361079
18310,1
18311,1
18312,1
18313,0.9021196108857901
18314,0.9414803402059879
18315,1
18316,1
18317,1
18318,1
18319,1
18320,0.7184303641031571
18321,1
18322,1
18323,0.9413714524497757
18324,1
18325,1
18326,1
18327,0.642312472228455
18328,1
18329,1
18330,1
18331,1
18332,0.8103829677755882
18333,0.9242206881377945
18334,1
18335,1
18336,1
18337,1
18338,1
18339,0.9089709472917822
18340,1
18341,1
18342,1
18343,0.9087337759109828
18344,1
18345,0.7807540256846006
18346,0.5741056946984279
18347,1
18348,1
18349,0.9402313794929033
18350,1
18351,0.9306812654626151
18352,0.9215323715750302
18353,0.8904285857143173
18354,0.9021196108857901
18355,1
18356,1
18357,1
18358,0.8968248906621554
18359,1
18360,1
18361,0.7103761156221248
18362,1
18363,0.9328989745712599
18364,1
18365,1
18366,1
18367,0.9184721440072384
18368,0.8950934004992761
18369,1
18370,1
18371,1
18372,1
18373,1
18374,0.838471607399014
18375,1
18376,1
18377,0.41933871260297145
18378,1
18379,0.9366821432543778
18380,0.9030632148202783
18381,1
18382,0.874939000723923
18383,1
18384,1
18385,0.9299936894823733
18386,1
18387,1
18388,1
18389,1
18390,1
18391,1
18392,0.7405271319326896
18393,1
18394,1
18395,1
18396,1
18397,1
18398,1
18399,0.8986083892316299
18400,0.899634775507069
18401,1
18402,1
18403,1
18404,0.7533687925096033
18405,1
18406,1
18407,1
18408,1
18409,0.7835957861836783
18410,1
18411,1
18412,1
18413,0.9461829203620334
18414,0.8472520771726301
18415,1
18416,1
18417,1
18418,0.9283560425739431
18419,0.8738813057822774
18420,1
18421,1
18422,1
18423,0.9415901641103567
18424,1
18425,1
18426,1
18427,1
18428,1
18429,1
18430,1
18431,1
18432,1
18433,0.7946941459137917
18434,0.8119713787395205
18435,0.9469295246931131
18436,0.859153162604385
18437,1
18438,0.5308244091984848
18439,1
18440,1
18441,1
18442,1
18443,1
18444,1
18445,1
18446,1
18447,1
18448,0.9331488314261505
18449,0.8288122313911674
18450,1
18451,0.9495192542705513
18452,0.9127638047684277
18453,1
18454,0.556580528024074
18455,1
18456,1
18457,1
18458,1
18459,0.5566427176043954
18460,0.9345770826501297
18461,1
18462,0.9435789758388196
18463,1
18464,1
18465,1
18466,1
18467,1
18468,0.8813505285524651
18469,1
18470,1
18471,1
18472,0.8290068527450524
18473,1
18474,0.9306932842742516
18475,0.6788786805611575
18476,0.7815775091891796
18477,1
18478,0.882158527037212
18479,1
18480,1
18481,1
18482,1
18483,0.94234413225797
18484,0.9034034789151919
18485,0.6311491214075992
18486,1
18487,0.9272789840644924
18488,1
18489,0.8261865247208536
18490,0.9446362400785946
18491,1
18492,1
18493,1
18494,1
18495,1
18496,1
18497,1
18498,1
18499,1
18500,1
18501,0.9114378215067468
18502,1
18503,1
18504,1
18505,1
18506,0.48581060734352743
18507,1
18508,1
18509,1
18510,0.9179500402100164
18511,0.3605218037384304
18512,0.6366133507233525
18513,1
18514,0.739861762150983
18515,1
18516,1
18517,1
18518,1
18519,0.9364857015932061
18520,1
18521,1
18522,1
18523,1
18524,1
18525,1
18526,0.8624915748549196
18527,0.9468012603520879
18528,1
18529,1
18530,0.9272955734242531
18531,1
18532,1
18533,1
18534,0.8119713787395205
18535,1
18536,1
18537,0.9280534504199632
18538,1
18539,1
18540,0.6426530272758765
18541,1
18542,1
18543,0.8252486043651566
18544,1
18545,1
18546,0.9306812654626151
18547,1
18548,0.8788134779137662
18549,0.8751686306138818
18550,0.9488594838302383
18551,1
18552,1
18553,0.9052446508159309
18554,1
18555,1
18556,1
18557,1
18558,0.943607275790696
18559,1
18560,1
18561,1
18562,0.8729175079231376
18563,1
18564,0.937316952726738
18565,1
18566,0.8261684963895092
18567,0.9413519856233561
18568,0.8982022873101642
18569,1
18570,1
18571,1
18572,1
18573,0.9448906194942178
18574,1
18575,1
18576,1
18577,1
18578,0.7355499983209389
18579,0.9488594838302383
18580,1
18581,1
18582,1
18583,1
18584,1
18585,1
18586,1
18587,0.884890161243079
18588,1
18589,1
18590,1
18591,1
18592,1
18593,1
18594,1
18595,0.9126624871207537
18596,0.6389796385383831
18597,1
18598,0.7514772789524309
18599,1
18600,1
18601,1
18602,1
18603,1
18604,0.9245918440197766
18605,0.556580528024074
18606,1
18607,0.7853832803513594
18608,0.9432508295578891
18609,1
18610,1
18611,1
18612,1
18613,1
18614,0.9315772154689684
18615,1
18616,0.9364857015932061
18617,1
18618,1
18619,1
18620,1
18621,0.9267044080809544
18622,0.9299937415175259
18623,0.7703960491327171
18624,0.9451611771885942
18625,1
18626,1
18627,1
18628,1
18629,1
18630,1
18631,1
18632,1
18633,1
18634,1
18635,1
18636,1
18637,1
18638,1
18639,1
18640,1
18641,0.8921204699964731
18642,0.9374446351361079
18643,1
18644,1
18645,1
18646,0.8020964759265654
18647,0.9360697880048222
18648,0.9257328060476462
18649,0.9250440373223081
18650,1
18651,1
18652,0.9465131338095212
18653,0.9174348678512202
18654,1
18655,1
18656,0.891898684167502
18657,0.9250776777581141
18658,0.893767483769846
18659,1
18660,1
18661,1
18662,1
18663,0.8774337196941421
18664,0.5689832759179239
18665,1
18666,0.859153162604385
18667,0.9412084348074229
18668,1
18669,1
18670,1
18671,0.9283869813022714
18672,1
18673,0.6402188647993152
18674,1
18675,1
18676,0.9277299489699422
18677,1
18678,1
18679,1
18680,0.813970317856339
18681,1
18682,1
18683,0.901953420418465
18684,1
18685,0.9081936669269067
18686,1
18687,1
18688,1
18689,0.7181543189881021
18690,1
18691,1
18692,1
18693,1
18694,1
18695,0.8370941743759251
18696,0.9373868987965925
18697,0.9034451588267591
18698,1
18699,1
18700,1
18701,1
18702,1
18703,1
18704,0.734299407419637
18705,1
18706,1
18707,1
18708,0.9181344919823539
18709,1
18710,1
18711,1
18712,1
18713,0.9248260325357376
18714,1
18715,1
18716,1
18717,1
18718,1
18719,1
18720,1
18721,1
18722,1
18723,1
18724,0.9191956873964556
18725,1
18726,0.9228328600445447
18727,0.8119713787395205
18728,1
18729,1
18730,1
18731,0.9382407195533322
18732,0.9427747133891285
18733,0.7459659019722052
18734,1
18735,1
18736,1
18737,1
18738,1
18739,1
18740,1
18741,1
18742,1
18743,1
18744,1
18745,0.9022057270196077
18746,0.8992859391806531
18747,1
18748,0.9477680935219899
18749,0.7751503886201565
18750,0.9330757917271754
18751,1
18752,1
18753,1
18754,1
18755,1
18756,0.6718661792442175
18757,1
18758,1
18759,1
18760,1
18761,1
18762,0.7208620636104993
18763,1
18764,0.8612301282775529
18765,1
18766,1
18767,0.8699792892674054
18768,1
18769,1
18770,1
18771,0.9062866481084015
18772,1
18773,0.9267044080809544
18774,1
18775,1
18776,0.8176059515889543
18777,0.9463671699882874
18778,1
18779,1
18780,1
18781,1
18782,1
18783,1
18784,1
18785,1
18786,0.9434576444247682
18787,0.9446596836493764
18788,1
18789,0.9499248453048607
18790,1
18791,1
18792,1
18793,1
18794,1
18795,1
18796,1
18797,1
18798,0.739861762150983
18799,0.638681456495009
18800,0.8943715139655499
18801,0.8897524347239743
18802,1
18803,1
18804,1
18805,1
18806,1
18807,0.5053906361605512
18808,0.7668098518101316
18809,1
18810,0.9257063312872021
18811,1
18812,0.9379792428018157
18813,0.9377288147826115
18814,1
18815,0.8366719202873468
18816,1
18817,1
18818,1
18819,1
18820,1
18821,0.8783096998420091
18822,0.9477680935219899
18823,0.32669273324763193
18824,0.8643620903183239
18825,1
18826,0.8410503628823836
18827,0.9388283542373463
18828,0.8899557363723468
18829,0.9277299489699422
18830,1
18831,1
18832,1
18833,1
18834,1
18835,1
18836,1
18837,0.841349162849954
18838,1
18839,1
18840,1
18841,1
18842,1
18843,1
18844,1
18845,1
18846,1
18847,1
18848,0.886257648853439
18849,1
18850,1
18851,0.8948748242834773
18852,1
18853,1
18854,1
18855,1
18856,1
18857,0.7095834620753245
18858,1
18859,1
18860,1
18861,1
18862,1
18863,0.6477709139622572
18864,1
18865,1
18866,1
18867,1
18868,1
18869,0.8378472168143621
18870,1
18871,0.9019083208131986
18872,1
18873,1
18874,1
18875,1
18876,1
18877,1
18878,1
18879,1
18880,0.40348442543165447
18881,1
18882,1
18883,1
18884,1
18885,1
18886,1
18887,0.7862049875427627
18888,1
18889,1
18890,0.9410714986408473
18891,1
18892,0.9154830759763407
18893,1
18894,1
18895,0.8260393255002496
18896,0.9311843105912583
18897,0.7189461781030627
18898,0.5399644388948595
18899,1
18900,1
18901,0.7103761156221248
18902,0.9328598031945263
18903,1
18904,1
18905,1
18906,1
18907,1
18908,1
18909,1
18910,1
18911,1
18912,0.9035374275105416
18913,1
18914,1
18915,0.4733592193110967
18916,0.7465122390856825
18917,1
18918,0.8723500218413908
18919,0.9446596836493764
18920,1
18921,0.9485600591786013
18922,1
18923,1
18924,1
18925,0.9202823428566493
18926,1
18927,0.8716869595752751
18928,1
18929,1
18930,1
18931,1
18932,1
18933,1
18934,1
18935,0.7298366224946445
18936,1
18937,1
18938,1
18939,1
18940,1
18941,1
18942,1
18943,0.9115954746995946
18944,1
18945,1
18946,1
18947,0.5749715388143952
18948,1
18949,1
18950,1
18951,1
18952,1
18953,0.8432174652485815
18954,1
18955,1
18956,0.9456063856652346
18957,1
18958,1
18959,1
18960,1
18961,1
18962,0.8141890293793711
18963,1
18964,0.8606340236357588
18965,1
18966,0.9089355372529971
18967,1
18968,1
18969,1
18970,1
18971,0.6758413648729557
18972,1
18973,1
18974,0.7366565360454321
18975,1
18976,1
18977,1
18978,1
18979,1
18980,1
18981,1
18982,1
18983,1
18984,1
18985,1
18986,1
18987,1
18988,0.8407657035793366
18989,1
18990,1
18991,0.8620917168244522
18992,0.79800646015166
18993,0.8266646310905738
18994,0.8910150942629695
18995,1
18996,0.8884423392616931
18997,0.9184721440072384
18998,1
18999,0.9052446508159309
19000,1
19001,0.8945537170553595
19002,1
19003,1
19004,1
19005,1
19006,1
19007,0.9270018563889924
19008,0.739861762150983
19009,1
19010,0.7355499983209389
19011,1
19012,0.9317188169897013
19013,0.9307067835431498
19014,1
19015,0.9010625280546356
19016,0.9270485302585791
19017,1
19018,1
19019,1
19020,1
19021,1
19022,0.859153162604385
19023,1
19024,1
19025,1
19026,1
19027,1
19028,0.9079359703257683
19029,1
19030,0.8962542973086055
19031,0.9366571597438681
19032,1
19033,0.9398732409913615
19034,1
19035,0.9321209260723063
19036,1
19037,1
19038,1
19039,0.9180328322308556
19040,1
19041,1
19042,0.9316623001626475
19043,1
19044,1
19045,0.7576811593857009
19046,1
19047,1
19048,1
19049,0.8721412886476296
19050,1
19051,1
19052,1
19053,1
19054,0.8828877267605751
19055,0.9366644411738034
19056,0.9277834986180862
19057,1
19058,0.8836723471895059
19059,1
19060,0.9397713918175277
19061,1
19062,0.9114228476321912
19063,1
19064,1
19065,1
19066,1
19067,0.9286707023577757
19068,0.9348285627418064
19069,1
19070,0.5585473518833919
19071,1
19072,1
19073,1
19074,1
19075,1
19076,1
19077,1
19078,0.8809307743242354
19079,1
19080,1
19081,0.9089355372529971
19082,0.808160192698001
19083,1
19084,1
19085,1
19086,1
19087,1
19088,0.9154046886183851
19089,1
19090,1
19091,0.9361442208573418
19092,0.928431335912552
19093,1
19094,1
19095,0.9209418869202461
19096,0.8884463617878837
19097,0.8780606351146301
19098,1
19099,1
19100,1
19101,1
19102,0.23052447833849996
19103,1
19104,1
19105,1
19106,1
19107,1
19108,1
19109,0.9483304125528573
19110,0.7464029457547071
19111,1
19112,1
19113,1
19114,1
19115,1
19116,1
19117,0.8785841328338048
19118,0.9007912865915441
19119,1
19120,0.7830021632393166
19121,1
19122,1
19123,1
19124,0.8184683193106489
19125,1
19126,1
19127,1
19128,0.8266646310905738
19129,1
19130,1
19131,1
19132,1
19133,1
19134,1
19135,1
19136,1
19137,1
19138,0.9344404533439871
19139,1
19140,1
19141,1
19142,0.9339915194273855
19143,1
19144,1
19145,1
19146,1
19147,1
19148,0.8589268568815304
19149,1
19150,1
19151,0.9418421413644424
19152,1
19153,1
19154,0.8553666350267249
19155,1
19156,0.9216858783482162
19157,0.9246627163650506
19158,1
19159,0.7184303641031571
19160,1
19161,1
19162,1
19163,0.618727462530646
19164,1
19165,1
19166,0.9383164148579588
19167,1
19168,1
19169,1
19170,0.9201367049110619
19171,0.46492715523788775
19172,0.8677187670486665
19173,0.9426338843746574
19174,1
19175,1
19176,1
19177,1
19178,1
19179,1
19180,1
19181,1
19182,0.8981494697437362
19183,0.923428961896409
19184,1
19185,1
19186,1
19187,1
19188,1
19189,1
19190,0.7023587422188795
19191,0.6462913215119093
19192,1
19193,1
19194,0.9181344919823539
19195,1
19196,1
19197,1
19198,1
19199,1
19200,1
19201,1
19202,1
19203,0.8856470387769595
19204,1
19205,0.8827558303248119
19206,1
19207,1
19208,1
19209,1
19210,1
19211,1
19212,1
19213,1
19214,0.9386632247379818
19215,1
19216,1
19217,0.8959752583563221
19218,1
19219,0.943140385413636
19220,0.8391581663476683
19221,1
19222,0.9421232932190896
19223,1
19224,1
19225,1
19226,1
19227,1
19228,1
19229,1
19230,1
19231,1
19232,0.9270266000533726
19233,1
19234,1
19235,1
19236,1
19237,1
19238,0.9465768295332959
19239,1
19240,1
19241,1
19242,1
19243,1
19244,1
19245,0.9408487341390286
19246,1
19247,0.7556668436185219
19248,1
19249,1
19250,1
19251,1
19252,1
19253,0.8591524040360149
19254,0.8873418492738513
19255,0.938297373468542
19256,1
19257,1
19258,0.920343913776366
19259,1
19260,0.9079359703257683
19261,1
19262,0.9070361946088906
19263,0.9469093003873272
19264,1
19265,1
19266,0.7783066815755565
19267,1
19268,0.4687421681714064
19269,1
19270,1
19271,1
19272,1
19273,1
19274,1
19275,1
19276,1
19277,1
19278,1
19279,1
19280,1
19281,1
19282,1
19283,0.8989598560664697
19284,0.929323165830888
19285,0.9303533511169996
19286,1
19287,0.8326025056202905
19288,1
19289,1
19290,1
19291,0.8055520835916185
19292,0.907570001940094
19293,1
19294,1
19295,1
19296,1
19297,0.6905761889900975
19298,1
19299,1
19300,0.8610766530272326
19301,1
19302,1
19303,1
19304,0.7900956261896251
19305,0.9373410080271836
19306,1
19307,1
19308,1
19309,0.6402188647993152
19310,1
19311,1
19312,1
19313,1
19314,1
19315,1
19316,1
19317,0.9007366828635411
19318,1
19319,1
19320,1
19321,1
19322,1
19323,1
19324,1
19325,0.9494899161407354
19326,0.40348442543165447
19327,0.49159007767286816
19328,0.9277337136738866
19329,1
19330,0.948240146845274
19331,1
19332,1
19333,1
19334,1
19335,1
19336,0.9267806391770644
19337,1
19338,0.7678748638216054
19339,1
19340,1
19341,0.9477680935219899
19342,1
19343,1
19344,0.6603494295915643
19345,1
19346,1
19347,1
19348,1
19349,1
19350,0.4583175445183536
19351,1
19352,0.8599612484178555
19353,1
19354,1
19355,1
19356,1
19357,0.8948748242834773
19358,0.9213141058210306
19359,1
19360,0.48581060734352743
19361,0.4733592193110967
19362,1
19363,0.8611819149124286
19364,1
19365,1
19366,1
19367,1
19368,0.600321024517991
19369,0.8834039792340058
19370,1
19371,1
19372,1
19373,0.7457325951519538
19374,1
19375,0.9288048427215077
19376,0.9455913626757255
19377,0.8245241419042719
19378,1
19379,1
19380,1
19381,1
19382,1
19383,1
19384,0.4472526516600766
19385,1
19386,0.92405077272594
19387,0.940143295141573
19388,0.948486838809995
19389,1
19390,1
19391,1
19392,1
19393,0.830526514700838
19394,1
19395,1
19396,1
19397,1
19398,1
19399,0.9445552084918952
19400,1
19401,1
19402,1
19403,1
19404,0.8875301895066384
19405,1
19406,1
19407,1
19408,1
19409,0.9488902800822753
19410,1
19411,0.9287441227318056
19412,0.9034034789151919
19413,1
19414,1
19415,1
19416,1
19417,1
19418,1
19419,1
19420,0.7018902158260939
19421,0.904244409824344
19422,1
19423,0.9398153022921484
19424,0.9227690341322294
19425,0.6723734137516002
19426,0.8691996370934788
19427,1
19428,1
19429,1
19430,1
19431,0.9111566874808064
19432,1
19433,0.9184794315063814
19434,0.9243638523700638
19435,1
19436,0.8302890185775087
19437,1
19438,0.9413065431818727
19439,0.9461827461642972
19440,1
19441,1
19442,1
19443,1
19444,0.9363023798130394
19445,1
19446,1
19447,1
19448,1
19449,1
19450,1
19451,0.8826315637089107
19452,1
19453,1
19454,1
19455,1
19456,1
19457,1
19458,1
19459,1
19460,0.8559182941490148
19461,0.9030848787100216
19462,0.8972638797797088
19463,1
19464,1
19465,1
19466,1
19467,0.8317286926289804
19468,1
19469,1
19470,0.9264600774296965
19471,1
19472,1
19473,1
19474,1
19475,1
19476,1
19477,0.9084482649015637
19478,0.9267312402364868
19479,1
19480,0.8997493675149364
19481,1
19482,1
19483,1
19484,1
19485,1
19486,1
19487,1
19488,1
19489,1
19490,1
19491,1
19492,1
19493,1
19494,0.7911640670694585
19495,1
19496,0.9307938750955077
19497,0.8902043634454327
19498,1
19499,1
19500,1
19501,1
19502,1
19503,1
19504,0.9133133005592553
19505,0.8378277470740976
19506,1
19507,1
19508,1
19509,0.86527701502602
19510,1
19511,1
19512,1
19513,1
19514,0.9014318587664245
19515,0.9288048427215077
19516,1
19517,1
19518,1
19519,1
19520,0.8104531647659629
19521,0.9092854154998246
19522,1
19523,0.9121749671516549
19524,1
19525,1
19526,0.9199216936600857
19527,0.9469295246931131
19528,0.9410714986408473
19529,0.853413764930696
19530,1
19531,1
19532,1
19533,1
19534,0.9170176413471876
19535,1
19536,0.8407051967408672
19537,1
19538,0.7939677466108631
19539,1
19540,1
19541,0.7439399618714353
19542,1
19543,1
19544,1
19545,1
19546,1
19547,1
19548,0.8185953308004068
19549,0.5566427176043954
19550,0.867213441250579
19551,1
19552,1
19553,1
19554,1
19555,0.9264667726042383
19556,1
19557,1
19558,1
19559,1
19560,1
19561,1
19562,1
19563,1
19564,1
19565,1
19566,0.7434623478220271
19567,1
19568,0.8695378383026698
19569,1
19570,0.8710303564240629
19571,1
19572,0.8803725544051043
19573,0.43715855216646254
19574,1
19575,0.7659133245339901
19576,1
19577,1
19578,1
19579,1
19580,0.7815775091891796
19581,1
19582,1
19583,1
19584,0.9307067835431498
19585,1
19586,1
19587,1
19588,1
19589,1
19590,1
19591,1
19592,1
19593,1
19594,1
19595,0.7953487173664069
19596,1
19597,0.23052447833849996
19598,1
19599,1
19600,1
19601,1
19602,1
19603,1
19604,0.8517616006816483
19605,0.9161636206974678
19606,1
19607,0.9069148188827277
19608,0.8277107042237845
19609,1
19610,1
19611,0.7920649144750631
19612,1
19613,1
19614,0.9258725057540612
19615,0.9452613101408723
19616,1
19617,1
19618,1
19619,0.9156772631609222
19620,0.7936209633129916
19621,1
19622,1
19623,1
19624,1
19625,1
19626,1
19627,1
19628,1
19629,1
19630,0.92464737033173094
19631,1
19632,1
19633,1
19634,1
19635,1
19636,1
19637,0.9478744456439363
19638,1
19639,0.8378277470740976
19640,1
19641,0.9469093003873272
19642,1
19643,1
19644,0.5036169668985562
19645,0.9189587392936734
19646,1
19647,0.8093613504746581
19648,1
19649,1
19650,1
19651,1
19652,1
19653,1
19654,0.8407051967408672
19655,1
19656,1
19657,1
19658,1
19659,1
19660,0.8665491482840314
19661,1
19662,1
19663,1
19664,1
19665,0.5112100145107132
19666,1
19667,1
19668,1
19669,1
19670,1
19671,1
19672,1
19673,1
19674,1
19675,1
19676,1
19677,1
19678,0.9454713351490203
19679,1
19680,0.8850260900889968
19681,1
19682,0.9455189849330404
19683,0.8969730134512891
19684,1
19685,0.8895220872342684
19686,1
19687,0.9269968704991156
19688,1
19689,0.7685837718097019
19690,0.8961945472939864
19691,0.9089355372529971
19692,1
19693,1
19694,1
19695,0.48438155093345076
19696,1
19697,0.7899405983591141
19698,1
19699,0.9379123064399748
19700,0.9255778730653943
19701,1
19702,1
19703,1
19704,1
19705,0.789873492704167
19706,1
19707,1
19708,0.8295230684388344
19709,1
19710,0.8805777640625735
19711,1
19712,1
19713,0.8930887368083581
19714,0.8384535437311011
19715,1
19716,0.7830021632393166
19717,1
19718,0.8962534096912014
19719,1
19720,0.9261742966423138
19721,1
19722,0.909114728419634
19723,1
19724,0.8219883461868499
19725,0.9174798651982092
19726,1
19727,1
19728,1
19729,1
19730,0.818916696871889
19731,0.5763208703366369
19732,1
19733,0.9399922247408788
19734,1
19735,1
19736,0.6402188647993152
19737,1
19738,1
19739,1
19740,1
19741,1
19742,1
19743,1
19744,1
19745,1
19746,0.937316952726738
19747,1
19748,1
19749,1
19750,1
19751,1
19752,0.7704754609641021
19753,1
19754,1
19755,0.5566427176043954
19756,0.7057601746404771
19757,0.8805599371836523
19758,1
19759,1
19760,1
19761,1
19762,0.9468481024793144
19763,0.9432361720568534
19764,1
19765,1
19766,1
19767,1
19768,1
19769,0.896999710707156
19770,1
19771,0.9139598034696145
19772,1
19773,1
19774,0.8252486043651566
19775,1
19776,0.9245910927727548
19777,1
19778,1
19779,1
19780,1
19781,1
19782,0.8055755876904325
19783,1
19784,1
19785,1
19786,1
19787,1
19788,0.945045737944897
19789,0.6138464422361856
19790,1
19791,1
19792,1
19793,0.9291016957825172
19794,0.9391759563570892
19795,1
19796,1
19797,0.9121664222499875
19798,0.43212583743517335
19799,0.7213364448676628
19800,1
19801,0.9150678796825341
19802,1
19803,1
19804,1
19805,1
19806,0.6513609656977166
19807,1
19808,0.8974850634800762
19809,0.9456835911164594
19810,1
19811,0.9153236099813388
19812,0.7475885745041796
19813,1
19814,1
19815,0.9404137876410557
19816,1
19817,1
19818,1
19819,1
19820,1
19821,1
19822,1
19823,1
19824,0.5253181271767782
19825,1
19826,1
19827,1
19828,0.8647056585996227
19829,1
19830,1
19831,0.930115599479368
19832,0.6997598497621232
19833,1
19834,0.937667575585846
19835,1
19836,0.8199009941916319
19837,1
19838,1
19839,1
19840,1
19841,1
19842,0.9320860724657953
19843,1
19844,1
19845,1
19846,1
19847,0.8271056086425121
19848,1
19849,0.8612301282775529
19850,0.8789740925675309
19851,1
19852,1
19853,0.9233000065631018
19854,1
19855,0.9080330445821052
19856,0.5986451929889223
19857,1
19858,0.8839718072362048
19859,1
19860,1
19861,1
19862,1
19863,0.904244409824344
19864,0.9136944189323178
19865,1
19866,1
19867,1
19868,0.8818754630977065
19869,0.8738758973133427
19870,1
19871,1
19872,1
19873,1
19874,1
19875,1
19876,0.9447097920479762
19877,1
19878,1
19879,1
19880,1
19881,1
19882,0.921820379800053
19883,1
19884,1
19885,0.922828020764358
19886,1
19887,1
19888,1
19889,1
19890,0.928739665961672
19891,1
19892,1
19893,1
19894,1
19895,0.9306932842742516
19896,1
19897,0.9459716561231809
19898,1
19899,0.9375398285120013
19900,1
19901,0.9401890826682293
19902,1
19903,1
19904,0.9156772631609222
19905,1
19906,1
19907,0.8634460331261602
19908,0.9290304013060272
19909,1
19910,1
19911,0.48581060734352743
19912,0.9245910927727548
19913,1
19914,1
19915,0.9261777551917272
19916,1
19917,1
19918,1
19919,0.5566427176043954
19920,0.938910433351806
19921,1
19922,1
19923,1
19924,1
19925,1
19926,1
19927,1
19928,1
19929,0.9443221580921055
19930,0.7837882254435005
19931,1
19932,1
19933,1
19934,1
19935,1
19936,1
19937,1
19938,1
19939,0.9122579712215334
19940,1
19941,1
19942,0.9215323715750302
19943,0.9248642408529426
19944,1
19945,1
19946,1
19947,0.8564087419019413
19948,1
19949,1
19950,0.717907252293772
19951,0.9371195439069555
19952,0.8530733669184845
19953,0.8666319644194317
19954,1
19955,1
19956,1
19957,1
19958,0.9199216936600857
19959,1
19960,0.9420820864777785
19961,0.9311392606184586
19962,1
19963,1
19964,1
19965,1
19966,1
19967,1
19968,0.895271037259049
19969,1
19970,1
19971,1
19972,1
19973,0.9108203340851173
19974,1
19975,1
19976,1
19977,0.9058890866238307
19978,0.9364857015932061
19979,0.4172022335303556
19980,0.928739665961672
19981,1
19982,1
19983,0.6909226031781092
19984,1
19985,1
19986,1
19987,1
19988,1
19989,1
19990,0.8994691759691539
19991,1
19992,1
19993,1
19994,0.8903973269939691
19995,1
19996,0.9455913626757255
19997,1
19998,1
19999,1
20000,1
20001,1
20002,1
20003,1
20004,1
20005,1
20006,1
20007,0.9420960340136623
20008,0.9230715112263457
20009,1
20010,1
20011,1
20012,1
20013,1
20014,1
20015,1
20016,0.6360620105238265
20017,1
20018,1
20019,1
20020,1
20021,1
20022,1
20023,0.9293356272633775
20024,1
20025,0.7517464307716359
20026,1
20027,1
20028,0.9477680935219899
20029,0.9404866371377198
20030,1
20031,1
20032,1
20033,1
20034,1
20035,0.9233846587727195
20036,1
20037,1
20038,1
20039,1
20040,0.9293202451783441
20041,0.8122595589318463
20042,0.9306932842742516
20043,1
20044,1
20045,1
20046,1
20047,0.7287634238421427
20048,1
20049,1
20050,0.8317467431924805
20051,1
20052,1
20053,1
20054,1
20055,1
20056,1
20057,0.7755706886138573
20058,1
20059,1
20060,1
20061,0.922828020764358
20062,0.9123457362058752
20063,1
20064,0.8135725123022947
20065,1
20066,1
20067,1
20068,1
20069,1
20070,1
20071,0.8805777640625735
20072,1
20073,0.9462151104053776
20074,1
20075,0.9476855667261989
20076,0.8611819149124286
20077,1
20078,0.9215323715750302
20079,1
20080,1
20081,0.9265949556839757
20082,0.8915262898193435
20083,1
20084,1
20085,1
20086,1
20087,1
20088,0.9494331222857347
20089,0.8759401378857128
20090,1
20091,1
20092,1
20093,0.9320292441067376
20094,1
20095,0.7385588213502712
20096,1
20097,1
20098,1
20099,1
20100,1
20101,1
20102,1
20103,1
20104,1
20105,1
20106,1
20107,1
20108,1
20109,1
20110,1
20111,1
20112,0.8937498320632298
20113,1
20114,0.8842327684276587
20115,0.8618062429583915
20116,1
20117,1
20118,0.8743400964784369
20119,1
20120,1
20121,1
20122,1
20123,1
20124,0.9406593726732287
20125,1
20126,0.8497218726516701
20127,0.8640692170338103
20128,1
20129,1
20130,1
20131,0.9391792425965498
20132,1
20133,1
20134,0.6209215777160144
20135,0.787855649301079
20136,1
20137,1
20138,1
20139,1
20140,1
20141,0.9404866371377198
20142,1
20143,1
20144,1
20145,0.9199942317030354
20146,0.8261944432671873
20147,1
20148,1
20149,0.9390532130794406
20150,0.8034443291368214
20151,1
20152,1
20153,1
20154,0.9472073692516118
20155,1
20156,0.8828877267605751
20157,1
20158,0.9334566613244393
20159,0.9208505846566599
20160,1
20161,1
20162,1
20163,0.575257093896499
20164,0.8924830620789354
20165,1
20166,1
20167,1
20168,1
20169,1
20170,0.9464809444475213
20171,1
20172,1
20173,1
20174,1
20175,1
20176,1
20177,1
20178,1
20179,0.904316711715793
20180,1
20181,1
20182,0.8982507752495051
20183,1
20184,1
20185,1
20186,1
20187,1
20188,1
20189,1
20190,1
20191,0.8709319488121839
20192,1
20193,1
20194,0.8948748242834773
20195,0.827090363030181
20196,0.8521369925652703
20197,1
20198,1
20199,1
20200,1
20201,0.901970428461503
20202,1
20203,1
20204,1
20205,1
20206,1
20207,1
20208,1
20209,1
20210,1
20211,0.9218808013163717
20212,0.9056042149276968
20213,1
20214,1
20215,1
20216,0.7250931945592004
20217,1
20218,1
20219,1
20220,0.7376728260811657
20221,1
20222,1
20223,0.92289198606328815
20224,1
20225,0.9060134201467216
20226,1
20227,1
20228,1
20229,1
20230,0.9386168285227403
20231,1
20232,0.9115899732178225
20233,0.8728926689760029
20234,1
20235,1
20236,1
20237,1
20238,1
20239,1
20240,0.803875707645425
20241,1
20242,1
20243,1
20244,1
20245,1
20246,1
20247,1
20248,0.6840429500000285
20249,1
20250,1
20251,0.9100927910517086
20252,1
20253,1
20254,1
20255,1
20256,1
20257,0.8873552097521066
20258,1
20259,1
20260,0.8770646974053866
20261,0.9306932842742516
20262,1
20263,1
20264,0.765821894891887
20265,1
20266,0.5547683561276758
20267,1
20268,0.9228328600445447
20269,1
20270,1
20271,0.940641594631175
20272,1
20273,0.9413219535701843
20274,1
20275,1
20276,0.793170659184894
20277,1
20278,0.8917727605036069
20279,1
20280,1
20281,1
20282,1
20283,1
20284,1
20285,1
20286,1
20287,0.9405687705037908
20288,0.6194708864877654
20289,1
20290,1
20291,0.9295985307626584
20292,1
20293,0.8977376597200343
20294,1
20295,0.7422972928164705
20296,1
20297,1
20298,0.9362628347476865
20299,1
20300,1
20301,1
20302,1
20303,1
20304,0.923428961896409
20305,1
20306,0.711887089540352
20307,0.9442973972993116
20308,1
20309,1
20310,1
20311,1
20312,0.9476055848941171
20313,1
20314,1
20315,1
20316,1
20317,1
20318,1
20319,1
20320,0.6860179017979116
20321,0.7326287149982157
20322,0.8373543266899189
20323,0.930115599479368
20324,1
20325,1
20326,0.8921204699964731
20327,1
20328,1
20329,1
20330,1
20331,0.9217934219296141
20332,0.8350995544597398
20333,1
20334,1
20335,1
20336,1
20337,0.8094261202956705
20338,1
20339,1
20340,1
20341,0.9072228347023459
20342,0.8619267777571056
20343,1
20344,1
20345,0.9381117726324996
20346,0.7599252120049518
20347,1
20348,1
20349,1
20350,1
20351,1
20352,1
20353,1
20354,1
20355,1
20356,1
20357,1
20358,0.9313155298622566
20359,1
20360,1
20361,1
20362,1
20363,1
20364,1
20365,1
20366,0.940641594631175
20367,1
20368,0.9079640778504128
20369,1
20370,1
20371,1
20372,1
20373,1
20374,1
20375,1
20376,1
20377,1
20378,1
20379,0.9089355372529971
20380,1
20381,1
20382,1
20383,1
20384,1
20385,1
20386,0.9388283542373463
20387,1
20388,1
20389,1
20390,1
20391,1
20392,1
20393,1
20394,0.9370927003656061
20395,1
20396,1
20397,0.504089490731127
20398,1
20399,1
20400,1
20401,0.8406700438376994
20402,0.947519999039355
20403,0.8767328394435501
20404,1
20405,1
20406,0.7777781904336263
20407,0.8970074333821519
20408,1
20409,1
20410,1
20411,0.8035359897991466
20412,1
20413,1
20414,1
20415,1
20416,0.7860615150061737
20417,0.8719348514261994
20418,1
20419,1
20420,1
20421,0.7137832767449894
20422,0.6859789504739141
20423,1
20424,1
20425,0.42785052677413477
20426,1
20427,1
20428,1
20429,1
20430,0.8751974423604865
20431,0.9456158804354416
20432,1
20433,1
20434,1
20435,1
20436,1
20437,1
20438,1
20439,1
20440,1
20441,0.9152366607799762
20442,1
20443,1
20444,1
20445,1
20446,1
20447,0.8184683193106489
20448,0.9408131414130139
20449,1
20450,1
20451,0.8479151302109091
20452,1
20453,1
20454,1
20455,0.8550291397470217
20456,1
20457,1
20458,1
20459,0.9342364570765402
20460,0.835182725249512
20461,0.9376041039366849
20462,0.8969730134512891
20463,1
20464,1
20465,1
20466,0.9442685921314865
20467,0.8090526286290156
20468,1
20469,1
20470,0.8332823504293485
20471,1
20472,1
20473,1
20474,1
20475,1
20476,1
20477,1
20478,0.8292330453525851
20479,1
20480,1
20481,1
20482,1
20483,1
20484,0.9129640308004239
20485,1
20486,0.9421236999782778
20487,1
20488,1
20489,0.9334966772599692
20490,1
20491,0.888280788326185
20492,0.9114228476321912
20493,0.9010955276547424
20494,0.8668912040988459
20495,1
20496,1
20497,1
20498,1
20499,1
20500,1
20501,0.9384507308531116
20502,0.5112100145107132
20503,1
20504,1
20505,0.9079359703257683
20506,0.9427747133891285
20507,1
20508,1
20509,1
20510,1
20511,1
20512,1
20513,0.9275215907284672
20514,1
20515,0.9016185685159321
20516,1
20517,0.9413821731943081
20518,1
20519,1
20520,1
20521,1
20522,0.9389483989386447
20523,1
20524,0.896689586038032
20525,1
20526,1
20527,1
20528,1
20529,1
20530,1
20531,1
20532,1
20533,0.9459709517364363
20534,1
20535,0.9274986291844657
20536,0.8253366106153629
20537,1
20538,1
20539,1
20540,0.8353386236133834
20541,1
20542,0.8862091803060234
20543,1
20544,1
20545,1
20546,1
20547,1
20548,0.937478938028711
20549,1
20550,1
20551,0.43711192388075387
20552,0.9278311420811084
20553,1
20554,1
20555,0.9162297956600731
20556,0.8982729594632521
20557,1
20558,1
20559,0.9490173560105407
20560,1
20561,0.9236774966922952
20562,0.9340002194380176
20563,1
20564,1
20565,0.9123381992214252
20566,1
20567,0.556580528024074
20568,1
20569,1
20570,1
20571,1
20572,1
20573,0.8570437501416658
20574,1
20575,1
20576,1
20577,1
20578,1
20579,1
20580,1
20581,1
20582,0.6848723232388448
20583,1
20584,0.7742766857750336
20585,1
20586,1
20587,1
20588,1
20589,0.6619160485382007
20590,1
20591,1
20592,0.8828877267605751
20593,1
20594,1
20595,1
20596,1
20597,1
20598,1
20599,1
20600,1
20601,1
20602,1
20603,1
20604,0.8495167195018302
20605,1
20606,1
20607,1
20608,1
20609,1
20610,1
20611,1
20612,0.8869874589589952
20613,1
20614,0.8713695370580299
20615,1
20616,1
20617,1
20618,1
20619,1
20620,1
20621,0.751803464299887
20622,0.6530872160542265
20623,0.8040336508397525
20624,0.8866302527845743
20625,0.9484303602876809
20626,1
20627,1
20628,1
20629,0.9461198398037757
20630,0.6366133507233525
20631,1
20632,1
20633,1
20634,1
20635,1
20636,0.9459312115502082
20637,1
20638,0.32669273324763193
20639,0.8396571391777409
20640,1
20641,0.9028430771302369
20642,1
20643,0.9362727220088655
20644,1
20645,0.6819427720367863
20646,1
20647,1
20648,1
20649,1
20650,1
20651,1
20652,1
20653,1
20654,0.8997738445296589
20655,1
20656,0.3256095317303176
20657,1
20658,1
20659,1
20660,0.9331007555325632
20661,1
20662,1
20663,0.7208620636104993
20664,1
20665,1
20666,0.8355806614459328
20667,0.8181073215149365
20668,1
20669,1
20670,1
20671,1
20672,1
20673,1
20674,1
20675,0.8862085431281506
20676,1
20677,0.938533520354635
20678,1
20679,1
20680,1
20681,1
20682,1
20683,1
20684,0.7724119490454683
20685,0.9398732409913615
20686,1
20687,1
20688,1
20689,1
20690,1
20691,1
20692,1
20693,1
20694,1
20695,1
20696,0.58000611327469
20697,1
20698,1
20699,0.7698869849102625
20700,1
20701,1
20702,1
20703,0.9446362400785946
20704,0.8709269579234991
20705,0.859153162604385
20706,1
20707,1
20708,0.88739195883504
20709,1
20710,1
20711,0.8921204699964731
20712,1
20713,1
20714,1
20715,1
20716,0.8566883823389988
20717,1
20718,0.6682571611322374
20719,1
20720,1
20721,1
20722,1
20723,0.8228045074798003
20724,0.590570667014169
20725,0.9366571597438681
20726,0.9095354660742183
20727,1
20728,0.8697393392474844
20729,1
20730,0.793170659184894
20731,0.6471989162354547
20732,0.8604133949319972
20733,0.9277834986180862
20734,0.7739012214850569
20735,1
20736,0.9277299489699422
20737,1
20738,1
20739,1
20740,0.6683989470614431
20741,1
20742,0.8676334294602396
20743,1
20744,1
20745,1
20746,1
20747,1
20748,1
20749,0.9438311988078991
20750,1
20751,1
20752,1
20753,0.9159066453974541
20754,1
20755,0.9233000065631018
20756,1
20757,0.8813514923173921
20758,0.8127061321226957
20759,0.9007486315989446
20760,0.9399406731202301
20761,1
20762,0.8977818223756795
20763,0.9443594563628764
20764,1
20765,1
20766,1
20767,1
20768,1
20769,0.8982507752495051
20770,1
20771,1
20772,1
20773,1
20774,1
20775,1
20776,1
20777,1
20778,1
20779,0.796997611978525
20780,1
20781,1
20782,1
20783,1
20784,1
20785,1
20786,0.8724907566183034
20787,1
20788,1
20789,1
20790,1
20791,1
20792,0.9440638292583822
20793,1
20794,1
20795,1
20796,0.9402678912581618
20797,1
20798,1
20799,1
20800,1
20801,1
20802,1
20803,1
20804,1
20805,1
20806,0.8089022161006845
20807,1
20808,0.9486432912514582
20809,1
20810,1
20811,0.49266168976316305
20812,0.8926053202140921
20813,0.9035374275105416
20814,1
20815,0.7286859529558236
20816,1
20817,1
20818,1
20819,0.9484303602876809
20820,1
20821,0.9089355372529971
20822,1
20823,1
20824,0.8255883514775968
20825,0.8229734464532413
20826,1
20827,1
20828,1
20829,1
20830,0.891898684167502
20831,1
20832,1
20833,1
20834,0.7313647031617427
20835,0.9129640308004239
20836,1
20837,1
20838,1
20839,0.9092854154998246
20840,1
20841,1
20842,0.9175154191923457
20843,1
20844,1
20845,1
20846,1
20847,1
20848,1
20849,1
20850,1
20851,1
20852,0.6402188647993152
20853,1
20854,1
20855,1
20856,1
20857,1
20858,1
20859,1
20860,1
20861,1
20862,1
20863,0.785391761489451
20864,1
20865,0.23052447833849996
20866,1
20867,0.921107535094404
20868,0.9315015167519457
20869,1
20870,1
20871,0.6045853917423206
20872,1
20873,0.9240675359207081
20874,1
20875,1
20876,1
20877,1
20878,0.9405486424503399
20879,1
20880,1
20881,1
20882,1
20883,1
20884,1
20885,1
20886,0.929418714538921
20887,1
20888,1
20889,1
20890,1
20891,0.8292432273550145
20892,1
20893,1
20894,1
20895,1
20896,1
20897,0.32669273324763193
20898,1
20899,1
20900,0.938297373468542
20901,1
20902,1
20903,1
20904,0.534727476084815
20905,1
20906,0.9440638292583822
20907,1
20908,0.9040355151084599
20909,1
20910,1
20911,1
20912,1
20913,0.5308244091984848
20914,1
20915,1
20916,1
20917,1
20918,1
20919,0.8729299677330642
20920,1
20921,1
20922,1
20923,1
20924,1
20925,0.7476978732338634
20926,1
20927,1
20928,1
20929,1
20930,1
20931,1
20932,1
20933,1
20934,0.9427540963519289
20935,1
20936,1
20937,1
20938,1
20939,1
20940,1
20941,1
20942,1
20943,1
20944,1
20945,0.8497218726516701
20946,1
20947,1
20948,1
20949,0.9455189849330404
20950,1
20951,1
20952,1
20953,0.6324005571693919
20954,0.9391210469896728
20955,1
20956,1
20957,0.7753399340106212
20958,1
20959,1
20960,1
20961,0.844590056313491
20962,1
20963,0.8680588285092925
20964,0.8450074261830955
20965,1
20966,1
20967,1
20968,1
20969,0.9306812654626151
20970,0.8977818223756795
20971,1
20972,1
20973,0.8943715139655499
20974,1
20975,1
20976,1
20977,1
20978,1
20979,1
20980,0.8164834350406015
20981,1
20982,1
20983,1
20984,1
20985,1
20986,1
20987,1
20988,1
20989,1
20990,1
20991,1
20992,0.9026265603346236
20993,1
20994,1
20995,0.9041129357306013
20996,1
20997,1
20998,1
20999,0.9007912865915441
21000,1
21001,1
21002,0.9383071471801464
21003,1
21004,0.9340134903174464
21005,1
21006,1
21007,1
21008,0.8851506136369787
21009,1
21010,1
21011,0.8914062534739564
21012,1
21013,1
21014,1
21015,1
21016,1
21017,1
21018,1
21019,1
21020,1
21021,1
21022,1
21023,1
21024,1
21025,1
21026,1
21027,1
21028,0.9494769462772322
21029,1
21030,1
21031,1
21032,1
21033,1
21034,0.8941516039291537
21035,0.880116106548262
21036,0.9035374275105416
21037,1
21038,1
21039,0.8994398001863231
21040,1
21041,1
21042,1
21043,1
21044,1
21045,1
21046,1
21047,1
21048,1
21049,1
21050,0.8647056585996227
21051,1
21052,1
21053,0.875884924315603
21054,1
21055,0.3633013097369536
21056,1
21057,0.8973492430239579
21058,0.9167799507377812
21059,0.9283009283703961
21060,1
21061,1
21062,1
21063,1
21064,1
21065,0.8398429090047489
21066,0.938910433351806
21067,1
21068,1
21069,1
21070,1
21071,1
21072,1
21073,1
21074,1
21075,0.6751017904966812
21076,1
21077,0.9129640308004239
21078,1
21079,1
21080,0.9427413477275214
21081,0.9412123073855782
21082,0.9401890826682293
21083,1
21084,0.835546172031628
21085,1
21086,1
21087,1
21088,1
21089,0.88697484471065835
21090,1
21091,1
21092,1
21093,0.9198623859718055
21094,1
21095,0.8277107042237845
21096,1
21097,1
21098,0.8738876340502547
21099,1
21100,0.9175154191923457
21101,1
21102,1
21103,1
21104,1
21105,1
21106,1
21107,1
21108,1
21109,0.9175154191923457
21110,1
21111,0.9210707036905329
21112,1
21113,1
21114,1
21115,1
21116,1
21117,1
21118,0.9214727373091264
21119,1
21120,1
21121,0.7171550488220934
21122,1
21123,0.8099500157708521
21124,1
21125,1
21126,0.8941629947950548
21127,1
21128,1
21129,1
21130,0.752090743913248
21131,0.9142472155266542
21132,1
21133,0.902684453275321
21134,1
21135,1
21136,1
21137,1
21138,1
21139,0.8666686923549322
21140,1
21141,1
21142,1
21143,1
21144,1
21145,1
21146,1
21147,0.5390987360461741
21148,0.8454850063754342
21149,0.9216858783482162
21150,0.9079359703257683
21151,1
21152,1
21153,0.9435789758388196
21154,1
21155,1
21156,0.8300048898738096
21157,0.9085784715608759
21158,0.9175460490025474
21159,0.8253366106153629
21160,1
21161,1
21162,0.8978889263179718
21163,1
21164,1
21165,0.6402188647993152
21166,1
21167,0.931080239378987
21168,1
21169,1
21170,1
21171,1
21172,1
21173,1
21174,0.9470221774348935
21175,0.8742849005624547
21176,1
21177,1
21178,1
21179,0.8987505735747688
21180,1
21181,0.9034984331985272
21182,1
21183,1
21184,1
21185,1
21186,0.8581768203266994
21187,0.40348442543165447
21188,1
21189,0.8428522795964396
21190,0.9384087464296692
21191,0.9104049201042614
21192,1
21193,1
21194,1
21195,1
21196,1
21197,0.9408487341390286
21198,1
21199,1
21200,1
21201,0.9306917575128298
21202,1
21203,1
21204,1
21205,0.8903463306531068
21206,1
21207,0.7360015705504729
21208,1
21209,0.9426279588337129
21210,1
21211,0.9374387776424157
21212,0.780846266002612
21213,1
21214,1
21215,1
21216,0.9206952702240252
21217,1
21218,1
21219,0.9223756290551421
21220,1
21221,1
21222,1
21223,1
21224,1
21225,0.7010366113364225
21226,1
21227,1
21228,1
21229,1
21230,1
21231,0.8740516905604686
21232,1
21233,1
21234,1
21235,1
21236,1
21237,0.9274233111256138
21238,1
21239,1
21240,1
21241,1
21242,1
21243,0.6195297332430518
21244,1
21245,0.7464029457547071
21246,0.9160114867472999
21247,0.8981013343675437
21248,1
21249,1
21250,0.36618855176299875
21251,0.8976592879628531
21252,1
21253,1
21254,1
21255,1
21256,0.9414803402059879
21257,0.6319700320234187
21258,1
21259,1
21260,0.9345770826501297
21261,1
21262,0.924903336613866
21263,1
21264,1
21265,1
21266,1
21267,1
21268,1
21269,1
21270,1
21271,1
21272,1
21273,0.9179054623526871
21274,0.9092718328589432
21275,1
21276,1
21277,1
21278,1
21279,1
21280,1
21281,1
21282,1
21283,0.9239575532908726
21284,1
21285,1
21286,0.8187637967468744
21287,1
21288,1
21289,1
21290,0.7714306724214673
21291,1
21292,1
21293,1
21294,1
21295,1
21296,1
21297,0.9240070759589464
21298,1
21299,1
21300,1
21301,1
21302,0.931959231646448
21303,0.6530872160542265
21304,1
21305,1
21306,0.9186174400412287
21307,0.9407059476473572
21308,1
21309,1
21310,0.9035374275105416
21311,1
21312,1
21313,1
21314,1
21315,1
21316,1
21317,0.9175154191923457
21318,1
21319,1
21320,1
21321,1
21322,1
21323,0.8055755876904325
21324,0.6295098660668679
21325,1
21326,1
21327,0.8398429090047489
21328,1
21329,1
21330,1
21331,0.9031445084478373
21332,0.8252486043651566
21333,1
21334,1
21335,1
21336,0.7250931945592004
21337,0.8710303564240629
21338,1
21339,1
21340,1
21341,1
21342,1
21343,1
21344,1
21345,0.890862397486676
21346,1
21347,0.9465966049186512
21348,1
21349,1
21350,1
21351,1
21352,1
21353,1
21354,1
21355,0.9330987686127444
21356,1
21357,1
21358,1
21359,0.9052114738163799
21360,0.8948586491312607
21361,1
21362,0.9213807423725205
21363,1
21364,1
21365,1
21366,1
21367,0.894205886524398
21368,1
21369,0.8069130099879099
21370,0.8409670374744758
21371,1
21372,1
21373,1
21374,1
21375,1
21376,1
21377,1
21378,0.8892634928305359
21379,1
21380,0.49266168976316305
21381,1
21382,0.9358027625875561
21383,1
21384,0.7525869596589527
21385,1
21386,1
21387,1
21388,1
21389,1
21390,0.8507821466843283
21391,0.9476160676898848
21392,1
21393,0.9419186014895226
21394,1
21395,1
21396,1
21397,1
21398,1
21399,1
21400,0.8588138752212544
21401,1
21402,0.880257464777991
21403,0.5670463004770423
21404,0.6950959389092973
21405,1
21406,1
21407,1
21408,1
21409,1
21410,1
21411,1
21412,0.8261944432671873
21413,1
21414,1
21415,1
21416,1
21417,1
21418,1
21419,1
21420,1
21421,1
21422,1
21423,1
21424,1
21425,1
21426,0.871076205734095
21427,0.8559182941490148
21428,1
21429,0.8252486043651566
21430,0.6113404801264355
21431,1
21432,1
21433,1
21434,0.928739665961672
21435,1
21436,0.8934205062920172
21437,1
21438,1
21439,1
21440,1
21441,1
21442,1
21443,1
21444,0.8395145717841233
21445,1
21446,1
21447,1
21448,1
21449,1
21450,1
21451,1
21452,1
21453,1
21454,1
21455,0.7685837718097019
21456,1
21457,1
21458,1
21459,1
21460,1
21461,0.9384623422389315
21462,1
21463,1
21464,0.9280534504199632
21465,0.891898684167502
21466,0.9444969539383671
21467,0.8552036562485079
21468,1
21469,1
21470,1
21471,1
21472,0.8174942858899256
21473,0.9441411481151567
21474,1
21475,1
21476,1
21477,1
21478,1
21479,1
21480,1
21481,0.815451500635205
21482,1
21483,0.9119537889032485
21484,1
21485,1
21486,1
21487,1
21488,1
21489,1
21490,0.5390399031354046
21491,0.9082711305849652
21492,0.9464214658161445
21493,1
21494,0.9385634755751057
21495,1
21496,1
21497,1
21498,0.936830916842584
21499,1
21500,0.8317286926289804
21501,1
21502,0.7189461781030627
21503,0.7412299594689025
21504,1
21505,1
21506,1
21507,1
21508,1
21509,1
21510,1
21511,1
21512,1
21513,1
21514,1
21515,0.9476931980541943
21516,0.8909723245320121
21517,1
21518,1
21519,0.9185873532887621
21520,0.902684453275321
21521,1
21522,0.4172022335303556
21523,0.7881444983862737
21524,1
21525,1
21526,1
21527,1
21528,1
21529,1
21530,1
21531,1
21532,0.7415756436478007
21533,1
21534,1
21535,1
21536,1
21537,0.9454713351490203
21538,0.5329660658297437
21539,1
21540,1
21541,1
21542,1
21543,0.9164505867039797
21544,1
21545,0.8087480710633188
21546,1
21547,1
21548,1
21549,1
21550,1
21551,1
21552,0.9177030817422354
21553,1
21554,1
21555,0.8126797609892729
21556,1
21557,0.5141423128894244
21558,0.8916051604109223
21559,1
21560,1
21561,1
21562,0.8518026082276411
21563,1
21564,1
21565,0.845895985126315
21566,1
21567,0.9276757817703137
21568,1
21569,1
21570,0.7870748123029186
21571,1
21572,1
21573,1
21574,0.6925699554887511
21575,1
21576,1
21577,0.9131248963644072
21578,1
21579,0.8790522524051417
21580,0.8938670999677354
21581,1
21582,0.7476349351919641
21583,0.7192353054438094
21584,1
21585,0.9265516051269767
21586,1
21587,1
21588,1
21589,1
21590,1
21591,0.9413793155292451
21592,0.9420960340136623
21593,1
21594,0.923428961896409
21595,1
21596,1
21597,1
21598,0.9007470882487929
21599,0.8561262704912064
21600,0.8233327761749418
21601,0.9355777410202721
21602,0.8800452448328852
21603,0.9277834986180862
21604,1
21605,0.7508411072938451
21606,1
21607,1
21608,1
21609,1
21610,0.8983550246156369
21611,0.6402188647993152
21612,1
21613,1
21614,1
21615,1
21616,1
21617,1
21618,1
21619,1
21620,1
21621,1
21622,1
21623,1
21624,1
21625,1
21626,1
21627,1
21628,1
21629,1
21630,1
21631,1
21632,1
21633,1
21634,1
21635,1
21636,0.8828877267605751
21637,1
21638,1
21639,1
21640,1
21641,0.9421232932190896
21642,0.9109558495083835
21643,0.8591524040360149
21644,1
21645,1
21646,0.9214516234164303
21647,0.8483608560165212
21648,1
21649,1
21650,0.8710303564240629
21651,0.8252486043651566
21652,1
21653,0.927466901192145
21654,0.9396088661509697
21655,1
21656,1
21657,0.8266928303942126
21658,0.9138251788671885
21659,1
21660,1
21661,1
21662,1
21663,0.754936386401917
21664,1
21665,1
21666,1
21667,0.9328392660679358
21668,1
21669,0.7150191838183139
21670,1
21671,1
21672,1
21673,1
21674,0.8044022144372784
21675,0.9257063312872021
21676,1
21677,1
21678,1
21679,0.8953192204051412
21680,1
21681,1
21682,1
21683,1
21684,1
21685,1
21686,0.8819427623509922
21687,1
21688,1
21689,1
21690,1
21691,1
21692,1
21693,1
21694,1
21695,1
21696,1
21697,1
21698,1
21699,1
21700,1
21701,1
21702,0.9432537220093709
21703,1
21704,1
21705,1
21706,1
21707,1
21708,0.818071615683136
21709,0.9374446351361079
21710,1
21711,0.948087649048696
21712,1
21713,1
21714,1
21715,0.9032281956419094
21716,1
21717,1
21718,1
21719,1
21720,0.9427413477275214
21721,0.9427540963519289
21722,0.9184721440072384
21723,1
21724,1
21725,1
21726,0.9133133005592553
21727,1
21728,1
21729,1
21730,1
21731,1
21732,1
21733,1
21734,0.9425470482927877
21735,1
21736,1
21737,1
21738,1
21739,1
21740,1
21741,0.8666319644194317
21742,1
21743,0.9446596836493764
21744,0.840147326793636
21745,1
21746,1
21747,1
21748,1
21749,1
21750,0.932059092433023
21751,1
21752,1
21753,1
21754,1
21755,1
21756,1
21757,0.3605218037384304
21758,1
21759,1
21760,0.8892297153049051
21761,1
21762,1
21763,1
21764,1
21765,0.8721958197854451
21766,1
21767,1
21768,0.9253704006463936
21769,1
21770,0.9375143832500618
21771,1
21772,1
21773,0.9092918874618543
21774,0.9350653343089449
21775,0.9469179362207603
21776,1
21777,0.9111276596435033
21778,1
21779,1
21780,1
21781,1
21782,1
21783,1
21784,0.9427413477275214
21785,1
21786,1
21787,1
21788,1
21789,1
21790,1
21791,1
21792,1
21793,1
21794,0.6402188647993152
21795,1
21796,1
21797,1
21798,1
21799,1
21800,1
21801,1
21802,0.7535762628984822
21803,1
21804,1
21805,0.9229683646979021
21806,1
21807,1
21808,0.861697507631403
21809,1
21810,0.9034451588267591
21811,1
21812,1
21813,0.9490305356347224
21814,1
21815,1
21816,0.843497548739941
21817,1
21818,0.8089022161006845
21819,1
21820,0.8409670374744758
21821,1
21822,1
21823,1
21824,1
21825,1
21826,1
21827,1
21828,1
21829,1
21830,1
21831,0.7899405983591141
21832,1
21833,1
21834,1
21835,0.820992297651773
21836,1
21837,1
21838,1
21839,1
21840,1
21841,1
21842,0.9352346883506606
21843,0.8258449847444669
21844,0.8949101369281046
21845,1
21846,1
21847,1
21848,1
21849,1
21850,1
21851,1
21852,0.923428961896409
21853,1
21854,1
21855,0.8418857184620654
21856,1
21857,1
21858,1
21859,0.9456013997200132
21860,1
21861,1
21862,1
21863,1
21864,1
21865,0.9236370030806264
21866,1
21867,1
21868,1
21869,1
21870,1
21871,1
21872,0.9288048427215077
21873,1
21874,0.9089355372529971
21875,0.9494325918064721
21876,1
21877,1
21878,1
21879,1
21880,0.8406318254379563
21881,1
21882,0.916475867770431
21883,1
21884,1
21885,1
21886,1
21887,1
21888,0.46492715523788775
21889,0.8365625554210696
21890,1
21891,1
21892,1
21893,0.9301039658342185
21894,1
21895,1
21896,1
21897,1
21898,1
21899,1
21900,1
21901,0.8252486043651566
21902,0.4733592193110967
21903,0.909174685343395
21904,0.9177658293921904
21905,0.6501745667971865
21906,1
21907,1
21908,0.7023587422188795
21909,1
21910,1
21911,1
21912,1
21913,1
21914,1
21915,1
21916,1
21917,1
21918,1
21919,1
21920,1
21921,0.9152366607799762
21922,1
21923,0.7189461781030627
21924,0.9202966171677182
21925,1
21926,0.9477884695308526
21927,0.850749271455558
21928,0.9077774757695657
21929,1
21930,1
21931,1
21932,1
21933,0.8918427876754854
21934,0.824498436488314
21935,0.8913662862223843
21936,0.9197299403515166
21937,1
21938,0.8590067411487295
21939,0.8157292009451048
21940,0.9410714986408473
21941,1
21942,1
21943,0.8719700332180149
21944,1
21945,1
21946,1
21947,1
21948,1
21949,1
21950,0.8395145717841233
21951,1
21952,1
21953,0.8409670374744758
21954,1
21955,0.8953244525350268
21956,0.9178378098556678
21957,1
21958,1
21959,1
21960,1
21961,0.9360158603278719
21962,1
21963,0.9456622691148581
21964,0.9405201533886417
21965,0.9415901641103567
21966,1
21967,1
21968,1
21969,1
21970,1
21971,0.9272991934711537
21972,0.9280122277986517
21973,1
21974,1
21975,1
21976,1
21977,0.9203500842232153
21978,1
21979,1
21980,1
21981,0.604418380039291
21982,0.534727476084815
21983,1
21984,1
21985,0.8087068810643574
21986,1
21987,1
21988,1
21989,0.9440323719522248
21990,0.8916051604109223
21991,0.8892865925120367
21992,1
21993,1
21994,1
21995,1
21996,1
21997,0.7840088215601726
21998,0.8709246833801864
21999,0.9408526469586291
22000,1
22001,0.885601557662235
22002,0.7116640080477467
22003,1
22004,1
22005,0.9427747133891285
22006,1
22007,0.8418359281105718
22008,1
22009,0.8460265296989792
22010,1
22011,1
22012,0.9444635530683774
22013,1
22014,0.9421541117751779
22015,0.9364857015932061
22016,1
22017,1
22018,0.9014539165443114
22019,1
22020,1
22021,1
22022,1
22023,1
22024,1
22025,1
22026,1
22027,1
22028,1
22029,0.8707843394138295
22030,1
22031,1
22032,0.7116640080477467
22033,0.9485071254301646
22034,0.9059244874043058
22035,1
22036,1
22037,1
22038,1
22039,0.9405072208665005
22040,1
22041,1
22042,1
22043,1
22044,0.8677818900811538
22045,1
22046,0.94234413225797
22047,0.741285759110065
22048,1
22049,1
22050,0.7904104952188592
22051,1
22052,1
22053,1
22054,1
22055,1
22056,1
22057,1
22058,1
22059,0.865342993871003
22060,0.8288122313911674
22061,1
22062,0.9175460490025474
22063,1
22064,0.909253006707169
22065,0.8135725123022947
22066,1
22067,0.8204991734218284
22068,1
22069,0.9254701955250909
22070,0.9202966171677182
22071,0.9039476453172972
22072,1
22073,1
22074,1
22075,1
22076,1
22077,1
22078,1
22079,0.48581060734352743
22080,1
22081,1
22082,1
22083,1
22084,1
22085,0.5053906361605512
22086,1
22087,0.8308521213184289
22088,1
22089,1
22090,1
22091,1
22092,1
22093,0.8615767456252079
22094,1
22095,0.9072032309899698
22096,1
22097,1
22098,1
22099,0.9193834924623656
22100,1
22101,1
22102,1
22103,1
22104,1
22105,1
22106,1
22107,0.9455189849330404
22108,1
22109,1
22110,1
22111,1
22112,0.9493418780884667
22113,1
22114,1
22115,1
22116,1
22117,1
22118,1
22119,1
22120,1
22121,1
22122,0.8857121667728345
22123,1
22124,0.9022141566136352
22125,0.6402188647993152
22126,1
22127,0.9229659860150243
22128,1
22129,1
22130,1
22131,1
22132,1
22133,0.9105583564344366
22134,1
22135,1
22136,1
22137,1
22138,1
22139,0.6734389509459714
22140,1
22141,1
22142,0.911196479321339
22143,0.9169513320089033
22144,0.9236774966922952
22145,1
22146,1
22147,1
22148,1
22149,0.7517464307716359
22150,0.9497095290968539
22151,1
22152,0.8876500194230603
22153,1
22154,1
22155,1
22156,1
22157,1
22158,1
22159,1
22160,1
22161,1
22162,1
22163,1
22164,1
22165,1
22166,1
22167,1
22168,1
22169,1
22170,0.9446362400785946
22171,1
22172,1
22173,0.9408924083439206
22174,0.94316053097027
22175,1
22176,0.9454713351490203
22177,1
22178,1
22179,1
22180,1
22181,1
22182,1
22183,0.9331488314261505
22184,1
22185,1
22186,1
22187,1
22188,1
22189,1
22190,1
22191,1
22192,1
22193,1
22194,1
22195,1
22196,1
22197,1
22198,1
22199,1
22200,1
22201,1
22202,1
22203,1
22204,0.9193769758252597
22205,1
22206,1
22207,0.9437288537642058
22208,1
22209,0.8944310638914353
22210,0.9041679339894103
22211,1
22212,0.9306932842742516
22213,1
22214,0.766697833446547
22215,1
22216,1
22217,1
22218,1
22219,1
22220,1
22221,0.9018484790962539
22222,1
22223,0.9441411481151567
22224,1
22225,1
22226,1
22227,1
22228,1
22229,1
22230,1
22231,1
22232,0.9126125429233543
22233,0.888280788326185
22234,1
22235,1
22236,1
22237,0.9208475124672418
22238,1
22239,0.8539617330934094
22240,1
22241,1
22242,1
22243,1
22244,1
22245,1
22246,0.9444619201926845
22247,0.8336848463913432
22248,1
22249,1
22250,1
22251,1
22252,1
22253,0.9357523730487166
22254,1
22255,0.8930887368083581
22256,0.4172022335303556
22257,1
22258,1
22259,1
22260,1
22261,0.6426299117695728
22262,0.9396137449824556
22263,1
22264,0.921820379800053
22265,1
22266,1
22267,1
22268,0.9307182050825131
22269,1
22270,0.9282164981700963
22271,0.8056180285972905
22272,1
22273,0.9412671303451119
22274,0.9119030711782298
22275,1
22276,1
22277,1
22278,0.929867184825194
22279,0.7584481474226901
22280,1
22281,1
22282,1
22283,1
22284,0.904244409824344
22285,1
22286,1
22287,1
22288,1
22289,0.6075763964115368
22290,1
22291,0.911933432600174
22292,1
22293,1
22294,1
22295,1
22296,1
22297,0.8564548874221499
22298,1
22299,1
22300,1
22301,0.9415776553880203
22302,0.8974882139427417
22303,1
22304,1
22305,0.7359597029918549
22306,1
22307,0.9238310650123608
22308,1
22309,1
22310,1
22311,1
22312,0.9030420423626414
22313,1
22314,1
22315,0.6544130417692864
22316,1
22317,1
22318,0.8615767456252079
22319,1
22320,1
22321,1
22322,1
22323,1
22324,0.9123457362058752
22325,1
22326,1
22327,0.8892536711102864
22328,1
22329,1
22330,1
22331,0.9382407195533322
22332,0.9132220749078225
22333,1
22334,1
22335,0.9288048427215077
22336,1
22337,1
22338,1
22339,0.9129640308004239
22340,1
22341,1
22342,1
22343,1
22344,1
22345,0.9431024459115075
22346,1
22347,0.89894669504046
22348,1
22349,1
22350,1
22351,1
22352,1
22353,1
22354,0.9425730762260398
22355,0.9359589680499679
22356,1
22357,1
22358,1
22359,1
22360,1
22361,0.9239605621286353
22362,1
22363,1
22364,1
22365,0.9453485089361318
22366,1
22367,1
22368,0.6439431399747054
22369,1
22370,0.911933432600174
22371,0.8257259440691833
22372,0.8813420092404852
22373,1
22374,1
22375,1
22376,0.6299209476625592
22377,1
22378,1
22379,0.9008118407075524
22380,1
22381,0.8910428281310803
22382,0.7998183342887871
22383,0.9092854154998246
22384,1
22385,1
22386,1
22387,0.9457519130431458
22388,1
22389,1
22390,1
22391,0.8898017982306757
22392,1
22393,1
22394,0.8954229628589107
22395,1
22396,1
22397,0.8835645878001999
22398,1
22399,1
22400,1
22401,1
22402,1
22403,1
22404,1
22405,1
22406,1
22407,1
22408,1
22409,0.9381454394262722
22410,0.9163588292849086
22411,1
22412,1
22413,0.941872631712702
22414,1
22415,1
22416,1
22417,0.8425421871376471
22418,1
22419,1
22420,1
22421,0.49159007767286816
22422,1
22423,1
22424,1
22425,0.8920900982756428
22426,1
22427,1
22428,1
22429,1
22430,1
22431,1
22432,1
22433,1
22434,0.8574343455386141
22435,0.7023587422188795
22436,0.9443654004566929
22437,0.9228328600445447
22438,1
22439,1
22440,1
22441,1
22442,1
22443,1
22444,1
22445,1
22446,1
22447,0.6933250490587677
22448,1
22449,0.9100519745633643
22450,1
22451,1
22452,1
22453,0.6360620105238265
22454,1
22455,0.9191805695576338
22456,1
22457,1
22458,0.8462588682768729
22459,1
22460,1
22461,0.9424935891653574
22462,0.911235100305554
22463,1
22464,1
22465,1
22466,0.7305079403219075
22467,1
22468,1
22469,1
22470,1
22471,1
22472,0.6231631061823448
22473,1
22474,1
22475,0.9453463198339901
22476,0.9457289809277151
22477,0.929418714538921
22478,1
22479,1
22480,1
22481,1
22482,1
22483,1
22484,1
22485,1
22486,1
22487,0.9293202451783441
22488,0.7497153607905641
22489,0.7907973576969849
22490,1
22491,0.9293202451783441
22492,0.8495512933114234
22493,1
22494,1
22495,0.8821723075288975
22496,1
22497,0.7906949219470639
22498,1
22499,1
22500,1
22501,0.9461827461642972
22502,1
22503,1
22504,1
22505,1
22506,1
22507,0.8936110804047225
22508,1
22509,1
22510,1
22511,1
22512,0.8199009941916319
22513,1
22514,1
22515,1
22516,1
22517,1
22518,1
22519,0.9429584464852484
22520,0.8398631155669594
22521,1
22522,1
22523,1
22524,1
22525,0.9459773153976968
22526,0.9446362400785946
22527,1
22528,1
22529,1
22530,1
22531,0.8266646310905738
22532,0.9427540963519289
22533,1
22534,1
22535,1
22536,1
22537,1
22538,1
22539,1
22540,1
22541,0.906047855488915
22542,1
22543,1
22544,1
22545,1
22546,0.32669273324763193
22547,1
22548,1
22549,0.9213500335599892
22550,0.7679821261257732
22551,1
22552,1
22553,1
22554,1
22555,0.8667322948884967
22556,1
22557,1
22558,1
22559,1
22560,1
22561,1
22562,1
22563,0.7195490620202493
22564,0.9373194172970979
22565,1
22566,1
22567,1
22568,1
22569,0.8712302230197158
22570,1
22571,1
22572,1
22573,0.8564548874221499
22574,0.93622839264172375
22575,1
22576,0.93622839264172375
22577,0.9189546720264419
22578,1
22579,0.9382180366335696
22580,0.8854478462772584
22581,1
22582,1
22583,0.9175460490025474
22584,1
22585,0.7881444983862737
22586,1
22587,1
22588,1
22589,0.9359589680499679
22590,1
22591,0.8783096998420091
22592,0.9350440466145278
22593,1
22594,0.8653922208145903
22595,1
22596,0.9069148188827277
22597,0.9358276409285594
22598,1
22599,0.940403991119868
22600,1
22601,1
22602,1
22603,1
22604,0.8470194026574986
22605,0.8904458413711658
22606,1
22607,1
22608,0.9425594789485997
22609,1
22610,1
22611,1
22612,1
22613,1
22614,0.6045853917423206
22615,0.7096366307819602
22616,1
22617,0.8430917372106829
22618,1
22619,1
22620,1
22621,0.9424003498389045
22622,1
22623,1
22624,1
22625,1
22626,1
22627,0.9454713351490203
22628,1
22629,1
22630,0.9461872256651912
22631,1
22632,1
22633,1
22634,1
22635,1
22636,1
22637,1
22638,1
22639,1
22640,0.5670463004770423
22641,1
22642,1
22643,0.9181344919823539
22644,1
22645,1
22646,0.8815531310639219
22647,1
22648,1
22649,1
22650,1
22651,1
22652,1
22653,1
22654,1
22655,0.9243634253559843
22656,0.7103761156221248
22657,1
22658,0.9499823175726941
22659,1
22660,1
22661,1
22662,1
22663,0.8921204699964731
22664,1
22665,0.7704754609641021
22666,1
22667,0.9497095290968539
22668,1
22669,1
22670,1
22671,1
22672,0.9446133035065807
22673,1
22674,1
22675,1
22676,1
22677,1
22678,1
22679,0.9498208610185639
22680,1
22681,1
22682,1
22683,1
22684,1
22685,0.9115963925981785
22686,0.8036443979632395
22687,1
22688,0.9092854154998246
22689,1
22690,0.7911640670694585
22691,1
22692,0.9005869394471551
22693,1
22694,0.9425218960039871
22695,1
22696,1
22697,0.9477249838346377
22698,0.8315717128921899
22699,0.9481257102044374
22700,1
22701,1
22702,0.9311219066535251
22703,1
22704,0.9386226369663676
22705,1
22706,1
22707,1
22708,1
22709,0.8265578595827003
22710,0.6209215777160144
22711,1
22712,0.9477680935219899
22713,0.8710303564240629
22714,0.9277834986180862
22715,1
22716,0.9446596836493764
22717,1
22718,1
22719,0.44933706189866945
22720,1
22721,1
22722,1
22723,1
22724,1
22725,0.7899405983591141
22726,0.8346043241941925
22727,1
22728,1
22729,1
22730,0.9486328901564633
22731,1
22732,1
22733,0.8047231505805237
22734,1
22735,1
22736,0.8131437563955162
22737,1
22738,1
22739,1
22740,1
22741,1
22742,1
22743,1
22744,0.8090526286290156
22745,1
22746,1
22747,1
22748,1
22749,0.9229683646979021
22750,1
22751,0.719285738881739
22752,1
22753,1
22754,0.7077195662954109
22755,0.8422961326992426
22756,0.9454855884883249
22757,0.8771358012021617
22758,0.9029683253978613
22759,1
22760,1
22761,1
22762,1
22763,0.9400508140359367
22764,1
22765,0.6530872160542265
22766,0.9047119132136896
22767,1
22768,0.8944099141805714
22769,0.909756443056339
22770,1
22771,1
22772,0.881893160082758
22773,1
22774,1
22775,1
22776,1
22777,1
22778,1
22779,1
22780,1
22781,1
22782,1
22783,1
22784,1
22785,1
22786,1
22787,0.9333951663699002
22788,1
22789,1
22790,1
22791,0.9493808645731399
22792,1
22793,1
22794,1
22795,1
22796,0.8557653234385844
22797,1
22798,1
22799,1
22800,0.7298366224946445
22801,1
22802,1
22803,0.9455913626757255
22804,1
22805,1
22806,1
22807,0.9345770826501297
22808,1
22809,1
22810,0.8432497628014306
22811,1
22812,1
22813,1
22814,0.9306426335608189
22815,1
22816,1
22817,1
22818,1
22819,0.9419545824940173
22820,0.8767010439063275
22821,1
22822,1
22823,0.9281318904864216
22824,1
22825,0.7704754609641021
22826,1
22827,1
22828,0.8356201299964411
22829,1
22830,1
22831,1
22832,0.93622839264172375
22833,0.9472809539975221
22834,0.8884463617878837
22835,1
22836,1
22837,1
22838,1
22839,0.8955235536380145
22840,0.9292650150166001
22841,1
22842,1
22843,1
22844,1
22845,1
22846,1
22847,1
22848,1
22849,1
22850,1
22851,0.9291016957825172
22852,1
22853,1
22854,0.9203200101572213
22855,0.9413821731943081
22856,0.9015033061961067
22857,1
22858,1
22859,1
22860,0.840569711344847
22861,0.7326287149982157
22862,1
22863,1
22864,1
22865,1
22866,1
22867,1
22868,1
22869,1
22870,1
22871,1
22872,0.6446756067148206
22873,0.9476588316998317
22874,1
22875,0.937782952132007
22876,1
22877,0.886257648853439
22878,1
22879,1
22880,0.872608346731851
22881,1
22882,1
22883,1
22884,1
22885,0.4617909437408918
22886,0.9485600591786013
22887,1
22888,0.948841741317618
22889,0.8311218021159871
22890,1
22891,1
22892,1
22893,1
22894,1
22895,1
22896,0.9073302153562175
22897,1
22898,0.9183089933477127
22899,1
22900,1
22901,1
22902,0.8718116364286753
22903,1
22904,1
22905,1
22906,0.600321024517991
22907,1
22908,1
22909,1
22910,0.9435789758388196
22911,1
22912,1
22913,1
22914,1
22915,1
22916,1
22917,1
22918,1
22919,0.9328915955973073
22920,1
22921,1
22922,0.9100519745633643
22923,1
22924,1
22925,1
22926,0.9468481024793144
22927,0.9270736112304401
22928,0.9217287398715889
22929,0.9423318801514208
22930,1
22931,1
22932,0.8401326840252289
22933,1
22934,1
22935,0.7176244749963784
22936,1
22937,0.9120227385309805
22938,1
22939,1
22940,1
22941,1
22942,0.9331488314261505
22943,1
22944,1
22945,1
22946,1
22947,0.9280824385278185
22948,1
22949,1
22950,1
22951,1
22952,0.8418359281105718
22953,1
22954,0.5807666324975214
22955,1
22956,0.7627893256420837
22957,1
22958,1
22959,1
22960,1
22961,0.9359589680499679
22962,0.2975842775118793
22963,0.9330396359591852
22964,0.9193370290721756
22965,0.8500613545356797
22966,0.9372381714887328
22967,0.8762194457523333
22968,0.6319700320234187
22969,1
22970,1
22971,0.8539617330934094
22972,0.915349134004107
22973,0.9444635530683774
22974,1
22975,0.9272128431886341
22976,1
22977,1
22978,0.8704695745524595
22979,0.9388926311405977
22980,0.5763208703366369
22981,1
22982,1
22983,0.8846586135991895
22984,0.939410777735145
22985,1
22986,1
22987,1
22988,1
22989,1
22990,1
22991,0.7859745512826491
22992,1
22993,1
22994,1
22995,1
22996,1
22997,1
22998,0.9072032309899698
22999,0.6402188647993152
23000,1
23001,1
23002,0.8379505728669683
23003,1
23004,1
23005,1
23006,1
23007,1
23008,1
23009,0.940403991119868
23010,1
23011,1
23012,0.8809307743242354
23013,1
23014,1
23015,1
23016,1
23017,1
23018,0.9342788303567289
23019,1
23020,0.9474241071794969
23021,0.9167157231631393
23022,0.9218275067328096
23023,1
23024,0.9295985307626584
23025,0.9306932842742516
23026,1
23027,1
23028,1
23029,1
23030,1
23031,0.8924223971376898
23032,0.7470171740390839
23033,1
23034,1
23035,1
23036,1
23037,0.9152607699786381
23038,1
23039,1
23040,0.9408573375107322
23041,0.6758413648729557
23042,1
23043,0.8611819149124286
23044,1
23045,1
23046,0.897765291205674
23047,1
23048,1
23049,0.9461872256651912
23050,0.8406700438376994
23051,1
23052,1
23053,1
23054,1
23055,1
23056,1
23057,1
23058,1
23059,1
23060,1
23061,0.8887032562505899
23062,1
23063,1
23064,0.8554517340641812
23065,1
23066,0.5408086242756883
23067,0.6958211990606852
23068,0.8491252247340529
23069,0.8252486043651566
23070,1
23071,1
23072,1
23073,0.937667575585846
23074,1
23075,1
23076,1
23077,1
23078,1
23079,0.8872930497657826
23080,1
23081,1
23082,1
23083,1
23084,1
23085,0.9102035822453978
23086,1
23087,1
23088,1
23089,1
23090,1
23091,1
23092,1
23093,1
23094,1
23095,1
23096,0.9175154191923457
23097,1
23098,1
23099,1
23100,1
23101,1
23102,1
23103,0.9125800940684001
23104,1
23105,0.5839834495138454
23106,1
23107,1
23108,1
23109,0.8899659998045024
23110,1
23111,0.803620756712062
23112,0.9347266876116727
23113,1
23114,1
23115,1
23116,1
23117,0.9348405151968444
23118,1
23119,1
23120,1
23121,1
23122,0.8500613545356797
23123,0.5684885367880653
23124,1
23125,0.9240675359207081
23126,1
23127,1
23128,1
23129,1
23130,1
23131,1
23132,1
23133,1
23134,1
23135,0.8902516378220653
23136,1
23137,0.9275215907284672
23138,1
23139,1
23140,1
23141,1
23142,1
23143,1
23144,1
23145,0.8742717404196808
23146,1
23147,0.886257648853439
23148,1
23149,1
23150,1
23151,1
23152,1
23153,0.9360697880048222
23154,1
23155,1
23156,0.48581060734352743
23157,1
23158,1
23159,1
23160,1
23161,1
23162,1
23163,0.9187147433736212
23164,1
23165,0.9221278293695444
23166,1
23167,1
23168,1
23169,0.7468250623448003
23170,1
23171,1
23172,1
23173,0.5253181271767782
23174,1
23175,1
23176,1
23177,1
23178,1
23179,1
23180,0.6948243533148923
23181,0.9035374275105416
23182,1
23183,1
23184,1
23185,1
23186,1
23187,0.5112100145107132
23188,1
23189,0.8654037652405703
23190,1
23191,1
23192,1
23193,0.9312832999580569
23194,1
23195,1
23196,0.8668589066539707
23197,0.9371679532719792
23198,0.9187147433736212
23199,0.9293056793692192
23200,1
23201,1
23202,1
23203,1
23204,1
23205,1
23206,1
23207,0.9272678106099057
23208,1
23209,1
23210,1
23211,0.7189461781030627
23212,1
23213,1
23214,0.9477476115227644
23215,1
23216,1
23217,1
23218,1
23219,1
23220,1
23221,1
23222,1
23223,1
23224,1
23225,1
23226,1
23227,1
23228,1
23229,1
23230,1
23231,1
23232,1
23233,1
23234,0.9485774314149673
23235,1
23236,1
23237,0.8910546655847991
23238,1
23239,0.9451611771885942
23240,0.8163385012540995
23241,0.8174780079613403
23242,1
23243,1
23244,1
23245,1
23246,1
23247,1
23248,0.7425925335848323
23249,1
23250,1
23251,0.9407740615233121
23252,0.6973008647306421
23253,1
23254,1
23255,1
23256,0.8087068810643574
23257,1
23258,1
23259,1
23260,1
23261,1
23262,0.8860726045441764
23263,1
23264,1
23265,1
23266,0.8702306884847844
23267,1
23268,0.7700590313476863
23269,0.9243634253559843
23270,0.9420960340136623
23271,0.852337779156461
23272,1
23273,1
23274,1
23275,1
23276,1
23277,1
23278,1
23279,0.9142472155266542
23280,0.9454619411998316
23281,1
23282,1
23283,1
23284,1
23285,0.9239605621286353
23286,0.8297587009861301
23287,0.7546037746042663
23288,1
23289,0.9459716561231809
23290,1
23291,0.9427413477275214
23292,0.8710303564240629
23293,1
23294,0.5566427176043954
23295,0.9285435485923336
23296,0.9471125853927875
23297,1
23298,1
23299,1
23300,1
23301,1
23302,0.5136116638541803
23303,0.9433373425144499
23304,1
23305,1
23306,1
23307,0.9115771271713814
23308,0.886257648853439
23309,1
23310,1
23311,1
23312,0.7544335840652018
23313,1
23314,1
23315,0.9168862341464094
23316,1
23317,1
23318,1
23319,1
23320,1
23321,1
23322,1
23323,1
23324,0.9250198020774376
23325,0.784104074596775
23326,1
23327,1
23328,1
23329,0.8434954084888248
23330,0.9147086438417732
23331,0.9244953311008143
23332,1
23333,1
23334,1
23335,1
23336,0.9276729530835636
23337,1
23338,1
23339,1
23340,0.87581736460097
23341,1
23342,0.8668391989583006
23343,0.8397021993374901
23344,0.9112995902191351
23345,1
23346,1
23347,1
23348,0.7711273097492507
23349,1
23350,1
23351,0.8135725123022947
23352,1
23353,1
23354,1
23355,1
23356,1
23357,1
23358,1
23359,0.44933706189866945
23360,1
23361,1
23362,1
23363,1
23364,1
23365,1
23366,1
23367,1
23368,1
23369,1
23370,0.8709998767272067
23371,1
23372,0.7991537684691251
23373,1
23374,1
23375,0.6098912007058062
23376,1
23377,1
23378,1
23379,1
23380,1
23381,0.8311218021159871
23382,1
23383,1
23384,1
23385,1
23386,1
23387,1
23388,1
23389,1
23390,1
23391,1
23392,1
23393,0.9476931980541943
23394,1
23395,0.7171550488220934
23396,1
23397,0.9332230905501825
23398,0.7736448330134479
23399,1
23400,1
23401,1
23402,1
23403,0.5020329903276758
23404,1
23405,1
23406,0.8585798289825551
23407,0.7185389099676187
23408,1
23409,0.9335666224991659
23410,0.9378301861748198
23411,1
23412,1
23413,0.4005305645341971
23414,1
23415,1
23416,0.9168862341464094
23417,1
23418,0.8422866854371954
23419,1
23420,1
23421,0.9115145280788355
23422,1
23423,1
23424,1
23425,1
23426,1
23427,0.9455189849330404
23428,0.5780389938829933
23429,0.7270972736293241
23430,1
23431,0.8605053863188995
23432,1
23433,1
23434,1
23435,1
23436,1
23437,1
23438,1
23439,1
23440,0.9286874268754474
23441,1
23442,1
23443,1
23444,1
23445,1
23446,0.8926957187544065
23447,1
23448,1
23449,1
23450,1
23451,0.844590056313491
23452,1
23453,1
23454,1
23455,0.8788264152164941
23456,1
23457,0.8794149210268735
23458,1
23459,0.9280603725200078
23460,1
23461,1
23462,1
23463,1
23464,1
23465,1
23466,1
23467,1
23468,0.8647056585996227
23469,0.938297373468542
23470,1
23471,1
23472,1
23473,1
23474,0.9345770826501297
23475,1
23476,1
23477,1
23478,1
23479,0.8446221924540324
23480,0.7023587422188795
23481,1
23482,1
23483,1
23484,1
23485,1
23486,0.8495512933114234
23487,1
23488,1
23489,1
23490,0.947102349355137
23491,1
23492,0.6116948498021547
23493,1
23494,1
23495,1
23496,1
23497,1
23498,0.852193501933199
23499,1
23500,1
23501,0.9312462691501873
23502,1
23503,0.9294344266340878
23504,1
23505,1
23506,0.8247440388525383
23507,1
23508,1
23509,1
23510,1
23511,1
23512,0.8468621496493656
23513,0.8055755876904325
23514,0.8745237865951557
23515,1
23516,1
23517,0.7823648211920451
23518,1
23519,0.5670463004770423
23520,1
23521,1
23522,0.9094685319688547
23523,1
23524,1
23525,1
23526,0.9359589680499679
23527,1
23528,1
23529,1
23530,1
23531,1
23532,1
23533,1
23534,1
23535,0.5836110889741893
23536,1
23537,1
23538,1
23539,1
23540,0.93500744443162
23541,1
23542,1
23543,1
23544,1
23545,1
23546,1
23547,0.7872623717270865
23548,1
23549,1
23550,1
23551,1
23552,1
23553,1
23554,1
23555,1
23556,1
23557,0.7830021632393166
23558,1
23559,0.9419157612253789
23560,1
23561,1
23562,1
23563,1
23564,0.9275004698033881
23565,0.6402188647993152
23566,0.9487837354160639
23567,0.8822555668156633
23568,1
23569,1
23570,1
23571,1
23572,1
23573,0.8821723075288975
23574,1
23575,0.9034034789151919
23576,1
23577,1
23578,1
23579,0.8197727734591077
23580,1
23581,1
23582,0.9179997809560522
23583,0.8977818223756795
23584,0.6849751873576586
23585,0.9400401197439181
23586,1
23587,1
23588,1
23589,1
23590,0.8473629969370412
23591,1
23592,1
23593,1
23594,0.8586646274113976
23595,1
23596,1
23597,1
23598,1
23599,1
23600,1
23601,1
23602,0.9424093944960391
23603,1
23604,0.5763208703366369
23605,0.8709246833801864
23606,1
23607,1
23608,1
23609,0.5325526476088471
23610,1
23611,1
23612,0.9280534504199632
23613,0.9277834986180862
23614,1
23615,1
23616,0.9206703014507543
23617,0.8622481133311115
23618,1
23619,1
23620,0.8099500157708521
23621,0.9243563092232316
23622,0.9361466480920756
23623,1
23624,1
23625,1
23626,1
23627,0.883799613134211
23628,0.8465664538973335
23629,1
23630,1
23631,1
23632,1
23633,1
23634,1
23635,1
23636,1
23637,0.7226562300952416
23638,1
23639,1
23640,1
23641,0.5642027921631235
23642,0.8968248906621554
23643,0.9352000518976428
23644,1
23645,1
23646,1
23647,0.7535935822296792
23648,0.9155343718828272
23649,1
23650,1
23651,1
23652,1
23653,0.9122579712215334
23654,1
23655,1
23656,1
23657,0.765821894891887
23658,0.9403537882810477
23659,1
23660,1
23661,0.5642027921631235
23662,1
23663,0.6758413648729557
23664,1
23665,1
23666,0.9429512411534519
23667,1
23668,0.5566427176043954
23669,1
23670,1
23671,1
23672,1
23673,0.8949101369281046
23674,1
23675,1
23676,1
23677,1
23678,0.6402188647993152
23679,1
23680,0.9175460490025474
23681,1
23682,1
23683,0.9192704412884136
23684,1
23685,1
23686,1
23687,1
23688,0.8713597077289491
23689,1
23690,0.9195640486603295
23691,1
23692,1
23693,1
23694,1
23695,1
23696,0.5053906361605512
23697,1
23698,0.6314074573846035
23699,0.9218111845030854
23700,1
23701,0.882158527037212
23702,1
23703,1
23704,1
23705,0.8035359897991466
23706,0.928739665961672
23707,1
23708,1
23709,1
23710,1
23711,1
23712,1
23713,1
23714,0.9477680935219899
23715,0.9073754408358442
23716,1
23717,1
23718,1
23719,0.8266618579450853
23720,1
23721,1
23722,1
23723,1
23724,0.931789342283464
23725,1
23726,1
23727,1
23728,1
23729,1
23730,1
23731,1
23732,0.7317354806251412
23733,0.8473629969370412
23734,1
23735,1
23736,1
23737,0.9258725057540612
23738,0.731410141139783
23739,1
23740,1
23741,0.8627992088711565
23742,0.945348591047379
23743,1
23744,1
23745,1
23746,1
23747,0.6585138079266615
23748,0.9128514606644846
23749,1
23750,1
23751,1
23752,1
23753,1
23754,1
23755,0.8473298998130611
23756,0.8756191275019689
23757,0.9499381193439285
23758,1
23759,1
23760,1
23761,1
23762,1
23763,1
23764,1
23765,1
23766,1
23767,1
23768,1
23769,1
23770,0.9404866371377198
23771,0.9115842228413463
23772,1
23773,1
23774,1
23775,1
23776,1
23777,1
23778,1
23779,0.9420820864777785
23780,1
23781,1
23782,1
23783,0.8055755876904325
23784,1
23785,1
23786,0.7980852340308832
23787,1
23788,1
23789,1
23790,0.5408086242756883
23791,0.9423601642794416
23792,0.9215323715750302
23793,0.9374446351361079
23794,1
23795,0.9089355372529971
23796,1
23797,1
23798,1
23799,0.9288048427215077
23800,1
23801,1
23802,0.5002936767070224
23803,1
23804,1
23805,1
23806,1
23807,1
23808,1
23809,1
23810,1
23811,1
23812,1
23813,1
23814,1
23815,1
23816,1
23817,1
23818,0.9432708071042665
23819,1
23820,1
23821,1
23822,0.6105479273449718
23823,1
23824,0.617904555229479
23825,1
23826,1
23827,1
23828,1
23829,0.9494331222857347
23830,1
23831,1
23832,0.8097445436437561
23833,1
23834,1
23835,1
23836,0.8814209861192365
23837,1
23838,1
23839,1
23840,1
23841,1
23842,1
23843,0.9272655612237076
23844,0.7732258914064238
23845,0.9196849050088718
23846,1
23847,1
23848,0.8976592879628531
23849,1
23850,1
23851,1
23852,1
23853,1
23854,0.9486432912514582
23855,1
23856,1
23857,1
23858,1
23859,1
23860,0.8668391989583006
23861,0.8975463812781512
23862,1
23863,0.8513276919285263
23864,1
23865,0.9331488314261505
23866,1
23867,1
23868,1
23869,1
23870,1
23871,1
23872,1
23873,0.7871910015173621
23874,1
23875,1
23876,1
23877,1
23878,1
23879,1
23880,1
23881,0.6916712204813791
23882,1
23883,0.8277107042237845
23884,1
23885,1
23886,0.8060187268570183
23887,1
23888,0.9482565996110263
23889,1
23890,1
23891,1
23892,1
23893,1
23894,1
23895,0.8690807541041322
23896,1
23897,1
23898,1
23899,1
23900,1
23901,0.9015033061961067
23902,1
23903,1
23904,0.8252486043651566
23905,1
23906,1
23907,1
23908,0.7095834620753245
23909,0.890883729207902
23910,0.8025778611008498
23911,1
23912,1
23913,1
23914,1
23915,1
23916,1
23917,1
23918,1
23919,1
23920,1
23921,1
23922,1
23923,1
23924,1
23925,1
23926,1
23927,1
23928,1
23929,1
23930,1
23931,1
23932,0.649755851755808
23933,0.9147228403745569
23934,1
23935,1
23936,1
23937,1
23938,1
23939,1
23940,0.909756443056339
23941,1
23942,1
23943,1
23944,0.8311218021159871
23945,1
23946,1
23947,1
23948,1
23949,1
23950,1
23951,1
23952,1
23953,1
23954,1
23955,0.8564548874221499
23956,0.8384535437311011
23957,0.7195490620202493
23958,0.9362628347476865
23959,1
23960,1
23961,1
23962,1
23963,0.8118516788384434
23964,1
23965,1
23966,0.940481524689371
23967,1
23968,1
23969,1
23970,1
23971,1
23972,1
23973,1
23974,1
23975,0.8101109479494971
23976,1
23977,1
23978,1
23979,1
23980,1
23981,1
23982,0.9402545462515893
23983,1
23984,1
23985,0.8735310591269749
23986,1
23987,0.7994543109355128
23988,0.86584238042139
23989,0.924903336613866
23990,1
23991,1
23992,1
23993,0.9378301861748198
23994,0.5875152085933727
23995,1
23996,0.8949593240929444
23997,0.913392528248451
23998,1
23999,1
24000,1
24001,0.945176944646637
24002,0.9485618852788769
24003,1
24004,0.8974850634800762
24005,1
24006,0.5329660658297437
24007,1
24008,1
24009,0.9079359703257683
24010,1
24011,1
24012,0.799023303057973
24013,0.9476820092123233
24014,0.6586874257587451
24015,1
24016,1
24017,1
24018,0.824498436488314
24019,1
24020,1
24021,0.9292439454916185
24022,1
24023,1
24024,0.8797258721808513
24025,1
24026,1
24027,0.7287634238421427
24028,1
24029,0.9108785704546153
24030,1
24031,1
24032,1
24033,1
24034,1
24035,1
24036,0.9204929576261481
24037,0.93160542785482
24038,0.9451183182732812
24039,1
24040,1
24041,1
24042,1
24043,1
24044,1
24045,1
24046,1
24047,0.7464029457547071
24048,1
24049,1
24050,1
24051,1
24052,1
24053,1
24054,1
24055,1
24056,1
24057,0.8281766459256282
24058,1
24059,0.9181344919823539
24060,1
24061,0.8917905188786805
24062,0.9250776777581141
24063,1
24064,1
24065,1
24066,1
24067,1
24068,0.9485786842020321
24069,1
24070,0.8990898082563266
24071,0.9306932842742516
24072,1
24073,1
24074,1
24075,1
24076,1
24077,1
24078,1
24079,1
24080,1
24081,1
24082,0.9018096791681378
24083,1
24084,0.8600153700079056
24085,1
24086,0.9123457362058752
24087,1
24088,0.8780193333759923
24089,1
24090,1
24091,1
24092,1
24093,1
24094,1
24095,1
24096,0.9278329170348826
24097,1
24098,1
24099,1
24100,1
24101,1
24102,0.8809441655174993
24103,1
24104,1
24105,0.909756443056339
24106,0.9374410153973429
24107,1
24108,0.8089022161006845
24109,0.8725160828729072
24110,0.9386168285227403
24111,1
24112,1
24113,1
24114,1
24115,1
24116,1
24117,1
24118,1
24119,0.8679013245661215
24120,0.4172022335303556
24121,1
24122,0.859153162604385
24123,0.8252486043651566
24124,1
24125,1
24126,1
24127,0.8874449246553354
24128,1
24129,1
24130,1
24131,1
24132,0.8723483223511521
24133,0.6402188647993152
24134,1
24135,1
24136,1
24137,0.9286874268754474
24138,1
24139,1
24140,0.9120141398559631
24141,0.8721958197854451
24142,1
24143,1
24144,0.9110791947738347
24145,1
24146,1
24147,1
24148,0.8252486043651566
24149,1
24150,1
24151,0.8101109479494971
24152,1
24153,1
24154,0.9246906583592321
24155,0.9394312264406032
24156,1
24157,0.8196157834710225
24158,1
24159,1
24160,1
24161,1
24162,1
24163,1
24164,1
24165,1
24166,1
24167,1
24168,1
24169,0.9295985307626584
24170,1
24171,0.9494331222857347
24172,1
24173,0.9479118716596104
24174,1
24175,1
24176,0.9093082832958672
24177,1
24178,1
24179,1
24180,1
24181,1
24182,1
24183,1
24184,1
24185,1
24186,0.8262835314647471
24187,1
24188,1
24189,1
24190,1
24191,1
24192,1
24193,1
24194,0.6758413648729557
24195,0.9463555761899733
24196,1
24197,0.845895985126315
24198,1
24199,1
24200,1
24201,0.941486647976263
24202,0.9239206498132211
24203,1
24204,1
24205,1
24206,1
24207,0.8616262011721642
24208,1
24209,1
24210,1
24211,1
24212,1
24213,1
24214,1
24215,1
24216,0.937933638880234
24217,0.5689832759179239
24218,1
24219,1
24220,1
24221,0.940853494586447
24222,1
24223,1
24224,1
24225,1
24226,1
24227,1
24228,0.8277107042237845
24229,0.8492197575290515
24230,1
24231,0.6429467479839841
24232,0.9005869394471551
24233,1
24234,1
24235,0.8237260112505111
24236,0.7476349351919641
24237,1
24238,1
24239,0.9442685921314865
24240,0.9442685921314865
24241,1
24242,1
24243,1
24244,1
24245,1
24246,1
24247,1
24248,1
24249,1
24250,1
24251,1
24252,1
24253,0.8805777640625735
24254,1
24255,0.8821723075288975
24256,1
24257,1
24258,1
24259,1
24260,0.9373399884845426
24261,1
24262,1
24263,1
24264,0.9427413477275214
24265,1
24266,0.9143459654215579
24267,1
24268,0.9483304125528573
24269,1
24270,0.6356440400528596
24271,0.8277107042237845
24272,1
24273,1
24274,1
24275,1
24276,0.6758413648729557
24277,1
24278,0.7678748638216054
24279,1
24280,1
24281,1
24282,1
24283,1
24284,1
24285,0.8925306433531537
24286,1
24287,1
24288,1
24289,1
24290,1
24291,1
24292,1
24293,1
24294,1
24295,1
24296,0.9128784584897742
24297,1
24298,1
24299,1
24300,1
24301,1
24302,1
24303,1
24304,1
24305,0.899288169073656
24306,1
24307,1
24308,0.9380583123814994
24309,0.9350045773179826
24310,0.891531055870944
24311,1
24312,0.4172022335303556
24313,1
24314,0.9380801454413408
24315,1
24316,0.9398005256650926
24317,0.9035083326847385
24318,1
24319,1
24320,1
24321,1
24322,0.90337736303594
24323,1
24324,0.7746971908943291
24325,0.937303718194932
24326,0.8537327366606766
24327,0.9079359703257683
24328,1
24329,0.8866302527845743
24330,1
24331,1
24332,0.8531814909489658
24333,1
24334,1
24335,1
24336,1
24337,1
24338,1
24339,1
24340,1
24341,1
24342,1
24343,0.7359597029918549
24344,1
24345,1
24346,1
24347,1
24348,1
24349,0.9210614277636651
24350,1
24351,1
24352,1
24353,1
24354,0.8197956599281316
24355,1
24356,0.9432460189279126
24357,1
24358,0.9399551109187451
24359,1
24360,1
24361,1
24362,1
24363,1
24364,1
24365,0.9128514606644846
24366,1
24367,1
24368,1
24369,0.9077384925993494
24370,1
24371,1
24372,1
24373,0.8839795168703556
24374,1
24375,1
24376,0.902731590156418
24377,0.9427747133891285
24378,1
24379,0.8253337593430923
24380,1
24381,0.9057719185515072
24382,0.9494331222857347
24383,1
24384,1
24385,0.9361466480920756
24386,1
24387,1
24388,0.9491977324366329
24389,0.9434893477776377
24390,0.6775501804118899
24391,1
24392,1
24393,1
24394,1
24395,0.6719713870035937
24396,1
24397,0.9250440373223081
24398,1
24399,1
24400,1
24401,0.9338274041773365
24402,0.912966872103655
24403,1
24404,1
24405,1
24406,1
24407,1
24408,1
24409,1
24410,1
24411,0.6402188647993152
24412,1
24413,0.9170176413471876
24414,0.9352232099797868
24415,1
24416,1
24417,1
24418,0.9361466480920756
24419,1
24420,1
24421,1
24422,1
24423,1
24424,1
24425,1
24426,1
24427,1
24428,1
24429,0.9479088791372515
24430,1
24431,1
24432,1
24433,1
24434,1
24435,0.9185356824409848
24436,1
24437,1
24438,1
24439,1
24440,1
24441,1
24442,1
24443,1
24444,1
24445,1
24446,1
24447,1
24448,1
24449,0.8710303564240629
24450,1
24451,1
24452,1
24453,0.9278311420811084
24454,1
24455,0.8090526286290156
24456,1
24457,1
24458,1
24459,1
24460,0.9081936669269067
24461,0.9001848420258661
24462,1
24463,1
24464,1
24465,1
24466,1
24467,1
24468,1
24469,1
24470,1
24471,1
24472,1
24473,1
24474,1
24475,0.9036931177605966
24476,1
24477,1
24478,0.937746755857
24479,1
24480,1
24481,1
24482,1
24483,0.9398162011655498
24484,1
24485,1
24486,1
24487,1
24488,1
24489,1
24490,0.9299936894823733
24491,1
24492,0.7418247926700247
24493,0.8402892390525085
24494,1
24495,0.8612986280013023
24496,1
24497,1
24498,1
24499,0.3720912472241553
24500,1
24501,1
24502,1
24503,0.9434415380818465
24504,1
24505,1
24506,0.8214062894025226
24507,1
24508,0.9397024260928142
24509,1
24510,0.9408487341390286
24511,0.4463169912348942
24512,0.9142950692599665
24513,0.899053590969285
24514,1
24515,0.8130660249129584
24516,1
24517,0.8199009941916319
24518,1
24519,1
24520,1
24521,1
24522,1
24523,1
24524,1
24525,0.6402188647993152
24526,1
24527,1
24528,1
24529,1
24530,1
24531,1
24532,1
24533,0.9366571597438681
24534,0.37683718174255004
24535,1
24536,1
24537,1
24538,1
24539,1
24540,0.7242027409425585
24541,1
24542,0.9400508140359367
24543,1
24544,1
24545,1
24546,1
24547,0.590570667014169
24548,0.9175154191923457
24549,0.8709491759924277
24550,1
24551,1
24552,1
24553,1
24554,0.9246656258080268
24555,0.904160063231318
24556,1
24557,1
24558,0.7194812315158698
24559,1
24560,1
24561,1
24562,0.9173987741281496
24563,0.7223994083647319
24564,0.604418380039291
24565,1
24566,0.926367205762661
24567,0.5020329903276758
24568,0.9184721440072384
24569,0.48581060734352743
24570,1
24571,0.23628396555952227
24572,0.8451619373778102
24573,1
24574,0.6600210410430252
24575,1
24576,1
24577,1
24578,1
24579,1
24580,1
24581,1
24582,0.8850260900889968
24583,0.6563833025265245
24584,0.8323189641881243
24585,0.859271305978476
24586,1
24587,1
24588,0.8554517340641812
24589,1
24590,1
24591,1
24592,1
24593,1
24594,0.7287634238421427
24595,1
24596,1
24597,1
24598,1
24599,0.935350356275501
24600,0.9022622341409638
24601,1
24602,1
24603,1
24604,1
24605,0.9178575028793108
24606,0.9079359703257683
24607,1
24608,1
24609,1
24610,0.8113734459392858
24611,0.9119537889032485
24612,0.6075763964115368
24613,1
24614,1
24615,0.9027718805372111
24616,0.845895985126315
24617,1
24618,1
24619,1
24620,1
24621,0.7322111999917552
24622,1
24623,0.9310633482250427
24624,0.8756511791379478
24625,1
24626,1
24627,1
24628,1
24629,1
24630,0.8300048898738096
24631,0.9256575318634239
24632,1
24633,0.9421541117751779
24634,0.8215384331749862
24635,1
24636,1
24637,1
24638,1
24639,1
24640,1
24641,0.9306492873976739
24642,1
24643,1
24644,0.9341752345549402
24645,0.9131925995294236
24646,1
24647,0.9161826747065245
24648,1
24649,1
24650,1
24651,0.89894669504046
24652,0.8583914045579174
24653,0.9349353758970944
24654,0.7103761156221248
24655,1
24656,1
24657,0.5308244091984848
24658,0.8197114810823503
24659,1
24660,1
24661,0.6753531814072089
24662,1
24663,1
24664,1
24665,0.824498436488314
24666,0.8472520771726301
24667,1
24668,1
24669,1
24670,1
24671,0.894631158439245
24672,1
24673,1
24674,1
24675,1
24676,1
24677,0.9476931980541943
24678,0.8122533432459359
24679,1
24680,1
24681,1
24682,1
24683,1
24684,1
24685,1
24686,0.911933432600174
24687,0.4172022335303556
24688,1
24689,1
24690,1
24691,1
24692,1
24693,0.9488667368325103
24694,1
24695,1
24696,0.9231053644317185
24697,1
24698,1
24699,1
24700,1
24701,1
24702,1
24703,0.9376041039366849
24704,0.8266646310905738
24705,1
24706,1
24707,1
24708,0.8459565512464985
24709,0.9276796482506541
24710,1
24711,1
24712,1
24713,1
24714,1
24715,1
24716,1
24717,0.8977818223756795
24718,0.69186827389279415
24719,0.8345421431230134
24720,1
24721,1
24722,1
24723,1
24724,1
24725,0.9437288537642058
24726,1
24727,1
24728,1
24729,1
24730,0.9490173560105407
24731,0.49681023780151523
24732,0.6893842144414349
24733,1
24734,0.9469093003873272
24735,0.8647056585996227
24736,0.8727047737999364
24737,0.7830021632393166
24738,1
24739,1
24740,1
24741,0.8768380624539068
24742,1
24743,1
24744,1
24745,1
24746,1
24747,1
24748,1
24749,0.9239206498132211
24750,1
24751,1
24752,0.9398732409913615
24753,0.9127549352926061
24754,1
24755,1
24756,1
24757,1
24758,1
24759,1
24760,0.8266646310905738
24761,1
24762,1
24763,1
24764,1
24765,1
24766,1
24767,1
24768,1
24769,1
24770,0.9217287398715889
24771,0.9469093003873272
24772,1
24773,1
24774,0.7812204325103868
24775,1
24776,1
24777,0.7956747614316673
24778,0.9079385236287216
24779,0.9483496058331398
24780,1
24781,1
24782,1
24783,1
24784,1
24785,1
24786,1
24787,1
24788,0.8988246745300309
24789,1
24790,1
24791,0.8950103166553367
24792,1
24793,1
24794,1
24795,1
24796,1
24797,0.8252486043651566
24798,1
24799,1
24800,1
24801,0.9215305514069402
24802,1
24803,1
24804,0.9437288537642058
24805,1
24806,1
24807,1
24808,1
24809,1
24810,0.9006920240210102
24811,0.8802199329806522
24812,1
24813,1
24814,1
24815,1
24816,1
24817,1
24818,1
24819,1
24820,0.9413065431818727
24821,1
24822,1
24823,1
24824,1
24825,1
24826,0.7100999672078361
24827,1
24828,1
24829,1
24830,1
24831,1
24832,1
24833,0.6563833025265245
24834,1
24835,0.9289677255674733
24836,1
24837,1
24838,0.9412671303451119
24839,1
24840,1
24841,1
24842,1
24843,0.943668497462531
24844,1
24845,1
24846,0.9385240091236959
24847,0.9419047300400144
24848,1
24849,1
24850,0.739861762150983
24851,1
24852,1
24853,1
24854,1
24855,1
24856,0.9215323715750302
24857,0.7663824140648249
24858,0.9136233443762615
24859,1
24860,1
24861,1
24862,1
24863,1
24864,0.8944099141805714
24865,1
24866,1
24867,0.9407059476473572
24868,1
24869,1
24870,1
24871,1
24872,1
24873,0.891898684167502
24874,1
24875,1
24876,1
24877,1
24878,1
24879,1
24880,1
24881,1
24882,0.9034034789151919
24883,1
24884,0.8565304555068143
24885,1
24886,1
24887,1
24888,1
24889,1
24890,0.5399644388948595
24891,0.7233846058852516
24892,1
24893,1
24894,1
24895,1
24896,0.9415901641103567
24897,1
24898,1
24899,1
24900,1
24901,0.8107437411573467
24902,1
24903,1
24904,0.8297587009861301
24905,1
24906,1
24907,1
24908,0.9444007334101345
24909,1
24910,1
24911,1
24912,1
24913,1
24914,0.9000087940382507
24915,1
24916,1
24917,1
24918,1
24919,1
24920,0.8669905393593401
24921,1
24922,1
24923,0.9432708071042665
24924,1
24925,1
24926,0.9216489445790115
24927,1
24928,1
24929,1
24930,1
24931,1
24932,0.8744548327114899
24933,1
24934,1
24935,0.8797215387662479
24936,1
24937,1
24938,1
24939,1
24940,1
24941,0.8628278662700649
24942,1
24943,1
24944,1
24945,1
24946,1
24947,0.9128516209127915
24948,0.8737406560696503
24949,1
24950,1
24951,1
24952,1
24953,1
24954,1
24955,1
24956,1
24957,1
24958,0.8035359897991466
24959,1
24960,0.7860930684430131
24961,1
24962,1
24963,1
24964,0.43715525886453577
24965,1
24966,1
24967,0.8719384317200277
24968,1
24969,1
24970,1
24971,1
24972,0.9306812654626151
24973,1
24974,1
24975,1
24976,1
24977,0.9089355372529971
24978,1
24979,1
24980,1
24981,1
24982,1
24983,1
24984,1
24985,1
24986,1
24987,1
24988,1
24989,1
24990,0.9343820320482659
24991,1
24992,1
24993,1
24994,0.7359597029918549
24995,0.9079359703257683
24996,1
24997,0.8087725112099703
24998,1
24999,0.6513609656977166
25000,1
25001,1
25002,1
25003,0.9027324739184016
25004,1
25005,1
25006,1
25007,0.8981013343675437
25008,1
25009,0.9446362400785946
25010,1
25011,1
25012,1
25013,1
25014,0.9427540963519289
25015,1
25016,1
25017,1
25018,1
25019,1
25020,1
25021,1
25022,1
25023,0.9273258703860465
25024,0.9179997809560522
25025,1
25026,1
25027,1
25028,1
25029,1
25030,0.8923750156689052
25031,0.6143068691860638
25032,1
25033,0.9400731277506131
25034,1
25035,1
25036,1
25037,0.5566427176043954
25038,1
25039,1
25040,1
25041,1
25042,1
25043,1
25044,1
25045,1
25046,1
25047,0.7912244996150348
25048,1
25049,0.9017448840295497
25050,1
25051,0.590570667014169
25052,1
25053,1
25054,1
25055,1
25056,0.5053906361605512
25057,1
25058,0.8756458720598359
25059,0.7103761156221248
25060,1
25061,1
25062,1
25063,1
25064,0.4733592193110967
25065,1
25066,1
25067,0.9175460490025474
25068,1
25069,1
25070,1
25071,1
25072,1
25073,1
25074,1
25075,1
25076,1
25077,1
25078,1
25079,1
25080,1
25081,1
25082,0.9332995188454312
25083,0.8744656560696503
25084,0.9339250908415218
25085,1
25086,1
25087,0.9089355372529971
25088,0.8930563067402305
25089,1
25090,0.8710303564240629
25091,0.8980058415273341
25092,0.938233264342105
25093,1
25094,1
25095,0.8738813057822774
25096,1
25097,0.789152352176111
25098,0.9074279212274443
25099,1
25100,1
25101,1
25102,1
25103,1
25104,1
25105,1
25106,1
25107,1
25108,1
25109,1
25110,0.8252486043651566
25111,1
25112,0.8799994134059639
25113,1
25114,1
25115,1
25116,0.8821723075288975
25117,1
25118,1
25119,1
25120,1
25121,1
25122,1
25123,0.8252486043651566
25124,1
25125,0.8923707833569992
25126,1
25127,1
25128,0.5684885367880653
25129,1
25130,0.7663824140648249
25131,0.8482890709250217
25132,1
25133,1
25134,0.8815400849023797
25135,0.9391006133351578
25136,1
25137,1
25138,1
25139,1
25140,0.7272904216778864
25141,1
25142,1
25143,0.9034034789151919
25144,0.9047363702562071
25145,0.8529461599873202
25146,1
25147,1
25148,0.7250681291573722
25149,1
25150,0.8710303564240629
25151,1
25152,1
25153,0.9277834986180862
25154,1
25155,0.9438765640867566
25156,1
25157,0.7359666767200346
25158,1
25159,1
25160,1
25161,1
25162,1
25163,1
25164,1
25165,1
25166,1
25167,0.8809986100087964
25168,1
25169,1
25170,0.9171433840591227
25171,1
25172,1
25173,1
25174,1
25175,1
25176,1
25177,0.9331440885035451
25178,1
25179,1
25180,1
25181,1
25182,0.8883844470354677
25183,0.9151955579396243
25184,1
25185,1
25186,1
25187,0.9288048427215077
25188,1
25189,1
25190,1
25191,1
25192,1
25193,1
25194,1
25195,1
25196,0.888280788326185
25197,0.9027950236940977
25198,0.9365401567578429
25199,1
25200,1
25201,1
25202,0.8033234916363104
25203,1
25204,1
25205,0.9037368494219175
25206,1
25207,1
25208,0.8737721776295708
25209,1
25210,1
25211,0.9359589680499679
25212,1
25213,1
25214,0.8365496794479877
25215,1
25216,1
25217,0.9484217310799674
25218,0.943668497462531
25219,1
25220,1
25221,0.9354712054650348
25222,1
25223,0.49159007767286816
25224,1
25225,1
25226,0.9497280765379644
25227,1
25228,1
25229,0.8217224668422184
25230,0.9005621904166531
25231,0.6775501804118899
25232,1
25233,0.8297587009861301
25234,1
25235,1
25236,0.9334913780963349
25237,1
25238,0.9322791914474008
25239,1
25240,1
25241,0.9323230847203574
25242,1
25243,1
25244,0.7833742365271783
25245,0.4354536380108282
25246,0.8895041068137444
25247,1
25248,1
25249,1
25250,0.7712917862705471
25251,1
25252,1
25253,1
25254,1
25255,0.9394312264406032
25256,1
25257,1
25258,1
25259,1
25260,0.946508039853017
25261,0.5801425569116846
25262,1
25263,0.9448323730394107
25264,1
25265,1
25266,0.9350440466145278
25267,1
25268,1
25269,1
25270,0.8921204699964731
25271,0.8610766687039169
25272,1
25273,1
25274,1
25275,1
25276,1
25277,0.8770646974053866
25278,1
25279,1
25280,1
25281,1
25282,1
25283,1
25284,1
25285,1
25286,0.9087899391631564
25287,1
25288,1
25289,0.6370941924602386
25290,1
25291,1
25292,0.8398429090047489
25293,1
25294,0.7312338379479881
25295,1
25296,0.8991183508440309
25297,0.904160063231318
25298,1
25299,1
25300,0.8832047117759394
25301,1
25302,1
25303,0.8656353626902307
25304,1
25305,1
25306,1
25307,1
25308,1
25309,1
25310,1
25311,0.8705840705693347
25312,1
25313,1
25314,1
25315,1
25316,1
25317,1
25318,0.6003250618263333
25319,0.8704659384461293
25320,0.946990327416145
25321,1
25322,1
25323,0.9286874268754474
25324,1
25325,1
25326,1
25327,0.8984622502897455
25328,0.5127917628385172
25329,1
25330,1
25331,1
25332,0.504089490731127
25333,1
25334,1
25335,0.9400725976506825
25336,1
25337,1
25338,0.9244196855269503
25339,0.9326388537220122
25340,0.6715273910330568
25341,1
25342,1
25343,0.8365496794479877
25344,0.8621765379005691
25345,1
25346,1
25347,1
25348,1
25349,0.9133133005592553
25350,0.8348950273842466
25351,1
25352,1
25353,1
25354,1
25355,1
25356,1
25357,1
25358,1
25359,0.9104894691730299
25360,1
25361,1
25362,0.884400592087056
25363,1
25364,1
25365,1
25366,1
25367,1
25368,0.7416450747557064
25369,0.8311218021159871
25370,1
25371,0.9455956245100056
25372,1
25373,1
25374,1
25375,1
25376,0.9464552372112294
25377,1
25378,1
25379,1
25380,1
25381,1
25382,1
25383,0.6681175815981437
25384,1
25385,1
25386,1
25387,0.8212364364810928
25388,1
25389,0.933503029231574
25390,1
25391,1
25392,1
25393,1
25394,1
25395,0.9475606587570881
25396,1
25397,1
25398,1
25399,1
25400,1
25401,1
25402,1
25403,1
25404,1
25405,1
25406,1
25407,1
25408,1
25409,0.8914050358597184
25410,1
25411,0.7023587422188795
25412,1
25413,0.94684213911535
25414,0.9241402477197566
25415,1
25416,1
25417,0.9322250378402861
25418,1
25419,1
25420,1
25421,0.8710303564240629
25422,1
25423,1
25424,1
25425,1
25426,1
25427,0.8340030197296934
25428,1
25429,0.604418380039291
25430,1
25431,1
25432,1
25433,1
25434,1
25435,1
25436,1
25437,1
25438,1
25439,1
25440,1
25441,0.9239206498132211
25442,1
25443,1
25444,1
25445,1
25446,1
25447,1
25448,1
25449,1
25450,1
25451,1
25452,1
25453,1
25454,1
25455,1
25456,1
25457,0.604418380039291
25458,1
25459,1
25460,1
25461,0.49266168976316305
25462,0.913384838446057
25463,0.9465838911211896
25464,1
25465,0.885401482276952
25466,1
25467,1
25468,1
25469,0.30217583796769865
25470,0.8923750156689052
25471,1
25472,1
25473,0.9381117726324996
25474,1
25475,0.7212764712077323
25476,1
25477,1
25478,1
25479,1
25480,1
25481,0.940853494586447
25482,1
25483,1
25484,1
25485,1
25486,1
25487,1
25488,1
25489,0.5727709525817215
25490,0.8738813057822774
25491,1
25492,0.7543480915322381
25493,1
25494,1
25495,1
25496,1
25497,0.9253563097820077
25498,0.6760429078417891
25499,1
25500,0.8557653234385844
25501,0.6519656958756014
25502,0.9339250908415218
25503,0.844590056313491
25504,1
25505,0.739861762150983
25506,1
25507,1
25508,1
25509,1
25510,1
25511,1
25512,1
25513,1
25514,1
25515,1
25516,1
25517,1
25518,1
25519,1
25520,1
25521,1
25522,1
25523,1
25524,1
25525,0.9307440427893605
25526,0.9426573046454523
25527,1
25528,0.8216724526552226
25529,1
25530,1
25531,1
25532,1
25533,1
25534,0.8333539810119213
25535,0.9186174400412287
25536,1
25537,1
25538,1
25539,0.7212764712077323
25540,1
25541,1
25542,1
25543,1
25544,0.9072009982593708
25545,0.923561477708966
25546,1
25547,1
25548,1
25549,0.8685186882775418
25550,0.5566427176043954
25551,1
25552,1
25553,1
25554,0.7133625884712138
25555,0.9257025183512876
25556,1
25557,1
25558,1
25559,0.8874394427223483
25560,0.8297587009861301
25561,1
25562,1
25563,1
25564,1
25565,1
25566,1
25567,0.9394312264406032
25568,1
25569,1
25570,0.9080894011201197
25571,1
25572,1
25573,0.9495791719272868
25574,1
25575,1
25576,1
25577,1
25578,0.9437288537642058
25579,1
25580,1
25581,1
25582,0.9123457362058752
25583,0.6427736099830283
25584,1
25585,1
25586,1
25587,1
25588,1
25589,1
25590,0.8697428926129482
25591,0.9412084348074229
25592,1
25593,1
25594,1
25595,0.7855827773119064
25596,1
25597,1
25598,1
25599,1
25600,0.7750652943056947
25601,0.8828877267605751
25602,0.7755360079873368
25603,1
25604,1
25605,1
25606,0.5684885367880653
25607,1
25608,1
25609,1
25610,1
25611,1
25612,1
25613,0.92464737033173094
25614,1
25615,1
25616,0.9265485169706481
25617,1
25618,1
25619,0.8921204699964731
25620,1
25621,1
25622,1
25623,0.6695005923323716
25624,0.9136944189323178
25625,1
25626,1
25627,0.7392804543274568
25628,1
25629,1
25630,1
25631,0.7939677466108631
25632,1
25633,1
25634,1
25635,1
25636,1
25637,1
25638,1
25639,1
25640,1
25641,1
25642,1
25643,1
25644,1
25645,1
25646,0.9395473427885391
25647,1
25648,1
25649,1
25650,0.8390938586148866
25651,1
25652,0.7994901219248626
25653,1
25654,1
25655,1
25656,1
25657,0.8721301180774025
25658,0.8694344915178692
25659,1
25660,1
25661,1
25662,1
25663,1
25664,1
25665,1
25666,1
25667,1
25668,1
25669,1
25670,1
25671,0.8495512933114234
25672,1
25673,1
25674,1
25675,1
25676,0.8275324617901945
25677,1
25678,1
25679,1
25680,0.8272723396112671
25681,1
25682,0.7685837718097019
25683,1
25684,0.8813370804633549
25685,1
25686,1
25687,1
25688,0.7528674530571849
25689,1
25690,1
25691,1
25692,1
25693,0.865342993871003
25694,0.9139598034696145
25695,1
25696,1
25697,1
25698,1
25699,1
25700,1
25701,0.8341936474459313
25702,1
25703,0.9342364570765402
25704,1
25705,1
25706,0.9454078655814693
25707,1
25708,0.9288048427215077
25709,0.793170659184894
25710,1
25711,1
25712,1
25713,1
25714,1
25715,1
25716,1
25717,1
25718,0.8253366106153629
25719,0.6885666997785582
25720,1
25721,1
25722,0.5399644388948595
25723,1
25724,1
25725,0.945946033692074
25726,1
25727,1
25728,1
25729,0.866084969722456
25730,0.946969189555499
25731,1
25732,0.9452801168517926
25733,1
25734,0.9263449013643182
25735,0.9271491929682765
25736,1
25737,1
25738,1
25739,1
25740,1
25741,1
25742,1
25743,0.8679013245661215
25744,1
25745,1
25746,0.7282827207926733
25747,1
25748,1
25749,1
25750,0.9123457362058752
25751,0.9294669802267619
25752,1
25753,1
25754,1
25755,1
25756,1
25757,0.8726460563952914
25758,0.9241271211970506
25759,1
25760,1
25761,1
25762,1
25763,1
25764,0.8978059263031924
25765,1
25766,0.604418380039291
25767,1
25768,1
25769,1
25770,1
25771,1
25772,0.8495512933114234
25773,1
25774,1
25775,1
25776,1
25777,0.8980525925617988
25778,1
25779,0.8433952252272036
25780,0.604418380039291
25781,1
25782,1
25783,1
25784,1
25785,0.9089355372529971
25786,1
25787,1
25788,0.8171250683360909
25789,1
25790,0.7859745512826491
25791,1
25792,1
25793,1
25794,1
25795,1
25796,0.8468621496493656
25797,1
25798,0.7840088215601726
25799,1
25800,1
25801,1
25802,1
25803,0.8580623276590075
25804,1
25805,1
25806,1
25807,1
25808,0.9032973133784712
25809,0.7397923134698636
25810,0.9358120220219012
25811,1
25812,0.5763208703366369
25813,0.9454619411998316
25814,1
25815,1
25816,1
25817,0.9397713918175277
25818,0.8753378605845482
25819,1
25820,0.8336848463913432
25821,0.9469295246931131
25822,1
25823,1
25824,1
25825,1
25826,1
25827,1
25828,1
25829,1
25830,1
25831,1
25832,1
25833,1
25834,1
25835,1
25836,1
25837,1
25838,1
25839,0.8204418056150501
25840,0.4781607568035653
25841,1
25842,1
25843,1
25844,1
25845,0.9302644204617869
25846,1
25847,1
25848,0.8659499157561663
25849,1
25850,1
25851,1
25852,1
25853,1
25854,1
25855,1
25856,1
25857,1
25858,0.9208970738626719
25859,0.9353925381225616
25860,0.9377288147826115
25861,0.9493383551433571
25862,1
25863,0.905715422306591
25864,1
25865,0.9105573072999568
25866,1
25867,1
25868,0.6729053733998492
25869,1
25870,1
25871,1
25872,1
25873,0.9348405151968444
25874,0.8761235054179012
25875,0.8767721513614615
25876,0.9143366410557725
25877,1
25878,1
25879,1
25880,0.9455913626757255
25881,1
25882,1
25883,1
25884,1
25885,1
25886,0.5566427176043954
25887,1
25888,1
25889,1
25890,1
25891,0.9309891218036215
25892,0.9295985307626584
25893,1
25894,1
25895,0.8137983003230503
25896,1
25897,1
25898,0.9164473443127891
25899,1
25900,1
25901,0.8880079044698654
25902,0.7853309146994715
25903,1
25904,1
25905,0.8932465430328895
25906,1
25907,1
25908,1
25909,1
25910,0.5831234044382748
25911,1
25912,1
25913,1
25914,0.8061889359062481
25915,1
25916,0.7794087412028938
25917,0.9047980717456597
25918,1
25919,0.8094787658642776
25920,1
25921,0.9456313681277535
25922,1
25923,1
25924,1
25925,1
25926,0.8699792892674054
25927,0.9252408314735903
25928,1
25929,0.8224202703977599
25930,1
25931,0.9283869813022714
25932,1
25933,1
25934,0.8245241419042719
25935,0.8235839342311377
25936,1
25937,1
25938,1
25939,1
25940,1
25941,1
25942,1
25943,1
25944,1
25945,1
25946,0.9085784715608759
25947,0.9445506292641146
25948,1
25949,1
25950,1
25951,0.8849014557599442
25952,1
25953,0.9498615333511852
25954,1
25955,1
25956,0.9355991499788943
25957,1
25958,1
25959,1
25960,0.9329844633572029
25961,1
25962,1
25963,1
25964,1
25965,1
25966,1
25967,1
25968,1
25969,1
25970,1
25971,0.8659093579138196
25972,1
25973,1
25974,1
25975,1
25976,1
25977,1
25978,1
25979,1
25980,0.8302890185775087
25981,1
25982,1
25983,1
25984,1
25985,1
25986,1
25987,1
25988,0.9187147433736212
25989,1
25990,1
25991,1
25992,1
25993,0.6476974520427072
25994,1
25995,1
25996,1
25997,1
25998,1
25999,1
26000,1
26001,1
26002,1
26003,1
26004,1
26005,0.8663725997508626
26006,1
26007,1
26008,1
26009,1
26010,0.8839718072362048
26011,0.8566883823389988
26012,1
26013,1
26014,1
26015,1
26016,1
26017,1
26018,1
26019,1
26020,1
26021,1
26022,1
26023,1
26024,0.9446596836493764
26025,1
26026,1
26027,0.9420960340136623
26028,1
26029,1
26030,1
26031,0.8423491382757702
26032,1
26033,1
26034,1
26035,0.8704659384461293
26036,1
26037,1
26038,0.7381630283642636
26039,0.8277107042237845
26040,1
26041,1
26042,1
26043,1
26044,1
26045,0.9229506574219268
26046,1
26047,0.8849303801018829
26048,1
26049,1
26050,1
26051,1
26052,1
26053,1
26054,1
26055,0.8948748242834773
26056,1
26057,0.9179741879907191
26058,0.9000087940382507
26059,0.907570001940094
26060,1
26061,1
26062,0.9213143723733205
26063,0.9383158969323699
26064,0.862685081247705
26065,1
26066,1
26067,1
26068,0.9269968704991156
26069,1
26070,1
26071,1
26072,1
26073,1
26074,1
26075,1
26076,1
26077,1
26078,1
26079,1
26080,1
26081,1
26082,1
26083,1
26084,1
26085,1
26086,0.8768903125133545
26087,1
26088,1
26089,1
26090,1
26091,1
26092,1
26093,1
26094,1
26095,1
26096,1
26097,0.781487745383242
26098,0.9434893477776377
26099,0.9289073285295818
26100,1
26101,1
26102,1
26103,0.9294642899823501
26104,1
26105,0.9301559875670121
26106,1
26107,1
26108,1
26109,1
26110,1
26111,1
26112,1
26113,1
26114,1
26115,1
26116,1
26117,1
26118,0.9295398407829686
26119,1
26120,1
26121,1
26122,1
26123,0.9169926441559101
26124,1
26125,1
26126,1
26127,0.8821723075288975
26128,1
26129,1
26130,1
26131,0.8710303564240629
26132,1
26133,0.8064307574466897
26134,0.9164884760445389
26135,1
26136,1
26137,1
26138,1
26139,1
26140,1
26141,0.8783747201233458
26142,1
26143,1
26144,1
26145,1
26146,0.9377185724081785
26147,1
26148,0.8104451590837742
26149,0.7678748638216054
26150,1
26151,0.5398570795552629
26152,1
26153,1
26154,1
26155,0.9241000748158102
26156,0.9004223137192949
26157,1
26158,0.9361466480920756
26159,1
26160,1
26161,1
26162,1
26163,0.5988291851826969
26164,1
26165,1
26166,1
26167,0.8964001834852989
26168,1
26169,1
26170,1
26171,1
26172,0.9071523792677966
26173,1
26174,1
26175,1
26176,1
26177,0.5329660658297437
26178,1
26179,1
26180,1
26181,1
26182,0.9307787686607614
26183,0.9394073931439438
26184,1
26185,1
26186,1
26187,0.938276086233735
26188,0.7939677466108631
26189,0.4687421681714064
26190,1
26191,1
26192,0.9388441705935885
26193,0.9030107355384568
26194,0.6402188647993152
26195,1
26196,1
26197,0.8562659552468702
26198,1
26199,0.7815775091891796
26200,1
26201,1
26202,1
26203,1
26204,1
26205,0.823090192628394
26206,1
26207,1
26208,1
26209,0.885604897543232
26210,0.9071102665894452
26211,1
26212,1
26213,1
26214,1
26215,0.9008118407075524
26216,0.8998676172704962
26217,1
26218,1
26219,0.9300935315448464
26220,1
26221,1
26222,1
26223,1
26224,1
26225,1
26226,1
26227,1
26228,1
26229,0.9263449013643182
26230,1
26231,1
26232,0.8330317485203937
26233,1
26234,0.9326005030693304
26235,1
26236,0.32669273324763193
26237,0.509761594907099
26238,1
26239,1
26240,1
26241,1
26242,1
26243,1
26244,1
26245,1
26246,0.696250682856916
26247,0.829105808128018
26248,0.938910433351806
26249,0.909756443056339
26250,0.8697393392474844
26251,1
26252,1
26253,0.8926957187544065
26254,0.8302290513099893
26255,1
26256,1
26257,1
26258,1
26259,0.9347032116804918
26260,0.8200743322349757
26261,1
26262,1
26263,0.8914062534739564
26264,1
26265,1
26266,0.8495512933114234
26267,1
26268,1
26269,0.9152225289328291
26270,1
26271,0.9425812650573886
26272,1
26273,1
26274,0.9277337136738866
26275,1
26276,0.739861762150983
26277,1
26278,1
26279,1
26280,1
26281,1
26282,1
26283,0.9034984331985272
26284,1
26285,1
26286,1
26287,1
26288,0.6838873618815939
26289,0.9100519745633643
26290,0.932648060419055
26291,0.9421367891967365
26292,1
26293,1
26294,1
26295,1
26296,1
26297,1
26298,0.9456238450616496
26299,1
26300,0.48581060734352743
26301,1
26302,1
26303,0.9299936894823733
26304,1
26305,1
26306,1
26307,0.8174942858899256
26308,0.5341269305341848
26309,1
26310,1
26311,0.9423163657729118
26312,0.7023587422188795
26313,1
26314,1
26315,1
26316,1
26317,1
26318,1
26319,0.9030864344039603
26320,0.8549657867101778
26321,0.9006016489586444
26322,1
26323,0.413948972997286
26324,1
26325,0.8253366106153629
26326,0.8800981296492302
26327,1
26328,1
26329,1
26330,0.48263572934964777
26331,0.9014946996926035
26332,1
26333,1
26334,1
26335,0.8704695745524595
26336,1
26337,1
26338,0.9088910038385659
26339,1
26340,1
26341,1
26342,1
26343,1
26344,0.9446596836493764
26345,1
26346,1
26347,1
26348,0.9329344527179542
26349,1
26350,1
26351,1
26352,1
26353,1
26354,1
26355,0.9486432912514582
26356,1
26357,1
26358,1
26359,1
26360,1
26361,1
26362,1
26363,1
26364,1
26365,0.6683989470614431
26366,1
26367,1
26368,1
26369,1
26370,0.9021956846935674
26371,1
26372,1
26373,1
26374,1
26375,1
26376,1
26377,1
26378,0.7528674530571849
26379,0.8980682284642537
26380,1
26381,1
26382,1
26383,1
26384,1
26385,1
26386,1
26387,1
26388,1
26389,0.9452941563742203
26390,1
26391,1
26392,1
26393,0.9481113743411194
26394,0.8978059263031924
26395,1
26396,0.9421232932190896
26397,0.8863807211126016
26398,0.8528283217052932
26399,1
26400,1
26401,1
26402,1
26403,1
26404,1
26405,0.8921204699964731
26406,0.8661156677995557
26407,1
26408,1
26409,1
26410,0.43711192388075387
26411,1
26412,1
26413,0.8141362527028477
26414,1
26415,0.9226617235216902
26416,1
26417,1
26418,1
26419,1
26420,0.8088715792873001
26421,0.9140012420657612
26422,0.49266168976316305
26423,1
26424,1
26425,0.9386168285227403
26426,1
26427,1
26428,1
26429,1
26430,1
26431,0.9259398073950811
26432,0.9374446351361079
26433,1
26434,1
26435,1
26436,0.6788786805611575
26437,1
26438,1
26439,0.8393778202941066
26440,0.45036936776479775
26441,0.7351775381725894
26442,1
26443,1
26444,1
26445,1
26446,1
26447,0.8973492430239579
26448,1
26449,1
26450,1
26451,1
26452,1
26453,1
26454,1
26455,1
26456,1
26457,1
26458,1
26459,1
26460,1
26461,0.924715836488525
26462,1
26463,1
26464,1
26465,1
26466,1
26467,0.8074854470552988
26468,0.8871147547737263
26469,1
26470,0.9359589680499679
26471,1
26472,0.7983525281459137
26473,1
26474,1
26475,1
26476,1
26477,1
26478,1
26479,1
26480,1
26481,1
26482,0.9371195439069555
26483,1
26484,0.9429644013977085
26485,0.7836463946070096
26486,1
26487,1
26488,1
26489,0.8660360216503562
26490,0.9383385055322973
26491,1
26492,1
26493,1
26494,0.9488570481095719
26495,0.9462840534064377
26496,1
26497,0.9456158804354416
26498,0.9267917824808785
26499,1
26500,1
26501,1
26502,1
26503,1
26504,1
26505,0.9476588316998317
26506,0.9421152343186826
26507,1
26508,1
26509,1
26510,1
26511,1
26512,1
26513,1
26514,1
26515,0.9317640280993781
26516,0.6997598497621232
26517,1
26518,1
26519,1
26520,1
26521,1
26522,1
26523,1
26524,0.9034034789151919
26525,0.7707966233001337
26526,1
26527,0.8835064208669187
26528,0.7189461781030627
26529,1
26530,1
26531,1
26532,1
26533,0.7454166306776159
26534,0.9258410346208845
26535,1
26536,0.9420960340136623
26537,0.9368703629350329
26538,1
26539,1
26540,1
26541,1
26542,0.8672794403198187
26543,1
26544,1
26545,1
26546,1
26547,1
26548,0.9412608342907937
26549,1
26550,0.9457835510898429
26551,0.8699792892674054
26552,1
26553,1
26554,1
26555,1
26556,1
26557,0.6402188647993152
26558,0.9461872256651912
26559,1
26560,1
26561,0.9281169579548475
26562,1
26563,0.9387522115944343
26564,1
26565,0.8547194547890693
26566,1
26567,0.9089355372529971
26568,1
26569,1
26570,1
26571,1
26572,1
26573,1
26574,1
26575,0.7197263252020797
26576,0.8843416947208251
26577,1
26578,1
26579,1
26580,1
26581,1
26582,1
26583,1
26584,0.9419047300400144
26585,1
26586,0.9440323719522248
26587,1
26588,0.9147469225136027
26589,1
26590,0.9457446376639361
26591,0.48753080710497887
26592,1
26593,1
26594,1
26595,1
26596,1
26597,0.8997738445296589
26598,1
26599,0.9485202350953229
26600,0.8272723396112671
26601,1
26602,1
26603,0.8647056585996227
26604,1
26605,1
26606,1
26607,1
26608,0.941292596568786
26609,1
26610,1
26611,1
26612,1
26613,1
26614,0.9488594838302383
26615,1
26616,0.9225538348102444
26617,1
26618,0.8682801358681631
26619,0.8948408996803989
26620,0.7994901219248626
26621,1
26622,1
26623,1
26624,0.9280886343071301
26625,1
26626,1
26627,1
26628,0.9300935315448464
26629,1
26630,1
26631,1
26632,0.9100519745633643
26633,0.5833271216114535
26634,1
26635,1
26636,1
26637,1
26638,1
26639,1
26640,0.509761594907099
26641,1
26642,1
26643,1
26644,0.9250350254864588
26645,1
26646,1
26647,0.8384535437311011
26648,1
26649,0.813970317856339
26650,1
26651,1
26652,1
26653,0.8981013343675437
26654,0.6920045657950943
26655,1
26656,1
26657,1
26658,1
26659,0.8866302527845743
26660,1
26661,1
26662,1
26663,1
26664,0.617904555229479
26665,1
26666,0.8953244525350268
26667,1
26668,1
26669,1
26670,1
26671,1
26672,1
26673,1
26674,1
26675,1
26676,1
26677,1
26678,1
26679,1
26680,1
26681,1
26682,1
26683,1
26684,1
26685,1
26686,1
26687,1
26688,0.9241116309286146
26689,1
26690,0.569394467143736
26691,0.9480462579703061
26692,0.8061889359062481
26693,1
26694,1
26695,1
26696,1
26697,1
26698,0.9088340565957393
26699,1
26700,0.8615767456252079
26701,1
26702,0.8843364761398002
26703,1
26704,1
26705,1
26706,1
26707,1
26708,1
26709,0.9138251788671885
26710,1
26711,1
26712,1
26713,1
26714,1
26715,1
26716,1
26717,1
26718,0.8495512933114234
26719,1
26720,1
26721,1
26722,0.9362590973592506
26723,1
26724,0.7399809856936153
26725,1
26726,1
26727,1
26728,1
26729,1
26730,0.7394727608312287
26731,1
26732,1
26733,1
26734,0.8119713787395205
26735,1
26736,0.4495148426579738
26737,1
26738,1
26739,1
26740,0.8177831797223205
26741,1
26742,1
26743,1
26744,0.7100999672078361
26745,1
26746,0.9252408314735903
26747,1
26748,1
26749,1
26750,1
26751,1
26752,0.8176059515889543
26753,1
26754,0.9350050882460191
26755,0.8850260900889968
26756,1
26757,1
26758,1
26759,0.48581060734352743
26760,0.9262647631187355
26761,1
26762,1
26763,1
26764,1
26765,0.9228927391068938
26766,0.9258032712131831
26767,1
26768,1
26769,0.9058103986081958
26770,1
26771,1
26772,0.9377132900975945
26773,0.9152993453479266
26774,1
26775,0.7953487173664069
26776,0.8704659384461293
26777,1
26778,1
26779,1
26780,1
26781,1
26782,1
26783,1
26784,1
26785,1
26786,0.9112477782576216
26787,1
26788,1
26789,1
26790,0.571467194107838
26791,0.8341286974704595
26792,1
26793,0.902135274423333
26794,0.7409976032702777
26795,1
26796,1
26797,0.9343690424340576
26798,1
26799,1
26800,1
26801,1
26802,1
26803,0.8159192356534709
26804,1
26805,1
26806,1
26807,0.8575290787253764
26808,0.8497218726516701
26809,0.8184683193106489
26810,1
26811,1
26812,0.9460003962638898
26813,1
26814,1
26815,0.8055755876904325
26816,1
26817,0.8040336508397525
26818,1
26819,0.920343913776366
26820,1
26821,1
26822,0.5566427176043954
26823,1
26824,1
26825,1
26826,0.9325644737032752
26827,0.9092801741635803
26828,1
26829,1
26830,1
26831,1
26832,0.7206388427981248
26833,1
26834,1
26835,1
26836,1
26837,0.9477680935219899
26838,1
26839,1
26840,1
26841,1
26842,1
26843,1
26844,1
26845,0.9052393966626608
26846,1
26847,1
26848,0.89894669504046
26849,1
26850,1
26851,0.8729175079231376
26852,1
26853,1
26854,1
26855,1
26856,0.9471658872473525
26857,1
26858,1
26859,0.8892297153049051
26860,1
26861,1
26862,0.8055755876904325
26863,0.6195297332430518
26864,0.8656353626902307
26865,1
26866,1
26867,1
26868,1
26869,1
26870,0.9383164148579588
26871,0.9337235789896505
26872,1
26873,1
26874,1
26875,1
26876,1
26877,0.5192679033601321
26878,0.9016185685159321
26879,1
26880,1
26881,1
26882,0.793170659184894
26883,0.7525286224854192
26884,1
26885,0.8850260900889968
26886,0.9077120522783645
26887,1
26888,1
26889,1
26890,1
26891,0.7678116257333992
26892,0.844590056313491
26893,1
26894,1
26895,1
26896,0.9079359703257683
26897,1
26898,1
26899,1
26900,0.9437801568404289
26901,0.945176944646637
26902,0.9241402477197566
26903,0.84623887737629655
26904,1
26905,1
26906,0.8977779370610509
26907,1
26908,1
26909,1
26910,1
26911,1
26912,1
26913,1
26914,1
26915,1
26916,1
26917,1
26918,1
26919,1
26920,1
26921,0.9345770826501297
26922,1
26923,1
26924,1
26925,1
26926,0.7212950399820459
26927,0.8695273694342176
26928,0.8364593570016315
26929,1
26930,1
26931,1
26932,1
26933,1
26934,1
26935,1
26936,0.8564548874221499
26937,1
26938,1
26939,0.9451117431056624
26940,0.9352096059596885
26941,1
26942,1
26943,1
26944,1
26945,1
26946,1
26947,1
26948,0.5325526476088471
26949,1
26950,0.9217195053276847
26951,1
26952,1
26953,0.9416887926163359
26954,1
26955,1
26956,1
26957,1
26958,0.6769440218058553
26959,1
26960,1
26961,0.9404866371377198
26962,1
26963,0.9034034789151919
26964,1
26965,1
26966,1
26967,1
26968,1
26969,1
26970,1
26971,1
26972,1
26973,1
26974,1
26975,1
26976,1
26977,1
26978,1
26979,0.6775501804118899
26980,1
26981,0.850749271455558
26982,1
26983,1
26984,0.9427413477275214
26985,1
26986,0.7712917862705471
26987,1
26988,1
26989,0.8968748226635189
26990,1
26991,0.9281811096675545
26992,1
26993,1
26994,1
26995,1
26996,1
26997,1
26998,1
26999,1
27000,0.945046391920319
27001,1
27002,1
27003,1
27004,1
27005,1
27006,1
27007,1
27008,1
27009,0.9451527308405274
27010,1
27011,1
27012,0.6373997404376597
27013,0.9446749662527516
27014,1
27015,0.8370824315640654
27016,1
27017,1
27018,1
27019,1
27020,0.9002298273517803
27021,1
27022,1
27023,1
27024,1
27025,1
27026,1
27027,1
27028,0.6402188647993152
27029,1
27030,1
27031,1
27032,1
27033,1
27034,1
27035,0.7807193078878513
27036,1
27037,1
27038,0.9494899161407354
27039,1
27040,0.7696563466317078
27041,1
27042,0.7927747963285853
27043,1
27044,0.8559182941490148
27045,0.6314074573846035
27046,0.7517464307716359
27047,1
27048,0.897290114290242
27049,1
27050,0.765821894891887
27051,1
27052,1
27053,1
27054,1
27055,1
27056,0.851342367932031
27057,1
27058,0.9306932842742516
27059,0.5787066271140867
27060,1
27061,1
27062,0.9053718453239322
27063,1
27064,0.8522809154738666
27065,1
27066,1
27067,0.9345770826501297
27068,1
27069,0.938910433351806
27070,1
27071,1
27072,1
27073,1
27074,1
27075,0.949996922085692
27076,1
27077,1
27078,0.7129634008391387
27079,1
27080,1
27081,1
27082,1
27083,0.9228262524901152
27084,1
27085,0.9269984469804637
27086,0.9408924083439206
27087,1
27088,1
27089,0.8821723075288975
27090,1
27091,1
27092,1
27093,0.9446596836493764
27094,1
27095,0.949677114094096
27096,1
27097,1
27098,1
27099,1
27100,0.9290962318276922
27101,1
27102,1
27103,1
27104,1
27105,1
27106,0.5568207262836085
27107,1
27108,0.8550874722856302
27109,1
27110,1
27111,1
27112,1
27113,0.9050546612971468
27114,1
27115,0.9274018072886296
27116,1
27117,1
27118,0.9485600591786013
27119,0.8341286974704595
27120,1
27121,1
27122,1
27123,0.5642027921631235
27124,0.9161891101480256
27125,1
27126,0.9092918874618543
27127,1
27128,1
27129,0.9283583996289024
27130,0.9329344527179542
27131,1
27132,1
27133,1
27134,1
27135,1
27136,1
27137,0.7800488119878686
27138,1
27139,1
27140,0.9270266000533726
27141,1
27142,1
27143,0.9355991499788943
27144,0.8161149441486805
27145,1
27146,0.9398732409913615
27147,1
27148,0.899053590969285
27149,1
27150,1
27151,1
27152,0.8908488042685541
27153,1
27154,1
27155,0.90337736303594
27156,1
27157,1
27158,1
27159,1
27160,1
27161,1
27162,1
27163,1
27164,0.7696563466317078
27165,1
27166,1
27167,1
27168,0.8634460331261602
27169,0.7464029457547071
27170,1
27171,1
27172,1
27173,1
27174,1
27175,1
27176,1
27177,1
27178,1
27179,1
27180,1
27181,0.6402188647993152
27182,0.7360015705504729
27183,1
27184,0.7685837718097019
27185,1
27186,0.878577128711271
27187,1
27188,0.9446994605662572
27189,1
27190,1
27191,1
27192,0.9252408314735903
27193,1
27194,1
27195,0.8805599371836523
27196,1
27197,1
27198,0.9211423439807309
27199,1
27200,1
27201,1
27202,0.898083132547122
27203,1
27204,1
27205,1
27206,0.9147432234221672
27207,1
27208,1
27209,1
27210,0.850653365456484
27211,1
27212,0.9402313794929033
27213,0.827090363030181
27214,0.9421236999782778
27215,0.6563833025265245
27216,1
27217,0.9392580848612422
27218,0.9241540221018777
27219,0.9306812654626151
27220,1
27221,1
27222,1
27223,0.6997598497621232
27224,1
27225,1
27226,0.8712132670214746
27227,1
27228,1
27229,1
27230,1
27231,0.9388577343437038
27232,1
27233,1
27234,1
27235,1
27236,0.4658977566009267
27237,0.7617235077433923
27238,0.5329660658297437
27239,1
27240,1
27241,1
27242,1
27243,1
27244,1
27245,0.9257063312872021
27246,1
27247,1
27248,0.7359597029918549
27249,1
27250,0.9053759674182628
27251,0.6775501804118899
27252,0.8253366106153629
27253,0.7998183342887871
27254,1
27255,1
27256,1
27257,1
27258,1
27259,1
27260,1
27261,1
27262,0.8547194547890693
27263,1
27264,1
27265,0.4172022335303556
27266,0.9365342389779192
27267,0.909756443056339
27268,1
27269,1
27270,0.91016423794236
27271,1
27272,0.7457325951519538
27273,1
27274,1
27275,1
27276,1
27277,1
27278,1
27279,1
27280,1
27281,0.9191956873964556
27282,0.43212583743517335
27283,0.9197796517966356
27284,1
27285,1
27286,1
27287,0.7994901219248626
27288,1
27289,0.8866565581771434
27290,1
27291,1
27292,1
27293,0.9240675359207081
27294,1
27295,1
27296,1
27297,0.9285435485923336
27298,1
27299,1
27300,1
27301,1
27302,0.899603303136366
27303,0.9413714524497757
27304,1
27305,0.8821540310440338
27306,1
27307,0.8974882139427417
27308,0.8804605660885984
27309,1
27310,1
27311,0.9359589680499679
27312,1
27313,0.832696580325915
27314,1
27315,1
27316,1
27317,1
27318,1
27319,0.8849107299589213
27320,1
27321,0.9257063312872021
27322,1
27323,0.9461872256651912
27324,1
27325,0.9169926441559101
27326,0.7719313968891064
27327,1
27328,1
27329,1
27330,1
27331,1
27332,1
27333,1
27334,1
27335,1
27336,1
27337,1
27338,1
27339,0.8036443979632395
27340,0.9394312264406032
27341,0.6418935857171094
27342,0.6585138079266615
27343,1
27344,1
27345,0.9193247810516684
27346,1
27347,1
27348,1
27349,0.9000087940382507
27350,1
27351,1
27352,0.9335482558572996
27353,1
27354,1
27355,0.7346595952687813
27356,1
27357,0.940338343481061
27358,0.9307067835431498
27359,1
27360,1
27361,0.9461827461642972
27362,1
27363,1
27364,1
27365,1
27366,1
27367,0.859153162604385
27368,1
27369,0.9213141058210306
27370,0.8672010642099648
27371,1
27372,1
27373,1
27374,0.8530733669184845
27375,0.9419047300400144
27376,1
27377,1
27378,1
27379,0.9184721440072384
27380,1
27381,0.9278535451511372
27382,1
27383,1
27384,1
27385,0.9446362400785946
27386,1
27387,1
27388,1
27389,1
27390,1
27391,0.9279472762037108
27392,1
27393,1
27394,1
27395,1
27396,1
27397,1
27398,0.9339250908415218
27399,1
27400,1
27401,1
27402,1
27403,1
27404,0.9187147433736212
27405,1
27406,1
27407,1
27408,0.7704754609641021
27409,0.9098580758234381
27410,1
27411,1
27412,1
27413,1
27414,1
27415,1
27416,1
27417,1
27418,1
27419,1
27420,0.8690434313364297
27421,1
27422,1
27423,1
27424,1
27425,1
27426,1
27427,1
27428,1
27429,1
27430,0.9027718805372111
27431,1
27432,1
27433,1
27434,0.938297373468542
27435,1
27436,1
27437,0.8372377466066658
27438,1
27439,1
27440,1
27441,1
27442,0.8698298224417176
27443,1
27444,1
27445,0.835546172031628
27446,1
27447,1
27448,1
27449,1
27450,1
27451,0.911933432600174
27452,1
27453,1
27454,1
27455,1
27456,1
27457,1
27458,1
27459,1
27460,1
27461,1
27462,1
27463,0.9310727388856189
27464,1
27465,1
27466,1
27467,1
27468,0.8782587140148349
27469,0.910433827897482
27470,1
27471,1
27472,1
27473,0.9105598904869577
27474,1
27475,1
27476,1
27477,1
27478,1
27479,0.9255322559667025
27480,1
27481,1
27482,0.8914062534739564
27483,1
27484,0.9434356186266815
27485,1
27486,1
27487,1
27488,1
27489,0.9197796517966356
27490,1
27491,1
27492,1
27493,0.8480118895253492
27494,1
27495,1
27496,1
27497,0.897606822769603
27498,1
27499,1
27500,1
27501,1
27502,1
27503,1
27504,0.9239206498132211
27505,1
27506,0.8724409833813151
27507,1
27508,0.871285077093046
27509,0.9299995912629396
27510,1
27511,1
27512,1
27513,1
27514,0.8828224956529188
27515,0.672681028257151
27516,1
27517,0.9079359703257683
27518,1
27519,0.947749784153913
27520,0.8398233230379857
27521,1
27522,1
27523,1
27524,1
27525,0.8439002124509091
27526,0.9292945877178469
27527,1
27528,0.8849107299589213
27529,1
27530,1
27531,1
27532,1
27533,1
27534,0.9456622691148581
27535,1
27536,0.86390395088878
27537,1
27538,1
27539,0.8721252123520906
27540,1
27541,1
27542,0.9484844715998981
27543,0.911110098886921
27544,1
27545,0.9477680935219899
27546,1
27547,1
27548,1
27549,1
27550,1
27551,1
27552,1
27553,1
27554,1
27555,0.7862049875427627
27556,1
27557,1
27558,0.9402313794929033
27559,0.8623910514961534
27560,1
27561,1
27562,1
27563,0.8086302858419433
27564,1
27565,0.556580528024074
27566,1
27567,1
27568,0.8821723075288975
27569,1
27570,0.9047119132136896
27571,1
27572,1
27573,1
27574,1
27575,1
27576,1
27577,1
27578,1
27579,0.8796471713105176
27580,1
27581,1
27582,0.9459900818475951
27583,1
27584,1
27585,1
27586,1
27587,1
27588,1
27589,1
27590,1
27591,1
27592,0.7981415772804076
27593,1
27594,0.9199158818358767
27595,0.938276086233735
27596,1
27597,1
27598,1
27599,0.6885666997785582
27600,1
27601,1
27602,1
27603,0.9488050321828744
27604,1
27605,1
27606,0.9442973972993116
27607,1
27608,1
27609,1
27610,1
27611,1
27612,1
27613,1
27614,1
27615,0.9230170145444427
27616,1
27617,1
27618,0.8861077906097743
27619,1
27620,1
27621,1
27622,1
27623,1
27624,0.8809307743242354
27625,1
27626,0.7103761156221248
27627,0.912776717565902
27628,1
27629,1
27630,1
27631,1
27632,0.9089206188144356
27633,1
27634,1
27635,1
27636,1
27637,1
27638,1
27639,1
27640,1
27641,1
27642,1
27643,1
27644,1
27645,1
27646,0.8730219772639066
27647,0.8710303564240629
27648,0.8205113564382442
27649,1
27650,1
27651,1
27652,0.8581459807506081
27653,1
27654,1
27655,1
27656,1
27657,0.9159735612328815
27658,1
27659,1
27660,1
27661,1
27662,1
27663,1
27664,1
27665,1
27666,1
27667,0.9226617235216902
27668,1
27669,1
27670,0.8158149714939555
27671,0.5846161227743658
27672,1
27673,1
27674,0.9477430796706854
27675,1
27676,1
27677,1
27678,1
27679,1
27680,1
27681,0.93622839264172375
27682,1
27683,1
27684,0.9331832591679291
27685,0.9032855352522279
27686,0.9170176413471876
27687,0.9329344527179542
27688,1
27689,1
27690,0.8843857678307215
27691,0.8941516039291537
27692,0.9128784584897742
27693,1
27694,0.9470221774348935
27695,1
27696,1
27697,0.9100519745633643
27698,1
27699,0.9138251788671885
27700,0.9001848420258661
27701,0.5988291851826969
27702,0.8984264881621126
27703,1
27704,1
27705,1
27706,0.4323567507246431
27707,0.9454315905623402
27708,1
27709,1
27710,1
27711,1
27712,1
27713,1
27714,1
27715,1
27716,1
27717,0.9005979732966319
27718,0.9388283542373463
27719,1
27720,1
27721,1
27722,1
27723,0.9035374275105416
27724,0.9478253033985029
27725,1
27726,0.7409976032702777
27727,0.9328390987770276
27728,0.9072032309899698
27729,0.5566427176043954
27730,1
27731,0.9493383551433571
27732,1
27733,1
27734,1
27735,1
27736,1
27737,1
27738,1
27739,1
27740,0.8627119482471709
27741,1
27742,1
27743,0.8774856878321458
27744,1
27745,1
27746,1
27747,1
27748,1
27749,0.9175442993393419
27750,1
27751,1
27752,0.6360620105238265
27753,0.8602125844642168
27754,1
27755,1
27756,1
27757,1
27758,1
27759,1
27760,1
27761,0.9179812840590046
27762,1
27763,0.8839718072362048
27764,0.7712917862705471
27765,1
27766,1
27767,1
27768,1
27769,1
27770,0.9388283542373463
27771,1
27772,1
27773,1
27774,1
27775,1
27776,1
27777,0.8833710312614659
27778,0.9332450082450171
27779,1
27780,1
27781,1
27782,1
27783,1
27784,0.9097249377827504
27785,1
27786,1
27787,1
27788,0.9328669034424892
27789,0.9490525043815037
27790,1
27791,0.6075763964115368
27792,1
27793,1
27794,1
27795,1
27796,0.9108315954222144
27797,1
27798,1
27799,1
27800,1
27801,1
27802,1
27803,1
27804,1
27805,0.7191683563005694
27806,1
27807,1
27808,1
27809,1
27810,1
27811,1
27812,1
27813,1
27814,0.9234718870659575
27815,0.896999710707156
27816,0.7985992620409708
27817,1
27818,1
27819,1
27820,1
27821,1
27822,0.7646024905454325
27823,1
27824,0.8051684815019671
27825,1
27826,0.7464029457547071
27827,0.9176991211254333
27828,1
27829,0.608694961689114
27830,0.9328598031945263
27831,0.8656581512621493
27832,1
27833,1
27834,1
27835,1
27836,1
27837,1
27838,1
27839,0.763921634516392
27840,1
27841,1
27842,1
27843,1
27844,0.9419047300400144
27845,1
27846,1
27847,0.9446596836493764
27848,1
27849,1
27850,1
27851,1
27852,1
27853,1
27854,1
27855,1
27856,1
27857,1
27858,1
27859,0.9181344919823539
27860,0.8821723075288975
27861,1
27862,1
27863,1
27864,1
27865,0.9051472504456951
27866,1
27867,1
27868,1
27869,1
27870,0.6786801467831426
27871,1
27872,1
27873,0.9285939505249678
27874,1
27875,0.8782572763528224
27876,1
27877,0.9263449013643182
27878,0.3778343410768822
27879,1
27880,0.9304112426934823
27881,1
27882,1
27883,1
27884,0.869101175861775
27885,0.8842680950771095
27886,1
27887,0.9249566709003568
27888,1
27889,1
27890,1
27891,1
27892,0.8106048755737658
27893,0.8805777640625735
27894,1
27895,1
27896,1
27897,0.9441411481151567
27898,0.859153162604385
27899,1
27900,0.9389635986899677
27901,0.9216493593902183
27902,1
27903,1
27904,0.6751017904966812
27905,0.9068135188619103
27906,1
27907,1
27908,0.9490850719264394
27909,0.9445750528810833
27910,1
27911,0.6793050809838689
27912,1
27913,1
27914,0.9015485873629286
27915,1
27916,1
27917,1
27918,1
27919,1
27920,1
27921,1
27922,1
27923,0.9454837541709723
27924,0.9097480170896769
27925,1
27926,0.9451562566041869
27927,1
27928,1
27929,0.7189461781030627
27930,0.8240631228467227
27931,1
27932,1
27933,0.6909226031781092
27934,0.9177658293921904
27935,1
27936,1
27937,0.9355991499788943
27938,1
27939,1
27940,0.9081683468004323
27941,0.9270956952614844
27942,0.8813282082580975
27943,1
27944,1
27945,0.8460265296989792
27946,0.8704695745524595
27947,1
27948,0.8798303425174933
27949,1
27950,1
27951,1
27952,0.9352096059596885
27953,0.9367396887190907
27954,1
27955,1
27956,1
27957,1
27958,0.8879676069417576
27959,0.9304651192115355
27960,0.8467349635927344
27961,1
27962,1
27963,1
27964,1
27965,1
27966,1
27967,1
27968,1
27969,1
27970,0.9107640564748065
27971,1
27972,1
27973,1
27974,1
27975,1
27976,1
27977,1
27978,0.8802229589845211
27979,1
27980,0.8615767456252079
27981,1
27982,0.9425041288206313
27983,0.9434356186266815
27984,1
27985,1
27986,1
27987,0.6950959389092973
27988,0.8561119511191264
27989,0.9234718870659575
27990,1
27991,1
27992,1
27993,1
27994,1
27995,1
27996,1
27997,1
27998,1
27999,0.8535191864146341
28000,0.9259916499069174
28001,0.8666686923549322
28002,1
28003,1
28004,1
28005,1
28006,1
28007,1
28008,1
28009,1
28010,0.8329127374419716
28011,1
28012,0.9350586808376302
28013,1
28014,1
28015,0.9433614497156316
28016,1
28017,0.940382847952248
28018,1
28019,1
28020,1
28021,1
28022,0.8700439696400661
28023,0.35690285676641725
28024,1
28025,0.9108303921582451
28026,1
28027,1
28028,1
28029,1
28030,1
28031,1
28032,1
28033,1
28034,1
28035,1
28036,1
28037,1
28038,0.6973051543147608
28039,1
28040,1
28041,1
28042,1
28043,1
28044,1
28045,1
28046,0.9268195092274792
28047,0.9468481024793144
28048,0.9291850783734971
28049,1
28050,1
28051,0.9259836800848912
28052,1
28053,1
28054,1
28055,1
28056,1
28057,1
28058,1
28059,1
28060,1
28061,1
28062,1
28063,0.6105479273449718
28064,0.9373413358553064
28065,1
28066,1
28067,1
28068,1
28069,1
28070,1
28071,1
28072,1
28073,1
28074,0.9423307656263016
28075,1
28076,0.8345421431230134
28077,0.9073642220667235
28078,1
28079,0.8873707550601202
28080,0.94714195774314
28081,1
28082,0.8663512190402413
28083,1
28084,1
28085,0.8358284964959605
28086,1
28087,0.8695273694342176
28088,1
28089,1
28090,0.8472993346302925
28091,1
28092,1
28093,1
28094,0.9195129152956008
28095,1
28096,0.9231085703624687
28097,1
28098,1
28099,1
28100,1
28101,1
28102,1
28103,0.8674430493809343
28104,1
28105,1
28106,1
28107,1
28108,0.9306932842742516
28109,0.8352689910567065
28110,0.8852271375492999
28111,1
28112,1
28113,1
28114,0.8208064644439189
28115,1
28116,0.717907252293772
28117,1
28118,0.9003264901343884
28119,1
28120,1
28121,1
28122,1
28123,1
28124,1
28125,0.8740117760407041
28126,1
28127,0.8277107042237845
28128,0.9197299403515166
28129,1
28130,1
28131,1
28132,1
28133,1
28134,1
28135,1
28136,0.9119175237588495
28137,1
28138,1
28139,0.9270415033879288
28140,1
28141,1
28142,0.9230170145444427
28143,0.6402188647993152
28144,1
28145,0.9372172046673184
28146,0.6846087854302605
28147,1
28148,1
28149,0.6513609656977166
28150,1
28151,1
28152,1
28153,0.8914062534739564
28154,1
28155,1
28156,1
28157,0.9258725057540612
28158,1
28159,0.9014945637449752
28160,1
28161,1
28162,1
28163,0.8384535437311011
28164,1
28165,1
28166,1
28167,0.7921275420515768
28168,0.9387820188590762
28169,1
28170,1
28171,1
28172,0.6887121014669942
28173,1
28174,1
28175,1
28176,1
28177,1
28178,0.9489031088353996
28179,1
28180,1
28181,1
28182,1
28183,1
28184,1
28185,1
28186,1
28187,1
28188,1
28189,1
28190,1
28191,1
28192,0.9056769130278174
28193,1
28194,1
28195,1
28196,1
28197,1
28198,1
28199,0.9213410080953126
28200,0.9060788555680367
28201,1
28202,0.9215323715750302
28203,0.8525273090299837
28204,1
28205,1
28206,1
28207,1
28208,1
28209,0.9030632148202783
28210,0.9223979382407904
28211,1
28212,1
28213,1
28214,1
28215,1
28216,1
28217,1
28218,1
28219,1
28220,0.9400184129442711
28221,1
28222,0.9252824255186485
28223,1
28224,1
28225,1
28226,0.8106569687783467
28227,1
28228,0.8727420018536366
28229,1
28230,1
28231,1
28232,0.9408434728665439
28233,1
28234,0.9393839388717055
28235,1
28236,1
28237,1
28238,1
28239,1
28240,0.8298412456098762
28241,1
28242,1
28243,0.8857856054192885
28244,1
28245,1
28246,1
28247,1
28248,1
28249,0.9427413477275214
28250,1
28251,0.7763420616612231
28252,1
28253,1
28254,0.7325163049508585
28255,1
28256,1
28257,1
28258,0.8702700191832068
28259,1
28260,1
28261,1
28262,0.9456213574666478
28263,0.949124810365136
28264,1
28265,1
28266,1
28267,0.9359224332825566
28268,1
28269,1
28270,1
28271,1
28272,1
28273,1
28274,1
28275,1
28276,0.9175154191923457
28277,1
28278,0.8653922208145903
28279,1
28280,0.8074613104031839
28281,1
28282,1
28283,1
28284,1
28285,1
28286,1
28287,0.9461563405460011
28288,1
28289,1
28290,0.9138251788671885
28291,1
28292,1
28293,1
28294,1
28295,1
28296,1
28297,1
28298,1
28299,0.9215323715750302
28300,1
28301,0.6609405704091471
28302,0.793170659184894
28303,0.8605282867724525
28304,1
28305,1
28306,0.793170659184894
28307,1
28308,0.8794149210268735
28309,1
28310,0.9144732550924225
28311,1
28312,1
28313,1
28314,1
28315,1
28316,0.9482312692836818
28317,1
28318,1
28319,0.7815123646696581
28320,1
28321,1
28322,0.9306932842742516
28323,0.9371195439069555
28324,1
28325,0.8408954914666151
28326,1
28327,1
28328,1
28329,1
28330,0.9355361660063067
28331,1
28332,1
28333,1
28334,1
28335,1
28336,1
28337,1
28338,1
28339,1
28340,1
28341,1
28342,1
28343,1
28344,0.9127621027495776
28345,1
28346,0.8614109110703224
28347,1
28348,0.9215323715750302
28349,1
28350,0.9079359703257683
28351,1
28352,0.9258725057540612
28353,1
28354,1
28355,1
28356,1
28357,0.9457446376639361
28358,1
28359,1
28360,1
28361,0.9038933332766038
28362,1
28363,1
28364,1
28365,0.9348285627418064
28366,1
28367,0.9193370290721756
28368,1
28369,1
28370,0.8535191864146341
28371,1
28372,1
28373,0.9267917824808785
28374,1
28375,0.9356149242007593
28376,1
28377,0.9214900000568367
28378,1
28379,1
28380,0.9175154191923457
28381,0.4900632737121116
28382,1
28383,1
28384,1
28385,0.6812944859404126
28386,1
28387,0.86390395088878
28388,0.9400336706609433
28389,1
28390,1
28391,1
28392,1
28393,0.8179733831486208
28394,1
28395,1
28396,1
28397,1
28398,1
28399,0.9199216936600857
28400,1
28401,0.9316411869278172
28402,0.604418380039291
28403,1
28404,1
28405,0.4036742329937592
28406,0.882158527037212
28407,1
28408,0.8805600634748492
28409,1
28410,1
28411,1
28412,1
28413,1
28414,1
28415,1
28416,0.6402188647993152
28417,1
28418,1
28419,1
28420,1
28421,1
28422,0.8500445249084877
28423,0.6908134975425122
28424,1
28425,1
28426,1
28427,1
28428,0.9274018072886296
28429,0.9258290535248442
28430,0.6992990660082985
28431,1
28432,1
28433,1
28434,0.705688208877203
28435,1
28436,1
28437,1
28438,1
28439,1
28440,0.9399999914028466
28441,1
28442,1
28443,1
28444,1
28445,1
28446,1
28447,1
28448,1
28449,1
28450,1
28451,1
28452,1
28453,1
28454,1
28455,1
28456,1
28457,1
28458,1
28459,1
28460,1
28461,1
28462,1
28463,1
28464,1
28465,0.6704124872115196
28466,1
28467,1
28468,1
28469,1
28470,1
28471,1
28472,0.5566427176043954
28473,1
28474,1
28475,1
28476,1
28477,0.8297587009861301
28478,1
28479,0.4340464136993472
28480,1
28481,1
28482,1
28483,1
28484,0.8252486043651566
28485,0.9019544457288869
28486,0.937782952132007
28487,1
28488,1
28489,1
28490,0.6195297332430518
28491,0.6651436099630776
28492,0.7743784288670922
28493,1
28494,1
28495,0.9489064136081412
28496,0.8786540268542469
28497,1
28498,1
28499,0.940853494586447
28500,1
28501,1
28502,1
28503,1
28504,1
28505,0.930115599479368
28506,0.9077723487525698
28507,0.9442685921314865
28508,1
28509,1
28510,1
28511,1
28512,0.9355291955777046
28513,1
28514,1
28515,1
28516,1
28517,1
28518,1
28519,1
28520,1
28521,1
28522,1
28523,1
28524,0.8450182765262678
28525,0.8566883823389988
28526,1
28527,0.44933706189866945
28528,1
28529,1
28530,0.9306932842742516
28531,0.8973200629071704
28532,0.9149675647663468
28533,1
28534,0.8805599371836523
28535,1
28536,1
28537,1
28538,1
28539,1
28540,1
28541,1
28542,1
28543,0.9280534504199632
28544,1
28545,1
28546,1
28547,1
28548,0.5568207262836085
28549,1
28550,1
28551,1
28552,1
28553,1
28554,0.793170659184894
28555,0.8277107042237845
28556,1
28557,1
28558,1
28559,1
28560,1
28561,0.8828877267605751
28562,1
28563,1
28564,1
28565,1
28566,1
28567,0.7822579184375422
28568,1
28569,0.9279751780669242
28570,1
28571,1
28572,1
28573,1
28574,1
28575,1
28576,1
28577,1
28578,1
28579,1
28580,1
28581,0.9327257153266862
28582,1
28583,1
28584,1
28585,1
28586,1
28587,1
28588,0.9319313021657001
28589,1
28590,0.5717318577983762
28591,1
28592,1
28593,1
28594,1
28595,1
28596,1
28597,1
28598,1
28599,0.9267917824808785
28600,1
28601,0.9362628347476865
28602,1
28603,1
28604,1
28605,1
28606,1
28607,0.8213466229243931
28608,1
28609,1
28610,0.7679616801613594
28611,1
28612,1
28613,1
28614,0.8366719202873468
28615,0.9215323715750302
28616,1
28617,1
28618,0.9294642899823501
28619,1
28620,1
28621,0.93622839264172375
28622,0.9302957088697895
28623,1
28624,1
28625,1
28626,1
28627,0.9074279212274443
28628,1
28629,0.9395473427885391
28630,1
28631,0.9247481916765775
28632,1
28633,1
28634,1
28635,1
28636,1
28637,1
28638,1
28639,1
28640,1
28641,1
28642,1
28643,1
28644,1
28645,1
28646,1
28647,0.9485071254301646
28648,0.8682801358681631
28649,0.9202966171677182
28650,1
28651,1
28652,1
28653,1
28654,0.8802229589845211
28655,0.8089022161006845
28656,1
28657,1
28658,1
28659,1
28660,1
28661,1
28662,1
28663,1
28664,1
28665,0.7182095206759205
28666,0.9310632452838893
28667,1
28668,1
28669,0.7355499983209389
28670,0.9346975270791398
28671,1
28672,1
28673,1
28674,0.8102286831980038
28675,1
28676,1
28677,1
28678,0.9381619924553526
28679,0.8491252247340529
28680,1
28681,1
28682,1
28683,0.7184303641031571
28684,0.9263449013643182
28685,0.7412299594689025
28686,1
28687,1
28688,0.6819321842101068
28689,1
28690,0.7852463751222788
28691,0.8216724526552226
28692,1
28693,1
28694,1
28695,1
28696,1
28697,0.49266168976316305
28698,0.850749271455558
28699,0.7896031772910745
28700,1
28701,1
28702,1
28703,1
28704,1
28705,1
28706,1
28707,1
28708,0.8786540268542469
28709,0.9310159156044288
28710,1
28711,1
28712,1
28713,1
28714,1
28715,1
28716,1
28717,0.9070536562155462
28718,0.892432000357647
28719,1
28720,1
28721,1
28722,1
28723,0.9136944189323178
28724,1
28725,1
28726,0.8277107042237845
28727,1
28728,1
28729,1
28730,1
28731,1
28732,0.8806928691638056
28733,1
28734,1
28735,0.8252486043651566
28736,1
28737,0.8019907437412607
28738,1
28739,1
28740,1
28741,0.9361466480920756
28742,1
28743,1
28744,0.9362727220088655
28745,1
28746,1
28747,1
28748,1
28749,1
28750,1
28751,1
28752,0.8993865515237685
28753,0.8449659183935457
28754,1
28755,0.604418380039291
28756,1
28757,1
28758,1
28759,1
28760,1
28761,1
28762,1
28763,0.9495145374108326
28764,1
28765,0.9034034789151919
28766,1
28767,1
28768,1
28769,1
28770,1
28771,1
28772,1
28773,1
28774,1
28775,1
28776,1
28777,1
28778,0.8872000830442676
28779,1
28780,0.8495512933114234
28781,0.9413821731943081
28782,1
28783,1
28784,0.8306194743672549
28785,1
28786,1
28787,1
28788,1
28789,1
28790,0.9194547687724732
28791,1
28792,1
28793,1
28794,1
28795,1
28796,1
28797,0.5329660658297437
28798,0.9140427011896075
28799,1
28800,0.5988291851826969
28801,1
28802,1
28803,1
28804,1
28805,1
28806,1
28807,1
28808,0.9470194849176239
28809,1
28810,1
28811,1
28812,0.8723500218413908
28813,1
28814,1
28815,1
28816,0.8006323672290053
28817,1
28818,1
28819,1
28820,1
28821,1
28822,1
28823,1
28824,1
28825,1
28826,1
28827,1
28828,0.714349454001109
28829,0.5308244091984848
28830,1
28831,1
28832,1
28833,1
28834,1
28835,1
28836,1
28837,1
28838,0.9455189849330404
28839,1
28840,0.9240419527893394
28841,0.9167025858574946
28842,1
28843,1
28844,0.9396926830172162
28845,1
28846,1
28847,0.913384838446057
28848,1
28849,1
28850,1
28851,1
28852,1
28853,1
28854,1
28855,1
28856,0.8591524040360149
28857,0.8682801358681631
28858,1
28859,0.9458963376783878
28860,1
28861,1
28862,1
28863,1
28864,0.9475417915521134
28865,0.9224902727348351
28866,1
28867,1
28868,0.9000087940382507
28869,1
28870,0.8467765598768624
28871,1
28872,1
28873,1
28874,0.9463177359435968
28875,1
28876,0.8721412886476296
28877,1
28878,1
28879,1
28880,0.7307055293812765
28881,1
28882,1
28883,0.633007692924948
28884,1
28885,0.8968248906621554
28886,1
28887,0.9334080471244952
28888,0.9337235789896505
28889,1
28890,1
28891,0.9100519745633643
28892,1
28893,0.938756175694494
28894,0.9267917824808785
28895,1
28896,1
28897,0.7830021632393166
28898,1
28899,0.9172357536286901
28900,1
28901,1
28902,1
28903,0.7329711601049093
28904,1
28905,1
28906,1
28907,1
28908,1
28909,1
28910,0.7748906695296414
28911,0.8874449246553354
28912,0.92973391241977
28913,1
28914,0.9413714524497757
28915,1
28916,1
28917,1
28918,1
28919,1
28920,0.8034443291368214
28921,1
28922,1
28923,0.6333213135682444
28924,1
28925,1
28926,1
28927,1
28928,1
28929,1
28930,0.9300144331808958
28931,1
28932,0.8950103166553367
28933,1
28934,1
28935,1
28936,0.8828877267605751
28937,1
28938,1
28939,0.8828877267605751
28940,1
28941,0.9494331222857347
28942,1
28943,0.8564548874221499
28944,1
28945,1
28946,1
28947,0.8110073056506054
28948,1
28949,0.91766654720904
28950,1
28951,1
28952,0.8495512933114234
28953,1
28954,1
28955,1
28956,1
28957,1
28958,1
28959,1
28960,1
28961,1
28962,1
28963,1
28964,1
28965,1
28966,1
28967,1
28968,1
28969,1
28970,1
28971,0.8119713787395205
28972,1
28973,0.911933432600174
28974,1
28975,0.8724059998361363
28976,1
28977,1
28978,1
28979,1
28980,0.8977818223756795
28981,1
28982,1
28983,1
28984,0.8812164605597486
28985,1
28986,1
28987,0.8710303564240629
28988,0.7082407640236762
28989,0.5329660658297437
28990,1
28991,0.897606822769603
28992,1
28993,1
28994,1
28995,1
28996,0.7794773400587353
28997,1
28998,1
28999,0.913384838446057
29000,1
29001,1
29002,1
29003,1
29004,0.898083132547122
29005,0.8200183353972055
29006,0.504089490731127
29007,0.9295660465032094
29008,0.9316411869278172
29009,0.7830021632393166
29010,1
29011,1
29012,1
29013,0.9417767601923196
29014,0.9488050321828744
29015,0.8884731981118336
29016,1
29017,0.7386293626817493
29018,1
29019,1
29020,0.9169926441559101
29021,1
29022,0.6105479273449718
29023,1
29024,1
29025,1
29026,1
29027,1
29028,1
29029,1
29030,1
29031,0.9045997286204362
29032,1
29033,1
29034,1
29035,1
29036,1
29037,1
29038,1
29039,1
29040,1
29041,1
29042,1
29043,0.6045853917423206
29044,1
29045,1
29046,0.9471190987574827
29047,1
29048,0.9027329389797383
29049,1
29050,1
29051,1
29052,1
29053,1
29054,1
29055,1
29056,1
29057,1
29058,1
29059,1
29060,1
29061,1
29062,0.9257025183512876
29063,1
29064,1
29065,1
29066,1
29067,1
29068,1
29069,0.9352565658259919
29070,1
29071,1
29072,1
29073,1
29074,1
29075,0.765821894891887
29076,0.9301713688188388
29077,0.9435789758388196
29078,0.7344249320010077
29079,1
29080,1
29081,0.8366709742694708
29082,1
29083,0.9270736112304401
29084,1
29085,0.8897473705892793
29086,1
29087,1
29088,0.8518026082276411
29089,0.6741322105308265
29090,0.9306932842742516
29091,1
29092,1
29093,1
29094,0.7014892967117196
29095,0.8618139907785349
29096,1
29097,1
29098,1
29099,0.739861762150983
29100,0.8969730134512891
29101,1
29102,1
29103,1
29104,1
29105,1
29106,1
29107,1
29108,0.8454850063754342
29109,0.9375006281586121
29110,1
29111,1
29112,0.6147264796866772
29113,0.9173000497641813
29114,0.9041088786409507
29115,1
29116,0.9170885941635099
29117,1
29118,1
29119,1
29120,1
29121,1
29122,1
29123,0.92973391241977
29124,1
29125,1
29126,1
29127,1
29128,1
29129,1
29130,1
29131,1
29132,1
29133,0.9036495966796854
29134,1
29135,0.9136944189323178
29136,1
29137,1
29138,0.8297587009861301
29139,1
29140,1
29141,0.9160914191597962
29142,1
29143,0.3735027303360976
29144,0.9399052557940752
29145,1
29146,1
29147,0.858875217165636
29148,1
29149,1
29150,0.8789279800170192
29151,1
29152,1
29153,0.8974677571104409
29154,0.8828877267605751
29155,0.9419886474123127
29156,1
29157,1
29158,1
29159,0.9446362400785946
29160,0.859929336495864
29161,1
29162,1
29163,0.9122579712215334
29164,1
29165,1
29166,0.9013167620257786
29167,1
29168,0.7123436569628466
29169,0.9387522115944343
29170,0.8709269579234991
29171,0.8997738445296589
29172,1
29173,1
29174,0.9267628819617663
29175,1
29176,1
29177,1
29178,0.826552926298242
29179,0.8950103166553367
29180,0.9321341486196405
29181,1
29182,0.9345770826501297
29183,1
29184,1
29185,1
29186,1
29187,1
29188,1
29189,0.9079359703257683
29190,1
29191,0.937486847332712
29192,1
29193,1
29194,1
29195,1
29196,1
29197,1
29198,0.9333215895683012
29199,0.9446596836493764
29200,1
29201,1
29202,1
29203,1
29204,1
29205,1
29206,1
29207,1
29208,1
29209,0.6950959389092973
29210,0.9136944189323178
29211,1
29212,1
29213,1
29214,1
29215,1
29216,0.45036936776479775
29217,1
29218,1
29219,0.9165540494062394
29220,0.617904555229479
29221,1
29222,1
29223,1
29224,1
29225,1
29226,1
29227,0.9179997809560522
29228,0.9179054623526871
29229,1
29230,1
29231,1
29232,1
29233,0.8968248906621554
29234,0.9250504356468547
29235,1
29236,1
29237,1
29238,0.894923432437121
29239,1
29240,0.9370927003656061
29241,0.894584505865559
29242,0.947755348620806
29243,1
29244,1
29245,1
29246,1
29247,1
29248,1
29249,1
29250,0.9306812654626151
29251,1
29252,1
29253,1
29254,1
29255,0.852920597215767
29256,1
29257,1
29258,0.835546172031628
29259,1
29260,1
29261,1
29262,1
29263,1
29264,1
29265,0.9175154191923457
29266,0.8424205641199729
29267,0.5684885367880653
29268,1
29269,1
29270,1
29271,1
29272,0.8921204699964731
29273,1
29274,1
29275,1
29276,1
29277,1
29278,1
29279,1
29280,1
29281,0.9085473214773494
29282,1
29283,1
29284,0.9193370290721756
29285,0.8857802591085913
29286,1
29287,1
29288,0.9347880139447187
29289,1
29290,0.600321024517991
29291,1
29292,1
29293,1
29294,0.8252486043651566
29295,0.8997738445296589
29296,1
29297,0.9000843661109551
29298,1
29299,1
29300,1
29301,0.9477680935219899
29302,0.8277378029584362
29303,1
29304,1
29305,1
29306,0.9280534504199632
29307,0.9391792425965498
29308,1
29309,0.8134827936500065
29310,0.8548605409058034
29311,1
29312,1
29313,0.9136944189323178
29314,0.9455189849330404
29315,0.9038143333492015
29316,0.8383760316564551
29317,1
29318,1
29319,1
29320,1
29321,1
29322,1
29323,1
29324,1
29325,1
29326,1
29327,1
29328,1
29329,0.6530872160542265
29330,1
29331,0.9212635347014864
29332,0.9428307149936608
29333,0.8897524347239743
29334,0.9419047300400144
29335,1
29336,1
29337,1
29338,0.9488199233096954
29339,1
29340,0.8184683193106489
29341,0.763921634516392
29342,1
29343,0.8576780175163078
29344,1
29345,1
29346,0.940965985715778
29347,0.9144769493491851
29348,0.8861530601796678
29349,1
29350,1
29351,1
29352,0.7189461781030627
29353,1
29354,1
29355,1
29356,0.9413714524497757
29357,1
29358,1
29359,1
29360,1
29361,1
29362,1
29363,1
29364,0.752745270455645
29365,1
29366,0.9349353758970944
29367,1
29368,1
29369,0.9307440427893605
29370,1
29371,1
29372,0.8964142471562929
29373,1
29374,1
29375,1
29376,1
29377,1
29378,0.8518026082276411
29379,0.7663098518101316
29380,1
29381,1
29382,0.906449394685533
29383,1
29384,1
29385,1
29386,1
29387,1
29388,0.9215323715750302
29389,1
29390,1
29391,1
29392,1
29393,1
29394,1
29395,1
29396,0.8541399785021986
29397,1
29398,1
29399,0.8055755876904325
29400,1
29401,1
29402,1
29403,1
29404,1
29405,1
29406,1
29407,0.9168862341464094
29408,0.9282164981700963
29409,1
29410,0.5230969685281031
29411,1
29412,1
29413,1
29414,0.787855649301079
29415,1
29416,1
29417,0.9286707023577757
29418,1
29419,1
29420,1
29421,1
29422,0.9026096395744428
29423,1
29424,1
29425,1
29426,1
29427,1
29428,0.8794149210268735
29429,0.8944244948958674
29430,1
29431,1
29432,0.6849751873576586
29433,1
29434,1
29435,1
29436,1
29437,0.62397441157577
29438,1
29439,1
29440,1
29441,0.9446749662527516
29442,0.9284456824926807
29443,1
29444,1
29445,0.836976767234246
29446,1
29447,1
29448,0.9140373752106954
29449,1
29450,0.8575290787253764
29451,1
29452,1
29453,1
29454,1
29455,0.8309139929217755
29456,0.9333441085596185
29457,1
29458,1
29459,1
29460,0.8525346521598517
29461,1
29462,1
29463,0.9479088791372515
29464,1
29465,0.9325395047888025
29466,1
29467,1
29468,1
29469,0.8770109274844835
29470,0.8252486043651566
29471,0.9495791719272868
29472,0.7627893256420837
29473,0.8471363544232954
29474,1
29475,1
29476,0.857824355554204
29477,1
29478,0.8174942858899256
29479,0.843497548739941
29480,1
29481,0.6878273538382934
29482,1
29483,1
29484,0.8252486043651566
29485,1
29486,1
29487,1
29488,1
29489,1
29490,1
29491,1
29492,0.9100927910517086
29493,0.8223481878254812
29494,1
29495,1
29496,0.8631190910985035
29497,1
29498,1
29499,1
29500,1
29501,1
29502,1
29503,1
29504,1
29505,1
29506,0.6715273910330568
29507,1
29508,1
29509,1
29510,0.9285435485923336
29511,1
29512,1
29513,1
29514,0.8564548874221499
29515,1
29516,1
29517,1
29518,1
29519,1
29520,1
29521,1
29522,0.829372646425592
29523,1
29524,1
29525,1
29526,0.892827035454029
29527,1
29528,1
29529,0.9186641923969812
29530,1
29531,1
29532,0.9407059476473572
29533,1
29534,0.9291016957825172
29535,1
29536,1
29537,0.9105972035899803
29538,1
29539,1
29540,1
29541,1
29542,1
29543,1
29544,1
29545,1
29546,1
29547,1
29548,0.8667759555547899
29549,1
29550,1
29551,0.9460569533199433
29552,0.9477680935219899
29553,1
29554,0.9085851381822772
29555,1
29556,1
29557,0.9451611771885942
29558,1
29559,1
29560,1
29561,0.9434356186266815
29562,1
29563,1
29564,1
29565,0.8297587009861301
29566,1
29567,0.7183897026637581
29568,1
29569,1
29570,1
29571,1
29572,0.945046391920319
29573,1
29574,1
29575,0.8266646310905738
29576,1
29577,1
29578,0.8232814069523805
29579,1
29580,1
29581,1
29582,0.9441411481151567
29583,1
29584,0.9376418074795638
29585,1
29586,0.880257464777991
29587,1
29588,1
29589,1
29590,0.58520316938832
29591,1
29592,0.6796090638076382
29593,1
29594,1
29595,1
29596,1
29597,1
29598,1
29599,1
29600,0.9307183326835381
29601,1
29602,1
29603,1
29604,0.9393418723753552
29605,1
29606,1
29607,1
29608,0.5341269305341848
29609,1
29610,1
29611,0.5211032876057806
29612,0.8762941450454375
29613,1
29614,0.9448337042121987
29615,0.8600153700079056
29616,1
29617,1
29618,0.9440323719522248
29619,1
29620,1
29621,1
29622,1
29623,0.791721938923054
29624,0.8261944432671873
29625,1
29626,0.9129640308004239
29627,1
29628,1
29629,1
29630,0.8723926325779103
29631,0.7057601746404771
29632,0.8559182941490148
29633,0.89894669504046
29634,1
29635,1
29636,1
29637,1
29638,1
29639,1
29640,0.928739665961672
29641,1
29642,0.9306932842742516
29643,1
29644,1
29645,1
29646,1
29647,1
29648,1
29649,1
29650,1
29651,1
29652,1
29653,1
29654,1
29655,1
29656,1
29657,1
29658,1
29659,1
29660,0.8534105818198551
29661,0.7818498961216725
29662,0.9276703009844474
29663,1
29664,1
29665,1
29666,1
29667,0.9278311420811084
29668,1
29669,1
29670,1
29671,1
29672,1
29673,1
29674,1
29675,1
29676,0.8821723075288975
29677,0.936611056215094
29678,1
29679,1
29680,1
29681,1
29682,1
29683,1
29684,1
29685,1
29686,1
29687,0.9419854590570907
29688,1
29689,1
29690,1
29691,1
29692,0.9152366607799762
29693,1
29694,1
29695,1
29696,1
29697,1
29698,1
29699,0.9079359703257683
29700,1
29701,1
29702,1
29703,1
29704,1
29705,1
29706,1
29707,1
29708,1
29709,1
29710,1
29711,0.9202966171677182
29712,1
29713,0.9162170002853138
29714,1
29715,1
29716,1
29717,1
29718,1
29719,0.8861077906097743
29720,0.863835138679424
29721,0.9179997809560522
29722,1
29723,1
29724,1
29725,0.8282206730247955
29726,1
29727,1
29728,1
29729,1
29730,1
29731,1
29732,1
29733,1
29734,1
29735,0.8770646974053866
29736,1
29737,1
29738,1
29739,1
29740,1
29741,0.9014360011149233
29742,1
29743,1
29744,1
29745,1
29746,1
29747,1
29748,1
29749,1
29750,0.9490758303273082
29751,0.8973492430239579
29752,1
29753,0.9143586175512489
29754,1
29755,1
29756,0.9367229041016469
29757,1
29758,1
29759,0.929867184825194
29760,1
29761,0.8710303564240629
29762,0.8302890185775087
29763,1
29764,0.9432708071042665
29765,1
29766,1
29767,1
29768,1
29769,0.8530448811611466
29770,0.9416230155531169
29771,0.6299209476625592
29772,1
29773,1
29774,0.4354536380108282
29775,0.8277107042237845
29776,0.7204374655196718
29777,0.9387522115944343
29778,1
29779,1
29780,0.938276086233735
29781,1
29782,1
29783,1
29784,1
29785,1
29786,1
29787,1
29788,1
29789,1
29790,0.9229169235137903
29791,1
29792,1
29793,0.9184617087733442
29794,1
29795,1
29796,1
29797,0.9021196108857901
29798,0.926306407179887
29799,0.9015484272618249
29800,1
29801,0.888280788326185
29802,1
29803,1
29804,1
29805,1
29806,1
29807,1
29808,0.8168790355186499
29809,1
29810,1
29811,1
29812,1
29813,1
29814,0.9038933332766038
29815,1
29816,1
29817,0.9236076675705736
29818,0.86390395088878
29819,0.882158527037212
29820,1
29821,0.9345652383853428
29822,0.793170659184894
29823,1
29824,1
29825,1
29826,0.6513609656977166
29827,0.9248642408529426
29828,1
29829,1
29830,0.8714247817951853
29831,0.8948748242834773
29832,1
29833,0.6402188647993152
29834,1
29835,1
29836,1
29837,0.9448323730394107
29838,1
29839,0.846006688715175
29840,1
29841,1
29842,1
29843,1
29844,1
29845,0.9326241271315868
29846,1
29847,1
29848,1
29849,0.40348442543165447
29850,1
29851,1
29852,1
29853,0.90934069456593
29854,1
29855,1
29856,0.9306812654626151
29857,0.9498791241846233
29858,1
29859,1
29860,0.5858655834237284
29861,0.9410294563999566
29862,1
29863,1
29864,1
29865,1
29866,1
29867,1
29868,0.8252486043651566
29869,1
29870,1
29871,1
29872,1
29873,0.9262563695319024
29874,0.8879962030252008
29875,1
29876,1
29877,0.6513609656977166
29878,0.941149040493843
29879,1
29880,1
29881,1
29882,1
29883,1
29884,1
29885,1
29886,0.9424505847628577
29887,1
29888,1
29889,1
29890,1
29891,1
29892,1
29893,1
29894,0.6366133507233525
29895,1
29896,1
29897,1
29898,0.9125655826584612
29899,1
29900,1
29901,1
29902,1
29903,1
29904,1
29905,0.9222099610959242
29906,1
29907,1
29908,1
29909,0.6260999368730212
29910,1
29911,1
29912,0.9257025183512876
29913,1
29914,1
29915,1
29916,0.948195968142757
29917,1
29918,1
29919,1
29920,0.9074107369105214
29921,1
29922,1
29923,0.9488318985284239
29924,1
29925,1
29926,1
29927,1
29928,0.9321128485762344
29929,1
29930,1
29931,1
29932,1
29933,0.7855827773119064
29934,0.9019472233104505
29935,1
29936,1
29937,1
29938,1
29939,0.89782596437162
29940,1
29941,1
29942,0.9444985861388204
29943,1
29944,0.9137204833571729
29945,1
29946,0.9474237840439343
29947,1
29948,0.9100519745633643
29949,1
29950,1
29951,1
29952,1
29953,1
29954,1
29955,0.9402042878435058
29956,1
29957,1
29958,0.7890184905990215
29959,0.9143220948875115
29960,1
29961,1
29962,0.6290781043852333
29963,1
29964,1
29965,1
29966,1
29967,1
29968,0.8197915227186049
29969,0.9288048427215077
29970,1
29971,1
29972,1
29973,1
29974,1
29975,0.7250931945592004
29976,0.9215323715750302
29977,0.948297233291462
29978,0.7852463751222788
29979,0.9275352468083987
29980,1
29981,0.9253039021839746
29982,1
29983,0.8507821466843283
29984,1
29985,0.8418359281105718
29986,0.8938142187478425
29987,1
29988,1
29989,1
29990,1
29991,1
29992,1
29993,1
29994,1
29995,1
29996,0.7543480915322381
29997,1
29998,0.9027718805372111
29999,1
30000,1
30001,1
30002,1
30003,1
30004,0.9184382076804002
30005,0.8450182765262678
30006,0.8772135156233154
30007,0.49102260896901206
30008,1
30009,1
30010,1
30011,1
30012,1
30013,1
30014,1
30015,0.9420960340136623
30016,1
30017,1
30018,1
30019,1
30020,1
30021,1
30022,0.8549657867101778
30023,0.8099500157708521
30024,1
30025,1
30026,0.9119642000166259
30027,1
30028,1
30029,1
30030,1
30031,1
30032,0.9021196108857901
30033,1
30034,1
30035,1
30036,1
30037,1
30038,0.7712917862705471
30039,1
30040,1
30041,1
30042,1
30043,0.9288582136695239
30044,0.8604440849545397
30045,1
30046,0.8182617309205898
30047,1
30048,1
30049,1
30050,1
30051,0.9362727220088655
30052,1
30053,1
30054,1
30055,0.9026052370446203
30056,0.8984669104378304
30057,1
30058,1
30059,0.9421232932190896
30060,1
30061,1
30062,0.9019083208131986
30063,1
30064,0.8619267777571056
30065,1
30066,1
30067,1
30068,0.9168862341464094
30069,1
30070,1
30071,1
30072,1
30073,0.9248642408529426
30074,1
30075,1
30076,1
30077,0.9172671288858577
30078,1
30079,0.896689586038032
30080,1
30081,1
30082,1
30083,1
30084,1
30085,0.9396381808988679
30086,1
30087,1
30088,1
30089,0.9476931980541943
30090,0.9079359703257683
30091,1
30092,1
30093,0.39909960116807464
30094,1
30095,1
30096,1
30097,1
30098,1
30099,1
30100,1
30101,1
30102,0.9371270278877648
30103,1
30104,1
30105,0.6899384443434246
30106,1
30107,1
30108,0.7510662576407414
30109,1
30110,0.9352143921744432
30111,1
30112,1
30113,1
30114,1
30115,1
30116,0.9438122274479149
30117,1
30118,1
30119,1
30120,1
30121,1
30122,0.8951361708770037
30123,1
30124,1
30125,1
30126,1
30127,1
30128,1
30129,1
30130,1
30131,1
30132,0.8857121667728345
30133,1
30134,1
30135,1
30136,1
30137,1
30138,0.816701287817731
30139,1
30140,1
30141,1
30142,1
30143,1
30144,1
30145,1
30146,1
30147,1
30148,0.8619267777571056
30149,1
30150,1
30151,0.8981013343675437
30152,1
30153,1
30154,1
30155,0.8618062429583915
30156,1
30157,1
30158,1
30159,1
30160,0.8654922598234158
30161,1
30162,0.9337235789896505
30163,1
30164,1
30165,1
30166,0.9480462579703061
30167,1
30168,1
30169,1
30170,1
30171,1
30172,1
30173,1
30174,0.9348285627418064
30175,1
30176,1
30177,0.7862498471656174
30178,0.8632491255166522
30179,1
30180,1
30181,1
30182,1
30183,0.9139453481360046
30184,0.8102272601634943
30185,1
30186,1
30187,1
30188,1
30189,1
30190,1
30191,1
30192,0.9083713064217157
30193,0.9356854255096653
30194,0.9455534500446372
30195,1
30196,1
30197,1
30198,1
30199,1
30200,1
30201,0.9177952815951044
30202,1
30203,0.9464927778048923
30204,0.904620308966543
30205,0.38376903785973826
30206,1
30207,0.9453737739705005
30208,0.8365496794479877
30209,1
30210,1
30211,1
30212,0.8914501641135464
30213,0.9286874268754474
30214,1
30215,0.9294642899823501
30216,0.8687401650637855
30217,0.9387795138152045
30218,1
30219,0.8317286926289804
30220,1
30221,1
30222,1
30223,1
30224,0.9288048427215077
30225,0.9440323719522248
30226,1
30227,1
30228,1
30229,1
30230,1
30231,1
30232,0.9087237556411811
30233,0.8821723075288975
30234,1
30235,0.23052447833849996
30236,0.9397024260928142
30237,0.9122579712215334
30238,1
30239,1
30240,1
30241,1
30242,1
30243,0.8409670374744758
30244,0.9041129357306013
30245,1
30246,1
30247,1
30248,1
30249,1
30250,1
30251,0.881798876469145
30252,0.8200743322349757
30253,1
30254,0.793170659184894
30255,1
30256,1
30257,1
30258,1
30259,1
30260,1
30261,1
30262,1
30263,1
30264,1
30265,1
30266,1
30267,1
30268,0.9480462579703061
30269,1
30270,0.9397024260928142
30271,1
30272,1
30273,1
30274,1
30275,0.9157145568020575
30276,1
30277,1
30278,1
30279,1
30280,1
30281,1
30282,1
30283,0.938233264342105
30284,1
30285,1
30286,0.911933432600174
30287,0.6563833025265245
30288,0.9348285627418064
30289,0.6560108363136273
30290,0.8974882139427417
30291,0.40597525503242865
30292,0.5568207262836085
30293,0.7299077508787123
30294,1
30295,0.9421232932190896
30296,1
30297,1
30298,1
30299,1
30300,0.9215323715750302
30301,1
30302,0.9465954101310449
30303,1
30304,1
30305,1
30306,0.8253366106153629
30307,1
30308,1
30309,1
30310,1
30311,1
30312,0.8421321067782295
30313,1
30314,1
30315,1
30316,1
30317,1
30318,1
30319,1
30320,1
30321,1
30322,0.9295985307626584
30323,1
30324,1
30325,1
30326,1
30327,1
30328,0.9313016595609154
30329,1
30330,1
30331,1
30332,1
30333,1
30334,1
30335,1
30336,1
30337,1
30338,0.8979258232780954
30339,1
30340,1
30341,1
30342,0.9302370583901952
30343,1
30344,1
30345,1
30346,1
30347,1
30348,1
30349,0.9497280765379644
30350,1
30351,1
30352,1
30353,1
30354,0.3605218037384304
30355,0.9215323715750302
30356,1
30357,0.7638166927282068
30358,1
30359,1
30360,1
30361,1
30362,0.7678116257333992
30363,0.8094594925292814
30364,0.883799613134211
30365,1
30366,1
30367,1
30368,1
30369,1
30370,1
30371,0.7840088215601726
30372,1
30373,1
30374,0.9466764348013063
30375,1
30376,1
30377,1
30378,1
30379,1
30380,0.8378472168143621
30381,1
30382,1
30383,0.947966285492147
30384,1
30385,1
30386,0.9425812650573886
30387,1
30388,0.9255590956437632
30389,0.9089355372529971
30390,1
30391,1
30392,0.8754131832132197
30393,0.947749784153913
30394,0.7836470270666974
30395,1
30396,1
30397,0.6402188647993152
30398,1
30399,0.9060619415528001
30400,0.4687421681714064
30401,0.8952030365469877
30402,1
30403,0.9123457362058752
30404,1
30405,0.8924995049334125
30406,1
30407,0.7514795843982092
30408,1
30409,1
30410,1
30411,1
30412,1
30413,1
30414,1
30415,1
30416,1
30417,1
30418,0.8859365498367174
30419,1
30420,1
30421,1
30422,0.8424459647018117
30423,1
30424,1
30425,1
30426,1
30427,1
30428,1
30429,1
30430,1
30431,0.8314953890624631
30432,0.8712647639722803
30433,1
30434,1
30435,0.8262163213154903
30436,0.8752686454963946
30437,1
30438,0.8923750156689052
30439,1
30440,1
30441,0.9451816153748711
30442,0.5846247192776165
30443,1
30444,1
30445,1
30446,0.9210517135338446
30447,1
30448,0.8969730134512891
30449,1
30450,1
30451,1
30452,0.9230170145444427
30453,1
30454,0.8735930928102078
30455,1
30456,0.8360874687588618
30457,1
30458,1
30459,1
30460,1
30461,0.9366571597438681
30462,1
30463,1
30464,1
30465,1
30466,0.8330317485203937
30467,1
30468,0.789152352176111
30469,1
30470,0.9454203013977572
30471,1
30472,0.925920575896251
30473,1
30474,0.8491252247340529
30475,1
30476,0.9361466480920756
30477,1
30478,1
30479,1
30480,1
30481,1
30482,1
30483,1
30484,1
30485,1
30486,0.6908134975425122
30487,1
30488,1
30489,0.7932297847341185
30490,1
30491,1
30492,0.8105756729989738
30493,1
30494,1
30495,1
30496,1
30497,0.8467915223029777
30498,1
30499,1
30500,1
30501,1
30502,1
30503,1
30504,1
30505,1
30506,1
30507,1
30508,1
30509,1
30510,1
30511,1
30512,1
30513,1
30514,1
30515,1
30516,1
30517,1
30518,1
30519,0.8607071175321614
30520,1
30521,1
30522,1
30523,1
30524,1
30525,0.9089618674912342
30526,0.9189546720264419
30527,1
30528,1
30529,1
30530,0.8418857184620654
30531,0.9150036492135982
30532,1
30533,0.6885666997785582
30534,1
30535,1
30536,1
30537,0.9019263275856785
30538,1
30539,1
30540,1
30541,1
30542,0.8014225546745039
30543,1
30544,1
30545,1
30546,1
30547,1
30548,1
30549,1
30550,1
30551,0.9211423439807309
30552,1
30553,1
30554,1
30555,1
30556,1
30557,0.9219341316877693
30558,1
30559,1
30560,1
30561,0.9242801961069116
30562,1
30563,1
30564,1
30565,0.8916051604109223
30566,1
30567,1
30568,0.9240675359207081
30569,1
30570,1
30571,1
30572,1
30573,1
30574,1
30575,1
30576,1
30577,0.4962251875600653
30578,0.887555191706151
30579,1
30580,1
30581,0.9103476478236607
30582,1
30583,1
30584,1
30585,1
30586,1
30587,1
30588,1
30589,0.9340145639056108
30590,1
30591,1
30592,1
30593,0.7386293626817493
30594,0.8921422901993166
30595,1
30596,1
30597,0.9216554088616685
30598,1
30599,1
30600,1
30601,1
30602,0.2975842775118793
30603,1
30604,1
30605,1
30606,1
30607,0.7661322415115521
30608,0.9283571727537552
30609,1
30610,1
30611,1
30612,1
30613,0.8615767456252079
30614,1
30615,1
30616,1
30617,1
30618,0.8709815718274455
30619,1
30620,1
30621,1
30622,1
30623,1
30624,1
30625,1
30626,1
30627,0.9195029249542741
30628,1
30629,1
30630,1
30631,1
30632,1
30633,0.8590716437611738
30634,1
30635,0.8497218726516701
30636,1
30637,1
30638,1
30639,1
30640,1
30641,1
30642,0.8252486043651566
30643,0.5325526476088471
30644,0.9421232932190896
30645,0.8695273694342176
30646,0.9482997504945566
30647,0.9397024260928142
30648,1
30649,0.9342661287277787
30650,1
30651,0.5308244091984848
30652,1
30653,1
30654,1
30655,0.9306812654626151
30656,0.9482312692836818
30657,1
30658,1
30659,1
30660,1
30661,1
30662,1
30663,1
30664,1
30665,0.7557733079551253
30666,1
30667,1
30668,0.7528674530571849
30669,1
30670,1
30671,1
30672,0.8679013245661215
30673,1
30674,0.945946033692074
30675,1
30676,0.8037208008937679
30677,1
30678,1
30679,1
30680,1
30681,1
30682,1
30683,1
30684,0.9478744456439363
30685,1
30686,1
30687,0.9241540221018777
30688,1
30689,1
30690,1
30691,1
30692,1
30693,1
30694,1
30695,0.9494331222857347
30696,1
30697,1
30698,0.9256793829056161
30699,0.9416144157772328
30700,0.9307440427893605
30701,1
30702,1
30703,1
30704,1
30705,1
30706,1
30707,1
30708,1
30709,0.6788786805611575
30710,0.9373841782135977
30711,1
30712,1
30713,1
30714,1
30715,1
30716,0.9397950460137247
30717,1
30718,0.88567164675871
30719,1
30720,0.5568207262836085
30721,1
30722,1
30723,0.8121573513609049
30724,1
30725,1
30726,1
30727,1
30728,0.9323982200439018
30729,1
30730,1
30731,0.9476010383653098
30732,1
30733,1
30734,1
30735,1
30736,0.6402188647993152
30737,1
30738,1
30739,1
30740,1
30741,1
30742,1
30743,1
30744,1
30745,1
30746,1
30747,1
30748,1
30749,1
30750,1
30751,1
30752,1
30753,1
30754,1
30755,1
30756,0.8619267777571056
30757,1
30758,1
30759,1
30760,0.588071933795539
30761,0.9301254189095443
30762,1
30763,1
30764,1
30765,1
30766,1
30767,1
30768,1
30769,1
30770,1
30771,0.4617909437408918
30772,1
30773,0.8812164605597486
30774,1
30775,1
30776,1
30777,1
30778,1
30779,1
30780,1
30781,0.9251463702555474
30782,1
30783,1
30784,1
30785,0.949028511191575
30786,1
30787,0.7576811593857009
30788,1
30789,1
30790,1
30791,1
30792,1
30793,1
30794,1
30795,1
30796,1
30797,0.7171550488220934
30798,1
30799,1
30800,1
30801,1
30802,1
30803,1
30804,1
30805,0.9136944189323178
30806,0.8187637967468744
30807,1
30808,1
30809,0.9293005970435015
30810,0.8982507752495051
30811,1
30812,0.938596980152304
30813,1
30814,1
30815,0.9278311420811084
30816,0.8532069777791736
30817,0.3735027303360976
30818,0.8261944432671873
30819,1
30820,1
30821,1
30822,0.9283869813022714
30823,1
30824,0.8969730134512891
30825,1
30826,0.8779362004942172
30827,1
30828,1
30829,0.9202966171677182
30830,1
30831,0.5308244091984848
30832,0.9488050321828744
30833,1
30834,1
30835,0.8980525925617988
30836,1
30837,1
30838,1
30839,1
30840,1
30841,0.9388283542373463
30842,0.793170659184894
30843,1
30844,0.901970428461503
30845,0.9123457362058752
30846,1
30847,1
30848,1
30849,0.9427747133891285
30850,1
30851,1
30852,1
30853,0.913384838446057
30854,0.8149149944390193
30855,1
30856,1
30857,1
30858,1
30859,1
30860,0.8659499157561663
30861,0.9121749671516549
30862,1
30863,0.9152366607799762
30864,0.9428259337385732
30865,0.6950959389092973
30866,1
30867,1
30868,1
30869,1
30870,1
30871,1
30872,0.9404866371377198
30873,1
30874,1
30875,1
30876,1
30877,1
30878,1
30879,1
30880,1
30881,1
30882,1
30883,0.9226617235216902
30884,1
30885,1
30886,1
30887,1
30888,0.8563469027084988
30889,1
30890,1
30891,1
30892,0.9225538348102444
30893,1
30894,1
30895,1
30896,1
30897,1
30898,1
30899,1
30900,1
30901,1
30902,1
30903,0.9158739097546351
30904,1
30905,1
30906,1
30907,0.8697428926129482
30908,1
30909,1
30910,1
30911,1
30912,1
30913,1
30914,1
30915,1
30916,1
30917,0.72274248306698885
30918,1
30919,0.9036495966796854
30920,1
30921,0.9203226309036164
30922,0.7991537684691251
30923,1
30924,0.9462043720409254
30925,0.9352940969254306
30926,0.7183897026637581
30927,0.40348442543165447
30928,1
30929,1
30930,0.49102260896901206
30931,1
30932,0.413948972997286
30933,1
30934,1
30935,0.9423163657729118
30936,0.9270736112304401
30937,1
30938,1
30939,1
30940,1
30941,0.8738813057822774
30942,1
30943,0.8677818900811538
30944,0.9326388537220122
30945,0.8507821466843283
30946,0.9482480425155265
30947,0.9137649083634358
30948,1
30949,1
30950,0.9215323715750302
30951,1
30952,1
30953,1
30954,1
30955,0.8819427623509922
30956,1
30957,1
30958,1
30959,1
30960,1
30961,1
30962,0.5754151523506459
30963,0.8662652168238864
30964,0.9498204007758642
30965,1
30966,1
30967,0.8890456681113562
30968,1
30969,1
30970,1
30971,1
30972,0.6372384790838365
30973,1
30974,1
30975,1
30976,1
30977,0.8050805635684031
30978,0.9005869394471551
30979,1
30980,0.9269968704991156
30981,0.9339915194273855
30982,1
30983,0.7342741275834003
30984,1
30985,1
30986,1
30987,1
30988,0.9441411481151567
30989,1
30990,1
30991,1
30992,1
30993,1
30994,1
30995,1
30996,0.618727462530646
30997,1
30998,0.8790442580000706
30999,1
31000,1
31001,1
31002,1
31003,1
31004,0.7663768119094629
31005,0.5341269305341848
31006,0.7849566754109846
31007,1
31008,0.8558559781278413
31009,1
31010,1
31011,0.7514772789524309
31012,1
31013,1
31014,1
31015,1
31016,1
31017,0.8119713787395205
31018,0.9268659083054632
31019,0.8444916528130118
31020,1
31021,0.9489031088353996
31022,1
31023,1
31024,1
31025,1
31026,1
31027,0.9296257721650556
31028,0.8518995454894535
31029,1
31030,1
31031,0.7921275420515768
31032,1
31033,0.9498946249733002
31034,1
31035,1
31036,0.94038326011122
31037,1
31038,0.618727462530646
31039,0.9253415158962265
31040,1
31041,1
31042,1
31043,0.904244409824344
31044,0.9334404466505273
31045,1
31046,1
31047,1
31048,0.8164811406629306
31049,0.9486165647659477
31050,1
31051,1
31052,1
31053,0.9318265049414435
31054,1
31055,1
31056,0.7159080417248919
31057,0.9477680935219899
31058,1
31059,0.9303983231010184
31060,1
31061,0.6045853917423206
31062,1
31063,1
31064,1
31065,1
31066,0.8936023753307722
31067,1
31068,0.9413714524497757
31069,1
31070,1
31071,1
31072,0.7760370680384154
31073,1
31074,0.93622839264172375
31075,1
31076,0.8899314555483361
31077,0.6819018058382977
31078,1
31079,1
31080,0.9079359703257683
31081,0.7683627699066045
31082,0.9498218825293633
31083,1
31084,1
31085,1
31086,1
31087,1
31088,1
31089,0.9348285627418064
31090,1
31091,0.9349822700102007
31092,1
31093,0.8726076029276355
31094,1
31095,1
31096,1
31097,1
31098,0.9306932842742516
31099,0.9202966171677182
31100,1
31101,0.7621590101367091
31102,1
31103,0.9369003144853478
31104,0.79750959071845
31105,1
31106,1
31107,0.942910939224885
31108,1
31109,1
31110,1
31111,0.7299077508787123
31112,0.7989596976156549
31113,0.8262939165382149
31114,1
31115,1
31116,0.8977818223756795
31117,1
31118,1
31119,1
31120,1
31121,0.9278311420811084
31122,1
31123,1
31124,1
31125,0.9264641763829282
31126,0.9307787686607614
31127,1
31128,1
31129,0.9367280701789183
31130,1
31131,1
31132,1
31133,0.8277107042237845
31134,1
31135,0.8586646274113976
31136,1
31137,1
31138,1
31139,0.912350472783734
31140,0.7836463946070096
31141,1
31142,1
31143,0.7678748638216054
31144,1
31145,0.8404715359000248
31146,1
31147,0.9090401126116019
31148,0.7286546294712044
31149,1
31150,1
31151,1
31152,1
31153,1
31154,1
31155,0.945937489853392
31156,0.845895985126315
31157,1
31158,0.935111021501992
31159,1
31160,0.8277378029584362
31161,1
31162,0.5566427176043954
31163,0.9194586735013544
31164,0.7627893256420837
31165,1
31166,1
31167,1
31168,1
31169,0.9434893477776377
31170,0.9181915770305868
31171,1
31172,1
31173,0.9448214868068814
31174,1
31175,0.928368827993485
31176,0.6944906909780775
31177,1
31178,0.8809938142262707
31179,0.9315024774236169
31180,1
31181,1
31182,1
31183,1
31184,1
31185,1
31186,0.9295985307626584
31187,1
31188,0.8254285136184869
31189,1
31190,1
31191,1
31192,1
31193,1
31194,1
31195,0.9226244745216023
31196,0.8619267777571056
31197,1
31198,1
31199,1
31200,1
31201,1
31202,0.9360501820218248
31203,1
31204,1
31205,1
31206,1
31207,0.8213466229243931
31208,1
31209,1
31210,1
31211,1
31212,1
31213,1
31214,0.8795383475218207
31215,1
31216,1
31217,1
31218,0.9126624871207537
31219,1
31220,0.8105756729989738
31221,1
31222,1
31223,1
31224,1
31225,1
31226,1
31227,1
31228,0.9225063758097991
31229,0.7366565360454321
31230,1
31231,1
31232,1
31233,1
31234,1
31235,1
31236,1
31237,1
31238,1
31239,1
31240,1
31241,1
31242,1
31243,1
31244,1
31245,1
31246,1
31247,1
31248,1
31249,1
31250,0.9176056195288615
31251,1
31252,1
31253,1
31254,1
31255,0.7103761156221248
31256,1
31257,1
31258,0.9416300901377849
31259,1
31260,0.9203017755551343
31261,1
31262,1
31263,1
31264,1
31265,1
31266,1
31267,1
31268,1
31269,1
31270,0.9071102665894452
31271,1
31272,1
31273,0.85524377799102
31274,1
31275,1
31276,0.8968748226635189
31277,1
31278,0.9278926814180308
31279,1
31280,0.944989990204041
31281,1
31282,1
31283,0.8495512933114234
31284,1
31285,0.9306906398443519
31286,1
31287,0.9272991934711537
31288,1
31289,1
31290,1
31291,1
31292,1
31293,1
31294,1
31295,1
31296,1
31297,1
31298,0.8036443979632395
31299,1
31300,0.884890161243079
31301,1
31302,1
31303,0.8295831594311539
31304,0.46400987603078947
31305,1
31306,1
31307,0.6946425449568686
31308,0.7627893256420837
31309,1
31310,1
31311,1
31312,1
31313,0.9121749671516549
31314,1
31315,0.7082407640236762
31316,0.9142472155266542
31317,0.945046391920319
31318,1
31319,0.8818754630977065
31320,0.9392580848612422
31321,0.8518026082276411
31322,1
31323,1
31324,0.8710303564240629
31325,1
31326,0.9366239227236604
31327,0.9489399740181913
31328,1
31329,1
31330,1
31331,0.8710303564240629
31332,0.3605218037384304
31333,0.8621484933891321
31334,1
31335,1
31336,1
31337,1
31338,1
31339,0.9236750414770566
31340,1
31341,1
31342,0.7401735598780502
31343,1
31344,1
31345,1
31346,1
31347,1
31348,1
31349,1
31350,1
31351,1
31352,1
31353,1
31354,1
31355,1
31356,1
31357,1
31358,1
31359,1
31360,1
31361,1
31362,0.9423371608850925
31363,0.7387561949586137
31364,1
31365,1
31366,0.9316411869278172
31367,0.8622063602214542
31368,0.8311218021159871
31369,1
31370,1
31371,1
31372,1
31373,1
31374,0.7286546294712044
31375,1
31376,1
31377,1
31378,0.8713172024289312
31379,1
31380,0.9047119132136896
31381,1
31382,1
31383,0.8322791025238997
31384,0.8655093333860717
31385,1
31386,1
31387,0.9412630484304073
31388,1
31389,0.8904285857143173
31390,1
31391,1
31392,0.9133133005592553
31393,1
31394,1
31395,1
31396,1
31397,0.9165583898787858
31398,0.8591524040360149
31399,0.8105756729989738
31400,1
31401,1
31402,0.8861393403507021
31403,1
31404,1
31405,1
31406,1
31407,0.9399930332987178
31408,1
31409,0.9486165647659477
31410,1
31411,1
31412,1
31413,1
31414,0.6290489498918338
31415,1
31416,0.8213466229243931
31417,1
31418,0.9328271036889567
31419,1
31420,1
31421,0.9459312115502082
31422,1
31423,1
31424,1
31425,1
31426,1
31427,1
31428,1
31429,1
31430,1
31431,1
31432,1
31433,1
31434,0.9440323719522248
31435,0.918535891374289
31436,0.5652749379581286
31437,1
31438,0.7815775091891796
31439,1
31440,1
31441,1
31442,1
31443,1
31444,1
31445,1
31446,1
31447,1
31448,0.9345770826501297
31449,1
31450,1
31451,1
31452,1
31453,1
31454,1
31455,0.8368165568281988
31456,1
31457,0.9489004123383695
31458,1
31459,1
31460,1
31461,1
31462,1
31463,1
31464,0.911933432600174
31465,1
31466,1
31467,1
31468,1
31469,0.9360697880048222
31470,1
31471,1
31472,0.9330999136847398
31473,0.9291438825119642
31474,1
31475,1
31476,0.8881775544036208
31477,1
31478,1
31479,1
31480,1
31481,1
31482,1
31483,1
31484,0.8297587009861301
31485,1
31486,1
31487,1
31488,1
31489,1
31490,1
31491,1
31492,1
31493,0.9034984331985272
31494,0.6753531814072089
31495,1
31496,1
31497,1
31498,0.9495791719272868
31499,0.8914062534739564
31500,1
31501,1
31502,0.9281169579548475
31503,1
31504,0.8406700438376994
31505,1
31506,1
31507,1
31508,0.8384535437311011
31509,1
31510,0.938910433351806
31511,1
31512,1
31513,1
31514,1
31515,1
31516,1
31517,1
31518,0.9049070606028209
31519,1
31520,0.7171550488220934
31521,1
31522,1
31523,1
31524,1
31525,1
31526,1
31527,0.9372684960726184
31528,1
31529,1
31530,1
31531,1
31532,0.9382063540900881
31533,1
31534,0.8921204699964731
31535,0.9253243091610196
31536,1
31537,1
31538,1
31539,1
31540,1
31541,1
31542,0.8677120143853241
31543,1
31544,0.8813282082580975
31545,0.935350356275501
31546,1
31547,0.7140876742882836
31548,0.9175816324672545
31549,1
31550,0.9241116309286146
31551,1
31552,1
31553,1
31554,1
31555,1
31556,1
31557,0.9459773153976968
31558,1
31559,1
31560,0.9117759995290325
31561,0.937872413032075
31562,1
31563,1
31564,0.6715273910330568
31565,1
31566,1
31567,1
31568,0.9283869813022714
31569,1
31570,1
31571,1
31572,1
31573,1
31574,0.9259398073950811
31575,1
31576,1
31577,0.9468354228041033
31578,0.8653099956576774
31579,0.9100519745633643
31580,0.9054062361769124
31581,1
31582,1
31583,0.9065752662237564
31584,1
31585,1
31586,1
31587,1
31588,0.7995957955013454
31589,1
31590,0.8362301235152843
31591,0.8873418492738513
31592,1
31593,1
31594,1
31595,0.8055755876904325
31596,1
31597,1
31598,1
31599,1
31600,1
31601,1
31602,1
31603,1
31604,1
31605,1
31606,0.9405866103980636
31607,1
31608,1
31609,1
31610,1
31611,1
31612,1
31613,1
31614,1
31615,1
31616,0.7014013319816278
31617,0.5832344025493906
31618,1
31619,1
31620,1
31621,0.9121749671516549
31622,0.9330595178270525
31623,1
31624,1
31625,0.5308244091984848
31626,1
31627,1
31628,1
31629,0.9111780545188706
31630,1
31631,1
31632,1
31633,1
31634,1
31635,1
31636,1
31637,1
31638,1
31639,1
31640,1
31641,1
31642,0.9454713351490203
31643,1
31644,0.8610766687039169
31645,1
31646,1
31647,1
31648,0.8291967476920612
31649,0.9089355372529971
31650,1
31651,1
31652,1
31653,1
31654,0.9439804483365266
31655,1
31656,1
31657,1
31658,0.9441127440916838
31659,0.8429795028854342
31660,0.9386168285227403
31661,1
31662,1
31663,1
31664,1
31665,1
31666,1
31667,1
31668,1
31669,1
31670,1
31671,1
31672,1
31673,1
31674,1
31675,1
31676,1
31677,1
31678,1
31679,1
31680,0.9373410080271836
31681,0.8726460563952914
31682,1
31683,0.8277107042237845
31684,1
31685,0.7806929564190483
31686,1
31687,1
31688,1
31689,0.9432708071042665
31690,0.8820614014866658
31691,1
31692,1
31693,0.7103761156221248
31694,1
31695,1
31696,1
31697,1
31698,1
31699,1
31700,1
31701,1
31702,1
31703,1
31704,0.763921634516392
31705,1
31706,1
31707,1
31708,1
31709,1
31710,1
31711,0.6585138079266615
31712,1
31713,1
31714,1
31715,0.8371817678883512
31716,1
31717,1
31718,1
31719,1
31720,1
31721,1
31722,1
31723,0.7406240286007134
31724,0.9167025858574946
31725,1
31726,0.4172022335303556
31727,1
31728,0.8030146729373614
31729,1
31730,1
31731,1
31732,0.4036742329937592
31733,1
31734,1
31735,0.8942611753472762
31736,0.9446596836493764
31737,1
31738,1
31739,0.9257184664123749
31740,1
31741,1
31742,1
31743,1
31744,1
31745,1
31746,0.9420820864777785
31747,1
31748,1
31749,1
31750,1
31751,1
31752,1
31753,0.9490173560105407
31754,1
31755,0.9116537036480108
31756,1
31757,0.7399781079957735
31758,0.7699103392412547
31759,1
31760,1
31761,1
31762,0.9239206498132211
31763,1
31764,0.9458808236997936
31765,1
31766,0.848781749619654
31767,1
31768,1
31769,0.93500744443162
31770,1
31771,1
31772,1
31773,1
31774,0.7101058724627557
31775,1
31776,0.9386632247379818
31777,1
31778,1
31779,1
31780,0.8725117072087348
31781,1
31782,1
31783,1
31784,0.9451562566041869
31785,1
31786,0.9473168574402707
31787,1
31788,0.9295660465032094
31789,1
31790,0.7981415772804076
31791,0.921040867097039
31792,0.8471726373115747
31793,1
31794,0.9306932842742516
31795,0.86390395088878
31796,1
31797,0.8977818223756795
31798,1
31799,1
31800,0.9188868396438544
31801,1
31802,1
31803,1
31804,1
31805,1
31806,1
31807,1
31808,0.9027360252383718
31809,0.8949101369281046
31810,1
31811,1
31812,1
31813,1
31814,1
31815,0.9035374275105416
31816,1
31817,0.8420099650314762
31818,1
31819,1
31820,1
31821,1
31822,0.8650789136130007
31823,1
31824,1
31825,1
31826,1
31827,0.5114012450520778
31828,1
31829,1
31830,1
31831,1
31832,1
31833,1
31834,1
31835,1
31836,1
31837,1
31838,0.9490643874636643
31839,1
31840,0.9128311922027046
31841,1
31842,0.9369900156770595
31843,1
31844,1
31845,0.9329711106769383
31846,1
31847,1
31848,1
31849,1
31850,1
31851,0.9137125623183076
31852,0.9258290535248442
31853,1
31854,0.8352689910567065
31855,1
31856,1
31857,1
31858,0.9246000290102527
31859,1
31860,0.8809063140582774
31861,0.8710303564240629
31862,1
31863,0.8297587009861301
31864,1
31865,0.8559182941490148
31866,1
31867,1
31868,1
31869,1
31870,1
31871,1
31872,1
31873,0.8739715407935679
31874,1
31875,1
31876,1
31877,1
31878,1
31879,1
31880,1
31881,0.845409984501361
31882,1
31883,0.8266865448538988
31884,0.9011524508437958
31885,1
31886,0.8753932897110348
31887,0.8230374830820524
31888,0.9041260911773707
31889,1
31890,0.9432268873170053
31891,1
31892,0.9281811096675545
31893,1
31894,0.9164122294148311
31895,1
31896,1
31897,1
31898,1
31899,1
31900,1
31901,1
31902,1
31903,1
31904,0.5939100449890129
31905,0.8702306884847844
31906,0.9427413477275214
31907,0.9252408314735903
31908,1
31909,1
31910,0.9355991499788943
31911,0.9161980938504399
31912,0.7852463751222788
31913,1
31914,1
31915,1
31916,0.8783251788728113
31917,0.9306812654626151
31918,1
31919,0.4354536380108282
31920,1
31921,1
31922,1
31923,1
31924,0.9442685921314865
31925,1
31926,1
31927,1
31928,1
31929,1
31930,1
31931,0.9346884192193774
31932,1
31933,1
31934,1
31935,1
31936,1
31937,1
31938,1
31939,1
31940,0.9361750369684214
31941,1
31942,1
31943,1
31944,0.9483079731491127
31945,0.625836280489027
31946,1
31947,1
31948,0.8797258721808513
31949,1
31950,1
31951,1
31952,1
31953,0.8243178202699156
31954,1
31955,1
31956,0.8594022383028836
31957,1
31958,1
31959,1
31960,1
31961,1
31962,0.9475793213916046
31963,1
31964,0.9218924228648973
31965,1
31966,0.8207331356094625
31967,1
31968,1
31969,1
31970,0.850749271455558
31971,1
31972,1
31973,0.9172608642056124
31974,0.9020187813975078
31975,0.7970645733326879
31976,0.9081601367143315
31977,0.9458808236997936
31978,0.9406435256532389
31979,1
31980,1
31981,0.9259398073950811
31982,0.7236825272392141
31983,1
31984,1
31985,1
31986,1
31987,0.5329660658297437
31988,1
31989,1
31990,1
31991,1
31992,1
31993,0.9468481024793144
31994,1
31995,0.9419854590570907
31996,1
31997,0.6260999368730212
31998,1
31999,1
32000,1
32001,1
32002,1
32003,0.8874394427223483
32004,0.9189585936870798
32005,1
32006,1
32007,1
32008,0.9462151104053776
32009,1
32010,1
32011,0.9333215895683012
32012,1
32013,1
32014,1
32015,0.8981013343675437
32016,1
32017,1
32018,0.93500744443162
32019,1
32020,1
32021,0.8738876340502547
32022,1
32023,1
32024,1
32025,1
32026,1
32027,0.8495512933114234
32028,1
32029,1
32030,1
32031,1
32032,1
32033,1
32034,0.8306218172298312
32035,0.943668497462531
32036,1
32037,1
32038,0.850051997984539
32039,1
32040,1
32041,1
32042,1
32043,1
32044,1
32045,0.6075763964115368
32046,0.9276864976779597
32047,0.8824968287818767
32048,1
32049,1
32050,1
32051,1
32052,1
32053,1
32054,1
32055,1
32056,1
32057,0.9252408314735903
32058,0.949996922085692
32059,1
32060,0.9246656258080268
32061,1
32062,0.9288048427215077
32063,0.9286707023577757
32064,1
32065,0.9157294511306018
32066,1
32067,1
32068,1
32069,0.9446030607228818
32070,0.9461620394259113
32071,1
32072,0.8818754630977065
32073,0.9288048427215077
32074,0.7705813577135153
32075,1
32076,1
32077,1
32078,1
32079,0.9425812650573886
32080,1
32081,0.831296805162319
32082,1
32083,1
32084,1
32085,1
32086,0.9484321821873938
32087,1
32088,1
32089,1
32090,1
32091,0.6530872160542265
32092,1
32093,0.9448323730394107
32094,1
32095,1
32096,0.899603303136366
32097,1
32098,1
32099,1
32100,1
32101,1
32102,1
32103,0.9415224215928518
32104,0.9380801454413408
32105,1
32106,1
32107,1
32108,1
32109,1
32110,0.8992859391806531
32111,0.600321024517991
32112,0.8465664538973335
32113,1
32114,0.9375688571922893
32115,1
32116,1
32117,0.7840355275457147
32118,1
32119,1
32120,1
32121,1
32122,1
32123,1
32124,1
32125,1
32126,1
32127,1
32128,1
32129,0.9329430142593561
32130,1
32131,1
32132,1
32133,0.9460785910819433
32134,1
32135,0.8195015915807439
32136,1
32137,1
32138,1
32139,1
32140,0.9313155298622566
32141,1
32142,0.9014318587664245
32143,1
32144,1
32145,0.8992859391806531
32146,1
32147,1
32148,0.945299359663645
32149,1
32150,1
32151,1
32152,0.8564548874221499
32153,1
32154,1
32155,1
32156,1
32157,0.7978997314409159
32158,0.9309967773359309
32159,0.8590370474016219
32160,0.9361466480920756
32161,1
32162,1
32163,0.7189461781030627
32164,1
32165,1
32166,1
32167,1
32168,1
32169,1
32170,0.9498741053451654
32171,0.9111727011311213
32172,1
32173,1
32174,1
32175,0.7815775091891796
32176,1
32177,1
32178,1
32179,0.904386171410003
32180,0.902684453275321
32181,1
32182,1
32183,1
32184,1
32185,1
32186,0.888280788326185
32187,1
32188,1
32189,1
32190,0.9099268806807814
32191,1
32192,1
32193,1
32194,1
32195,1
32196,1
32197,1
32198,1
32199,1
32200,1
32201,1
32202,0.9462151104053776
32203,1
32204,1
32205,1
32206,0.9176612505553796
32207,1
32208,0.3605218037384304
32209,1
32210,1
32211,1
32212,1
32213,1
32214,0.9350586808376302
32215,1
32216,0.42906939997467347
32217,1
32218,1
32219,1
32220,1
32221,1
32222,0.9037418124721368
32223,0.8472835417626292
32224,0.9405183748362198
32225,1
32226,1
32227,1
32228,1
32229,1
32230,1
32231,1
32232,1
32233,1
32234,0.9442685921314865
32235,1
32236,1
32237,1
32238,1
32239,1
32240,1
32241,1
32242,0.8864221632253089
32243,0.9175154191923457
32244,1
32245,1
32246,1
32247,1
32248,0.9375577490232887
32249,1
32250,1
32251,0.6949417790002559
32252,1
32253,1
32254,1
32255,1
32256,0.8372377466066658
32257,1
32258,0.793170659184894
32259,1
32260,1
32261,1
32262,0.8500445249084877
32263,1
32264,0.9169155510291929
32265,1
32266,0.9490173560105407
32267,1
32268,0.9254773445137429
32269,1
32270,1
32271,0.8288840201678103
32272,1
32273,1
32274,0.9358390963623398
32275,0.8857030100405958
32276,1
32277,1
32278,0.9181222255373357
32279,1
32280,1
32281,0.8754131832132197
32282,1
32283,1
32284,1
32285,1
32286,1
32287,0.8261944432671873
32288,1
32289,0.6402188647993152
32290,0.8915262898193435
32291,1
32292,0.8142034630884732
32293,1
32294,0.8874130238161988
32295,1
32296,1
32297,1
32298,0.6587784287514762
32299,1
32300,1
32301,1
32302,0.8564548874221499
32303,0.904342756995476
32304,1
32305,0.9282715596641442
32306,1
32307,1
32308,1
32309,0.9333819201720218
32310,1
32311,1
32312,1
32313,1
32314,0.9381117726324996
32315,0.7994901219248626
32316,1
32317,1
32318,1
32319,0.8880961773148749
32320,1
32321,1
32322,1
32323,1
32324,1
32325,1
32326,0.9371735202572775
32327,1
32328,1
32329,1
32330,0.8821723075288975
32331,1
32332,1
32333,1
32334,1
32335,1
32336,0.8727666672760706
32337,0.9087332314425234
32338,1
32339,1
32340,0.9306932842742516
32341,1
32342,1
32343,1
32344,1
32345,1
32346,1
32347,1
32348,0.9070767345256623
32349,0.46492715523788775
32350,1
32351,1
32352,1
32353,0.9400508140359367
32354,1
32355,1
32356,1
32357,1
32358,1
32359,1
32360,0.8723500218413908
32361,1
32362,1
32363,0.8710303564240629
32364,0.8390000291095037
32365,1
32366,1
32367,0.8837052689068217
32368,1
32369,1
32370,0.9073547074642881
32371,1
32372,1
32373,0.8983550246156369
32374,0.793170659184894
32375,0.9110154300658433
32376,0.9084332309165152
32377,1
32378,1
32379,1
32380,1
32381,0.9403393070043687
32382,1
32383,0.9470194849176239
32384,0.6075763964115368
32385,1
32386,1
32387,0.9184721440072384
32388,1
32389,1
32390,0.9021723879558949
32391,0.9258725057540612
32392,1
32393,0.8366709742694708
32394,1
32395,1
32396,0.8577155548159394
32397,1
32398,0.9361466480920756
32399,0.9273563763097848
32400,0.9432708071042665
32401,0.8266646310905738
32402,1
32403,1
32404,1
32405,0.9300144331808958
32406,0.9461872256651912
32407,0.9412084348074229
32408,1
32409,1
32410,1
32411,0.8957835643606358
32412,0.9387215382636187
32413,1
32414,1
32415,1
32416,1
32417,0.8903130151157056
32418,1
32419,0.9446596836493764
32420,1
32421,1
32422,1
32423,1
32424,0.9100519745633643
32425,0.8429091869772488
32426,1
32427,1
32428,1
32429,1
32430,1
32431,1
32432,1
32433,1
32434,0.8261944432671873
32435,1
32436,1
32437,0.8473629969370412
32438,1
32439,1
32440,1
32441,1
32442,0.5436759104129832
32443,1
32444,1
32445,1
32446,0.827090363030181
32447,0.8176847855947326
32448,0.6819018058382977
32449,1
32450,1
32451,0.9413821731943081
32452,1
32453,1
32454,1
32455,0.9246656258080268
32456,1
32457,1
32458,1
32459,1
32460,1
32461,1
32462,1
32463,1
32464,1
32465,1
32466,1
32467,1
32468,0.6850590101762067
32469,1
32470,1
32471,1
32472,1
32473,0.8379505728669683
32474,1
32475,1
32476,1
32477,1
32478,1
32479,1
32480,1
32481,1
32482,1
32483,1
32484,1
32485,1
32486,0.9286932352122557
32487,0.9328746113423233
32488,1
32489,0.9168867817049382
32490,1
32491,1
32492,0.7298366224946445
32493,1
32494,0.9297803886740484
32495,1
32496,0.8405917026183615
32497,1
32498,1
32499,0.9349353758970944
32500,0.9482312692836818
32501,0.6402188647993152
32502,0.8108859115773307
32503,1
32504,1
32505,0.890947716921996
32506,0.6403018629734267
32507,0.9229934183212923
32508,0.9369003144853478
32509,1
32510,1
32511,1
32512,1
32513,0.8770646974053866
32514,1
32515,1
32516,1
32517,0.9456158804354416
32518,0.4583175445183536
32519,1
32520,0.9193370290721756
32521,1
32522,1
32523,1
32524,1
32525,1
32526,1
32527,1
32528,1
32529,1
32530,1
32531,0.9468414836197936
32532,1
32533,1
32534,1
32535,0.9312832999580569
32536,1
32537,1
32538,1
32539,0.9079359703257683
32540,1
32541,0.9354916679899918
32542,1
32543,1
32544,1
32545,0.9432708071042665
32546,1
32547,0.7815775091891796
32548,1
32549,1
32550,0.9079359703257683
32551,0.8926207378450357
32552,0.9199912868956023
32553,0.8976592879628531
32554,1
32555,1
32556,0.926796844537773
32557,1
32558,0.944934060526713
32559,1
32560,1
32561,1
32562,1
32563,1
32564,0.7152477213511638
32565,0.9126229744557097
32566,1
32567,1
32568,1
32569,1
32570,0.6715273910330568
32571,1
32572,0.883833263644048
32573,1
32574,0.7108695185715265
32575,1
32576,0.5329660658297437
32577,0.9256218190265463
32578,1
32579,0.8495512933114234
32580,1
32581,1
32582,0.6889512443580005
32583,1
32584,1
32585,1
32586,1
32587,1
32588,1
32589,0.6828762022320933
32590,1
32591,0.9480065069213978
32592,1
32593,1
32594,1
32595,1
32596,0.8968978929716013
32597,1
32598,1
32599,1
32600,1
32601,0.9277337136738866
32602,1
32603,1
32604,1
32605,1
32606,1
32607,1
32608,1
32609,1
32610,0.8981013343675437
32611,1
32612,1
32613,1
32614,1
32615,0.7268456572045962
32616,1
32617,1
32618,0.7426457212808012
32619,1
32620,1
32621,0.8955672261665086
32622,0.9171599000850899
32623,1
32624,1
32625,0.7143268966309303
32626,1
32627,1
32628,1
32629,1
32630,1
32631,1
32632,1
32633,1
32634,0.9454713351490203
32635,0.9345841174694358
32636,1
32637,1
32638,1
32639,1
32640,1
32641,0.9283560425739431
32642,0.9230170145444427
32643,1
32644,1
32645,1
32646,1
32647,1
32648,0.8667881328156967
32649,1
32650,1
32651,0.6183296741423787
32652,0.9177030817422354
32653,1
32654,1
32655,0.9376041039366849
32656,1
32657,0.9175460490025474
32658,0.8482890709250217
32659,1
32660,0.906047855488915
32661,1
32662,1
32663,1
32664,1
32665,0.9169926441559101
32666,0.8362301235152843
32667,1
32668,1
32669,1
32670,1
32671,1
32672,0.9058396016809712
32673,1
32674,0.8738813057822774
32675,1
32676,1
32677,0.9383243237446874
32678,0.9095634071375523
32679,1
32680,1
32681,1
32682,1
32683,0.8212364364810928
32684,0.9079359703257683
32685,1
32686,1
32687,0.911933432600174
32688,1
32689,1
32690,1
32691,0.8407198200822003
32692,1
32693,1
32694,0.9050291977529933
32695,1
32696,1
32697,0.9283869813022714
32698,0.8965771997366012
32699,1
32700,0.9410714986408473
32701,0.9362628347476865
32702,0.7800488119878686
32703,1
32704,1
32705,0.6758413648729557
32706,0.600321024517991
32707,1
32708,1
32709,1
32710,1
32711,1
32712,0.9052114738163799
32713,1
32714,0.7413113210206153
32715,1
32716,0.8821540310440338
32717,1
32718,1
32719,1
32720,1
32721,1
32722,1
32723,0.9270953975333123
32724,1
32725,1
32726,1
32727,1
32728,1
32729,1
32730,1
32731,1
32732,1
32733,1
32734,0.9146063381496671
32735,0.9311333627120928
32736,1
32737,0.8702306884847844
32738,1
32739,1
32740,1
32741,1
32742,1
32743,1
32744,0.8917905188786805
32745,0.841175469425301
32746,1
32747,1
32748,1
32749,0.9270736112304401
32750,1
32751,1
32752,0.8624915748549196
32753,1
32754,1
32755,0.7007903855582502
32756,1
32757,1
32758,0.9210614277636651
32759,1
32760,0.9122579712215334
32761,1
32762,1
32763,1
32764,1
32765,1
32766,0.9207835463198742
32767,0.8710303564240629
32768,1
32769,1
32770,1
32771,1
32772,1
32773,1
32774,1
32775,1
32776,1
32777,1
32778,0.9454713351490203
32779,1
32780,1
32781,1
32782,0.944381577294187
32783,0.888778677368668
32784,1
32785,0.5670463004770423
32786,0.8129140485091471
32787,1
32788,0.9291992641248377
32789,0.9477680935219899
32790,0.913384838446057
32791,1
32792,1
32793,1
32794,1
32795,1
32796,1
32797,1
32798,1
32799,1
32800,1
32801,0.9461198398037757
32802,0.8187637967468744
32803,1
32804,0.9482444102194919
32805,1
32806,1
32807,1
32808,1
32809,1
32810,0.9024161920616063
32811,0.9178207045437959
32812,0.8627119482471709
32813,1
32814,1
32815,1
32816,1
32817,0.8857856054192885
32818,1
32819,1
32820,0.5399644388948595
32821,1
32822,0.8174942858899256
32823,1
32824,0.9328054695634682
32825,1
32826,1
32827,1
32828,1
32829,1
32830,1
32831,0.909112814299252
32832,0.9223265200203054
32833,0.7880186547950782
32834,0.739861762150983
32835,0.9283869813022714
32836,1
32837,1
32838,0.8721958197854451
32839,0.8099500157708521
32840,0.9459716561231809
32841,1
32842,0.9132337804084925
32843,0.8384535437311011
32844,0.9395473427885391
32845,0.7612867892890588
32846,0.9429644013977085
32847,1
32848,0.9186174400412287
32849,1
32850,1
32851,1
32852,1
32853,1
32854,0.5727709525817215
32855,1
32856,0.8392046402524663
32857,0.8923707833569992
32858,1
32859,1
32860,0.3605218037384304
32861,1
32862,1
32863,1
32864,0.92973391241977
32865,1
32866,0.9419047300400144
32867,1
32868,0.9295985307626584
32869,0.8828877267605751
32870,1
32871,0.9398732409913615
32872,0.8828877267605751
32873,1
32874,1
32875,0.46492715523788775
32876,1
32877,1
32878,1
32879,1
32880,0.768124931661175
32881,1
32882,0.7517464307716359
32883,1
32884,1
32885,1
32886,1
32887,1
32888,1
32889,1
32890,1
32891,1
32892,1
32893,1
32894,0.7815775091891796
32895,1
32896,1
32897,1
32898,1
32899,0.845848140728342
32900,1
32901,1
32902,1
32903,1
32904,0.8484757855565794
32905,1
32906,0.7103761156221248
32907,1
32908,1
32909,1
32910,0.9304651192115355
32911,0.8815162323610493
32912,1
32913,1
32914,1
32915,1
32916,0.8962534096912014
32917,1
32918,1
32919,0.9338757236986914
32920,0.9429644013977085
32921,1
32922,1
32923,1
32924,0.9489004123383695
32925,0.9148823034616574
32926,0.8884463617878837
32927,1
32928,1
32929,1
32930,0.8982729594632521
32931,1
32932,1
32933,0.9393798861133859
32934,0.9366644411738034
32935,1
32936,1
32937,1
32938,0.8968687974298403
32939,1
32940,0.9307392876111038
32941,1
32942,1
32943,0.9053759674182628
32944,1
32945,1
32946,1
32947,1
32948,1
32949,1
32950,1
32951,0.783561213332417
32952,1
32953,1
32954,0.8410503628823836
32955,1
32956,1
32957,1
32958,1
32959,1
32960,0.893141218397864
32961,1
32962,1
32963,1
32964,0.9478166276664584
32965,1
32966,1
32967,1
32968,1
32969,1
32970,0.886257648853439
32971,1
32972,1
32973,0.9477680935219899
32974,0.9489031088353996
32975,1
32976,0.7904310881485237
32977,1
32978,1
32979,1
32980,1
32981,1
32982,1
32983,1
32984,0.925462914418337
32985,1
32986,1
32987,0.9288048427215077
32988,1
32989,1
32990,0.7712917862705471
32991,1
32992,1
32993,0.44933706189866945
32994,1
32995,1
32996,1
32997,1
32998,1
32999,0.9416644499040348
33000,1
33001,1
33002,1
33003,1
33004,1
33005,0.7272904216778864
33006,1
33007,1
33008,1
33009,1
33010,1
33011,0.880116106548262
33012,0.8547194547890693
33013,1
33014,1
33015,1
33016,0.851222048163812
33017,1
33018,1
33019,1
33020,0.8615767456252079
33021,0.9181803500147501
33022,1
33023,1
33024,1
33025,1
33026,1
33027,0.9369900156770595
33028,1
33029,1
33030,1
33031,0.9089355372529971
33032,1
33033,0.9376418074795638
33034,1
33035,1
33036,1
33037,0.8591524040360149
33038,1
33039,1
33040,1
33041,0.8051665538236631
33042,0.8699792892674054
33043,1
33044,0.8949101369281046
33045,0.8725349253554437
33046,0.7661322415115521
33047,0.9130169993628628
33048,1
33049,0.8535189876561742
33050,1
33051,1
33052,1
33053,1
33054,0.8156966723499032
33055,1
33056,0.9375398285120013
33057,1
33058,1
33059,0.8037208008937679
33060,1
33061,1
33062,1
33063,1
33064,0.8027930735707586
33065,0.8046498441414351
33066,0.8773507449767509
33067,1
33068,0.9355991499788943
33069,1
33070,0.940853494586447
33071,1
33072,1
33073,1
33074,0.9293356272633775
33075,0.9288048427215077
33076,1
33077,0.9079841764944145
33078,1
33079,1
33080,0.9102308726119579
33081,1
33082,1
33083,1
33084,1
33085,0.9420045433765839
33086,1
33087,1
33088,0.8771358012021617
33089,1
33090,0.948638883516676
33091,1
33092,1
33093,0.9162797172308644
33094,1
33095,1
33096,0.7604894714487714
33097,0.9085654526535905
33098,0.885401482276952
33099,1
33100,1
33101,1
33102,0.9116981293409226
33103,1
33104,1
33105,0.9203226309036164
33106,1
33107,1
33108,1
33109,0.4062893489548077
33110,1
33111,1
33112,0.41933871260297145
33113,1
33114,0.8832189524518634
33115,1
33116,1
33117,1
33118,1
33119,0.9412084348074229
33120,1
33121,1
33122,0.5176713932485466
33123,0.6819321842101068
33124,1
33125,0.8448778306011444
33126,0.5396428175859553
33127,1
33128,0.8329127374419716
33129,1
33130,0.6402188647993152
33131,1
33132,1
33133,0.7638166927282068
33134,0.8266646310905738
33135,1
33136,1
33137,0.9175154191923457
33138,1
33139,0.9079359703257683
33140,0.8704659384461293
33141,0.9245284695110871
33142,0.9215577753629642
33143,1
33144,1
33145,0.7017303865497424
33146,0.8383358596899222
33147,0.938910433351806
33148,1
33149,1
33150,0.9333341223439366
33151,1
33152,1
33153,1
33154,0.9288048427215077
33155,1
33156,0.8317286926289804
33157,1
33158,1
33159,0.5287496018107916
33160,1
33161,1
33162,1
33163,1
33164,0.9120221406413451
33165,1
33166,1
33167,1
33168,1
33169,1
33170,1
33171,1
33172,1
33173,1
33174,1
33175,1
33176,1
33177,1
33178,0.859153162604385
33179,1
33180,0.9487226825463447
33181,1
33182,1
33183,1
33184,0.7083653560312128
33185,1
33186,1
33187,1
33188,1
33189,0.9484303602876809
33190,1
33191,1
33192,1
33193,0.9311843105912583
33194,1
33195,1
33196,1
33197,1
33198,1
33199,1
33200,1
33201,1
33202,1
33203,1
33204,1
33205,1
33206,1
33207,0.8290068527450524
33208,1
33209,0.9258290535248442
33210,1
33211,1
33212,1
33213,0.9079359703257683
33214,0.7731943795130419
33215,0.6252734846959063
33216,1
33217,0.9439034324669254
33218,1
33219,1
33220,1
33221,1
33222,1
33223,1
33224,1
33225,1
33226,1
33227,0.7349509501031912
33228,1
33229,0.9021723879558949
33230,1
33231,1
33232,1
33233,1
33234,1
33235,0.940853494586447
33236,0.5456243940717155
33237,1
33238,1
33239,0.8843364761398002
33240,1
33241,1
33242,0.941069730441963
33243,1
33244,1
33245,1
33246,0.9000087940382507
33247,1
33248,0.904160063231318
33249,1
33250,0.7582652207242923
33251,0.9389635986899677
33252,1
33253,1
33254,1
33255,1
33256,1
33257,0.8261944432671873
33258,0.9020913858964204
33259,1
33260,0.5582140626951245
33261,1
33262,0.8269869626020293
33263,1
33264,1
33265,1
33266,0.9373410080271836
33267,1
33268,1
33269,1
33270,1
33271,0.9307067835431498
33272,1
33273,1
33274,1
33275,1
33276,0.9495257347987361
33277,1
33278,1
33279,1
33280,0.8986080470006158
33281,0.8405848489974698
33282,1
33283,0.8487086785544861
33284,1
33285,1
33286,1
33287,0.880116106548262
33288,1
33289,1
33290,1
33291,1
33292,0.891844001774781
33293,1
33294,1
33295,1
33296,1
33297,1
33298,1
33299,1
33300,1
33301,0.8762960711726391
33302,1
33303,1
33304,1
33305,1
33306,1
33307,0.7800488119878686
33308,1
33309,0.5674760145926202
33310,1
33311,1
33312,1
33313,1
33314,1
33315,1
33316,1
33317,1
33318,1
33319,1
33320,1
33321,1
33322,1
33323,1
33324,1
33325,1
33326,0.9258290535248442
33327,0.6402188647993152
33328,1
33329,1
33330,1
33331,0.9403002137206434
33332,1
33333,1
33334,1
33335,1
33336,1
33337,0.8884463617878837
33338,0.9301039658342185
33339,0.9286874268754474
33340,1
33341,1
33342,1
33343,1
33344,0.9293357438620986
33345,1
33346,0.8297587009861301
33347,0.9035374275105416
33348,1
33349,0.8760106577722052
33350,1
33351,1
33352,1
33353,1
33354,1
33355,1
33356,1
33357,1
33358,1
33359,1
33360,1
33361,0.8921204699964731
33362,1
33363,1
33364,1
33365,1
33366,1
33367,0.6547419043884276
33368,1
33369,1
33370,1
33371,1
33372,1
33373,1
33374,1
33375,1
33376,1
33377,1
33378,1
33379,1
33380,1
33381,1
33382,1
33383,0.6916712204813791
33384,0.8353150840163004
33385,1
33386,1
33387,1
33388,0.7223535179459805
33389,1
33390,0.7171550488220934
33391,1
33392,1
33393,1
33394,1
33395,1
33396,1
33397,1
33398,0.9131652542964322
33399,0.8647056585996227
33400,0.7464029457547071
33401,0.8252486043651566
33402,1
33403,1
33404,1
33405,1
33406,1
33407,1
33408,1
33409,1
33410,1
33411,1
33412,1
33413,1
33414,1
33415,1
33416,1
33417,1
33418,1
33419,1
33420,0.9335482558572996
33421,0.588071933795539
33422,1
33423,1
33424,1
33425,1
33426,0.856279528494354
33427,1
33428,1
33429,1
33430,1
33431,1
33432,1
33433,0.8797116093005656
33434,0.8089022161006845
33435,1
33436,1
33437,1
33438,1
33439,0.9447093414623837
33440,1
33441,1
33442,1
33443,0.8600153700079056
33444,1
33445,0.8119713787395205
33446,1
33447,1
33448,0.8174942858899256
33449,1
33450,1
33451,1
33452,1
33453,1
33454,1
33455,1
33456,1
33457,1
33458,1
33459,0.5727709525817215
33460,1
33461,0.8573950754302337
33462,1
33463,0.9383164148579588
33464,1
33465,1
33466,0.8366719202873468
33467,1
33468,1
33469,1
33470,1
33471,1
33472,0.8968748226635189
33473,1
33474,1
33475,1
33476,1
33477,1
33478,1
33479,1
33480,1
33481,1
33482,0.8762151933324902
33483,1
33484,1
33485,1
33486,1
33487,1
33488,1
33489,1
33490,1
33491,1
33492,0.9488594838302383
33493,1
33494,0.9197299403515166
33495,1
33496,1
33497,1
33498,1
33499,0.93622839264172375
33500,0.7855827773119064
33501,1
33502,0.6690844650137688
33503,1
33504,1
33505,1
33506,0.8768380624539068
33507,1
33508,1
33509,0.9170176413471876
33510,0.9081936669269067
33511,1
33512,0.7212764712077323
33513,1
33514,1
33515,1
33516,1
33517,0.9420960340136623
33518,1
33519,1
33520,1
33521,1
33522,0.8199009941916319
33523,1
33524,1
33525,0.36618855176299875
33526,0.7129634008391387
33527,1
33528,0.8775064979384208
33529,1
33530,1
33531,1
33532,1
33533,1
33534,0.9414384187221502
33535,1
33536,0.762023348854702
33537,1
33538,0.6788786805611575
33539,1
33540,1
33541,1
33542,1
33543,1
33544,1
33545,1
33546,1
33547,1
33548,1
33549,1
33550,1
33551,1
33552,1
33553,0.44933706189866945
33554,1
33555,0.4172022335303556
33556,0.8395145717841233
33557,1
33558,1
33559,1
33560,1
33561,0.8710303564240629
33562,1
33563,0.8341286974704595
33564,1
33565,1
33566,0.9417963332531296
33567,1
33568,1
33569,1
33570,1
33571,1
33572,1
33573,0.9144769493491851
33574,1
33575,1
33576,0.8252486043651566
33577,1
33578,1
33579,0.8347036621033324
33580,1
33581,1
33582,0.6471989162354547
33583,0.7523745061372878
33584,0.7971656057002424
33585,0.48581060734352743
33586,1
33587,1
33588,1
33589,0.32669273324763193
33590,1
33591,1
33592,1
33593,1
33594,1
33595,0.853482339770586
33596,1
33597,0.9212823692061628
33598,0.7983525281459137
33599,0.7194812315158698
33600,1
33601,1
33602,1
33603,1
33604,1
33605,1
33606,1
33607,0.9077774757695657
33608,1
33609,1
33610,1
33611,0.8640557869106517
33612,1
33613,0.938910433351806
33614,1
33615,0.9476588316998317
33616,1
33617,1
33618,1
33619,1
33620,0.8906855739095315
33621,1
33622,0.9277555645459131
33623,1
33624,0.8953244525350268
33625,1
33626,1
33627,1
33628,1
33629,1
33630,0.7385588213502712
33631,1
33632,1
33633,1
33634,1
33635,1
33636,1
33637,1
33638,0.9166954393788326
33639,0.6849751873576586
33640,1
33641,0.8500445249084877
33642,0.8184683193106489
33643,1
33644,1
33645,0.8097543111891904
33646,1
33647,1
33648,0.8288122313911674
33649,0.8277107042237845
33650,1
33651,1
33652,1
33653,1
33654,1
33655,0.765821894891887
33656,1
33657,0.9388283542373463
33658,0.9349563267420039
33659,1
33660,1
33661,1
33662,1
33663,0.8672794403198187
33664,0.926796844537773
33665,1
33666,1
33667,1
33668,1
33669,0.8667084281600651
33670,1
33671,1
33672,0.886505766930618
33673,1
33674,1
33675,0.762023348854702
33676,0.9387522115944343
33677,0.5253181271767782
33678,0.8655093333860717
33679,1
33680,1
33681,1
33682,0.9389860451261464
33683,0.8733881168204028
33684,0.949996922085692
33685,1
33686,1
33687,1
33688,1
33689,1
33690,1
33691,1
33692,1
33693,1
33694,1
33695,1
33696,1
33697,1
33698,1
33699,0.8277107042237845
33700,1
33701,1
33702,0.904160063231318
33703,1
33704,1
33705,1
33706,0.9493868369998372
33707,1
33708,1
33709,1
33710,1
33711,1
33712,1
33713,0.904244409824344
33714,1
33715,1
33716,1
33717,1
33718,1
33719,0.6290489498918338
33720,1
33721,0.9237094260404888
33722,1
33723,1
33724,1
33725,1
33726,0.9455026307146323
33727,0.7704754609641021
33728,1
33729,1
33730,1
33731,1
33732,1
33733,0.8941516039291537
33734,1
33735,1
33736,1
33737,1
33738,1
33739,1
33740,1
33741,1
33742,1
33743,1
33744,0.9164505867039797
33745,1
33746,0.9079359703257683
33747,0.8972495942761176
33748,0.919668109379325
33749,0.8720137795563766
33750,0.7882255167755768
33751,1
33752,1
33753,1
33754,0.940661022080919
33755,1
33756,1
33757,1
33758,0.8972452203316356
33759,1
33760,1
33761,1
33762,1
33763,1
33764,1
33765,1
33766,0.7095924824850698
33767,1
33768,0.9386443433529157
33769,1
33770,1
33771,1
33772,1
33773,1
33774,1
33775,0.701536025545517
33776,1
33777,1
33778,1
33779,1
33780,1
33781,1
33782,0.9049741072739441
33783,1
33784,1
33785,0.8926371541368036
33786,1
33787,1
33788,0.6715273910330568
33789,0.8728926689760029
33790,1
33791,0.9459280936556222
33792,1
33793,1
33794,1
33795,0.7173863901595676
33796,1
33797,0.886257648853439
33798,1
33799,1
33800,1
33801,1
33802,0.9277834986180862
33803,1
33804,1
33805,1
33806,1
33807,0.8791761932047849
33808,1
33809,0.8153372703602568
33810,1
33811,1
33812,1
33813,0.588071933795539
33814,1
33815,0.39909960116807464
33816,0.9371195439069555
33817,0.9185873532887621
33818,1
33819,1
33820,1
33821,1
33822,1
33823,1
33824,1
33825,0.8653922208145903
33826,1
33827,1
33828,1
33829,0.8968248906621554
33830,1
33831,0.8821723075288975
33832,1
33833,1
33834,1
33835,0.9475417915521134
33836,1
33837,1
33838,1
33839,1
33840,1
33841,1
33842,1
33843,1
33844,1
33845,1
33846,0.8182310997521961
33847,1
33848,1
33849,1
33850,1
33851,0.8729175079231376
33852,0.7195490620202493
33853,1
33854,1
33855,1
33856,0.9355991499788943
33857,0.9333225889352986
33858,0.9198861119651698
33859,1
33860,0.6494136050488966
33861,0.8995169662359683
33862,0.7194812315158698
33863,1
33864,1
33865,0.9446749662527516
33866,1
33867,1
33868,0.9100519745633643
33869,1
33870,1
33871,1
33872,1
33873,1
33874,1
33875,0.8261944432671873
33876,1
33877,0.6638959237868123
33878,1
33879,0.9451915405769636
33880,1
33881,1
33882,1
33883,1
33884,0.9224902727348351
33885,0.9239206498132211
33886,0.8087068810643574
33887,1
33888,1
33889,1
33890,1
33891,1
33892,0.7326604763985269
33893,0.793170659184894
33894,0.676130508911141
33895,0.9122579712215334
33896,1
33897,1
33898,1
33899,1
33900,0.5329660658297437
33901,1
33902,1
33903,0.5684885367880653
33904,1
33905,1
33906,1
33907,1
33908,1
33909,1
33910,0.9447097920479762
33911,0.6366133507233525
33912,1
33913,0.8636113310729086
33914,1
33915,1
33916,1
33917,1
33918,1
33919,0.9482480425155265
33920,1
33921,0.9456238450616496
33922,1
33923,1
33924,1
33925,1
33926,1
33927,1
33928,0.9495791719272868
33929,1
33930,0.9413821731943081
33931,0.9030632148202783
33932,1
33933,1
33934,1
33935,1
33936,0.9175154191923457
33937,1
33938,1
33939,1
33940,1
33941,1
33942,1
33943,1
33944,1
33945,1
33946,1
33947,1
33948,0.7777781904336263
33949,1
33950,0.9015033061961067
33951,1
33952,0.9295985307626584
33953,1
33954,1
33955,1
33956,1
33957,1
33958,0.9192704412884136
33959,1
33960,1
33961,1
33962,1
33963,1
33964,1
33965,1
33966,1
33967,1
33968,0.9281388955490353
33969,1
33970,0.9466288419706137
33971,0.9293202451783441
33972,1
33973,1
33974,0.8892753226400486
33975,0.9232485401525141
33976,1
33977,0.920935175357849
33978,0.9163510128862852
33979,1
33980,0.5677086019652327
33981,1
33982,1
33983,1
33984,1
33985,1
33986,1
33987,1
33988,1
33989,0.9349467606321443
33990,0.9455913626757255
33991,1
33992,1
33993,0.8420099650314762
33994,1
33995,1
33996,1
33997,1
33998,0.8705153637294007
33999,1
34000,1
34001,1
34002,1
34003,0.8783747201233458
34004,1
34005,1
34006,1
34007,1
34008,1
34009,0.5053906361605512
34010,0.9185356824409848
34011,1
34012,1
34013,0.9261979063925491
34014,1
34015,1
34016,1
34017,1
34018,0.9302957088697895
34019,1
34020,1
34021,1
34022,1
34023,0.9454619411998316
34024,0.883906091753987
34025,1
34026,1
34027,0.6402188647993152
34028,1
34029,0.8135618590673096
34030,0.8874449246553354
34031,1
34032,0.9155359486502727
34033,0.8714595042812778
34034,1
34035,1
34036,0.8583914045579174
34037,1
34038,0.8612559005492127
34039,1
34040,0.915009827620908
34041,1
34042,1
34043,1
34044,1
34045,1
34046,1
34047,1
34048,1
34049,1
34050,1
34051,1
34052,1
34053,1
34054,1
34055,1
34056,1
34057,1
34058,1
34059,1
34060,1
34061,1
34062,0.9226617235216902
34063,0.8757190848631818
34064,1
34065,1
34066,0.892986383603327
34067,1
34068,0.7464029457547071
34069,1
34070,1
34071,0.8336848463913432
34072,1
34073,1
34074,0.9469429586945013
34075,0.9454713351490203
34076,1
34077,0.9373614630878946
34078,0.9399314432423631
34079,1
34080,1
34081,1
34082,1
34083,1
34084,0.9369900156770595
34085,0.9157334941707325
34086,1
34087,1
34088,0.9328613430379086
34089,0.9178378098556678
34090,1
34091,1
34092,1
34093,1
34094,1
34095,1
34096,0.915009827620908
34097,1
34098,1
34099,1
34100,1
34101,1
34102,0.9365920731282198
34103,0.9144267950628244
34104,0.9397024260928142
34105,1
34106,1
34107,1
34108,1
34109,1
34110,1
34111,1
34112,1
34113,1
34114,0.8559182941490148
34115,1
34116,0.883799613134211
34117,1
34118,0.8398429090047489
34119,1
34120,0.9388577343437038
34121,0.9100519745633643
34122,1
34123,1
34124,1
34125,1
34126,1
34127,1
34128,1
34129,1
34130,1
34131,1
34132,1
34133,1
34134,1
34135,1
34136,0.8615767456252079
34137,0.8808882305934859
34138,1
34139,1
34140,1
34141,1
34142,1
34143,0.6840507558663912
34144,0.849350817851202
34145,1
34146,1
34147,0.9424093944960391
34148,1
34149,1
34150,1
34151,0.8807386881448029
34152,0.9062743196280076
34153,0.9111859424939094
34154,0.8497218726516701
34155,0.9454280455222142
34156,1
34157,1
34158,1
34159,1
34160,1
34161,0.9069148188827277
34162,1
34163,0.8450138756676726
34164,1
34165,1
34166,1
34167,0.8756132903478179
34168,1
34169,0.9498841313866868
34170,1
34171,0.878577128711271
34172,0.6936596683638944
34173,0.9235150280708915
34174,0.9217357959242639
34175,1
34176,1
34177,1
34178,0.8968748226635189
34179,1
34180,0.9464123388009101
34181,1
34182,1
34183,0.6758413648729557
34184,1
34185,1
34186,0.9274018072886296
34187,0.9328613430379086
34188,0.8821075892022949
34189,1
34190,0.938910433351806
34191,1
34192,0.9287753764569072
34193,1
34194,1
34195,0.9175460490025474
34196,0.9228411394630525
34197,1
34198,1
34199,1
34200,1
34201,1
34202,1
34203,1
34204,1
34205,1
34206,1
34207,0.9335482558572996
34208,1
34209,0.712347163856287
34210,0.8724907566183034
34211,1
34212,1
34213,1
34214,0.9372195182648304
34215,0.9355991499788943
34216,1
34217,1
34218,0.9189187756761807
34219,1
34220,1
34221,0.9359589680499679
34222,0.9466103785461922
34223,1
34224,1
34225,1
34226,1
34227,1
34228,1
34229,1
34230,1
34231,1
34232,0.9194085700702501
34233,0.849350817851202
34234,1
34235,0.9295985307626584
34236,0.93622839264172375
34237,1
34238,1
34239,1
34240,0.9150729836870222
34241,0.8288122313911674
34242,1
34243,1
34244,1
34245,0.937478938028711
34246,0.8858619027535989
34247,1
34248,1
34249,1
34250,1
34251,0.9306932842742516
34252,1
34253,0.9420820864777785
34254,1
34255,0.9057719185515072
34256,1
34257,1
34258,0.8710303564240629
34259,0.93199630692766
34260,1
34261,1
34262,1
34263,1
34264,1
34265,1
34266,1
34267,1
34268,1
34269,1
34270,1
34271,1
34272,1
34273,1
34274,0.9339250908415218
34275,1
34276,0.8943715139655499
34277,1
34278,1
34279,1
34280,1
34281,1
34282,1
34283,1
34284,0.8606340236357588
34285,1
34286,1
34287,0.859153162604385
34288,0.901970428461503
34289,0.7189461781030627
34290,1
34291,1
34292,1
34293,1
34294,1
34295,1
34296,1
34297,1
34298,1
34299,1
34300,1
34301,0.8591524040360149
34302,1
34303,1
34304,1
34305,1
34306,1
34307,1
34308,0.8527750240476716
34309,0.8526405725080426
34310,0.8252486043651566
34311,0.9486165647659477
34312,1
34313,1
34314,1
34315,0.6886736998637243
34316,0.920869942920843
34317,1
34318,1
34319,0.9025497179290689
34320,1
34321,1
34322,1
34323,1
34324,0.9445651044270784
34325,1
34326,1
34327,1
34328,0.947646138201615
34329,0.938910433351806
34330,1
34331,0.9430148991446515
34332,1
34333,0.8798907413559354
34334,1
34335,1
34336,0.7773278637567858
34337,0.8615767456252079
34338,0.9398732409913615
34339,1
34340,1
34341,1
34342,1
34343,0.7890224474631247
34344,0.8962779454281673
34345,0.884168986730609
34346,1
34347,1
34348,1
34349,1
34350,1
34351,0.9240675359207081
34352,1
34353,0.9052742677173091
34354,0.949996922085692
34355,1
34356,0.8710303564240629
34357,1
34358,1
34359,0.49266168976316305
34360,1
34361,1
34362,1
34363,1
34364,1
34365,1
34366,0.9482553904002986
34367,1
34368,1
34369,0.9082498101257321
34370,1
34371,1
34372,1
34373,1
34374,1
34375,1
34376,0.9191665764319753
34377,0.7852463751222788
34378,1
34379,1
34380,1
34381,0.8122595589318463
34382,1
34383,0.793170659184894
34384,1
34385,1
34386,0.9184153882477498
34387,0.9360697880048222
34388,1
34389,0.8066460790637764
34390,1
34391,1
34392,0.8070972719857121
34393,1
34394,0.8809441655174993
34395,1
34396,1
34397,1
34398,1
34399,0.8043381774016475
34400,1
34401,0.6402188647993152
34402,1
34403,0.6930330735916875
34404,1
34405,1
34406,1
34407,1
34408,1
34409,1
34410,1
34411,1
34412,1
34413,0.861697507631403
34414,1
34415,1
34416,1
34417,1
34418,1
34419,0.8197915227186049
34420,1
34421,0.6906508568740618
34422,1
34423,0.8564548874221499
34424,1
34425,1
34426,1
34427,1
34428,1
34429,1
34430,1
34431,1
34432,1
34433,0.9122578225332489
34434,1
34435,1
34436,1
34437,1
34438,0.9369876037184272
34439,1
34440,1
34441,1
34442,1
34443,1
34444,0.9013627325493427
34445,1
34446,1
34447,1
34448,0.920499909612578
34449,1
34450,0.938297373468542
34451,0.8969730134512891
34452,0.9490182573528726
34453,1
34454,0.9331594311088897
34455,1
34456,1
34457,0.9321709138378126
34458,0.789873492704167
34459,1
34460,0.6590592373558296
34461,0.9447047130460489
34462,0.6490885927186871
34463,1
34464,1
34465,0.9381646274235852
34466,0.8174942858899256
34467,1
34468,1
34469,1
34470,1
34471,1
34472,0.3605218037384304
34473,1
34474,1
34475,1
34476,1
34477,0.9390509939682566
34478,0.9156772631609222
34479,1
34480,1
34481,1
34482,0.9470659129155039
34483,1
34484,1
34485,1
34486,0.8261865247208536
34487,1
34488,0.5578281901524379
34489,0.9112995902191351
34490,1
34491,1
34492,1
34493,1
34494,1
34495,1
34496,1
34497,1
34498,1
34499,1
34500,1
34501,0.7212950399820459
34502,0.9412630484304073
34503,0.9100519745633643
34504,1
34505,0.938910433351806
34506,0.8922372317950158
34507,0.9175590339857165
34508,1
34509,1
34510,1
34511,0.9420820864777785
34512,1
34513,1
34514,1
34515,0.9435025301030526
34516,1
34517,1
34518,1
34519,1
34520,1
34521,1
34522,1
34523,0.9299937415175259
34524,0.5176713932485466
34525,1
34526,1
34527,1
34528,0.9295660465032094
34529,0.9226617235216902
34530,1
34531,1
34532,1
34533,1
34534,1
34535,0.9122579712215334
34536,1
34537,1
34538,1
34539,0.5298301370991705
34540,1
34541,1
34542,1
34543,1
34544,0.8661727210919986
34545,1
34546,1
34547,1
34548,1
34549,0.8686106097162516
34550,1
34551,1
34552,1
34553,1
34554,0.906047855488915
34555,1
34556,1
34557,0.7977457617958391
34558,0.8974882139427417
34559,0.9304308589893628
34560,1
34561,0.9114228476321912
34562,0.8430917372106829
34563,1
34564,0.8950103166553367
34565,0.9150008316503406
34566,1
34567,0.937853364522203
34568,0.9490173560105407
34569,0.9032273433064018
34570,1
34571,1
34572,1
34573,0.9361750369684214
34574,1
34575,0.8813909592484537
34576,1
34577,1
34578,0.8539055756881119
34579,0.9399208447580826
34580,1
34581,1
34582,1
34583,1
34584,1
34585,0.5263483213765628
34586,0.8252486043651566
34587,1
34588,0.9139598034696145
34589,1
34590,1
34591,0.8495290566482209
34592,1
34593,1
34594,1
34595,0.7833887112935677
34596,1
34597,0.9315140765822626
34598,1
34599,1
34600,0.8653932223532468
34601,0.8828094418637827
34602,0.8702306884847844
34603,1
34604,1
34605,1
34606,1
34607,0.7326287149982157
34608,0.48581060734352743
34609,0.9336300251547558
34610,1
34611,1
34612,1
34613,1
34614,0.8816676448063884
34615,1
34616,1
34617,0.872152268455491
34618,0.8771358012021617
34619,1
34620,1
34621,0.9024939343348338
34622,1
34623,1
34624,1
34625,1
34626,1
34627,1
34628,1
34629,1
34630,1
34631,1
34632,1
34633,0.844528356818865
34634,1
34635,0.9351657664639967
34636,1
34637,0.9490520524939408
34638,1
34639,1
34640,1
34641,1
34642,1
34643,1
34644,1
34645,0.9096093895941417
34646,1
34647,1
34648,0.9305132964435697
34649,1
34650,1
34651,1
34652,1
34653,1
34654,0.9177046989883509
34655,1
34656,0.8930887368083581
34657,1
34658,1
34659,1
34660,1
34661,0.8653922208145903
34662,0.880116106548262
34663,1
34664,1
34665,1
34666,1
34667,1
34668,1
34669,1
34670,1
34671,1
34672,1
34673,1
34674,1
34675,1
34676,1
34677,1
34678,0.8481976180682853
34679,1
34680,0.7298366224946445
34681,0.7937657029307954
34682,0.9189537725768303
34683,1
34684,1
34685,0.945275239769741
34686,1
34687,0.8261865247208536
34688,1
34689,0.9448214868068814
34690,1
34691,1
34692,1
34693,0.9381177950171449
34694,1
34695,0.9258725057540612
34696,1
34697,1
34698,1
34699,0.9496090100848522
34700,1
34701,1
34702,1
34703,1
34704,1
34705,1
34706,1
34707,1
34708,1
34709,1
34710,1
34711,0.9360158603278719
34712,0.8704695745524595
34713,1
34714,0.9164505867039797
34715,0.8463445522213288
34716,0.8809441655174993
34717,1
34718,1
34719,0.9197933861787893
34720,1
34721,1
34722,1
34723,1
34724,1
34725,1
34726,1
34727,1
34728,0.9283924945560023
34729,1
34730,1
34731,0.9392580848612422
34732,1
34733,0.8252486043651566
34734,0.6523619807216935
34735,1
34736,0.8035359897991466
34737,0.9442685921314865
34738,1
34739,1
34740,0.8336848463913432
34741,1
34742,1
34743,1
34744,0.9280534504199632
34745,1
34746,1
34747,0.9424093944960391
34748,0.93500744443162
34749,1
34750,0.7751678695594088
34751,1
34752,1
34753,1
34754,0.9253910578375246
34755,0.8832047117759394
34756,1
34757,1
34758,1
34759,1
34760,1
34761,1
34762,1
34763,1
34764,1
34765,1
34766,1
34767,1
34768,0.8181073215149365
34769,1
34770,1
34771,1
34772,0.9401013110221775
34773,1
34774,0.9254075514965762
34775,1
34776,0.9417143419894535
34777,1
34778,0.8709022589011182
34779,1
34780,0.8784249095946948
34781,1
34782,1
34783,0.8852184672022186
34784,1
34785,1
34786,0.8224975395359186
34787,1
34788,1
34789,1
34790,1
34791,0.8771358012021617
34792,1
34793,1
34794,0.7250931945592004
34795,1
34796,0.9221749800786069
34797,1
34798,0.7815929305917813
34799,0.9322520790780054
34800,1
34801,1
34802,0.8874449246553354
34803,0.901970428461503
34804,1
34805,1
34806,0.7341584568785438
34807,1
34808,1
34809,1
34810,0.9361492473336049
34811,0.6585138079266615
34812,1
34813,1
34814,1
34815,1
34816,1
34817,0.8362301235152843
34818,1
34819,0.7830021632393166
34820,1
34821,1
34822,1
34823,1
34824,1
34825,1
34826,1
34827,1
34828,0.9169926441559101
34829,1
34830,1
34831,1
34832,0.815451500635205
34833,1
34834,1
34835,0.9365401567578429
34836,1
34837,1
34838,1
34839,1
34840,1
34841,1
34842,1
34843,1
34844,1
34845,0.9444175251608322
34846,1
34847,1
34848,1
34849,1
34850,1
34851,0.9422446785315681
34852,1
34853,0.9291016957825172
34854,1
34855,1
34856,1
34857,1
34858,1
34859,1
34860,1
34861,1
34862,0.8914062534739564
34863,1
34864,1
34865,0.7760662167550073
34866,0.9367280701789183
34867,0.9021723879558949
34868,1
34869,1
34870,1
34871,0.5568207262836085
34872,1
34873,1
34874,1
34875,1
34876,1
34877,1
34878,0.9259809638778241
34879,0.9336605945677846
34880,0.949677114094096
34881,1
34882,1
34883,1
34884,1
34885,1
34886,1
34887,0.600321024517991
34888,1
34889,0.9169087339954518
34890,1
34891,1
34892,0.8627028564858388
34893,1
34894,1
34895,1
34896,0.9382969797428362
34897,1
34898,1
34899,1
34900,1
34901,1
34902,1
34903,1
34904,0.940648996791571
34905,1
34906,1
34907,1
34908,1
34909,1
34910,1
34911,1
34912,1
34913,0.94271832862162
34914,1
34915,1
34916,1
34917,1
34918,1
34919,1
34920,1
34921,0.9473950993692525
34922,1
34923,1
34924,0.9435789758388196
34925,1
34926,1
34927,1
34928,1
34929,1
34930,0.9375398285120013
34931,0.6513609656977166
34932,1
34933,1
34934,1
34935,0.9029683253978613
34936,1
34937,1
34938,1
34939,1
34940,1
34941,0.9311382006023069
34942,1
34943,1
34944,0.8297587009861301
34945,1
34946,0.8860726045441764
34947,1
34948,1
34949,1
34950,1
34951,1
34952,0.6402188647993152
34953,1
34954,1
34955,1
34956,1
34957,1
34958,1
34959,1
34960,1
34961,1
34962,1
34963,1
34964,0.820413429674066
34965,1
34966,1
34967,0.8981013343675437
34968,1
34969,1
34970,0.9441531641833089
34971,1
34972,1
34973,1
34974,1
34975,1
34976,1
34977,1
34978,1
34979,0.9407059476473572
34980,1
34981,1
34982,0.9069148188827277
34983,1
34984,1
34985,1
34986,1
34987,1
34988,0.8682152819030678
34989,1
34990,1
34991,1
34992,1
34993,0.9417143419894535
34994,0.8546171333953525
34995,0.8561119511191264
34996,1
34997,0.9274018072886296
34998,0.8968748226635189
34999,0.9307350223574112
35000,1
35001,1
35002,1
35003,1
35004,1
35005,1
35006,1
35007,1
35008,1
35009,1
35010,1
35011,0.9459748297783942
35012,1
35013,0.861697507631403
35014,0.41933871260297145
35015,1
35016,1
35017,1
35018,1
35019,0.8736619035875932
35020,1
35021,1
35022,1
35023,1
35024,0.7298366224946445
35025,1
35026,0.8819726595030482
35027,1
35028,1
35029,0.9100519745633643
35030,1
35031,1
35032,0.9451371240247002
35033,1
35034,1
35035,0.7220040081359443
35036,1
35037,0.9420097769766836
35038,0.9137149678840485
35039,0.9069884894478427
35040,0.9015033061961067
35041,1
35042,1
35043,1
35044,1
35045,1
35046,0.844590056313491
35047,1
35048,1
35049,1
35050,0.6646965623726866
35051,1
35052,1
35053,1
35054,1
35055,1
35056,1
35057,1
35058,1
35059,1
35060,1
35061,0.43711192388075387
35062,1
35063,1
35064,1
35065,1
35066,0.900245826625394
35067,1
35068,1
35069,0.9315975441795703
35070,1
35071,0.9090248395903603
35072,1
35073,1
35074,0.8571212118352523
35075,1
35076,1
35077,1
35078,1
35079,1
35080,1
35081,1
35082,0.8662652168238864
35083,0.9096093895941417
35084,1
35085,0.8159389832685779
35086,1
35087,1
35088,1
35089,1
35090,0.9214429947560167
35091,0.9498348325327973
35092,0.8189349766618176
35093,1
35094,1
35095,1
35096,1
35097,1
35098,1
35099,0.6753531814072089
35100,1
35101,0.8861747854483649
35102,1
35103,1
35104,0.8922616506475399
35105,1
35106,0.8536900976100914
35107,1
35108,1
35109,1
35110,1
35111,0.9434576444247682
35112,1
35113,1
35114,1
35115,1
35116,1
35117,1
35118,0.9024217479074779
35119,1
35120,1
35121,1
35122,1
35123,0.7882093142321953
35124,0.9434356186266815
35125,1
35126,1
35127,0.931466570081281
35128,1
35129,0.830526514700838
35130,1
35131,1
35132,1
35133,1
35134,1
35135,1
35136,0.7852463751222788
35137,1
35138,1
35139,1
35140,1
35141,1
35142,0.8564548874221499
35143,1
35144,1
35145,1
35146,1
35147,1
35148,1
35149,1
35150,1
35151,1
35152,1
35153,1
35154,1
35155,1
35156,1
35157,1
35158,1
35159,1
35160,0.8544954987554387
35161,0.8916051604109223
35162,1
35163,1
35164,1
35165,1
35166,0.8164834350406015
35167,1
35168,1
35169,1
35170,1
35171,0.9386358333994456
35172,0.5329660658297437
35173,0.9412084348074229
35174,0.504089490731127
35175,1
35176,1
35177,1
35178,1
35179,1
35180,1
35181,1
35182,0.9136944189323178
35183,1
35184,1
35185,1
35186,1
35187,1
35188,0.9112549578446071
35189,1
35190,0.617904555229479
35191,0.6849523172421317
35192,1
35193,0.8190170492704273
35194,0.881893160082758
35195,1
35196,0.8962534096912014
35197,0.9376041039366849
35198,1
35199,1
35200,0.5399644388948595
35201,1
35202,0.9346961953889008
35203,1
35204,1
35205,1
35206,0.7176244749963784
35207,0.8949101369281046
35208,0.900531679971386
35209,0.5763208703366369
35210,1
35211,1
35212,1
35213,0.9027701170821849
35214,1
35215,1
35216,1
35217,1
35218,0.7057601746404771
35219,1
35220,0.8492044533015599
35221,1
35222,0.9400096935218255
35223,1
35224,1
35225,0.7487430919605177
35226,0.941731087325754
35227,1
35228,1
35229,1
35230,1
35231,1
35232,1
35233,1
35234,1
35235,1
35236,0.9074023594241631
35237,1
35238,1
35239,0.9100519745633643
35240,1
35241,1
35242,1
35243,0.8252486043651566
35244,1
35245,1
35246,1
35247,1
35248,0.9475923019998187
35249,0.947670361190149
35250,1
35251,1
35252,0.8969730134512891
35253,1
35254,0.83133639245069
35255,1
35256,1
35257,0.9169926441559101
35258,1
35259,1
35260,1
35261,1
35262,0.9335666224991659
35263,1
35264,0.9307440427893605
35265,0.711887089540352
35266,1
35267,0.5566427176043954
35268,0.886986204492247
35269,1
35270,0.940403991119868
35271,0.9244953311008143
35272,1
35273,1
35274,1
35275,0.8484526897067028
35276,0.8969730134512891
35277,1
35278,1
35279,1
35280,1
35281,1
35282,1
35283,1
35284,0.9271327171639547
35285,1
35286,0.9070767345256623
35287,0.7004251412312577
35288,1
35289,1
35290,1
35291,0.9237712066769893
35292,0.90941838210358
35293,0.9103751975354155
35294,1
35295,1
35296,1
35297,1
35298,0.9364857015932061
35299,1
35300,0.9415164741177539
35301,1
35302,0.8103829677755882
35303,0.735734838654481
35304,1
35305,0.9317549228025657
35306,0.9366123923636941
35307,1
35308,1
35309,1
35310,1
35311,0.9098580758234381
35312,0.783921063808432
35313,1
35314,0.8559182941490148
35315,1
35316,0.9053759674182628
35317,1
35318,1
35319,1
35320,1
35321,1
35322,0.7298366224946445
35323,0.9267044080809544
35324,0.8770145231261596
35325,1
35326,1
35327,1
35328,1
35329,0.9220611091092348
35330,1
35331,1
35332,1
35333,1
35334,1
35335,1
35336,0.8790442580000706
35337,0.9145056910841085
35338,1
35339,0.8790442580000706
35340,1
35341,1
35342,1
35343,1
35344,1
35345,1
35346,1
35347,0.8741397861707444
35348,1
35349,1
35350,0.9203343385287557
35351,0.8311218021159871
35352,1
35353,1
35354,1
35355,0.8949101369281046
35356,1
35357,1
35358,1
35359,1
35360,1
35361,0.9458808236997936
35362,1
35363,1
35364,0.913384838446057
35365,1
35366,1
35367,1
35368,1
35369,1
35370,1
35371,1
35372,1
35373,0.8641068210809274
35374,1
35375,0.9362628347476865
35376,1
35377,0.940853494586447
35378,1
35379,1
35380,0.5670463004770423
35381,1
35382,1
35383,1
35384,1
35385,0.9381619924553526
35386,1
35387,1
35388,1
35389,1
35390,0.89894669504046
35391,0.8647056585996227
35392,1
35393,0.7129634008391387
35394,1
35395,0.8833540665518699
35396,1
35397,0.6251943068297761
35398,1
35399,0.8914020917943293
35400,1
35401,1
35402,1
35403,1
35404,1
35405,0.6075800690344577
35406,0.8290068527450524
35407,1
35408,0.5329660658297437
35409,1
35410,1
35411,1
35412,1
35413,1
35414,1
35415,1
35416,0.9432708071042665
35417,0.9420820864777785
35418,0.8180134205127774
35419,1
35420,0.9241402477197566
35421,1
35422,1
35423,1
35424,1
35425,1
35426,1
35427,1
35428,1
35429,0.3605218037384304
35430,0.7781747067733128
35431,1
35432,0.9454655669062203
35433,1
35434,1
35435,1
35436,1
35437,0.9407740615233121
35438,1
35439,1
35440,0.9070932021294806
35441,1
35442,0.9459773153976968
35443,1
35444,1
35445,1
35446,0.9445610333484777
35447,1
35448,1
35449,1
35450,1
35451,1
35452,0.9393268200388898
35453,1
35454,1
35455,1
35456,1
35457,1
35458,1
35459,1
35460,0.9386443433529157
35461,1
35462,1
35463,1
35464,1
35465,1
35466,1
35467,1
35468,0.9359589680499679
35469,1
35470,0.8591524040360149
35471,0.8046884194157526
35472,1
35473,1
35474,1
35475,0.8744867907559292
35476,1
35477,1
35478,1
35479,1
35480,0.7487430919605177
35481,1
35482,1
35483,1
35484,0.9196416341488332
35485,1
35486,1
35487,0.9215323715750302
35488,0.9267917824808785
35489,1
35490,0.8167727357485985
35491,1
35492,0.9345770826501297
35493,1
35494,0.9488594838302383
35495,0.8939860659835964
35496,1
35497,0.7458100953688169
35498,1
35499,1
35500,0.859153162604385
35501,1
35502,1
35503,1
35504,0.8850260900889968
35505,1
35506,1
35507,0.9100519745633643
35508,1
35509,0.947358170599544
35510,1
35511,1
35512,0.9237691174780562
35513,0.947102349355137
35514,0.651939043904521
35515,1
35516,1
35517,1
35518,0.9072032309899698
35519,1
35520,0.9222183155803129
35521,1
35522,1
35523,1
35524,1
35525,0.9375782079462748
35526,1
35527,1
35528,1
35529,1
35530,0.9475397995856385
35531,0.9304308589893628
35532,0.9366420476039293
35533,0.9381392121434058
35534,1
35535,1
35536,1
35537,0.8536525098593633
35538,0.8604219190599688
35539,1
35540,0.9427540963519289
35541,1
35542,1
35543,1
35544,1
35545,1
35546,1
35547,1
35548,1
35549,1
35550,1
35551,0.902684453275321
35552,1
35553,1
35554,0.5020329903276758
35555,1
35556,0.9202823428566493
35557,0.89782596437162
35558,1
35559,1
35560,1
35561,0.6260999368730212
35562,1
35563,1
35564,0.9100858223661651
35565,1
35566,0.94468753818217
35567,1
35568,1
35569,1
35570,1
35571,0.9215323715750302
35572,0.7537084495823537
35573,1
35574,1
35575,0.9138881606054113
35576,1
35577,0.8993740050776516
35578,0.9270736112304401
35579,0.8590370474016219
35580,1
35581,1
35582,0.9160079080211466
35583,1
35584,1
35585,0.5654317004533709
35586,1
35587,1
35588,1
35589,1
35590,1
35591,1
35592,0.9361466480920756
35593,0.899603303136366
35594,1
35595,1
35596,1
35597,1
35598,0.9138958164103592
35599,1
35600,1
35601,0.9106143667048409
35602,0.9376418074795638
35603,1
35604,1
35605,1
35606,1
35607,1
35608,0.8024625586759264
35609,0.8653922208145903
35610,0.9318037420828185
35611,1
35612,0.8887537485001505
35613,0.94038326011122
35614,1
35615,1
35616,0.7811743570830806
35617,1
35618,1
35619,1
35620,1
35621,0.921820379800053
35622,1
35623,1
35624,1
35625,1
35626,0.9393521252199389
35627,1
35628,1
35629,1
35630,1
35631,0.9406656977811862
35632,1
35633,0.5346362507238976
35634,1
35635,1
35636,1
35637,0.9295985307626584
35638,0.8737763270843714
35639,1
35640,0.9402545462515893
35641,1
35642,1
35643,1
35644,1
35645,1
35646,0.8471363544232954
35647,0.6880407457441392
35648,1
35649,1
35650,1
35651,1
35652,1
35653,1
35654,1
35655,1
35656,1
35657,0.8742717404196808
35658,1
35659,0.6199332877024888
35660,1
35661,1
35662,1
35663,0.9319443985164607
35664,1
35665,0.8954149702306431
35666,1
35667,0.9461872256651912
35668,1
35669,1
35670,1
35671,0.9421541117751779
35672,1
35673,1
35674,1
35675,1
35676,1
35677,1
35678,0.732126071666105
35679,1
35680,1
35681,1
35682,0.9288582136695239
35683,1
35684,0.9374446351361079
35685,1
35686,1
35687,1
35688,1
35689,0.9306932842742516
35690,1
35691,1
35692,1
35693,1
35694,1
35695,1
35696,1
35697,1
35698,1
35699,1
35700,1
35701,1
35702,1
35703,1
35704,1
35705,1
35706,1
35707,1
35708,1
35709,1
35710,1
35711,1
35712,0.8051665538236631
35713,1
35714,0.9082209456086173
35715,0.9251359264739335
35716,1
35717,1
35718,1
35719,0.4282936399178388
35720,1
35721,1
35722,1
35723,1
35724,1
35725,0.731629452584318
35726,0.9355361660063067
35727,0.9295985307626584
35728,1
35729,1
35730,0.6744324361911245
35731,1
35732,0.9460785910819433
35733,1
35734,0.8269518417590822
35735,1
35736,0.9295985307626584
35737,1
35738,1
35739,1
35740,1
35741,1
35742,1
35743,1
35744,1
35745,0.8817030921030541
35746,1
35747,1
35748,1
35749,0.8373543266899189
35750,1
35751,1
35752,1
35753,1
35754,1
35755,1
35756,1
35757,1
35758,1
35759,1
35760,1
35761,1
35762,1
35763,1
35764,1
35765,0.8770583041512823
35766,0.9460279705957585
35767,1
35768,0.9413714524497757
35769,1
35770,1
35771,1
35772,0.6715273910330568
35773,1
35774,1
35775,0.894923432437121
35776,0.8386395861429352
35777,1
35778,1
35779,1
35780,1
35781,0.9025546142208297
35782,1
35783,1
35784,1
35785,1
35786,1
35787,0.8581768203266994
35788,1
35789,0.9472528805773158
35790,1
35791,1
35792,1
35793,1
35794,1
35795,1
35796,1
35797,1
35798,0.9136944189323178
35799,1
35800,1
35801,1
35802,0.6426299117695728
35803,1
35804,1
35805,1
35806,1
35807,1
35808,1
35809,1
35810,1
35811,0.8277107042237845
35812,1
35813,1
35814,0.9052114738163799
35815,1
35816,1
35817,1
35818,1
35819,0.906047855488915
35820,1
35821,1
35822,1
35823,0.8252486043651566
35824,1
35825,1
35826,0.9290971944930327
35827,1
35828,0.9379403356042109
35829,1
35830,0.9077774757695657
35831,1
35832,0.8808097715524604
35833,0.865342993871003
35834,0.9355991499788943
35835,1
35836,0.8697393392474844
35837,0.6109712047979725
35838,1
35839,1
35840,1
35841,1
35842,1
35843,1
35844,0.9014843520398299
35845,0.6016764720571727
35846,1
35847,0.6605390364518597
35848,0.9070767345256623
35849,1
35850,1
35851,0.8336848463913432
35852,1
35853,1
35854,1
35855,0.8950071244409422
35856,1
35857,1
35858,1
35859,1
35860,1
35861,1
35862,0.9357686171040244
35863,0.9439659869632493
35864,1
35865,1
35866,1
35867,0.8615767456252079
35868,0.8497218726516701
35869,0.7150211422584173
35870,1
35871,1
35872,0.8340030197296934
35873,1
35874,0.7103761156221248
35875,1
35876,1
35877,1
35878,0.9021723879558949
35879,1
35880,0.9459716561231809
35881,1
35882,1
35883,0.8034443291368214
35884,0.8721412886476296
35885,1
35886,1
35887,1
35888,0.8524663940646281
35889,1
35890,0.8710303564240629
35891,1
35892,1
35893,1
35894,1
35895,1
35896,1
35897,1
35898,1
35899,0.8771358012021617
35900,0.9021196108857901
35901,1
35902,1
35903,1
35904,0.604418380039291
35905,0.9494331222857347
35906,0.9265906661211428
35907,1
35908,1
35909,1
35910,0.8949101369281046
35911,1
35912,1
35913,1
35914,1
35915,1
35916,1
35917,1
35918,1
35919,1
35920,1
35921,1
35922,1
35923,1
35924,0.8648382138900061
35925,0.7423671913804096
35926,1
35927,1
35928,0.7164353281177543
35929,1
35930,1
35931,1
35932,1
35933,0.935350356275501
35934,1
35935,1
35936,0.8352929354734432
35937,1
35938,1
35939,0.9348405151968444
35940,1
35941,0.9114766708399817
35942,1
35943,1
35944,1
35945,0.8599612484178555
35946,1
35947,1
35948,0.9330364790882467
35949,1
35950,1
35951,1
35952,1
35953,1
35954,0.49266168976316305
35955,1
35956,1
35957,1
35958,1
35959,1
35960,1
35961,1
35962,0.9079359703257683
35963,0.94714195774314
35964,0.9442973972993116
35965,1
35966,0.8911579677471675
35967,1
35968,0.8119713787395205
35969,0.9431244732296677
35970,1
35971,1
35972,0.9215323715750302
35973,1
35974,1
35975,1
35976,1
35977,1
35978,0.9453463198339901
35979,1
35980,1
35981,0.911933432600174
35982,1
35983,0.9047119132136896
35984,0.8213975228400707
35985,1
35986,1
35987,1
35988,1
35989,1
35990,1
35991,0.8022194739130176
35992,1
35993,1
35994,1
35995,1
35996,1
35997,1
35998,0.7189461781030627
35999,1
36000,1
36001,1
36002,1
36003,1
36004,1
36005,0.8738611899996275
36006,1
36007,1
36008,1
36009,0.8792368572025105
36010,0.6713283337941407
36011,1
36012,1
36013,0.9429439048337819
36014,1
36015,1
36016,0.9233348908502288
36017,1
36018,1
36019,1
36020,1
36021,1
36022,1
36023,0.7829350214359172
36024,0.9071437126542167
36025,0.8910797416031727
36026,1
36027,1
36028,1
36029,0.9459902201671176
36030,1
36031,1
36032,0.9014318587664245
36033,0.8262835314647471
36034,1
36035,1
36036,0.8352929354734432
36037,0.9488594838302383
36038,1
36039,1
36040,0.9204477069588183
36041,0.6793050809838689
36042,1
36043,1
36044,0.882158527037212
36045,1
36046,0.8751376219449795
36047,1
36048,1
36049,1
36050,1
36051,1
36052,1
36053,0.8949101369281046
36054,1
36055,1
36056,0.8564906628610979
36057,0.9446596836493764
36058,1
36059,1
36060,1
36061,1
36062,1
36063,1
36064,1
36065,1
36066,0.7475821060631646
36067,1
36068,0.4354536380108282
36069,0.9379403356042109
36070,1
36071,1
36072,0.9152924515984545
36073,1
36074,1
36075,1
36076,1
36077,1
36078,1
36079,1
36080,1
36081,1
36082,1
36083,1
36084,1
36085,1
36086,0.9224241407738126
36087,1
36088,1
36089,1
36090,1
36091,1
36092,1
36093,1
36094,1
36095,1
36096,1
36097,1
36098,0.9295985307626584
36099,1
36100,1
36101,1
36102,1
36103,1
36104,1
36105,1
36106,1
36107,0.9288048427215077
36108,1
36109,0.7862498471656174
36110,0.7777781904336263
36111,0.9462151104053776
36112,1
36113,0.9003215420655797
36114,1
36115,1
36116,1
36117,1
36118,1
36119,1
36120,0.7815775091891796
36121,1
36122,1
36123,1
36124,0.8953089253083003
36125,1
36126,1
36127,0.8043320164581981
36128,1
36129,1
36130,0.9345770826501297
36131,0.8140583450351329
36132,1
36133,0.9146063381496671
36134,0.9022754733912588
36135,0.9383942538452744
36136,1
36137,1
36138,1
36139,1
36140,1
36141,0.9030107355384568
36142,1
36143,0.6402188647993152
36144,0.8630261770759329
36145,0.8809441655174993
36146,1
36147,0.9226617235216902
36148,1
36149,0.8352929354734432
36150,1
36151,0.9140043580212677
36152,1
36153,1
36154,1
36155,0.937853364522203
36156,0.9270546840178068
36157,0.8428063830759263
36158,1
36159,1
36160,1
36161,1
36162,1
36163,1
36164,1
36165,0.8618837315307349
36166,1
36167,1
36168,0.8798907413559354
36169,1
36170,1
36171,0.8914062534739564
36172,1
36173,1
36174,1
36175,0.8420099650314762
36176,1
36177,1
36178,1
36179,1
36180,1
36181,0.8379910678351105
36182,1
36183,0.8667084281600651
36184,0.9398732409913615
36185,1
36186,1
36187,0.9457446376639361
36188,1
36189,1
36190,0.9005106630866426
36191,0.7979979585898961
36192,0.765821894891887
36193,0.9467369014254494
36194,1
36195,1
36196,0.9240675359207081
36197,1
36198,1
36199,0.7685837718097019
36200,1
36201,1
36202,0.8355467338111093
36203,0.46400987603078947
36204,0.8199009941916319
36205,1
36206,1
36207,1
36208,0.5308244091984848
36209,1
36210,1
36211,1
36212,1
36213,0.8246760820111465
36214,1
36215,1
36216,1
36217,1
36218,1
36219,0.9454315905623402
36220,0.926796844537773
36221,1
36222,0.9450633317083761
36223,1
36224,0.9381763344842371
36225,0.8815027173996981
36226,1
36227,1
36228,1
36229,0.4172022335303556
36230,1
36231,1
36232,1
36233,1
36234,1
36235,0.907257035357485
36236,1
36237,0.4658977566009267
36238,1
36239,1
36240,0.49266168976316305
36241,1
36242,1
36243,1
36244,1
36245,0.6560108363136273
36246,1
36247,1
36248,1
36249,1
36250,1
36251,1
36252,1
36253,1
36254,1
36255,1
36256,0.949996922085692
36257,1
36258,1
36259,1
36260,1
36261,1
36262,1
36263,1
36264,0.9486841822864328
36265,1
36266,1
36267,1
36268,1
36269,1
36270,1
36271,1
36272,0.9453764345338547
36273,0.8199009941916319
36274,0.8841492621163772
36275,0.9295985307626584
36276,1
36277,0.9386137313286698
36278,0.8833281209352473
36279,0.9356716397191079
36280,1
36281,1
36282,1
36283,1
36284,1
36285,1
36286,1
36287,0.9145056910841085
36288,1
36289,0.9179683730913468
36290,1
36291,1
36292,1
36293,0.9252408314735903
36294,0.9087311637910661
36295,0.8213466229243931
36296,1
36297,1
36298,1
36299,1
36300,1
36301,1
36302,1
36303,1
36304,0.9237691174780562
36305,0.7556359501064818
36306,1
36307,1
36308,0.9306932842742516
36309,1
36310,1
36311,0.9121749671516549
36312,0.8704226307909854
36313,1
36314,0.924903336613866
36315,0.9180328322308556
36316,1
36317,1
36318,0.8834256903461635
36319,1
36320,0.9461827461642972
36321,1
36322,1
36323,1
36324,1
36325,1
36326,1
36327,0.8751573057725798
36328,0.9345770826501297
36329,1
36330,1
36331,1
36332,0.937933638880234
36333,0.912966872103655
36334,1
36335,1
36336,0.9194085700702501
36337,0.7190852239189923
36338,1
36339,1
36340,1
36341,1
36342,1
36343,1
36344,0.9328746113423233
36345,1
36346,1
36347,1
36348,0.93591793373611
36349,0.9483728630175073
36350,1
36351,0.9388283542373463
36352,0.93500744443162
36353,1
36354,0.7194812315158698
36355,1
36356,1
36357,1
36358,0.943214203203353
36359,1
36360,0.9386426565882995
36361,1
36362,1
36363,1
36364,1
36365,1
36366,1
36367,1
36368,1
36369,1
36370,1
36371,1
36372,1
36373,0.7635953837503372
36374,1
36375,1
36376,0.864721912674212
36377,1
36378,0.9229683646979021
36379,1
36380,0.7709110292806126
36381,1
36382,1
36383,1
36384,1
36385,0.8515258488642691
36386,1
36387,1
36388,1
36389,0.8384128062541656
36390,1
36391,0.9415686754711713
36392,1
36393,1
36394,1
36395,1
36396,0.9389515138931884
36397,0.8576316059976035
36398,0.8557653234385844
36399,1
36400,1
36401,0.9202966171677182
36402,1
36403,1
36404,0.9356716397191079
36405,1
36406,1
36407,0.7846627448652286
36408,0.8187637967468744
36409,1
36410,1
36411,1
36412,1
36413,0.7464029457547071
36414,0.9329344527179542
36415,1
36416,1
36417,1
36418,1
36419,1
36420,1
36421,0.793170659184894
36422,1
36423,1
36424,1
36425,1
36426,1
36427,1
36428,1
36429,0.9020455969005793
36430,1
36431,1
36432,1
36433,0.9416144157772328
36434,0.9010625280546356
36435,1
36436,1
36437,0.9445685334648635
36438,1
36439,1
36440,1
36441,0.9391792425965498
36442,1
36443,0.8953363756168967
36444,0.9019532577703414
36445,1
36446,1
36447,0.912423915878654
36448,0.731410141139783
36449,1
36450,1
36451,0.9258290535248442
36452,1
36453,0.9143220948875115
36454,0.9059152013063271
36455,1
36456,0.9342364570765402
36457,1
36458,0.43711192388075387
36459,1
36460,1
36461,0.7450370433935367
36462,1
36463,1
36464,1
36465,0.8702306884847844
36466,0.8971069026493992
36467,1
36468,1
36469,0.938297373468542
36470,0.9480462579703061
36471,0.7716630424049534
36472,1
36473,1
36474,1
36475,0.8243728519699576
36476,1
36477,0.91514081411379
36478,1
36479,1
36480,0.6517112569970115
36481,0.9451958109875104
36482,0.8514255009910455
36483,1
36484,0.9495791719272868
36485,1
36486,0.8426036190176824
36487,1
36488,0.9069539100392634
36489,1
36490,0.9304073506915715
36491,1
36492,1
36493,1
36494,1
36495,1
36496,1
36497,0.7250931945592004
36498,0.9131238125204042
36499,1
36500,0.8916051604109223
36501,0.880257464777991
36502,1
36503,1
36504,1
36505,1
36506,0.9345770826501297
36507,1
36508,0.9013709010480017
36509,1
36510,1
36511,1
36512,1
36513,1
36514,0.8552036562485079
36515,1
36516,0.4784861396031591
36517,1
36518,1
36519,1
36520,1
36521,0.6811686329065157
36522,1
36523,0.94714195774314
36524,0.836799775951807
36525,1
36526,1
36527,1
36528,1
36529,0.7855827773119064
36530,1
36531,1
36532,1
36533,1
36534,1
36535,1
36536,1
36537,1
36538,1
36539,0.8884423392616931
36540,1
36541,1
36542,1
36543,0.8063798985101862
36544,0.6893842144414349
36545,1
36546,0.9136096233809637
36547,0.9494331222857347
36548,1
36549,1
36550,1
36551,1
36552,0.6235462090956386
36553,1
36554,1
36555,1
36556,1
36557,0.9190522466036615
36558,1
36559,1
36560,1
36561,1
36562,0.8340030197296934
36563,1
36564,1
36565,1
36566,1
36567,1
36568,1
36569,1
36570,1
36571,1
36572,1
36573,1
36574,1
36575,1
36576,0.940853494586447
36577,0.9339250908415218
36578,1
36579,1
36580,1
36581,0.9288048427215077
36582,1
36583,1
36584,0.9328613430379086
36585,0.9301559875670121
36586,0.8252486043651566
36587,1
36588,1
36589,1
36590,1
36591,1
36592,1
36593,0.5670463004770423
36594,1
36595,1
36596,1
36597,0.8329127374419716
36598,1
36599,1
36600,1
36601,0.9393398195323553
36602,0.9154046886183851
36603,1
36604,1
36605,1
36606,1
36607,1
36608,0.6908134975425122
36609,1
36610,1
36611,0.7627893256420837
36612,1
36613,0.9481876959910713
36614,1
36615,0.9217817321886652
36616,1
36617,0.9288770925281883
36618,1
36619,1
36620,0.9112477782576216
36621,0.9445045314827152
36622,0.9029324503678615
36623,1
36624,0.8862582160122237
36625,1
36626,1
36627,0.8808575301547614
36628,1
36629,0.8921059801196652
36630,1
36631,1
36632,1
36633,1
36634,1
36635,1
36636,1
36637,1
36638,0.8120843447126799
36639,1
36640,0.4212992984728228
36641,0.9071620337241881
36642,1
36643,1
36644,1
36645,0.844590056313491
36646,1
36647,0.9407059476473572
36648,1
36649,0.8842327684276587
36650,1
36651,0.9027324739184016
36652,1
36653,0.92973391241977
36654,1
36655,1
36656,1
36657,1
36658,1
36659,1
36660,1
36661,1
36662,1
36663,1
36664,0.793170659184894
36665,1
36666,0.8120843447126799
36667,1
36668,1
36669,0.861966443759286
36670,1
36671,0.6565054768815838
36672,1
36673,0.7017303865497424
36674,1
36675,1
36676,1
36677,1
36678,1
36679,1
36680,1
36681,1
36682,1
36683,1
36684,1
36685,1
36686,1
36687,1
36688,1
36689,1
36690,1
36691,1
36692,1
36693,1
36694,0.8199009941916319
36695,1
36696,1
36697,1
36698,1
36699,0.731410141139783
36700,1
36701,1
36702,1
36703,1
36704,1
36705,1
36706,1
36707,1
36708,1
36709,0.9469390603499755
36710,1
36711,1
36712,1
36713,1
36714,1
36715,0.7840088215601726
36716,1
36717,1
36718,0.7517464307716359
36719,1
36720,1
36721,1
36722,0.8238782912024077
36723,1
36724,0.9072032309899698
36725,0.9169926441559101
36726,1
36727,0.8526615518271854
36728,1
36729,0.7212764712077323
36730,1
36731,0.863699624265607
36732,0.9381646274235852
36733,0.8750675494361316
36734,0.9345770826501297
36735,1
36736,0.8590823433539748
36737,1
36738,1
36739,1
36740,0.7746971908943291
36741,0.7625713237260403
36742,1
36743,1
36744,1
36745,1
36746,1
36747,1
36748,0.8156966723499032
36749,1
36750,0.8252486043651566
36751,1
36752,1
36753,0.9344985296220764
36754,1
36755,0.8650789136130007
36756,1
36757,0.9429649974874375
36758,0.9339872242825459
36759,0.9445684827810388
36760,1
36761,0.8547194547890693
36762,1
36763,1
36764,1
36765,1
36766,1
36767,0.9448493926604071
36768,1
36769,1
36770,1
36771,1
36772,1
36773,0.8089022161006845
36774,1
36775,1
36776,1
36777,0.6283028947772006
36778,1
36779,0.7095834620753245
36780,1
36781,1
36782,1
36783,0.5308244091984848
36784,0.9208531936074427
36785,1
36786,1
36787,1
36788,1
36789,0.49266168976316305
36790,1
36791,1
36792,1
36793,1
36794,1
36795,1
36796,1
36797,1
36798,1
36799,1
36800,1
36801,0.9034034789151919
36802,0.6768915948392109
36803,1
36804,1
36805,1
36806,1
36807,0.9365755004693923
36808,0.4754550612395429
36809,1
36810,1
36811,1
36812,1
36813,1
36814,1
36815,1
36816,1
36817,1
36818,1
36819,1
36820,1
36821,0.5568207262836085
36822,1
36823,0.9410756355486789
36824,1
36825,1
36826,1
36827,1
36828,1
36829,1
36830,1
36831,1
36832,0.8839718072362048
36833,1
36834,0.9425373814209749
36835,0.6030560335992738
36836,0.9215323715750302
36837,1
36838,1
36839,1
36840,1
36841,1
36842,0.9398587461209119
36843,0.9114364428075309
36844,1
36845,1
36846,1
36847,1
36848,1
36849,1
36850,1
36851,0.7818498961216725
36852,1
36853,1
36854,1
36855,1
36856,0.9410756355486789
36857,0.9339068762315388
36858,1
36859,0.9034912153077216
36860,1
36861,1
36862,1
36863,0.8897524347239743
36864,1
36865,1
36866,1
36867,0.8206864544001989
36868,0.8851506136369787
36869,0.8184683193106489
36870,0.7678116257333992
36871,1
36872,1
36873,1
36874,1
36875,0.6676243935000253
36876,0.8252486043651566
36877,0.9245910927727548
36878,1
36879,0.8720405016008751
36880,1
36881,1
36882,1
36883,1
36884,1
36885,1
36886,1
36887,0.9277834986180862
36888,1
36889,1
36890,1
36891,1
36892,1
36893,1
36894,1
36895,0.3605218037384304
36896,0.9240675359207081
36897,0.9041844617078911
36898,1
36899,1
36900,1
36901,1
36902,1
36903,0.9366239227236604
36904,1
36905,1
36906,1
36907,0.8439274976896889
36908,1
36909,1
36910,1
36911,1
36912,1
36913,0.656095618403025
36914,1
36915,1
36916,1
36917,1
36918,1
36919,0.8721010573924557
36920,1
36921,1
36922,1
36923,0.836976767234246
36924,0.8152460142598674
36925,0.7103761156221248
36926,1
36927,1
36928,0.9495791719272868
36929,1
36930,1
36931,1
36932,1
36933,0.8253417899428933
36934,1
36935,1
36936,1
36937,0.9489399740181913
36938,1
36939,1
36940,1
36941,1
36942,1
36943,1
36944,1
36945,0.9413821731943081
36946,1
36947,0.6838873618815939
36948,1
36949,1
36950,1
36951,1
36952,0.9138251788671885
36953,1
36954,1
36955,0.905273755935855
36956,0.8884423392616931
36957,0.6402188647993152
36958,1
36959,1
36960,0.6435631668867491
36961,0.9030162296435195
36962,1
36963,1
36964,1
36965,0.7862494976610149
36966,0.925871144767565
36967,1
36968,1
36969,1
36970,1
36971,1
36972,1
36973,1
36974,1
36975,1
36976,1
36977,1
36978,1
36979,1
36980,0.9361442208573418
36981,0.9252408314735903
36982,1
36983,1
36984,0.7313647031617427
36985,0.9306932842742516
36986,1
36987,1
36988,0.8290068527450524
36989,1
36990,0.8749457283434848
36991,1
36992,1
36993,1
36994,1
36995,1
36996,1
36997,0.8930887368083581
36998,1
36999,1
37000,1
37001,1
37002,1
37003,1
37004,0.9490517580369383
37005,0.9215323715750302
37006,1
37007,1
37008,1
37009,1
37010,0.8454931992006295
37011,0.9271506543301488
37012,1
37013,1
37014,1
37015,1
37016,0.8252486043651566
37017,1
37018,0.9055169280084974
37019,0.8815162323610493
37020,1
37021,1
37022,1
37023,0.7517464307716359
37024,0.6971568924042528
37025,1
37026,1
37027,1
37028,1
37029,1
37030,1
37031,1
37032,1
37033,1
37034,0.89352109210442765
37035,1
37036,1
37037,1
37038,1
37039,1
37040,1
37041,1
37042,1
37043,1
37044,0.9115842228413463
37045,0.9478070226490275
37046,0.9230715112263457
37047,1
37048,1
37049,1
37050,1
37051,0.8710303564240629
37052,1
37053,0.9169409975426769
37054,0.9013678782090615
37055,0.9168862341464094
37056,1
37057,1
37058,0.895680823301459
37059,1
37060,1
37061,1
37062,1
37063,1
37064,1
37065,0.8594319492915214
37066,1
37067,1
37068,1
37069,1
37070,1
37071,1
37072,1
37073,1
37074,1
37075,0.8185329174945043
37076,1
37077,1
37078,1
37079,0.9079385236287216
37080,1
37081,1
37082,1
37083,1
37084,1
37085,1
37086,1
37087,1
37088,1
37089,0.9203343385287557
37090,1
37091,0.8618338894373453
37092,1
37093,1
37094,1
37095,1
37096,1
37097,1
37098,1
37099,1
37100,0.7981415772804076
37101,0.9443913885251028
37102,1
37103,0.8353385013766892
37104,1
37105,0.8518026082276411
37106,1
37107,1
37108,0.9497095290968539
37109,1
37110,1
37111,0.7508411072938451
37112,1
37113,1
37114,1
37115,1
37116,1
37117,1
37118,0.8252486043651566
37119,1
37120,0.9119746383567252
37121,1
37122,0.4117953270636143
37123,0.845409984501361
37124,1
37125,1
37126,1
37127,1
37128,1
37129,0.906149064418997
37130,1
37131,0.7105353744198118
37132,1
37133,1
37134,1
37135,0.8981013343675437
37136,1
37137,1
37138,1
37139,1
37140,1
37141,1
37142,0.9132335112207318
37143,1
37144,1
37145,1
37146,0.8992416117416149
37147,1
37148,0.885401482276952
37149,0.88567164675871
37150,0.7486534669736563
37151,0.9306932842742516
37152,1
37153,1
37154,1
37155,1
37156,0.8373543266899189
37157,1
37158,0.5368169657567244
37159,1
37160,1
37161,1
37162,1
37163,1
37164,1
37165,1
37166,0.9445750528810833
37167,1
37168,0.5763208703366369
37169,1
37170,1
37171,1
37172,1
37173,1
37174,1
37175,1
37176,1
37177,0.9461872256651912
37178,1
37179,0.9373242344155495
37180,1
37181,1
37182,1
37183,0.8197956599281316
37184,1
37185,1
37186,1
37187,0.9388283542373463
37188,1
37189,1
37190,1
37191,0.9427413477275214
37192,1
37193,0.9361442208573418
37194,1
37195,1
37196,1
37197,0.8975463812781512
37198,0.9364857015932061
37199,1
37200,1
37201,1
37202,1
37203,0.9332450082450171
37204,0.9446362400785946
37205,1
37206,0.9021196108857901
37207,1
37208,1
37209,0.8444916528130118
37210,1
37211,1
37212,1
37213,1
37214,0.7712917862705471
37215,1
37216,1
37217,0.7067252004784722
37218,1
37219,1
37220,1
37221,1
37222,1
37223,0.7712917862705471
37224,0.7110862539049532
37225,1
37226,1
37227,1
37228,0.7439264016125863
37229,1
37230,1
37231,1
37232,1
37233,0.8556523713372018
37234,0.9240675359207081
37235,0.9427413477275214
37236,1
37237,1
37238,1
37239,1
37240,0.9415224215928518
37241,0.9351303867734129
37242,1
37243,1
37244,1
37245,1
37246,1
37247,1
37248,1
37249,1
37250,1
37251,1
37252,1
37253,0.9199158818358767
37254,1
37255,0.9345770826501297
37256,0.8704695745524595
37257,1
37258,1
37259,0.9413239874242134
37260,0.9360697880048222
37261,1
37262,1
37263,1
37264,1
37265,1
37266,1
37267,1
37268,1
37269,1
37270,1
37271,0.570668142386897
37272,1
37273,1
37274,0.9408924083439206
37275,1
37276,0.8813282082580975
37277,1
37278,1
37279,0.9485071254301646
37280,1
37281,1
37282,1
37283,0.9280534504199632
37284,1
37285,1
37286,1
37287,0.8180134205127774
37288,0.9239206498132211
37289,0.9110722007171611
37290,1
37291,1
37292,1
37293,0.8199009941916319
37294,1
37295,1
37296,1
37297,0.8619267777571056
37298,1
37299,0.8176059515889543
37300,1
37301,1
37302,1
37303,1
37304,0.6758413648729557
37305,1
37306,1
37307,1
37308,0.8821723075288975
37309,0.8126730419531994
37310,1
37311,1
37312,1
37313,1
37314,1
37315,0.9352940969254306
37316,0.9119960427494015
37317,0.838166649748529
37318,1
37319,1
37320,1
37321,1
37322,1
37323,0.8585798289825551
37324,1
37325,1
37326,1
37327,1
37328,0.8497218726516701
37329,1
37330,1
37331,1
37332,0.8667084281600651
37333,0.6064194038956918
37334,1
37335,1
37336,1
37337,1
37338,0.6744746892120581
37339,1
37340,0.8959772094111532
37341,1
37342,1
37343,0.8311218021159871
37344,1
37345,1
37346,0.8823112597622081
37347,1
37348,1
37349,0.9449687093337743
37350,1
37351,0.6682707212067138
37352,1
37353,1
37354,1
37355,1
37356,1
37357,0.8288122313911674
37358,1
37359,0.8827558303248119
37360,0.9185873532887621
37361,0.7783812054021618
37362,1
37363,1
37364,1
37365,1
37366,1
37367,0.8037208008937679
37368,1
37369,1
37370,0.9445684598113598
37371,1
37372,0.9259809638778241
37373,0.843497548739941
37374,1
37375,0.8949101369281046
37376,1
37377,1
37378,1
37379,0.9454713351490203
37380,1
37381,1
37382,1
37383,1
37384,1
37385,1
37386,0.7033015068459364
37387,0.8998483989056132
37388,1
37389,1
37390,1
37391,0.9287549908958039
37392,0.8429828999170175
37393,0.9315024774236169
37394,1
37395,1
37396,0.9383071471801464
37397,1
37398,1
37399,0.915016515370642
37400,0.896999710707156
37401,1
37402,1
37403,1
37404,1
37405,1
37406,1
37407,1
37408,1
37409,1
37410,1
37411,1
37412,1
37413,1
37414,0.4687421681714064
37415,1
37416,1
37417,1
37418,1
37419,1
37420,0.8728926689760029
37421,1
37422,1
37423,1
37424,0.7942783580027762
37425,0.8709319488121839
37426,0.9288770925281883
37427,0.5053906361605512
37428,1
37429,1
37430,1
37431,1
37432,0.8570290393164279
37433,1
37434,1
37435,1
37436,1
37437,1
37438,0.9054080420528567
37439,1
37440,0.9114478315179957
37441,1
37442,1
37443,1
37444,0.938910433351806
37445,0.9459716561231809
37446,1
37447,1
37448,0.9255590956437632
37449,1
37450,1
37451,0.9352728355264301
37452,1
37453,0.9246578577691638
37454,1
37455,1
37456,0.89894669504046
37457,1
37458,0.8536979457082281
37459,1
37460,1
37461,1
37462,0.9226617235216902
37463,1
37464,1
37465,1
37466,1
37467,1
37468,1
37469,1
37470,1
37471,0.7855827773119064
37472,1
37473,1
37474,1
37475,0.9446362400785946
37476,1
37477,1
37478,0.8638282077365357
37479,1
37480,1
37481,0.9460000360617125
37482,1
37483,1
37484,1
37485,1
37486,0.7464029457547071
37487,1
37488,1
37489,0.9079359703257683
37490,0.921968868351621
37491,1
37492,1
37493,1
37494,1
37495,1
37496,1
37497,1
37498,1
37499,0.9366644411738034
37500,0.7195490620202493
37501,1
37502,1
37503,1
37504,0.9114378215067468
37505,1
37506,1
37507,0.9324732722733302
37508,1
37509,1
37510,1
37511,0.49159007767286816
37512,1
37513,0.9052114738163799
37514,1
37515,1
37516,1
37517,1
37518,1
37519,1
37520,0.8910150942629695
37521,1
37522,1
37523,1
37524,1
37525,1
37526,0.5670463004770423
37527,0.8640136215810812
37528,1
37529,1
37530,1
37531,1
37532,1
37533,1
37534,1
37535,1
37536,1
37537,1
37538,0.9388283542373463
37539,1
37540,1
37541,1
37542,0.9078343354841015
37543,0.9270144745231739
37544,1
37545,1
37546,0.9383393405377418
37547,1
37548,1
37549,0.9226617235216902
37550,1
37551,1
37552,0.9331488314261505
37553,1
37554,0.9079359703257683
37555,1
37556,1
37557,1
37558,1
37559,1
37560,0.6311491214075992
37561,1
37562,1
37563,1
37564,1
37565,1
37566,1
37567,1
37568,0.8878511527290517
37569,1
37570,1
37571,1
37572,0.8184490385538002
37573,0.9497724422759202
37574,1
37575,0.8497218726516701
37576,1
37577,1
37578,0.8896656212747182
37579,1
37580,1
37581,1
37582,1
37583,1
37584,1
37585,1
37586,0.9366571597438681
37587,0.9384087464296692
37588,0.4687421681714064
37589,1
37590,1
37591,0.9249214214460398
37592,1
37593,1
37594,1
37595,0.7189461781030627
37596,0.9089355372529971
37597,0.9312832999580569
37598,1
37599,1
37600,1
37601,1
37602,0.8043978918052732
37603,1
37604,0.9021723879558949
37605,1
37606,1
37607,1
37608,1
37609,1
37610,0.93622839264172375
37611,1
37612,0.9491812167100575
37613,1
37614,1
37615,1
37616,1
37617,1
37618,1
37619,0.9398698824343326
37620,1
37621,1
37622,0.49159007767286816
37623,1
37624,1
37625,1
37626,0.6402188647993152
37627,1
37628,1
37629,1
37630,1
37631,0.5308244091984848
37632,1
37633,1
37634,0.7494800148896396
37635,0.8297587009861301
37636,0.6296266655948354
37637,1
37638,1
37639,1
37640,1
37641,1
37642,1
37643,1
37644,1
37645,1
37646,0.7905703528303278
37647,0.8283989566750937
37648,1
37649,1
37650,1
37651,1
37652,1
37653,1
37654,1
37655,1
37656,1
37657,1
37658,1
37659,0.9138251788671885
37660,1
37661,0.933783492333773
37662,0.4172022335303556
37663,1
37664,0.9427540963519289
37665,1
37666,1
37667,1
37668,1
37669,1
37670,1
37671,1
37672,1
37673,1
37674,0.9355361660063067
37675,1
37676,1
37677,1
37678,1
37679,1
37680,1
37681,0.9288048427215077
37682,1
37683,1
37684,1
37685,1
37686,1
37687,1
37688,1
37689,1
37690,1
37691,0.7855827773119064
37692,1
37693,1
37694,1
37695,1
37696,1
37697,1
37698,1
37699,1
37700,1
37701,0.9102022780023383
37702,1
37703,1
37704,0.8856043967247905
37705,0.6827772698552584
37706,0.9413714524497757
37707,1
37708,0.9331488314261505
37709,1
37710,1
37711,1
37712,1
37713,0.9484028315884814
37714,1
37715,1
37716,1
37717,1
37718,1
37719,1
37720,1
37721,1
37722,1
37723,1
37724,0.9386434538512118
37725,1
37726,1
37727,1
37728,1
37729,1
37730,0.9252408314735903
37731,1
37732,1
37733,1
37734,1
37735,1
37736,0.9428763595470753
37737,1
37738,1
37739,0.8370824315640654
37740,0.9377288147826115
37741,1
37742,1
37743,1
37744,0.7855827773119064
37745,1
37746,1
37747,0.8874951432367648
37748,0.9164791275852227
37749,1
37750,1
37751,0.944396681809262
37752,0.7722427338249007
37753,1
37754,1
37755,1
37756,0.6311491214075992
37757,0.8252486043651566
37758,1
37759,1
37760,1
37761,1
37762,0.5398570795552629
37763,1
37764,0.9289696367430862
37765,1
37766,1
37767,1
37768,1
37769,1
37770,1
37771,1
37772,0.8729430046218168
37773,0.8277107042237845
37774,1
37775,1
37776,0.8783837979536977
37777,1
37778,1
37779,1
37780,1
37781,1
37782,1
37783,1
37784,0.9289078205717632
37785,1
37786,1
37787,1
37788,1
37789,1
37790,1
37791,1
37792,1
37793,1
37794,1
37795,1
37796,0.9100519745633643
37797,1
37798,1
37799,1
37800,1
37801,0.8661812145718594
37802,1
37803,1
37804,1
37805,1
37806,1
37807,1
37808,1
37809,1
37810,1
37811,1
37812,0.898083132547122
37813,1
37814,1
37815,1
37816,1
37817,1
37818,1
37819,1
37820,0.9286460532518499
37821,0.7522169639563034
37822,1
37823,1
37824,1
37825,1
37826,1
37827,1
37828,1
37829,1
37830,0.9323230847203574
37831,1
37832,1
37833,0.947966285492147
37834,0.5127089522063698
37835,1
37836,0.9404866371377198
37837,1
37838,0.940853494586447
37839,1
37840,1
37841,1
37842,0.9215323715750302
37843,1
37844,0.9000087940382507
37845,0.7195490620202493
37846,1
37847,0.8704695745524595
37848,1
37849,1
37850,1
37851,1
37852,1
37853,1
37854,0.7514772789524309
37855,1
37856,1
37857,1
37858,1
37859,0.948405627413389
37860,0.8190234598227263
37861,0.4911097428713891
37862,1
37863,0.833340537420702
37864,1
37865,1
37866,1
37867,1
37868,1
37869,0.9259205452305297
37870,1
37871,0.9378659072179909
37872,1
37873,1
37874,0.843092354550946
37875,1
37876,1
37877,1
37878,1
37879,1
37880,0.9302132654264053
37881,1
37882,1
37883,1
37884,0.9404866371377198
37885,0.9473522225958554
37886,1
37887,1
37888,1
37889,1
37890,1
37891,1
37892,0.8623910514961534
37893,1
37894,1
37895,0.9328989745712599
37896,0.8472520771726301
37897,1
37898,1
37899,1
37900,1
37901,1
37902,1
37903,0.9076410902121651
37904,0.9226281313353041
37905,1
37906,1
37907,1
37908,0.8648694105459585
37909,1
37910,1
37911,1
37912,1
37913,1
37914,1
37915,0.8983886289628299
37916,1
37917,0.9335666224991659
37918,1
37919,1
37920,1
37921,1
37922,0.9403537882810477
37923,1
37924,1
37925,1
37926,1
37927,0.9202966171677182
37928,1
37929,1
37930,0.8612301282775529
37931,0.8297587009861301
37932,1
37933,1
37934,0.9385240091236959
37935,1
37936,1
37937,1
37938,0.8473629969370412
37939,1
37940,1
37941,0.600321024517991
37942,1
37943,1
37944,1
37945,0.9277337136738866
37946,1
37947,1
37948,1
37949,1
37950,0.6775501804118899
37951,1
37952,1
37953,1
37954,1
37955,0.9021196108857901
37956,1
37957,1
37958,1
37959,0.7344249320010077
37960,1
37961,1
37962,1
37963,1
37964,0.9489399740181913
37965,1
37966,0.9356854255096653
37967,0.8071875135431529
37968,1
37969,1
37970,1
37971,1
37972,1
37973,0.8884423392616931
37974,1
37975,1
37976,1
37977,0.9427747133891285
37978,0.8277107042237845
37979,1
37980,1
37981,1
37982,1
37983,1
37984,1
37985,0.884890161243079
37986,1
37987,0.7208545405728899
37988,1
37989,1
37990,0.8809441655174993
37991,1
37992,1
37993,0.8657220434045524
37994,1
37995,1
37996,1
37997,0.9122239553090824
37998,0.8277378029584362
37999,0.9430852430495484
38000,0.8495512933114234
38001,0.8125550720410445
38002,1
38003,0.9328613430379086
38004,1
38005,1
38006,1
38007,1
38008,1
38009,1
38010,1
38011,1
38012,1
38013,1
38014,1
38015,1
38016,1
38017,1
38018,1
38019,0.9377804578680693
38020,0.5368169657567244
38021,1
38022,1
38023,1
38024,0.8107736331188313
38025,0.8981013343675437
38026,0.8564548874221499
38027,1
38028,1
38029,0.8448778306011444
38030,1
38031,1
38032,0.5700750933948486
38033,1
38034,1
38035,1
38036,1
38037,0.9282215119076888
38038,1
38039,1
38040,0.9374799245771356
38041,1
38042,1
38043,1
38044,1
38045,1
38046,1
38047,0.9082209456086173
38048,0.7464029457547071
38049,0.8943837641762209
38050,0.9029324503678615
38051,1
38052,0.8822187809988057
38053,1
38054,0.7730700620913307
38055,0.5761416730093494
38056,1
38057,1
38058,1
38059,0.9142472155266542
38060,0.8774621853358817
38061,1
38062,1
38063,1
38064,0.8501207391058556
38065,0.8055755876904325
38066,1
38067,0.793170659184894
38068,1
38069,1
38070,0.7719313968891064
38071,0.886257648853439
38072,0.9435699699169225
38073,0.9198971392558395
38074,1
38075,0.8390701474276083
38076,1
38077,0.5230969685281031
38078,1
38079,1
38080,0.926796844537773
38081,1
38082,1
38083,1
38084,1
38085,1
38086,1
38087,1
38088,0.913384838446057
38089,1
38090,1
38091,0.7189461781030627
38092,1
38093,1
38094,1
38095,0.9446596836493764
38096,1
38097,0.6064194038956918
38098,1
38099,0.9358027625875561
38100,1
38101,1
38102,1
38103,1
38104,0.8264224419395724
38105,1
38106,1
38107,0.8562187949994189
38108,0.8596791552453907
38109,0.6231723881963839
38110,0.8640499114988501
38111,1
38112,0.9236076675705736
38113,1
38114,1
38115,1
38116,1
38117,0.8984238177721507
38118,1
38119,1
38120,1
38121,1
38122,1
38123,1
38124,1
38125,1
38126,0.9490226543422755
38127,1
38128,1
38129,0.9490517580369383
38130,1
38131,1
38132,1
38133,1
38134,0.7392804543274568
38135,1
38136,1
38137,1
38138,1
38139,1
38140,1
38141,0.9238310650123608
38142,0.9185356824409848
38143,1
38144,1
38145,0.7857659191908902
38146,1
38147,1
38148,1
38149,1
38150,0.9202966171677182
38151,1
38152,1
38153,1
38154,1
38155,1
38156,0.9488245987404244
38157,1
38158,1
38159,1
38160,1
38161,1
38162,1
38163,0.7468250623448003
38164,1
38165,1
38166,0.8828877267605751
38167,1
38168,1
38169,0.8991119158809587
38170,1
38171,1
38172,1
38173,1
38174,1
38175,1
38176,1
38177,1
38178,1
38179,1
38180,1
38181,0.7470171740390839
38182,0.9015033061961067
38183,1
38184,1
38185,0.942403229881971
38186,0.588071933795539
38187,1
38188,1
38189,1
38190,1
38191,0.8948586491312607
38192,0.8181073215149365
38193,1
38194,1
38195,0.9345770826501297
38196,1
38197,0.8991462207568861
38198,1
38199,0.9261979063925491
38200,1
38201,0.9085784715608759
38202,1
38203,1
38204,0.8790604855092561
38205,1
38206,1
38207,1
38208,1
38209,1
38210,1
38211,1
38212,1
38213,0.9113129406918024
38214,0.8915262898193435
38215,1
38216,1
38217,0.929323165830888
38218,0.6402188647993152
38219,1
38220,0.8551859316113176
38221,1
38222,0.9035374275105416
38223,1
38224,1
38225,0.9023798937353835
38226,0.9075202680005704
38227,1
38228,1
38229,1
38230,1
38231,1
38232,1
38233,0.9450918800451671
38234,0.5230969685281031
38235,1
38236,1
38237,0.8828094418637827
38238,1
38239,1
38240,1
38241,1
38242,1
38243,0.8860984374072743
38244,1
38245,1
38246,1
38247,1
38248,0.9410756355486789
38249,1
38250,1
38251,1
38252,0.37577516742467443
38253,1
38254,1
38255,1
38256,0.8525273090299837
38257,1
38258,1
38259,1
38260,1
38261,1
38262,0.9471190987574827
38263,1
38264,0.7351363280658264
38265,0.911437592787584
38266,0.7953487173664069
38267,0.9248436555416218
38268,1
38269,1
38270,0.856931192806265
38271,0.8711722698198512
38272,1
38273,1
38274,1
38275,0.5623596290551436
38276,0.8974882139427417
38277,0.9100858223661651
38278,1
38279,1
38280,1
38281,1
38282,1
38283,0.9307067835431498
38284,1
38285,1
38286,1
38287,0.8667416274851012
38288,1
38289,1
38290,1
38291,1
38292,1
38293,0.8762647850184847
38294,1
38295,0.7890184905990215
38296,1
38297,1
38298,1
38299,1
38300,1
38301,0.8373543266899189
38302,0.6715273910330568
38303,1
38304,1
38305,1
38306,1
38307,1
38308,1
38309,1
38310,0.9388577343437038
38311,1
38312,1
38313,0.9106143667048409
38314,0.8754413321611348
38315,0.8774621853358817
38316,1
38317,1
38318,0.611138353370101
38319,0.9340284941112317
38320,1
38321,1
38322,1
38323,1
38324,1
38325,1
38326,1
38327,1
38328,1
38329,0.8682801358681631
38330,1
38331,1
38332,1
38333,1
38334,0.949709346054673
38335,1
38336,1
38337,1
38338,0.9115842228413463
38339,1
38340,1
38341,1
38342,1
38343,0.8030146729373614
38344,1
38345,1
38346,1
38347,1
38348,1
38349,1
38350,1
38351,0.9262704644086226
38352,1
38353,1
38354,0.9262549775756137
38355,0.8538150073983057
38356,1
38357,1
38358,0.8562848822185444
38359,1
38360,1
38361,0.9350246100053035
38362,1
38363,1
38364,1
38365,1
38366,1
38367,1
38368,1
38369,1
38370,1
38371,1
38372,0.7194812315158698
38373,1
38374,1
38375,0.7881979951444074
38376,1
38377,1
38378,1
38379,1
38380,1
38381,1
38382,1
38383,0.9432562916057076
38384,0.8621765379005691
38385,1
38386,1
38387,1
38388,1
38389,1
38390,1
38391,1
38392,1
38393,0.8200743322349757
38394,1
38395,1
38396,1
38397,0.7103761156221248
38398,1
38399,0.8297587009861301
38400,1
38401,1
38402,1
38403,1
38404,1
38405,1
38406,0.46492715523788775
38407,1
38408,0.8575277692321082
38409,1
38410,1
38411,1
38412,1
38413,1
38414,0.9477680935219899
38415,1
38416,1
38417,1
38418,1
38419,1
38420,1
38421,0.8523646218652976
38422,0.9497095290968539
38423,0.7718987895505992
38424,0.8738578525871278
38425,0.928540314963553
38426,1
38427,1
38428,1
38429,1
38430,1
38431,0.9264710038197326
38432,1
38433,1
38434,1
38435,1
38436,1
38437,0.9250776777581141
38438,0.9258725057540612
38439,1
38440,1
38441,0.9250776777581141
38442,1
38443,1
38444,1
38445,1
38446,1
38447,1
38448,1
38449,0.7389022340370548
38450,1
38451,1
38452,1
38453,1
38454,1
38455,1
38456,0.8450447494459133
38457,1
38458,1
38459,1
38460,0.9481113743411194
38461,1
38462,0.9293202451783441
38463,0.8653922208145903
38464,0.932482247497067
38465,1
38466,1
38467,1
38468,1
38469,0.8313650957021157
38470,0.9441531641833089
38471,0.8930563067402305
38472,1
38473,1
38474,1
38475,1
38476,1
38477,1
38478,1
38479,1
38480,1
38481,0.9085567817063208
38482,0.9081936669269067
38483,0.9488156091988725
38484,1
38485,1
38486,1
38487,1
38488,0.8941516039291537
38489,1
38490,0.9092854154998246
38491,0.8704659384461293
38492,1
38493,1
38494,1
38495,0.9177864105293778
38496,1
38497,1
38498,0.7921275420515768
38499,0.7425925335848323
38500,1
38501,1
38502,1
38503,1
38504,1
38505,1
38506,1
38507,0.3605218037384304
38508,0.9346943146885447
38509,0.914112189307498
38510,1
38511,1
38512,1
38513,1
38514,1
38515,1
38516,0.8885521837793664
38517,1
38518,1
38519,1
38520,1
38521,1
38522,0.9179054623526871
38523,1
38524,1
38525,1
38526,1
38527,1
38528,1
38529,0.94209421944953875
38530,0.9288048427215077
38531,0.9369900156770595
38532,0.9446362400785946
38533,1
38534,1
38535,0.9467217821325108
38536,1
38537,1
38538,1
38539,1
38540,1
38541,0.936118879389022
38542,0.9076410902121651
38543,0.7183897026637581
38544,1
38545,1
38546,1
38547,1
38548,1
38549,0.7025608504389133
38550,0.9441411481151567
38551,0.8710303564240629
38552,1
38553,0.6299209476625592
38554,1
38555,1
38556,0.8206814654385726
38557,0.9150036492135982
38558,1
38559,1
38560,1
38561,1
38562,1
38563,0.8120843447126799
38564,0.7476349351919641
38565,1
38566,1
38567,0.9329344527179542
38568,1
38569,1
38570,1
38571,1
38572,0.8277107042237845
38573,1
38574,0.9100519745633643
38575,1
38576,1
38577,1
38578,1
38579,1
38580,1
38581,1
38582,1
38583,1
38584,1
38585,0.8981013343675437
38586,1
38587,1
38588,1
38589,1
38590,1
38591,0.413948972997286
38592,0.7528674530571849
38593,1
38594,1
38595,0.8181073215149365
38596,0.9324609529820025
38597,1
38598,1
38599,1
38600,1
38601,1
38602,1
38603,1
38604,0.8121645964320291
38605,1
38606,1
38607,1
38608,1
38609,1
38610,1
38611,0.9280886343071301
38612,1
38613,1
38614,1
38615,1
38616,1
38617,0.9178028137165289
38618,1
38619,0.8723509137704336
38620,0.9453173000334453
38621,1
38622,1
38623,1
38624,0.9405201533886417
38625,1
38626,1
38627,1
38628,1
38629,1
38630,0.9291016957825172
38631,0.8899175365179102
38632,1
38633,0.7678748638216054
38634,1
38635,1
38636,0.8185953308004068
38637,1
38638,1
38639,0.7175302049456614
38640,1
38641,0.8845685236798466
38642,0.9005869394471551
38643,0.45408728156034006
38644,1
38645,1
38646,1
38647,1
38648,1
38649,1
38650,1
38651,1
38652,1
38653,1
38654,1
38655,1
38656,1
38657,1
38658,0.5665194710284565
38659,0.8390759692244216
38660,1
38661,1
38662,0.8969574029916714
38663,0.8635205841443048
38664,1
38665,1
38666,1
38667,1
38668,1
38669,1
38670,0.9316691748530397
38671,1
38672,0.9497280765379644
38673,1
38674,0.8373543266899189
38675,0.8690434313364297
38676,0.9269832850929697
38677,1
38678,1
38679,1
38680,0.9282164981700963
38681,1
38682,0.48753080710497887
38683,1
38684,1
38685,1
38686,1
38687,1
38688,1
38689,0.8929272880682964
38690,1
38691,1
38692,0.7862494976610149
38693,1
38694,1
38695,1
38696,0.9173000497641813
38697,1
38698,0.925201457608872
38699,1
38700,1
38701,1
38702,1
38703,0.9153236099813388
38704,0.9385240091236959
38705,0.880620395143331
38706,1
38707,1
38708,0.5112100145107132
38709,1
38710,1
38711,0.8113899940136688
38712,0.6314074573846035
38713,0.9147228403745569
38714,0.8990602650382077
38715,0.8813370804633549
38716,1
38717,0.9209480862952206
38718,0.6446756067148206
38719,1
38720,1
38721,1
38722,1
38723,0.6533886278906894
38724,1
38725,0.6242507454236955
38726,1
38727,1
38728,1
38729,1
38730,1
38731,1
38732,1
38733,1
38734,0.942411872096148
38735,1
38736,1
38737,1
38738,1
38739,1
38740,1
38741,1
38742,1
38743,1
38744,1
38745,0.9257063312872021
38746,1
38747,1
38748,1
38749,1
38750,0.9476047915050818
38751,0.7588585683595772
38752,1
38753,1
38754,0.7033986575951008
38755,1
38756,1
38757,1
38758,1
38759,1
38760,1
38761,1
38762,1
38763,1
38764,1
38765,0.9461872256651912
38766,1
38767,1
38768,1
38769,1
38770,1
38771,1
38772,0.9050250875126502
38773,1
38774,1
38775,1
38776,0.5670463004770423
38777,1
38778,0.9331771173742703
38779,1
38780,1
38781,0.9144974843799173
38782,0.6402188647993152
38783,1
38784,1
38785,1
38786,1
38787,1
38788,1
38789,1
38790,1
38791,1
38792,1
38793,1
38794,0.9288770925281883
38795,1
38796,1
38797,1
38798,1
38799,1
38800,1
38801,1
38802,1
38803,0.8771358012021617
38804,1
38805,1
38806,0.8910428281310803
38807,1
38808,1
38809,0.9435069865125327
38810,0.8968748226635189
38811,1
38812,0.8406850115069111
38813,1
38814,1
38815,0.7392701761434559
38816,1
38817,0.9168862341464094
38818,1
38819,0.5876925643607007
38820,1
38821,0.920192892294457
38822,1
38823,1
38824,0.9258725057540612
38825,1
38826,0.6402188647993152
38827,1
38828,1
38829,1
38830,1
38831,1
38832,1
38833,1
38834,0.9326297098030975
38835,0.7991537684691251
38836,1
38837,1
38838,1
38839,0.5329660658297437
38840,0.9446213780461596
38841,1
38842,1
38843,1
38844,1
38845,1
38846,0.8857520654966206
38847,1
38848,1
38849,1
38850,1
38851,0.940853494586447
38852,0.8547194547890693
38853,1
38854,1
38855,1
38856,0.9355513082494021
38857,1
38858,1
38859,0.9412630484304073
38860,1
38861,0.8828877267605751
38862,1
38863,0.9128311922027046
38864,1
38865,1
38866,1
38867,1
38868,1
38869,0.8770646974053866
38870,0.913384838446057
38871,1
38872,1
38873,0.8741692124454583
38874,1
38875,1
38876,1
38877,1
38878,1
38879,0.9212635347014864
38880,0.940853494586447
38881,1
38882,1
38883,1
38884,1
38885,1
38886,0.9056042149276968
38887,1
38888,1
38889,0.6734991419328598
38890,0.7300202979664842
38891,0.8030146729373614
38892,1
38893,1
38894,0.931620278216901
38895,0.6715273910330568
38896,0.83520048116268375
38897,1
38898,1
38899,1
38900,0.8725118695527146
38901,1
38902,1
38903,1
38904,0.8884423392616931
38905,1
38906,1
38907,0.8430917372106829
38908,1
38909,1
38910,1
38911,1
38912,1
38913,0.9342364570765402
38914,1
38915,0.9306932842742516
38916,1
38917,1
38918,0.9483496058331398
38919,1
38920,1
38921,1
38922,1
38923,0.8102272601634943
38924,1
38925,0.8262835314647471
38926,1
38927,1
38928,0.9186174400412287
38929,1
38930,0.9215323715750302
38931,0.739861762150983
38932,1
38933,1
38934,1
38935,1
38936,0.7191683563005694
38937,1
38938,1
38939,0.8181073215149365
38940,1
38941,1
38942,0.8209364377734644
38943,0.9444773574435661
38944,1
38945,1
38946,1
38947,1
38948,1
38949,1
38950,0.8972495942761176
38951,1
38952,1
38953,1
38954,0.8612301282775529
38955,1
38956,0.8341286974704595
38957,1
38958,1
38959,1
38960,1
38961,1
38962,1
38963,1
38964,0.9283869813022714
38965,0.9383259431272712
38966,1
38967,1
38968,1
38969,1
38970,1
38971,1
38972,1
38973,0.9277834986180862
38974,0.9492015282306678
38975,1
38976,1
38977,1
38978,0.947966285492147
38979,1
38980,0.9167025858574946
38981,1
38982,1
38983,1
38984,1
38985,0.9210843881568341
38986,1
38987,1
38988,0.9270529394368981
38989,0.803620756712062
38990,1
38991,1
38992,1
38993,1
38994,0.9470299855613578
38995,1
38996,1
38997,1
38998,1
38999,0.8828877267605751
39000,1
39001,1
39002,1
39003,1
39004,1
39005,0.8472164193286723
39006,0.9328613430379086
39007,1
39008,0.8809307743242354
39009,1
39010,1
39011,1
39012,1
39013,1
39014,1
39015,1
39016,1
39017,1
39018,1
39019,0.885401482276952
39020,1
39021,1
39022,1
39023,1
39024,0.8087068810643574
39025,1
39026,1
39027,0.75061671245819
39028,0.9138251788671885
39029,1
39030,0.8166468695619294
39031,1
39032,1
39033,1
39034,1
39035,1
39036,0.9437288537642058
39037,1
39038,0.9429512411534519
39039,1
39040,1
39041,1
39042,1
39043,1
39044,1
39045,1
39046,0.9355991499788943
39047,1
39048,1
39049,0.8105782682525773
39050,1
39051,0.8213466229243931
39052,1
39053,1
39054,1
39055,1
39056,1
39057,0.9000087940382507
39058,1
39059,1
39060,1
39061,0.9301316823109794
39062,1
39063,0.8922372317950158
39064,0.9453208309019216
39065,0.8975020644383859
39066,1
39067,1
39068,0.9497280765379644
39069,1
39070,0.7661322415115521
39071,1
39072,1
39073,1
39074,0.8564548874221499
39075,0.5670463004770423
39076,1
39077,0.8978059263031924
39078,1
39079,1
39080,1
39081,0.8132798010993897
39082,1
39083,1
39084,0.7974854858667593
39085,1
39086,1
39087,0.8444916528130118
39088,1
39089,1
39090,1
39091,1
39092,1
39093,1
39094,0.8749457283434848
39095,0.9185356824409848
39096,0.8719734604463698
39097,1
39098,1
39099,1
39100,1
39101,0.9430910213851712
39102,0.9376811006505061
39103,1
39104,1
39105,1
39106,1
39107,1
39108,1
39109,1
39110,1
39111,1
39112,1
39113,1
39114,1
39115,1
39116,0.8201181912931355
39117,0.8277107042237845
39118,1
39119,1
39120,1
39121,0.8261865247208536
39122,1
39123,1
39124,1
39125,0.8352207284841714
39126,1
39127,1
39128,0.8410503628823836
39129,1
39130,1
39131,1
39132,0.9495012099473971
39133,1
39134,0.7510578521354517
39135,1
39136,0.9288048427215077
39137,1
39138,1
39139,1
39140,1
39141,1
39142,1
39143,1
39144,1
39145,1
39146,0.8261944432671873
39147,1
39148,1
39149,1
39150,1
39151,1
39152,1
39153,0.845409984501361
39154,1
39155,0.7272904216778864
39156,1
39157,0.9317549228025657
39158,1
39159,1
39160,0.9468481024793144
39161,0.9202966171677182
39162,1
39163,1
39164,1
39165,1
39166,1
39167,1
39168,1
39169,1
39170,1
39171,0.8444916528130118
39172,1
39173,0.8305389949625795
39174,0.948240146845274
39175,1
39176,0.8667268432780897
39177,1
39178,1
39179,0.8259452072322284
39180,1
39181,1
39182,1
39183,1
39184,1
39185,0.8954054124719287
39186,0.7862498471656174
39187,1
39188,1
39189,0.711887089540352
39190,0.9169926441559101
39191,1
39192,1
39193,1
39194,1
39195,1
39196,0.9267044080809544
39197,1
39198,1
39199,1
39200,0.8869360349972014
39201,0.9097249377827504
39202,1
39203,1
39204,0.7268456572045962
39205,1
39206,1
39207,1
39208,1
39209,1
39210,1
39211,0.9052114738163799
39212,1
39213,1
39214,1
39215,1
39216,1
39217,1
39218,1
39219,0.8506782507431626
39220,1
39221,0.8407657035793366
39222,1
39223,0.9476931980541943
39224,1
39225,1
39226,1
39227,0.6803384895582025
39228,1
39229,0.8909873941043901
39230,1
39231,0.9098407824362534
39232,1
39233,1
39234,0.845940015364389
39235,1
39236,0.49588604873930675
39237,0.9491579074803933
39238,1
39239,1
39240,0.9403551538772149
39241,1
39242,0.9052446508159309
39243,1
39244,1
39245,1
39246,1
39247,1
39248,1
39249,1
39250,1
39251,1
39252,1
39253,0.9459716561231809
39254,0.9169926441559101
39255,1
39256,1
39257,0.9306701019507123
39258,1
39259,1
39260,0.9175460490025474
39261,1
39262,1
39263,1
39264,1
39265,1
39266,0.8508194829850398
39267,1
39268,1
39269,0.872152268455491
39270,1
39271,1
39272,1
39273,1
39274,1
39275,1
39276,1
39277,1
39278,1
39279,1
39280,1
39281,1
39282,1
39283,1
39284,0.904244409824344
39285,1
39286,0.7723760325050378
39287,0.9235426042925875
39288,1
39289,1
39290,1
39291,1
39292,1
39293,1
39294,1
39295,1
39296,1
39297,1
39298,1
39299,0.588071933795539
39300,1
39301,0.9224902727348351
39302,0.9306932842742516
39303,1
39304,0.8121645964320291
39305,1
39306,1
39307,1
39308,1
39309,1
39310,0.6402188647993152
39311,1
39312,1
39313,0.9035374275105416
39314,1
39315,1
39316,1
39317,1
39318,1
39319,1
39320,0.9240675359207081
39321,1
39322,1
39323,0.9258290535248442
39324,1
39325,0.9070932021294806
39326,0.8812228722462058
39327,1
39328,1
39329,0.8119713787395205
39330,0.9421232932190896
39331,1
39332,1
39333,1
39334,0.8812164605597486
39335,0.7243390816444953
39336,0.9477680935219899
39337,1
39338,1
39339,0.9421541117751779
39340,1
39341,1
39342,1
39343,1
39344,1
39345,0.9037626696751427
39346,1
39347,1
39348,1
39349,1
39350,0.600321024517991
39351,1
39352,1
39353,1
39354,1
39355,1
39356,1
39357,1
39358,1
39359,1
39360,1
39361,0.9034984331985272
39362,1
39363,1
39364,1
39365,1
39366,0.9077774757695657
39367,1
39368,0.23052447833849996
39369,1
39370,1
39371,1
39372,0.7728142976773938
39373,1
39374,0.8580623276590075
39375,0.9494899161407354
39376,1
39377,1
39378,1
39379,0.9178028137165289
39380,0.836976767234246
39381,1
39382,0.9381619924553526
39383,0.9453291454206137
39384,1
39385,0.8821075892022949
39386,0.8418857184620654
39387,0.8247440388525383
39388,0.9328915955973073
39389,1
39390,0.9225121459787163
39391,1
39392,1
39393,0.9413239874242134
39394,1
39395,1
39396,1
39397,1
39398,1
39399,1
39400,1
39401,0.9050291977529933
39402,1
39403,1
39404,1
39405,1
39406,1
39407,1
39408,0.8830066860540788
39409,1
39410,0.6552940377691999
39411,1
39412,0.8262835314647471
39413,1
39414,0.6889512443580005
39415,1
39416,1
39417,1
39418,0.7668963571115338
39419,1
39420,1
39421,0.9204477069588183
39422,1
39423,1
39424,0.8185953308004068
39425,1
39426,0.7815775091891796
39427,1
39428,1
39429,1
39430,1
39431,1
39432,0.8740309421484757
39433,1
39434,1
39435,0.79750959071845
39436,0.9432708071042665
39437,0.7907480551543282
39438,1
39439,0.6832229991016058
39440,0.9446596836493764
39441,1
39442,1
39443,0.8557653234385844
39444,1
39445,1
39446,1
39447,1
39448,0.9214900000568367
39449,1
39450,1
39451,0.413948972997286
39452,1
39453,1
39454,1
39455,1
39456,1
39457,1
39458,0.8828877267605751
39459,1
39460,1
39461,1
39462,1
39463,1
39464,0.7371857114445484
39465,1
39466,1
39467,0.9478223889725725
39468,1
39469,1
39470,1
39471,1
39472,1
39473,0.9223277656141824
39474,1
39475,1
39476,1
39477,1
39478,0.8557268955375967
39479,1
39480,1
39481,1
39482,1
39483,1
39484,1
39485,1
39486,1
39487,0.904316711715793
39488,1
39489,1
39490,0.7216209815244191
39491,1
39492,1
39493,1
39494,1
39495,1
39496,1
39497,1
39498,0.9295985307626584
39499,1
39500,1
39501,0.7862498471656174
39502,1
39503,1
39504,1
39505,1
39506,0.8327835802235822
39507,1
39508,1
39509,1
39510,0.5053906361605512
39511,0.9035374275105416
39512,0.9180738394869544
39513,1
39514,1
39515,1
39516,1
39517,0.9443594563628764
39518,1
39519,1
39520,1
39521,0.9134995147495241
39522,0.9362628347476865
39523,0.9053759674182628
39524,1
39525,1
39526,0.6477709139622572
39527,1
39528,0.9289948583092975
39529,1
39530,1
39531,1
39532,1
39533,1
39534,0.9425373814209749
39535,0.8655335690429365
39536,1
39537,1
39538,1
39539,0.7678116257333992
39540,1
39541,1
39542,1
39543,1
39544,0.8794149210268735
39545,1
39546,1
39547,1
39548,0.9215323715750302
39549,0.9361442208573418
39550,1
39551,1
39552,1
39553,0.8679013245661215
39554,0.9163076172298659
39555,1
39556,1
39557,0.9393323627915242
39558,1
39559,0.8828877267605751
39560,1
39561,0.9485600591786013
39562,0.9040542885738987
39563,0.9461827461642972
39564,1
39565,0.9348405151968444
39566,0.6360620105238265
39567,1
39568,0.9244232278492939
39569,1
39570,0.9016185685159321
39571,0.84623887737629655
39572,1
39573,1
39574,1
39575,1
39576,1
39577,1
39578,1
39579,1
39580,1
39581,1
39582,1
39583,1
39584,1
39585,0.7997553688292888
39586,1
39587,1
39588,0.5887721055946515
39589,1
39590,1
39591,1
39592,1
39593,0.9159579738941489
39594,1
39595,1
39596,1
39597,1
39598,0.942238972552179
39599,1
39600,1
39601,0.9450621476707002
39602,1
39603,1
39604,1
39605,0.8624734535972602
39606,1
39607,0.9366644411738034
39608,1
39609,1
39610,1
39611,0.8115211217872644
39612,0.9348405151968444
39613,1
39614,1
39615,1
39616,0.23052447833849996
39617,1
39618,1
39619,1
39620,1
39621,0.939522818119141
39622,1
39623,1
39624,1
39625,1
39626,1
39627,0.9107007607939306
39628,0.8860331116038699
39629,1
39630,1
39631,1
39632,1
39633,1
39634,0.9119537889032485
39635,0.8252486043651566
39636,1
39637,1
39638,1
39639,1
39640,0.9353871566514325
39641,0.8496881042813419
39642,1
39643,1
39644,1
39645,1
39646,1
39647,1
39648,0.6550375518102908
39649,1
39650,0.779667028383394
39651,1
39652,1
39653,1
39654,1
39655,0.9230170145444427
39656,0.6402188647993152
39657,1
39658,1
39659,0.9479118716596104
39660,1
39661,1
39662,1
39663,0.901969895121513
39664,1
39665,1
39666,1
39667,1
39668,1
39669,1
39670,0.935536825331574
39671,0.6946425449568686
39672,0.49266168976316305
39673,0.9375662753668708
39674,0.8577043643486274
39675,1
39676,1
39677,0.9443811738778308
39678,1
39679,1
39680,0.570668142386897
39681,1
39682,0.6348539405510533
39683,0.9020361594243542
39684,1
39685,1
39686,1
39687,0.9458963376783878
39688,0.9375662753668708
39689,1
39690,1
39691,1
39692,1
39693,0.9489004123383695
39694,1
39695,1
39696,1
39697,0.48511373542259334
39698,0.9420820864777785
39699,1
39700,1
39701,1
39702,0.9008822307428068
39703,1
39704,0.36618855176299875
39705,1
39706,1
39707,1
39708,1
39709,1
39710,1
39711,1
39712,1
39713,1
39714,1
39715,1
39716,1
39717,0.9498643388607121
39718,1
39719,1
39720,1
39721,1
39722,0.8980058415273341
39723,1
39724,0.9215323715750302
39725,1
39726,1
39727,0.5253181271767782
39728,0.8987231138322638
39729,1
39730,0.8694344915178692
39731,1
39732,1
39733,0.9020731424359395
39734,0.8489021380951698
39735,1
39736,1
39737,1
39738,0.8624734535972602
39739,1
39740,1
39741,0.9042108280207521
39742,1
39743,1
39744,1
39745,1
39746,1
39747,1
39748,1
39749,1
39750,1
39751,1
39752,1
39753,1
39754,1
39755,1
39756,1
39757,1
39758,0.9344351111250114
39759,1
39760,1
39761,1
39762,1
39763,1
39764,0.9036480180932405
39765,1
39766,0.7815775091891796
39767,0.8650735746467192
39768,1
39769,1
39770,1
39771,0.9247481916765775
39772,0.8564548874221499
39773,1
39774,1
39775,0.8317286926289804
39776,1
39777,1
39778,1
39779,1
39780,1
39781,1
39782,0.8008843824701701
39783,0.940985622090839
39784,1
39785,1
39786,0.8949101369281046
39787,1
39788,1
39789,0.6893842144414349
39790,0.6402188647993152
39791,1
39792,1
39793,1
39794,1
39795,0.9430446963055296
39796,0.9325536685680528
39797,1
39798,0.9215323715750302
39799,1
39800,1
39801,1
39802,0.8271056086425121
39803,1
39804,1
39805,1
39806,0.8293982444593244
39807,1
39808,0.906047855488915
39809,0.9206033621615974
39810,0.8235650947881333
39811,0.9156764575561985
39812,1
39813,1
39814,1
39815,0.885110660307984
39816,1
39817,1
39818,1
39819,1
39820,0.9174798651982092
39821,1
39822,1
39823,1
39824,1
39825,1
39826,1
39827,1
39828,1
39829,1
39830,1
39831,0.8787874241398713
39832,1
39833,1
39834,1
39835,1
39836,0.9034034789151919
39837,0.8508194829850398
39838,1
39839,1
39840,1
39841,0.5986451929889223
39842,1
39843,1
39844,0.8970360727208279
39845,1
39846,0.9328054695634682
39847,0.7268456572045962
39848,1
39849,1
39850,1
39851,1
39852,1
39853,0.7881444983862737
39854,1
39855,1
39856,1
39857,1
39858,0.9030162296435195
39859,1
39860,1
39861,1
39862,0.9089355372529971
39863,1
39864,0.3605218037384304
39865,0.8559182941490148
39866,0.9202966171677182
39867,1
39868,1
39869,0.8495733816985849
39870,1
39871,0.9462023553331423
39872,0.9258725057540612
39873,0.843314213630296
39874,0.9157031246678596
39875,0.9361355453554069
39876,0.821354833886161
39877,1
39878,0.8317286926289804
39879,0.9382534470641081
39880,0.919974305572555
39881,1
39882,0.9400731277506131
39883,1
39884,1
39885,1
39886,1
39887,1
39888,1
39889,1
39890,0.8874449246553354
39891,0.9277337136738866
39892,1
39893,1
39894,1
39895,0.8974882139427417
39896,1
39897,1
39898,0.9483304125528573
39899,1
39900,1
39901,0.5158900945232798
39902,1
39903,1
39904,1
39905,0.8507821466843283
39906,1
39907,1
39908,0.9178028137165289
39909,1
39910,1
39911,1
39912,1
39913,1
39914,0.9181997575211293
39915,1
39916,1
39917,1
39918,1
39919,1
39920,1
39921,1
39922,1
39923,1
39924,0.9470194849176239
39925,0.911933432600174
39926,0.9413821731943081
39927,1
39928,1
39929,0.949981379894891
39930,0.9388924879701779
39931,0.8690431534746343
39932,1
39933,1
39934,1
39935,1
39936,0.9435069865125327
39937,0.8252486043651566
39938,1
39939,0.7264247173368537
39940,0.9307067835431498
39941,0.9001830698554533
39942,1
39943,0.9445212387478624
39944,0.9111727011311213
39945,1
39946,1
39947,1
39948,0.651644687324931
39949,1
39950,0.6235462090956386
39951,1
39952,1
39953,1
39954,0.9108854699171337
39955,0.9440808731659438
39956,1
39957,1
39958,1
39959,1
39960,1
39961,1
39962,1
39963,1
39964,1
39965,1
39966,0.9211359141764528
39967,1
39968,1
39969,1
39970,0.8252486043651566
39971,1
39972,1
39973,1
39974,1
39975,1
39976,1
39977,1
39978,0.9168862341464094
39979,1
39980,1
39981,1
39982,0.9420097769766836
39983,1
39984,0.5699483652009216
39985,1
39986,1
39987,0.5876925643607007
39988,1
39989,1
39990,1
39991,0.7668963571115338
39992,1
39993,1
39994,0.8701652132649728
39995,1
39996,1
39997,0.8656365962712032
39998,0.9482797909231075
39999,0.9471100898967134
40000,1
40001,1
40002,1
40003,0.8783251788728113
40004,1
40005,1
40006,0.8491252247340529
40007,1
40008,1
40009,1
40010,0.7910667538470889
40011,1
40012,1
40013,1
40014,1
40015,1
40016,0.904244409824344
40017,0.8619267777571056
40018,1
40019,0.7723631597520334
40020,1
40021,1
40022,0.9001830698554533
40023,1
40024,1
40025,1
40026,1
40027,1
40028,0.9453048899795486
40029,1
40030,1
40031,1
40032,1
40033,1
40034,0.7351775381725894
40035,1
40036,1
40037,1
40038,1
40039,0.9398470479260764
40040,1
40041,1
40042,0.9488025332488038
40043,1
40044,0.9339250908415218
40045,1
40046,0.9267051905263756
40047,0.8564548874221499
40048,1
40049,1
40050,1
40051,1
40052,1
40053,1
40054,0.826016971415663
40055,1
40056,1
40057,1
40058,1
40059,1
40060,0.5176713932485466
40061,1
40062,1
40063,1
40064,1
40065,1
40066,1
40067,1
40068,0.9079359703257683
40069,1
40070,1
40071,1
40072,0.899824624036443
40073,1
40074,1
40075,1
40076,0.9398001571278776
40077,1
40078,0.8174780079613403
40079,0.7962094979836127
40080,1
40081,0.9291016957825172
40082,1
40083,1
40084,1
40085,1
40086,0.9169304198293399
40087,0.9237100166976375
40088,0.882158527037212
40089,1
40090,1
40091,1
40092,1
40093,1
40094,1
40095,1
40096,0.906047855488915
40097,1
40098,0.9393323627915242
40099,1
40100,1
40101,1
40102,1
40103,1
40104,1
40105,1
40106,1
40107,1
40108,0.89894669504046
40109,0.9469295246931131
40110,1
40111,1
40112,1
40113,1
40114,0.8934341737801009
40115,1
40116,1
40117,1
40118,0.9197299403515166
40119,1
40120,0.9427303200433745
40121,0.5670463004770423
40122,1
40123,1
40124,1
40125,0.8297864175446874
40126,1
40127,1
40128,1
40129,1
40130,0.8163745309616249
40131,1
40132,1
40133,0.9224420030797084
40134,1
40135,1
40136,1
40137,0.8974882139427417
40138,0.9295985307626584
40139,1
40140,1
40141,0.9195873728565015
40142,1
40143,1
40144,1
40145,1
40146,1
40147,1
40148,0.901970428461503
40149,1
40150,0.7151216498252235
40151,0.949492532287911
40152,0.6786282855494844
40153,0.8585798289825551
40154,1
40155,1
40156,1
40157,1
40158,0.8531374674643971
40159,1
40160,0.8122595589318463
40161,1
40162,1
40163,0.9105065281881977
40164,0.9125148747672361
40165,1
40166,0.8922372317950158
40167,1
40168,1
40169,1
40170,1
40171,1
40172,1
40173,0.843497548739941
40174,1
40175,1
40176,1
40177,1
40178,1
40179,1
40180,0.9171599000850899
40181,1
40182,0.92464737033173094
40183,0.8454850063754342
40184,1
40185,1
40186,1
40187,1
40188,0.9107640482856612
40189,1
40190,1
40191,0.824498436488314
40192,1
40193,1
40194,1
40195,0.916946040807473
40196,1
40197,1
40198,0.9073547074642881
40199,1
40200,1
40201,1
40202,1
40203,1
40204,1
40205,0.9402545462515893
40206,0.6402188647993152
40207,1
40208,1
40209,1
40210,1
40211,1
40212,0.6402188647993152
40213,0.6003250618263333
40214,0.9136944189323178
40215,1
40216,1
40217,0.9399922247408788
40218,0.9384623422389315
40219,0.7981415772804076
40220,1
40221,0.8132798010993897
40222,1
40223,0.9025497179290689
40224,0.9488594838302383
40225,1
40226,1
40227,1
40228,1
40229,1
40230,1
40231,0.6402188647993152
40232,1
40233,0.7939677466108631
40234,0.7815775091891796
40235,0.7508411072938451
40236,1
40237,0.9330757917271754
40238,0.9485784076782957
40239,1
40240,1
40241,1
40242,1
40243,1
40244,1
40245,1
40246,0.865342993871003
40247,1
40248,1
40249,0.8894748353269316
40250,0.8976128444602967
40251,1
40252,1
40253,1
40254,1
40255,1
40256,0.6477709139622572
40257,1
40258,0.6098912007058062
40259,0.8908488042685541
40260,0.9295985307626584
40261,0.5566427176043954
40262,1
40263,1
40264,1
40265,1
40266,1
40267,1
40268,0.6477709139622572
40269,1
40270,1
40271,1
40272,0.7729377186486944
40273,0.8444916528130118
40274,1
40275,1
40276,0.8969730134512891
40277,1
40278,0.6426299117695728
40279,0.8495512933114234
40280,0.5761416730093494
40281,1
40282,1
40283,1
40284,0.7143694175709635
40285,0.9196849050088718
40286,1
40287,1
40288,0.882158527037212
40289,0.813970317856339
40290,1
40291,0.8055755876904325
40292,1
40293,1
40294,0.8722882260871949
40295,0.79750959071845
40296,1
40297,0.7035112227915042
40298,1
40299,0.8241804948918748
40300,1
40301,0.7425925335848323
40302,1
40303,1
40304,1
40305,1
40306,1
40307,1
40308,1
40309,1
40310,1
40311,1
40312,0.9136530510512496
40313,1
40314,1
40315,1
40316,1
40317,0.8764397290305798
40318,1
40319,0.8181073215149365
40320,1
40321,0.5329660658297437
40322,1
40323,1
40324,1
40325,1
40326,1
40327,1
40328,1
40329,1
40330,1
40331,0.9445045314827152
40332,1
40333,0.859153162604385
40334,1
40335,0.9215305514069402
40336,1
40337,1
40338,1
40339,1
40340,1
40341,1
40342,1
40343,1
40344,1
40345,1
40346,1
40347,1
40348,0.9386226369663676
40349,1
40350,0.899603303136366
40351,0.8497218726516701
40352,1
40353,1
40354,1
40355,1
40356,1
40357,1
40358,1
40359,1
40360,0.88692000993408
40361,1
40362,0.9197795016529674
40363,1
40364,0.9257724348779837
40365,1
40366,1
40367,0.9445322666365896
40368,1
40369,1
40370,1
40371,1
40372,1
40373,0.7928812773433367
40374,0.9492448358201044
40375,1
40376,1
40377,1
40378,0.8870336633633711
40379,1
40380,0.8941516039291537
40381,1
40382,1
40383,1
40384,1
40385,0.7514772789524309
40386,1
40387,1
40388,0.6098912007058062
40389,1
40390,1
40391,0.8895785138926952
40392,1
40393,0.9245326929009106
40394,1
40395,0.8710303564240629
40396,1
40397,0.8783747201233458
40398,1
40399,1
40400,0.8363810230073618
40401,1
40402,1
40403,1
40404,1
40405,1
40406,0.9471146270519256
40407,1
40408,1
40409,1
40410,1
40411,1
40412,1
40413,1
40414,0.9372155452346957
40415,0.9362727220088655
40416,1
40417,1
40418,1
40419,0.8951953762912027
40420,0.5329660658297437
40421,1
40422,1
40423,0.9359589680499679
40424,1
40425,1
40426,0.8835645878001999
40427,1
40428,0.7950976087984046
40429,1
40430,1
40431,0.7571281072496331
40432,1
40433,1
40434,1
40435,1
40436,1
40437,1
40438,1
40439,0.8661812145718594
40440,0.9258290535248442
40441,0.7907588360133984
40442,0.48581060734352743
40443,1
40444,0.5329660658297437
40445,1
40446,1
40447,1
40448,0.9142472155266542
40449,1
40450,1
40451,0.39909960116807464
40452,0.9079359703257683
40453,1
40454,1
40455,1
40456,1
40457,0.9454315905623402
40458,1
40459,1
40460,1
40461,0.8946454635263941
40462,1
40463,0.40348442543165447
40464,0.9237174713573374
40465,1
40466,1
40467,1
40468,0.32669273324763193
40469,1
40470,1
40471,0.8518026082276411
40472,1
40473,1
40474,1
40475,1
40476,1
40477,1
40478,1
40479,1
40480,1
40481,1
40482,1
40483,1
40484,0.8906855739095315
40485,0.6252734846959063
40486,0.9239206498132211
40487,0.9498414061994218
40488,0.9337026522657851
40489,1
40490,0.604418380039291
40491,0.9305466695771417
40492,0.93160542785482
40493,1
40494,0.8429334923788147
40495,1
40496,1
40497,1
40498,0.7736304714419536
40499,1
40500,0.9433614497156316
40501,1
40502,1
40503,1
40504,1
40505,1
40506,1
40507,0.9381117726324996
40508,1
40509,1
40510,0.6530872160542265
40511,0.8719384317200277
40512,1
40513,1
40514,1
40515,0.9048954977577924
40516,1
40517,1
40518,0.9050291977529933
40519,1
40520,1
40521,1
40522,1
40523,1
40524,0.8766237897364089
40525,1
40526,1
40527,1
40528,0.8073326263416177
40529,1
40530,1
40531,1
40532,1
40533,1
40534,0.9295985307626584
40535,1
40536,0.9152366607799762
40537,1
40538,1
40539,1
40540,0.9353501733344006
40541,1
40542,0.8969574029916714
40543,1
40544,0.9393268200388898
40545,1
40546,1
40547,1
40548,1
40549,1
40550,1
40551,0.9355991499788943
40552,0.5176713932485466
40553,1
40554,1
40555,0.9420015865681745
40556,1
40557,1
40558,1
40559,0.8754131832132197
40560,1
40561,0.9488760886652625
40562,0.755543507500908
40563,1
40564,1
40565,0.9366055486721605
40566,0.9158842052265969
40567,0.7829350214359172
40568,1
40569,1
40570,1
40571,1
40572,1
40573,1
40574,1
40575,1
40576,1
40577,1
40578,0.8302746633488791
40579,0.9306932842742516
40580,1
40581,1
40582,1
40583,1
40584,1
40585,1
40586,1
40587,0.8111237793637474
40588,1
40589,1
40590,1
40591,1
40592,1
40593,0.9439635746612942
40594,1
40595,1
40596,1
40597,1
40598,0.9037626696751427
40599,0.8976592879628531
40600,0.9122579712215334
40601,1
40602,0.84623887737629655
40603,1
40604,1
40605,1
40606,0.8977818223756795
40607,1
40608,1
40609,0.8943740184917693
40610,0.8615767456252079
40611,1
40612,1
40613,0.9089355372529971
40614,1
40615,1
40616,1
40617,1
40618,1
40619,0.7270973007031442
40620,1
40621,1
40622,1
40623,1
40624,1
40625,1
40626,1
40627,1
40628,1
40629,1
40630,0.8805600634748492
40631,1
40632,1
40633,1
40634,1
40635,0.9463533379326008
40636,1
40637,1
40638,1
40639,1
40640,1
40641,1
40642,1
40643,1
40644,0.40348442543165447
40645,1
40646,1
40647,1
40648,1
40649,0.5660843691299663
40650,1
40651,1
40652,1
40653,0.9274018072886296
40654,0.8583914045579174
40655,0.9455189849330404
40656,1
40657,1
40658,0.8647059159879493
40659,1
40660,1
40661,1
40662,0.8831113360843585
40663,1
40664,1
40665,1
40666,1
40667,1
40668,0.9460000360617125
40669,1
40670,1
40671,1
40672,0.9193352957177999
40673,0.8787804760158644
40674,0.7588523240400825
40675,0.9203104737358528
40676,1
40677,1
40678,1
40679,1
40680,1
40681,0.9324118391588344
40682,1
40683,0.9063775322347056
40684,1
40685,0.6426299117695728
40686,1
40687,1
40688,0.8585798289825551
40689,1
40690,1
40691,1
40692,1
40693,0.8667416274851012
40694,1
40695,1
40696,1
40697,1
40698,1
40699,0.5555039531301343
40700,1
40701,1
40702,1
40703,1
40704,0.931620278216901
40705,0.9277337136738866
40706,1
40707,1
40708,0.7908275384749012
40709,1
40710,1
40711,1
40712,1
40713,0.5020329903276758
40714,1
40715,0.9082209456086173
40716,1
40717,1
40718,1
40719,1
40720,1
40721,0.9408434728665439
40722,1
40723,1
40724,0.9399551109187451
40725,1
40726,1
40727,0.9360358989486202
40728,1
40729,1
40730,1
40731,1
40732,1
40733,1
40734,0.42906939997467347
40735,1
40736,1
40737,0.9306812654626151
40738,1
40739,1
40740,1
40741,1
40742,0.8944099141805714
40743,0.8851622625961283
40744,0.8718849977227393
40745,1
40746,1
40747,1
40748,0.39909960116807464
40749,1
40750,1
40751,1
40752,1
40753,1
40754,1
40755,1
40756,0.9408434728665439
40757,1
40758,1
40759,1
40760,1
40761,1
40762,1
40763,1
40764,0.941895100906481
40765,1
40766,1
40767,1
40768,0.9394211787075932
40769,1
40770,1
40771,0.7103761156221248
40772,1
40773,0.9237691174780562
40774,1
40775,0.32669273324763193
40776,1
40777,1
40778,1
40779,0.8293982444593244
40780,1
40781,1
40782,1
40783,0.7197263252020797
40784,1
40785,0.9252965012421425
40786,1
40787,0.938681143715934
40788,0.9495791719272868
40789,0.8114249432729643
40790,0.9443913885251028
40791,0.9138588753344732
40792,0.9359589680499679
40793,1
40794,1
40795,1
40796,1
40797,1
40798,0.9293202451783441
40799,0.8794149210268735
40800,0.9369003144853478
40801,1
40802,1
40803,0.8615767456252079
40804,1
40805,1
40806,0.919668109379325
40807,1
40808,0.9333099890823591
40809,1
40810,0.8981013343675437
40811,0.9214900000568367
40812,1
40813,1
40814,1
40815,1
40816,1
40817,1
40818,0.8727047737999364
40819,0.6402188647993152
40820,0.9303988279318061
40821,0.6075763964115368
40822,0.912793639233488
40823,1
40824,0.9422807152711992
40825,1
40826,1
40827,1
40828,1
40829,1
40830,1
40831,0.9355991499788943
40832,1
40833,1
40834,1
40835,1
40836,0.6695005923323716
40837,1
40838,1
40839,1
40840,0.8564548874221499
40841,0.6822093908264353
40842,0.878655109905412
40843,1
40844,1
40845,0.9096093895941417
40846,0.9082448584778963
40847,1
40848,1
40849,0.7562148510150782
40850,0.9362628347476865
40851,0.926796844537773
40852,1
40853,1
40854,0.9328390987770276
40855,0.9407059476473572
40856,1
40857,1
40858,1
40859,1
40860,1
40861,1
40862,1
40863,0.9069539100392634
40864,1
40865,1
40866,1
40867,0.7289928293135579
40868,1
40869,1
40870,1
40871,1
40872,1
40873,1
40874,0.8434954084888248
40875,1
40876,1
40877,1
40878,1
40879,1
40880,1
40881,1
40882,0.8341936474459313
40883,1
40884,0.9429512411534519
40885,1
40886,1
40887,1
40888,1
40889,1
40890,1
40891,1
40892,1
40893,1
40894,0.890883729207902
40895,1
40896,0.9138251788671885
40897,1
40898,1
40899,1
40900,1
40901,1
40902,1
40903,1
40904,1
40905,1
40906,1
40907,0.8922372317950158
40908,1
40909,1
40910,0.9194540449345094
40911,1
40912,0.8719765669209244
40913,1
40914,1
40915,1
40916,1
40917,0.9410689887817315
40918,0.9082243134845717
40919,1
40920,1
40921,1
40922,1
40923,0.941149040493843
40924,1
40925,1
40926,1
40927,1
40928,1
40929,0.8974882139427417
40930,0.8889814597245836
40931,0.9175154191923457
40932,0.9181344919823539
40933,0.8806334974866091
40934,0.7361587049105457
40935,1
40936,0.8819427623509922
40937,0.9480434054585004
40938,0.9211955442061416
40939,1
40940,0.9306932842742516
40941,1
40942,0.9360470223132059
40943,0.8181073215149365
40944,1
40945,0.9397024260928142
40946,1
40947,1
40948,1
40949,1
40950,1
40951,0.6498326335397544
40952,1
40953,1
40954,1
40955,0.8968481912856053
40956,1
40957,1
40958,1
40959,1
40960,0.9494899161407354
40961,1
40962,1
40963,0.8968248906621554
40964,1
40965,1
40966,1
40967,1
40968,1
40969,1
40970,1
40971,1
40972,0.7191683563005694
40973,1
40974,1
40975,1
40976,1
40977,0.9423917546521708
40978,1
40979,1
40980,1
40981,1
40982,0.9157517473262197
40983,1
40984,1
40985,0.8682801358681631
40986,1
40987,1
40988,1
40989,1
40990,1
40991,1
40992,1
40993,1
40994,1
40995,1
40996,1
40997,1
40998,1
40999,1
41000,0.9202966171677182
41001,0.8921422901993166
41002,0.9380052903920614
41003,1
41004,1
41005,1
41006,1
41007,1
41008,1
41009,0.8277107042237845
41010,1
41011,1
41012,0.9458808236997936
41013,1
41014,1
41015,1
41016,1
41017,1
41018,0.9144419753934885
41019,0.8403619587857211
41020,1
41021,0.9339250908415218
41022,1
41023,1
41024,1
41025,1
41026,0.8527444403324964
41027,1
41028,1
41029,1
41030,1
41031,0.6356440400528596
41032,1
41033,0.8518026082276411
41034,1
41035,1
41036,0.7095834620753245
41037,1
41038,1
41039,1
41040,1
41041,0.940853494586447
41042,1
41043,1
41044,1
41045,1
41046,1
41047,1
41048,0.8771670795738534
41049,0.9422052569543578
41050,0.8398429090047489
41051,0.9339199129111208
41052,1
41053,1
41054,1
41055,1
41056,1
41057,1
41058,1
41059,0.8087068810643574
41060,1
41061,1
41062,1
41063,1
41064,0.4989743245758874
41065,1
41066,1
41067,0.6681175815981437
41068,1
41069,0.9179997809560522
41070,1
41071,0.8539617330934094
41072,1
41073,1
41074,1
41075,1
41076,0.91514081411379
41077,1
41078,0.9314414171796929
41079,0.8863643522727321
41080,1
41081,0.865342993871003
41082,1
41083,1
41084,0.9345681299693364
41085,1
41086,1
41087,1
41088,1
41089,1
41090,1
41091,1
41092,1
41093,1
41094,1
41095,1
41096,1
41097,1
41098,0.8855833233557384
41099,0.8955722664677555
41100,1
41101,1
41102,1
41103,1
41104,1
41105,1
41106,0.9089355372529971
41107,0.938668070031579
41108,1
41109,1
41110,1
41111,1
41112,1
41113,1
41114,1
41115,1
41116,1
41117,0.8437249641146417
41118,0.904244409824344
41119,1
41120,0.8974251298433714
41121,0.8548049942401758
41122,1
41123,1
41124,1
41125,1
41126,0.8973492430239579
41127,1
41128,1
41129,1
41130,1
41131,1
41132,1
41133,1
41134,1
41135,0.9408857330662
41136,1
41137,1
41138,1
41139,1
41140,0.9306812654626151
41141,0.9069148188827277
41142,1
41143,0.6402188647993152
41144,0.9361442208573418
41145,1
41146,1
41147,1
41148,0.915998593708723
41149,0.8279421025197636
41150,1
41151,1
41152,1
41153,1
41154,0.9441411481151567
41155,0.845895985126315
41156,1
41157,1
41158,1
41159,0.8639364531606981
41160,0.9295985307626584
41161,1
41162,1
41163,0.8943715139655499
41164,1
41165,1
41166,1
41167,1
41168,1
41169,1
41170,0.905346773307948
41171,0.9494331222857347
41172,1
41173,0.8398233230379857
41174,1
41175,1
41176,0.9071620337241881
41177,1
41178,1
41179,1
41180,1
41181,1
41182,1
41183,1
41184,0.8028346714225582
41185,1
41186,1
41187,1
41188,1
41189,1
41190,1
41191,0.8968748226635189
41192,1
41193,0.8615767456252079
41194,1
41195,0.6827772698552584
41196,0.9203655863833676
41197,0.9084006532442604
41198,0.7326287149982157
41199,1
41200,1
41201,1
41202,1
41203,1
41204,1
41205,1
41206,1
41207,1
41208,1
41209,0.7843829672626961
41210,1
41211,1
41212,1
41213,0.9182827502705893
41214,0.8436071050437666
41215,1
41216,0.9255829709802869
41217,0.8494384513531277
41218,1
41219,0.9427413477275214
41220,1
41221,0.8881638111759069
41222,1
41223,1
41224,0.8981013343675437
41225,1
41226,1
41227,1
41228,0.8819906746402936
41229,1
41230,1
41231,1
41232,1
41233,0.8156966723499032
41234,1
41235,0.9258290535248442
41236,1
41237,1
41238,1
41239,1
41240,1
41241,1
41242,0.9280670364015835
41243,0.8681633151712222
41244,1
41245,0.9306812654626151
41246,1
41247,0.9428887295039206
41248,1
41249,1
41250,1
41251,1
41252,0.5557848403427597
41253,0.9452677581392146
41254,1
41255,1
41256,0.8353916820319709
41257,0.9193886386270362
41258,1
41259,1
41260,1
41261,0.8704659384461293
41262,1
41263,1
41264,1
41265,1
41266,1
41267,0.9215323715750302
41268,1
41269,1
41270,1
41271,1
41272,1
41273,0.9257025183512876
41274,0.8470005959597228
41275,0.9412741067416464
41276,0.927584708667198
41277,1
41278,1
41279,0.9085473214773494
41280,1
41281,0.8728747775236902
41282,1
41283,1
41284,1
41285,1
41286,1
41287,1
41288,1
41289,1
41290,1
41291,1
41292,0.7994901219248626
41293,0.925201457608872
41294,1
41295,0.9170036494059954
41296,0.859153162604385
41297,1
41298,1
41299,1
41300,1
41301,1
41302,0.8710303564240629
41303,1
41304,1
41305,1
41306,1
41307,1
41308,1
41309,1
41310,1
41311,0.6920045657950943
41312,1
41313,1
41314,1
41315,1
41316,1
41317,1
41318,1
41319,0.9328989745712599
41320,1
41321,1
41322,0.5020329903276758
41323,0.9488594838302383
41324,1
41325,1
41326,1
41327,1
41328,1
41329,1
41330,1
41331,0.8643620903183239
41332,1
41333,0.6758413648729557
41334,0.8827558303248119
41335,1
41336,1
41337,0.92464737033173094
41338,1
41339,1
41340,1
41341,1
41342,1
41343,1
41344,1
41345,1
41346,1
41347,0.9345770826501297
41348,1
41349,0.949697555798006
41350,1
41351,0.8342567292254189
41352,0.8615767456252079
41353,0.9366495063800073
41354,1
41355,1
41356,1
41357,1
41358,1
41359,0.8707848192535931
41360,1
41361,1
41362,0.8903522691330664
41363,1
41364,1
41365,1
41366,1
41367,0.896697570959472
41368,1
41369,1
41370,1
41371,1
41372,1
41373,0.907122148669641
41374,1
41375,1
41376,1
41377,0.8977818223756795
41378,1
41379,0.7182355160224505
41380,1
41381,1
41382,1
41383,0.8821723075288975
41384,1
41385,1
41386,1
41387,1
41388,0.9361750369684214
41389,1
41390,1
41391,1
41392,1
41393,1
41394,1
41395,1
41396,1
41397,1
41398,1
41399,1
41400,1
41401,0.9295985307626584
41402,1
41403,1
41404,0.8942611753472762
41405,1
41406,1
41407,1
41408,1
41409,1
41410,0.883013317570624
41411,1
41412,0.9394422271272841
41413,1
41414,0.9214900000568367
41415,1
41416,0.9098407824362534
41417,0.9281811096675545
41418,1
41419,1
41420,1
41421,1
41422,1
41423,1
41424,1
41425,1
41426,1
41427,1
41428,1
41429,1
41430,0.9197299403515166
41431,1
41432,1
41433,0.9305955229865109
41434,1
41435,0.9021430490905917
41436,1
41437,0.929418714538921
41438,0.9250440373223081
41439,1
41440,0.9445672458466084
41441,1
41442,1
41443,1
41444,0.8933416673433796
41445,0.9427413477275214
41446,0.8297587009861301
41447,1
41448,0.7627893256420837
41449,0.9357952942041741
41450,1
41451,1
41452,1
41453,1
41454,1
41455,1
41456,1
41457,0.7944965091849815
41458,1
41459,0.9462548879240147
41460,1
41461,1
41462,1
41463,1
41464,1
41465,1
41466,1
41467,1
41468,0.7616890072277939
41469,1
41470,1
41471,1
41472,1
41473,1
41474,1
41475,1
41476,1
41477,1
41478,1
41479,1
41480,1
41481,1
41482,1
41483,0.8119713787395205
41484,1
41485,1
41486,1
41487,1
41488,1
41489,1
41490,0.9445045314827152
41491,1
41492,0.9400465967561824
41493,1
41494,1
41495,1
41496,0.9267917824808785
41497,0.9105598904869577
41498,0.9170582000638298
41499,1
41500,1
41501,0.9100927910517086
41502,1
41503,0.8918427876754854
41504,1
41505,0.9478903650615547
41506,0.3565345603460439
41507,0.7047411389968408
41508,1
41509,1
41510,1
41511,1
41512,1
41513,1
41514,1
41515,0.8915262898193435
41516,1
41517,0.9442973972993116
41518,0.8277107042237845
41519,1
41520,0.9188593028340778
41521,1
41522,0.9429397625527444
41523,1
41524,0.9048954977577924
41525,1
41526,1
41527,1
41528,1
41529,1
41530,0.8398429090047489
41531,1
41532,1
41533,0.913384838446057
41534,0.6784534653059737
41535,1
41536,0.9202538560317807
41537,1
41538,1
41539,1
41540,0.9084826664841529
41541,1
41542,1
41543,0.9301939433434502
41544,1
41545,0.6764884879892311
41546,1
41547,1
41548,1
41549,1
41550,1
41551,1
41552,0.7705084452655643
41553,1
41554,1
41555,1
41556,1
41557,0.8994398001863231
41558,1
41559,1
41560,1
41561,1
41562,1
41563,0.8944099141805714
41564,0.8695273694342176
41565,1
41566,1
41567,1
41568,1
41569,1
41570,1
41571,1
41572,0.9359589680499679
41573,1
41574,1
41575,1
41576,1
41577,1
41578,1
41579,1
41580,1
41581,0.7855827773119064
41582,1
41583,0.717907252293772
41584,1
41585,0.8564548874221499
41586,1
41587,0.6527216937845416
41588,0.8262327979933325
41589,0.9185873532887621
41590,1
41591,1
41592,1
41593,1
41594,0.6075763964115368
41595,0.7008809421233584
41596,0.8839718072362048
41597,0.9423952244611653
41598,0.845895985126315
41599,1
41600,0.3851815282388956
41601,1
41602,1
41603,0.859153162604385
41604,1
41605,0.8507821466843283
41606,1
41607,0.9330788948366358
41608,1
41609,1
41610,1
41611,1
41612,1
41613,1
41614,0.9178747399015685
41615,1
41616,0.80625210382973
41617,1
41618,0.7140213877502322
41619,1
41620,1
41621,1
41622,0.6660358594615885
41623,1
41624,1
41625,0.8471363544232954
41626,1
41627,1
41628,1
41629,1
41630,0.9383016768454068
41631,0.8821723075288975
41632,1
41633,0.7230194623370434
41634,0.9138873224521958
41635,1
41636,1
41637,1
41638,1
41639,0.9366571597438681
41640,1
41641,1
41642,1
41643,1
41644,0.930115599479368
41645,0.8721412886476296
41646,1
41647,1
41648,1
41649,1
41650,0.6201210431207331
41651,1
41652,1
41653,1
41654,1
41655,1
41656,1
41657,0.9035374275105416
41658,1
41659,1
41660,0.6997598497621232
41661,0.8723926325779103
41662,1
41663,1
41664,1
41665,1
41666,0.8926666991500033
41667,1
41668,1
41669,0.5670463004770423
41670,1
41671,0.9382882675391335
41672,1
41673,1
41674,1
41675,1
41676,0.9249620743280995
41677,1
41678,1
41679,1
41680,1
41681,1
41682,1
41683,1
41684,1
41685,1
41686,1
41687,1
41688,1
41689,1
41690,0.8902491741538665
41691,1
41692,1
41693,1
41694,0.9152225289328291
41695,1
41696,0.9295811590030646
41697,1
41698,1
41699,1
41700,1
41701,0.9470995096032457
41702,1
41703,1
41704,1
41705,1
41706,1
41707,1
41708,0.899053590969285
41709,1
41710,1
41711,0.8277107042237845
41712,1
41713,0.504089490731127
41714,1
41715,1
41716,0.8055755876904325
41717,0.8280467456757474
41718,1
41719,1
41720,0.9295985307626584
41721,1
41722,1
41723,1
41724,1
41725,1
41726,0.9413239874242134
41727,1
41728,0.9266356478199222
41729,1
41730,1
41731,1
41732,1
41733,1
41734,0.8071453807757549
41735,1
41736,1
41737,0.9428887295039206
41738,1
41739,1
41740,1
41741,1
41742,0.6870458934366974
41743,1
41744,1
41745,1
41746,1
41747,0.9322721858915288
41748,1
41749,0.6105479273449718
41750,1
41751,1
41752,1
41753,1
41754,1
41755,1
41756,1
41757,1
41758,0.9259398073950811
41759,1
41760,1
41761,1
41762,1
41763,1
41764,0.8689861892460422
41765,1
41766,1
41767,0.9069539100392634
41768,1
41769,1
41770,1
41771,1
41772,1
41773,1
41774,1
41775,1
41776,1
41777,1
41778,1
41779,0.6960723510002437
41780,1
41781,1
41782,1
41783,1
41784,0.9330536627345783
41785,1
41786,1
41787,0.8710303564240629
41788,1
41789,1
41790,1
41791,1
41792,1
41793,1
41794,1
41795,1
41796,0.9234499016459965
41797,0.8974987718673377
41798,0.9395473427885391
41799,1
41800,1
41801,1
41802,1
41803,1
41804,0.9084826664841529
41805,1
41806,0.909800415566363
41807,0.8661812145718594
41808,1
41809,0.8119713787395205
41810,0.8665491482840314
41811,1
41812,1
41813,1
41814,1
41815,0.9473057121068361
41816,1
41817,1
41818,1
41819,1
41820,1
41821,1
41822,0.9077774757695657
41823,1
41824,1
41825,1
41826,1
41827,0.9190064997500436
41828,1
41829,1
41830,1
41831,1
41832,1
41833,1
41834,1
41835,1
41836,1
41837,1
41838,1
41839,0.9399922247408788
41840,1
41841,0.5339674374124833
41842,0.9200787326171679
41843,0.9472809539975221
41844,1
41845,1
41846,1
41847,1
41848,1
41849,1
41850,1
41851,1
41852,1
41853,1
41854,0.9404866371377198
41855,0.6109712047979725
41856,1
41857,0.8976592879628531
41858,1
41859,0.43715855216646254
41860,1
41861,1
41862,1
41863,1
41864,1
41865,1
41866,1
41867,0.9421541117751779
41868,1
41869,0.8675120191577906
41870,1
41871,0.8710303564240629
41872,1
41873,0.8495512933114234
41874,1
41875,1
41876,0.91514081411379
41877,1
41878,1
41879,1
41880,1
41881,1
41882,1
41883,1
41884,1
41885,1
41886,1
41887,1
41888,1
41889,0.9314414171796929
41890,0.7405271319326896
41891,1
41892,0.6598392799445085
41893,1
41894,1
41895,0.9306812654626151
41896,0.9136944189323178
41897,0.9112995902191351
41898,1
41899,1
41900,0.8402046247381482
41901,1
41902,1
41903,1
41904,0.9240675359207081
41905,1
41906,1
41907,0.9453048899795486
41908,1
41909,0.9237691174780562
41910,1
41911,1
41912,0.9240675359207081
41913,1
41914,0.9168862341464094
41915,1
41916,0.807433569367146
41917,1
41918,1
41919,1
41920,1
41921,0.8853255262564184
41922,1
41923,1
41924,0.9337686888825116
41925,0.8457265284445608
41926,1
41927,0.853504773429557
41928,0.742133017346457
41929,1
41930,1
41931,0.8470384556679824
41932,1
41933,1
41934,1
41935,1
41936,1
41937,1
41938,1
41939,0.8247440388525383
41940,1
41941,1
41942,1
41943,0.843948414627444
41944,1
41945,1
41946,0.8290068527450524
41947,0.9363023798130394
41948,0.7685837718097019
41949,1
41950,0.9029324503678615
41951,1
41952,1
41953,1
41954,1
41955,0.9240554544579886
41956,0.9182827502705893
41957,1
41958,0.5298320428990317
41959,0.596467698082853
41960,1
41961,0.7928812773433367
41962,1
41963,1
41964,1
41965,1
41966,1
41967,0.7830021632393166
41968,1
41969,1
41970,1
41971,1
41972,1
41973,0.8042186477020483
41974,1
41975,0.8252486043651566
41976,0.8709246833801864
41977,0.5566427176043954
41978,1
41979,0.7627893256420837
41980,0.8581459807506081
41981,1
41982,0.8452528623223572
41983,1
41984,0.8976592879628531
41985,1
41986,0.9211532636674034
41987,1
41988,1
41989,1
41990,0.949677114094096
41991,1
41992,1
41993,0.793170659184894
41994,1
41995,1
41996,0.8949101369281046
41997,1
41998,1
41999,1
42000,1
42001,1
42002,1
42003,1
42004,0.8785651667985508
42005,0.9166155058435399
42006,1
42007,1
42008,1
42009,1
42010,1
42011,1
42012,1
42013,1
42014,0.9090149397080667
42015,0.8261944432671873
42016,1
42017,1
42018,0.9364857015932061
42019,1
42020,1
42021,1
42022,0.8297587009861301
42023,0.7272904216778864
42024,1
42025,0.9461348654381146
42026,0.9059152013063271
42027,1
42028,1
42029,1
42030,1
42031,1
42032,1
42033,1
42034,1
42035,1
42036,0.8990206039929148
42037,1
42038,1
42039,1
42040,1
42041,0.918560518163827
42042,0.9089355372529971
42043,0.904244409824344
42044,1
42045,1
42046,1
42047,1
42048,1
42049,1
42050,1
42051,1
42052,0.44933706189866945
42053,0.8866302527845743
42054,1
42055,1
42056,0.9279395502122846
42057,1
42058,1
42059,1
42060,1
42061,0.6080091119476638
42062,0.9098407824362534
42063,1
42064,0.9138251788671885
42065,1
42066,1
42067,1
42068,0.8978059263031924
42069,1
42070,1
42071,1
42072,1
42073,1
42074,1
42075,1
42076,1
42077,0.7747337856880261
42078,1
42079,1
42080,1
42081,0.9293356272633775
42082,1
42083,1
42084,1
42085,0.7464318253273391
42086,1
42087,1
42088,0.7461601233301101
42089,1
42090,0.9299995912629396
42091,0.8853478955542747
42092,1
42093,1
42094,0.8436071050437666
42095,0.6758413648729557
42096,1
42097,1
42098,0.916475867770431
42099,1
42100,0.8721412886476296
42101,1
42102,0.9485297403197781
42103,1
42104,0.8916051604109223
42105,1
42106,1
42107,1
42108,1
42109,1
42110,0.8496643738065071
42111,1
42112,0.8484757855565794
42113,0.5983519445859163
42114,0.9265495148871726
42115,1
42116,1
42117,1
42118,1
42119,1
42120,0.935476393598944
42121,1
42122,0.7802844672995399
42123,0.8615767456252079
42124,1
42125,0.9395473427885391
42126,0.9179750612717661
42127,1
42128,0.9032182871619864
42129,1
42130,0.9245066632382205
42131,1
42132,0.6380814707066529
42133,1
42134,1
42135,1
42136,1
42137,1
42138,0.793170659184894
42139,0.9386168285227403
42140,0.9219905268799786
42141,1
42142,1
42143,1
42144,1
42145,0.7678116257333992
42146,1
42147,1
42148,0.8398429090047489
42149,1
42150,1
42151,0.9201530030765671
42152,1
42153,1
42154,1
42155,1
42156,1
42157,1
42158,1
42159,1
42160,1
42161,1
42162,1
42163,1
42164,1
42165,1
42166,1
42167,0.8844208583766819
42168,1
42169,1
42170,1
42171,0.8277107042237845
42172,1
42173,1
42174,1
42175,1
42176,1
42177,0.9323935711181319
42178,1
42179,1
42180,1
42181,0.8418879092564157
42182,0.9175460490025474
42183,1
42184,0.9137649083634358
42185,1
42186,0.9064029997400196
42187,1
42188,1
42189,1
42190,0.8814677230533781
42191,0.6951718161350813
42192,1
42193,0.8137983003230503
42194,1
42195,0.9079359703257683
42196,1
42197,1
42198,1
42199,1
42200,1
42201,1
42202,1
42203,1
42204,0.6014006297906129
42205,1
42206,0.9191485590259978
42207,0.945463687368075
42208,1
42209,0.9257184664123749
42210,0.9272955734242531
42211,0.5329660658297437
42212,1
42213,1
42214,0.8377416548650362
42215,0.8924320967467461
42216,0.9007062314924065
42217,1
42218,0.762023348854702
42219,1
42220,0.9181344919823539
42221,1
42222,1
42223,0.8759623181051139
42224,1
42225,1
42226,1
42227,0.8137983003230503
42228,1
42229,1
42230,0.8530630616073835
42231,0.9348552422589271
42232,1
42233,1
42234,0.8719765669209244
42235,1
42236,0.5546192879424
42237,0.9183674883612245
42238,1
42239,1
42240,1
42241,0.8560679509901148
42242,0.9283571727537552
42243,1
42244,1
42245,1
42246,0.9283869813022714
42247,1
42248,1
42249,0.6030560335992738
42250,1
42251,0.947102349355137
42252,1
42253,1
42254,1
42255,1
42256,1
42257,1
42258,0.8539617330934094
42259,1
42260,0.8074854470552988
42261,1
42262,1
42263,0.9177952815951044
42264,0.6143834308849229
42265,0.8885340880213068
42266,1
42267,1
42268,1
42269,0.9179997809560522
42270,1
42271,1
42272,1
42273,1
42274,1
42275,1
42276,1
42277,1
42278,1
42279,1
42280,1
42281,1
42282,0.8565234110625142
42283,1
42284,1
42285,1
42286,0.938791664892323
42287,1
42288,0.9316515142190323
42289,1
42290,0.9490633560890361
42291,1
42292,1
42293,0.5988291851826969
42294,1
42295,1
42296,1
42297,1
42298,1
42299,1
42300,0.7824887654328678
42301,1
42302,1
42303,1
42304,1
42305,0.9346943146885447
42306,1
42307,1
42308,0.8252486043651566
42309,1
42310,1
42311,0.5566427176043954
42312,0.8564548874221499
42313,1
42314,1
42315,1
42316,0.4687421681714064
42317,1
42318,1
42319,0.7049327168460949
42320,1
42321,1
42322,1
42323,1
42324,1
42325,1
42326,0.8025449259679353
42327,1
42328,1
42329,0.8710303564240629
42330,1
42331,0.923428961896409
42332,1
42333,0.8585360595753551
42334,0.604418380039291
42335,0.40348442543165447
42336,0.9196849050088718
42337,1
42338,1
42339,0.9331488314261505
42340,1
42341,1
42342,1
42343,1
42344,1
42345,1
42346,1
42347,1
42348,1
42349,1
42350,0.9102554536592132
42351,1
42352,1
42353,1
42354,1
42355,1
42356,0.8281656447181857
42357,0.8809441655174993
42358,1
42359,1
42360,0.9179997809560522
42361,1
42362,0.8564548874221499
42363,1
42364,0.8381197606030543
42365,1
42366,1
42367,1
42368,0.89351027024094
42369,0.8754131832132197
42370,1
42371,1
42372,1
42373,0.9203294208999934
42374,0.8912009710291757
42375,1
42376,1
42377,1
42378,0.8823478883125205
42379,1
42380,1
42381,1
42382,1
42383,1
42384,0.9405375320062266
42385,1
42386,0.6402188647993152
42387,1
42388,1
42389,1
42390,1
42391,1
42392,0.6439746769446123
42393,1
42394,1
42395,1
42396,1
42397,1
42398,1
42399,1
42400,1
42401,1
42402,1
42403,1
42404,1
42405,0.9085784715608759
42406,1
42407,1
42408,1
42409,1
42410,1
42411,0.7212764712077323
42412,1
42413,1
42414,1
42415,0.9089355372529971
42416,0.7053399641710015
42417,0.8185953308004068
42418,0.9401475798186129
42419,0.8645712211091482
42420,1
42421,0.7082407640236762
42422,0.9328613430379086
42423,1
42424,0.844590056313491
42425,0.9038933332766038
42426,1
42427,1
42428,1
42429,0.9053367151926618
42430,0.9082209456086173
42431,0.7823330374151855
42432,1
42433,0.9486691129972655
42434,1
42435,0.8973831377331664
42436,0.8702306884847844
42437,1
42438,1
42439,1
42440,1
42441,1
42442,1
42443,1
42444,0.8484505809743875
42445,0.9255590956437632
42446,1
42447,0.7033986575951008
42448,1
42449,0.9005869394471551
42450,1
42451,0.7944965091849815
42452,1
42453,1
42454,1
42455,1
42456,1
42457,0.9487454953667326
42458,1
42459,1
42460,1
42461,1
42462,1
42463,1
42464,0.9387522115944343
42465,0.8453936345336746
42466,1
42467,1
42468,1
42469,1
42470,1
42471,1
42472,1
42473,0.8180134205127774
42474,0.8962269547508871
42475,1
42476,1
42477,1
42478,1
42479,0.9444463836852656
42480,0.8622481133311115
42481,0.9424580779251548
42482,1
42483,1
42484,0.815451500635205
42485,1
42486,0.853504773429557
42487,0.9020429635185006
42488,1
42489,1
42490,1
42491,0.9460785910819433
42492,1
42493,1
42494,1
42495,1
42496,0.9477680935219899
42497,0.885111984062206
42498,1
42499,0.9239605621286353
42500,1
42501,1
42502,1
42503,1
42504,1
42505,1
42506,0.9345770826501297
42507,1
42508,1
42509,1
42510,1
42511,0.5807666324975214
42512,0.822547604456249
42513,0.9021723879558949
42514,1
42515,0.9287441227318056
42516,1
42517,1
42518,1
42519,1
42520,0.4687421681714064
42521,0.9000087940382507
42522,0.9100519745633643
42523,1
42524,0.7679574162730235
42525,1
42526,1
42527,1
42528,1
42529,1
42530,1
42531,1
42532,1
42533,0.9459902201671176
42534,0.9364536604336625
42535,0.9449382001919909
42536,1
42537,0.7582652207242923
42538,1
42539,1
42540,1
42541,1
42542,1
42543,1
42544,0.9309005726247219
42545,1
42546,1
42547,1
42548,1
42549,1
42550,1
42551,1
42552,1
42553,1
42554,1
42555,1
42556,1
42557,1
42558,1
42559,1
42560,1
42561,1
42562,1
42563,0.9136944189323178
42564,1
42565,1
42566,1
42567,0.9062866481084015
42568,1
42569,1
42570,1
42571,0.940853494586447
42572,0.9265985953653083
42573,0.5008639880445
42574,1
42575,1
42576,0.9250440373223081
42577,1
42578,1
42579,0.6974080514634825
42580,1
42581,1
42582,0.8798907413559354
42583,1
42584,0.9338048150857124
42585,0.9079359703257683
42586,1
42587,0.9457519130431458
42588,1
42589,1
42590,1
42591,0.5684885367880653
42592,1
42593,0.9213141058210306
42594,0.8858145015300438
42595,1
42596,1
42597,1
42598,1
42599,1
42600,1
42601,0.9475417915521134
42602,1
42603,0.7678116257333992
42604,0.8241468314765565
42605,1
42606,0.8482138204473694
42607,1
42608,1
42609,1
42610,1
42611,1
42612,1
42613,1
42614,1
42615,0.9193205754811893
42616,0.7678116257333992
42617,1
42618,1
42619,0.8397066515147226
42620,0.6260999368730212
42621,0.9317182599869607
42622,1
42623,1
42624,0.8078205723639522
42625,0.5642027921631235
42626,1
42627,1
42628,1
42629,0.9383441956887433
42630,0.9458808236997936
42631,0.7992033890549137
42632,1
42633,1
42634,1
42635,0.5253181271767782
42636,1
42637,1
42638,1
42639,1
42640,1
42641,1
42642,1
42643,0.9020187813975078
42644,1
42645,1
42646,1
42647,1
42648,1
42649,0.934631221905737
42650,0.8695273694342176
42651,1
42652,1
42653,1
42654,0.911448876792848
42655,0.25972888262753113
42656,1
42657,0.941248303751004
42658,0.9485600591786013
42659,1
42660,1
42661,0.6402188647993152
42662,1
42663,1
42664,0.8281766459256282
42665,1
42666,0.89894669504046
42667,1
42668,1
42669,1
42670,1
42671,1
42672,1
42673,1
42674,1
42675,0.6020080127986962
42676,1
42677,0.9281542371268053
42678,1
42679,1
42680,1
42681,1
42682,1
42683,1
42684,1
42685,1
42686,1
42687,0.8341286974704595
42688,0.8983550246156369
42689,1
42690,0.9478223889725725
42691,1
42692,0.5566427176043954
42693,1
42694,1
42695,1
42696,0.32669273324763193
42697,1
42698,1
42699,1
42700,0.9270736112304401
42701,1
42702,1
42703,1
42704,1
42705,1
42706,1
42707,1
42708,1
42709,1
42710,0.9404866371377198
42711,0.6231631061823448
42712,0.9145025586766022
42713,0.9180328322308556
42714,1
42715,1
42716,1
42717,1
42718,0.600321024517991
42719,1
42720,1
42721,1
42722,1
42723,0.5053906361605512
42724,1
42725,1
42726,1
42727,1
42728,1
42729,1
42730,1
42731,0.86390395088878
42732,0.89782596437162
42733,1
42734,0.7678116257333992
42735,1
42736,0.5230969685281031
42737,0.8247082322650789
42738,1
42739,1
42740,0.8723926325779103
42741,0.7194812315158698
42742,1
42743,1
42744,1
42745,0.6698705493261973
42746,1
42747,1
42748,1
42749,1
42750,0.9140152012372107
42751,1
42752,1
42753,0.7396030417325937
42754,1
42755,1
42756,0.9340804133824007
42757,1
42758,1
42759,1
42760,1
42761,1
42762,0.8736120367379686
42763,1
42764,1
42765,1
42766,0.9428497667516733
42767,0.915504685798176
42768,0.896689586038032
42769,0.8110553917112815
42770,0.7142148322249235
42771,1
42772,1
42773,1
42774,0.9203294208999934
42775,1
42776,0.8866302527845743
42777,0.7173863901595676
42778,0.8266865448538988
42779,0.9140500239304997
42780,0.5566427176043954
42781,0.7893432439788053
42782,0.8491252247340529
42783,0.5727709525817215
42784,0.7462975335504828
42785,1
42786,1
42787,1
42788,1
42789,1
42790,1
42791,1
42792,0.8461951452095361
42793,1
42794,1
42795,1
42796,1
42797,1
42798,1
42799,0.9243654765568489
42800,1
42801,0.9171599000850899
42802,1
42803,1
42804,1
42805,0.7103761156221248
42806,0.8019762544036979
42807,1
42808,0.9175460490025474
42809,1
42810,1
42811,0.9491450646025911
42812,0.6260999368730212
42813,1
42814,1
42815,1
42816,0.9164505867039797
42817,1
42818,1
42819,0.8805599371836523
42820,1
42821,0.7944965091849815
42822,1
42823,1
42824,0.940641594631175
42825,0.8472520771726301
42826,1
42827,1
42828,1
42829,1
42830,1
42831,1
42832,1
42833,1
42834,1
42835,0.8639906715368239
42836,1
42837,0.8040336508397525
42838,0.938233264342105
42839,1
42840,0.8402046247381482
42841,1
42842,1
42843,1
42844,1
42845,1
42846,1
42847,1
42848,1
42849,0.8599799832027134
42850,0.813155587862637
42851,1
42852,1
42853,1
42854,1
42855,1
42856,0.4354536380108282
42857,1
42858,1
42859,1
42860,1
42861,1
42862,0.7268456572045962
42863,1
42864,1
42865,1
42866,1
42867,1
42868,0.9030162296435195
42869,1
42870,0.7514138537219951
42871,1
42872,1
42873,1
42874,1
42875,1
42876,1
42877,1
42878,1
42879,1
42880,1
42881,1
42882,0.7640168868673002
42883,1
42884,1
42885,0.8812228722462058
42886,1
42887,1
42888,1
42889,0.9203172420423508
42890,1
42891,1
42892,1
42893,1
42894,1
42895,1
42896,0.9214900000568367
42897,0.8656644577709794
42898,1
42899,0.9070447639252915
42900,0.9488635627614166
42901,1
42902,1
42903,1
42904,1
42905,1
42906,1
42907,1
42908,0.7777781904336263
42909,0.8467765598768624
42910,1
42911,1
42912,0.5568244468415519
42913,1
42914,0.8497218726516701
42915,1
42916,1
42917,1
42918,1
42919,0.6138464422361856
42920,1
42921,1
42922,1
42923,1
42924,0.9494331222857347
42925,1
42926,1
42927,1
42928,1
42929,0.9498488869054197
42930,1
42931,1
42932,1
42933,1
42934,0.8418857184620654
42935,1
42936,1
42937,1
42938,1
42939,0.8055755876904325
42940,1
42941,1
42942,1
42943,1
42944,1
42945,0.916475867770431
42946,0.9420820864777785
42947,0.6676243935000253
42948,1
42949,1
42950,1
42951,1
42952,0.9396137449824556
42953,0.6045853917423206
42954,0.8172281121810894
42955,1
42956,1
42957,1
42958,1
42959,1
42960,0.9427413477275214
42961,1
42962,0.9365050296202365
42963,0.9223979382407904
42964,1
42965,1
42966,0.8416802143351212
42967,0.8707848192535931
42968,1
42969,1
42970,0.672681028257151
42971,1
42972,1
42973,1
42974,1
42975,1
42976,0.9063775322347056
42977,1
42978,1
42979,1
42980,1
42981,0.8770646974053866
42982,1
42983,1
42984,1
42985,0.6402188647993152
42986,1
42987,1
42988,1
42989,1
42990,0.9246656258080268
42991,0.8072139382875242
42992,0.7317744268429485
42993,1
42994,1
42995,0.8277107042237845
42996,1
42997,1
42998,1
42999,1
43000,0.5831234044382748
43001,0.7116640080477467
43002,0.8473629969370412
43003,0.9279328173467867
43004,1
43005,1
43006,1
43007,1
43008,1
43009,1
43010,1
43011,1
43012,1
43013,1
43014,1
43015,1
43016,1
43017,0.9136944189323178
43018,0.6022230092943409
43019,0.7421177886485295
43020,1
43021,1
43022,0.9429512411534519
43023,0.9122579712215334
43024,0.604418380039291
43025,1
43026,0.8899175365179102
43027,1
43028,1
43029,1
43030,1
43031,1
43032,1
43033,1
43034,1
43035,1
43036,1
43037,0.9016016279888147
43038,0.9252955491686443
43039,0.8812164605597486
43040,1
43041,0.570668142386897
43042,1
43043,0.9398732409913615
43044,1
43045,1
43046,0.5566427176043954
43047,1
43048,1
43049,1
43050,1
43051,1
43052,1
43053,1
43054,1
43055,1
43056,0.9131547242483644
43057,0.9446596836493764
43058,1
43059,0.849350817851202
43060,1
43061,1
43062,1
43063,0.9146050377736852
43064,1
43065,1
43066,1
43067,1
43068,1
43069,1
43070,1
43071,1
43072,0.9350128241244526
43073,1
43074,1
43075,1
43076,0.5654239487568037
43077,1
43078,1
43079,1
43080,1
43081,1
43082,1
43083,1
43084,1
43085,1
43086,1
43087,1
43088,1
43089,1
43090,1
43091,0.6683989470614431
43092,0.9013627325493427
43093,1
43094,1
43095,1
43096,1
43097,0.9463972135084852
43098,1
43099,0.7579935373799689
43100,0.7212764712077323
43101,1
43102,0.9488156091988725
43103,1
43104,1
43105,0.9446596836493764
43106,0.9364857015932061
43107,1
43108,1
43109,1
43110,1
43111,0.9175154191923457
43112,0.9211359141764528
43113,1
43114,0.882158527037212
43115,0.9404866371377198
43116,0.8805600634748492
43117,0.9452677581392146
43118,0.9260233251791143
43119,0.9121885738056886
43120,1
43121,0.877832262995866
43122,0.9069539100392634
43123,1
43124,0.8821075892022949
43125,0.8981013343675437
43126,1
43127,1
43128,1
43129,1
43130,0.9459685484774245
43131,0.6563833025265245
43132,1
43133,1
43134,1
43135,1
43136,0.9232313093250462
43137,1
43138,1
43139,1
43140,0.6715273910330568
43141,1
43142,1
43143,1
43144,0.9450394576173192
43145,0.8794149210268735
43146,1
43147,1
43148,1
43149,0.8972737216910551
43150,1
43151,1
43152,1
43153,0.6402188647993152
43154,0.9361442208573418
43155,1
43156,0.793170659184894
43157,1
43158,1
43159,1
43160,1
43161,1
43162,1
43163,1
43164,0.9337261728939527
43165,1
43166,1
43167,1
43168,0.9385250294827705
43169,1
43170,1
43171,1
43172,0.8943715139655499
43173,1
43174,1
43175,1
43176,1
43177,1
43178,1
43179,1
43180,1
43181,1
43182,1
43183,1
43184,1
43185,0.7234886204928797
43186,0.8252486043651566
43187,1
43188,1
43189,1
43190,0.9359589680499679
43191,1
43192,1
43193,1
43194,0.835041775600229
43195,0.92464737033173094
43196,0.7871910015173621
43197,1
43198,0.6105479273449718
43199,1
43200,0.8709269579234991
43201,1
43202,1
43203,1
43204,1
43205,1
43206,0.9157941009147288
43207,0.849350817851202
43208,0.909756443056339
43209,1
43210,1
43211,0.9461872256651912
43212,0.4617909437408918
43213,0.9404735440100923
43214,1
43215,1
43216,1
43217,1
43218,1
43219,1
43220,0.9258410346208845
43221,1
43222,1
43223,0.763921634516392
43224,1
43225,1
43226,0.8495512933114234
43227,1
43228,1
43229,1
43230,0.8882003852225988
43231,1
43232,0.8618837315307349
43233,1
43234,0.7458100953688169
43235,0.9494331222857347
43236,1
43237,1
43238,0.9270266000533726
43239,1
43240,1
43241,0.9293356272633775
43242,1
43243,1
43244,1
43245,0.8719765669209244
43246,0.9482926691589987
43247,0.8506517191013228
43248,1
43249,1
43250,1
43251,1
43252,0.9345770826501297
43253,0.9488594838302383
43254,1
43255,0.6402188647993152
43256,0.9108303921582451
43257,1
43258,1
43259,0.9295660465032094
43260,1
43261,1
43262,1
43263,1
43264,1
43265,0.8539617330934094
43266,0.9429644013977085
43267,1
43268,1
43269,0.8614541643944502
43270,1
43271,1
43272,0.8784249095946948
43273,1
43274,1
43275,0.9454713351490203
43276,1
43277,0.35690285676641725
43278,0.948892158989904
43279,1
43280,1
43281,1
43282,0.9122579712215334
43283,1
43284,1
43285,1
43286,1
43287,0.9331007555325632
43288,1
43289,1
43290,0.9472728135199645
43291,1
43292,1
43293,1
43294,1
43295,1
43296,1
43297,1
43298,1
43299,1
43300,1
43301,1
43302,1
43303,1
43304,1
43305,1
43306,1
43307,1
43308,1
43309,0.9053759674182628
43310,0.9079359703257683
43311,0.8686623621349933
43312,1
43313,1
43314,1
43315,1
43316,1
43317,1
43318,1
43319,1
43320,1
43321,1
43322,1
43323,1
43324,1
43325,1
43326,1
43327,1
43328,1
43329,1
43330,1
43331,1
43332,1
43333,1
43334,1
43335,1
43336,0.6045853917423206
43337,1
43338,1
43339,1
43340,0.9358127931412479
43341,1
43342,1
43343,1
43344,1
43345,0.8708615353056068
43346,0.9283869813022714
43347,1
43348,1
43349,1
43350,1
43351,1
43352,1
43353,1
43354,1
43355,1
43356,0.9111519016290492
43357,1
43358,1
43359,0.9325536685680528
43360,1
43361,0.9333341223439366
43362,1
43363,1
43364,1
43365,1
43366,0.8710303564240629
43367,1
43368,1
43369,0.9307067835431498
43370,1
43371,0.9202024033002592
43372,0.6683989470614431
43373,1
43374,1
43375,0.911126148480821
43376,1
43377,1
43378,1
43379,1
43380,0.6854974327480183
43381,1
43382,0.8812164605597486
43383,0.8471340809210116
43384,1
43385,0.9432708071042665
43386,1
43387,1
43388,0.787855649301079
43389,1
43390,1
43391,0.7704263208937494
43392,0.5642027921631235
43393,1
43394,1
43395,0.8391465543154203
43396,1
43397,1
43398,1
43399,1
43400,1
43401,1
43402,1
43403,0.9269907501249042
43404,0.9165401386677782
43405,1
43406,1
43407,0.9283009283703961
43408,1
43409,1
43410,1
43411,1
43412,0.8650154819714488
43413,0.830526514700838
43414,1
43415,0.9061131996491071
43416,1
43417,1
43418,1
43419,1
43420,0.8261944432671873
43421,1
43422,1
43423,1
43424,1
43425,1
43426,0.5642027921631235
43427,1
43428,1
43429,1
43430,0.43711192388075387
43431,1
43432,1
43433,1
43434,1
43435,1
43436,1
43437,1
43438,1
43439,0.8037208008937679
43440,0.8686623621349933
43441,1
43442,0.920343913776366
43443,0.8351449531326693
43444,1
43445,1
43446,1
43447,1
43448,1
43449,1
43450,1
43451,1
43452,0.9245918440197766
43453,0.8888241016397412
43454,1
43455,1
43456,0.946958638473187
43457,1
43458,0.93622839264172375
43459,1
43460,0.7899405983591141
43461,1
43462,1
43463,0.9306932842742516
43464,0.7454613365941993
43465,0.859153162604385
43466,0.8710303564240629
43467,1
43468,1
43469,1
43470,1
43471,1
43472,1
43473,1
43474,1
43475,1
43476,1
43477,1
43478,0.7202528467887838
43479,1
43480,1
43481,0.9203343385287557
43482,0.9460785910819433
43483,0.8768380624539068
43484,1
43485,0.69186827389279415
43486,1
43487,1
43488,0.8418879092564157
43489,1
43490,1
43491,0.9203506890067857
43492,1
43493,0.6195297332430518
43494,1
43495,1
43496,1
43497,1
43498,1
43499,1
43500,1
43501,1
43502,0.8917520424787088
43503,1
43504,1
43505,1
43506,0.8433818895550329
43507,1
43508,1
43509,1
43510,1
43511,1
43512,1
43513,1
43514,1
43515,1
43516,1
43517,0.9306932842742516
43518,1
43519,0.8988292405165793
43520,1
43521,1
43522,1
43523,0.9318648268560012
43524,1
43525,1
43526,1
43527,1
43528,1
43529,1
43530,0.9209740843313974
43531,1
43532,1
43533,0.7508411072938451
43534,1
43535,1
43536,1
43537,1
43538,1
43539,1
43540,1
43541,1
43542,1
43543,1
43544,1
43545,1
43546,1
43547,1
43548,1
43549,1
43550,0.940853494586447
43551,0.8407198200822003
43552,1
43553,0.8774621853358817
43554,1
43555,1
43556,0.7079319609798633
43557,1
43558,1
43559,1
43560,1
43561,1
43562,1
43563,1
43564,0.6796090638076382
43565,0.9495791719272868
43566,1
43567,1
43568,1
43569,1
43570,0.6758413648729557
43571,1
43572,1
43573,1
43574,1
43575,0.9021723879558949
43576,1
43577,1
43578,1
43579,1
43580,1
43581,1
43582,0.8174942858899256
43583,1
43584,1
43585,0.76894563285133
43586,1
43587,1
43588,1
43589,0.6715273910330568
43590,1
43591,1
43592,1
43593,1
43594,1
43595,1
43596,1
43597,0.9274133704501146
43598,0.9092854154998246
43599,1
43600,1
43601,1
43602,1
43603,0.8366709742694708
43604,1
43605,0.949192396333509
43606,1
43607,1
43608,0.619417080924101
43609,0.8156966723499032
43610,1
43611,0.9392580848612422
43612,0.7783812054021618
43613,1
43614,1
43615,1
43616,0.9358027625875561
43617,1
43618,0.9407433225111491
43619,1
43620,1
43621,0.938791664892323
43622,0.9164250188355539
43623,1
43624,1
43625,1
43626,1
43627,0.9366571597438681
43628,0.835546172031628
43629,1
43630,0.9306932842742516
43631,1
43632,1
43633,0.9325536685680528
43634,1
43635,1
43636,1
43637,1
43638,1
43639,1
43640,1
43641,1
43642,1
43643,1
43644,0.9000087940382507
43645,1
43646,1
43647,1
43648,1
43649,0.7325163049508585
43650,0.7939526349547551
43651,1
43652,0.8496643738065071
43653,0.6707836899161852
43654,1
43655,1
43656,1
43657,0.9115842228413463
43658,1
43659,1
43660,1
43661,0.7525286224854192
43662,1
43663,1
43664,1
43665,0.9316411869278172
43666,1
43667,1
43668,1
43669,1
43670,1
43671,0.9066007121257368
43672,0.9458963376783878
43673,1
43674,1
43675,1
43676,0.32669273324763193
43677,1
43678,1
43679,1
43680,1
43681,1
43682,0.9336973171489397
43683,1
43684,1
43685,0.9032973133784712
43686,1
43687,1
43688,0.9293005970435015
43689,0.9016185685159321
43690,1
43691,1
43692,0.8356759640185581
43693,0.8922372317950158
43694,1
43695,1
43696,1
43697,0.9499446501793513
43698,0.8917907624239834
43699,1
43700,1
43701,1
43702,0.6793050809838689
43703,1
43704,1
43705,0.7292894018733049
43706,1
43707,1
43708,0.938297373468542
43709,1
43710,1
43711,1
43712,1
43713,0.8301501101780012
43714,1
43715,1
43716,1
43717,1
43718,0.9122579712215334
43719,1
43720,1
43721,0.9306932842742516
43722,0.7794087412028938
43723,0.8705459093081251
43724,1
43725,1
43726,1
43727,1
43728,1
43729,1
43730,0.8761328135975152
43731,0.9133133005592553
43732,1
43733,1
43734,0.8317286926289804
43735,1
43736,0.9429644013977085
43737,1
43738,1
43739,1
43740,0.8977818223756795
43741,0.9376012262388432
43742,1
43743,0.793170659184894
43744,1
43745,0.885401482276952
43746,1
43747,1
43748,1
43749,1
43750,1
43751,0.880116106548262
43752,1
43753,0.9328440155758085
43754,1
43755,1
43756,1
43757,0.8366709742694708
43758,1
43759,0.8439002124509091
43760,0.9173065312136736
43761,1
43762,1
43763,0.8327472581082936
43764,0.8968248906621554
43765,0.9229683646979021
43766,1
43767,0.926796844537773
43768,1
43769,1
43770,1
43771,1
43772,0.9289488795859484
43773,1
43774,1
43775,1
43776,0.882290309194584
43777,0.8798907413559354
43778,1
43779,0.6402188647993152
43780,1
43781,1
43782,1
43783,1
43784,0.8628659479372319
43785,1
43786,0.8343477893407251
43787,1
43788,1
43789,0.7359597029918549
43790,1
43791,1
43792,0.8629208008246027
43793,1
43794,0.88739195883504
43795,1
43796,0.9362628347476865
43797,1
43798,1
43799,1
43800,0.8857856054192885
43801,1
43802,1
43803,1
43804,1
43805,1
43806,1
43807,1
43808,1
43809,1
43810,1
43811,1
43812,1
43813,1
43814,1
43815,1
43816,1
43817,1
43818,1
43819,1
43820,1
43821,0.9259836800848912
43822,1
43823,1
43824,1
43825,1
43826,1
43827,0.9267917824808785
43828,0.9360290587273908
43829,1
43830,1
43831,1
43832,1
43833,0.9052446508159309
43834,1
43835,0.7830021632393166
43836,1
43837,1
43838,1
43839,1
43840,1
43841,0.9245217324127307
43842,1
43843,1
43844,1
43845,0.9145056910841085
43846,0.8418857184620654
43847,0.6402188647993152
43848,1
43849,1
43850,1
43851,1
43852,1
43853,1
43854,1
43855,1
43856,1
43857,1
43858,1
43859,0.8126730419531994
43860,1
43861,1
43862,0.8250659018765204
43863,0.901970428461503
43864,1
43865,0.8019907437412607
43866,0.8994398001863231
43867,0.8350249960673669
43868,1
43869,0.9115936384929834
43870,1
43871,1
43872,1
43873,1
43874,1
43875,1
43876,0.7685837718097019
43877,1
43878,1
43879,1
43880,1
43881,1
43882,1
43883,1
43884,0.8406700438376994
43885,0.9170971578830434
43886,1
43887,1
43888,1
43889,1
43890,1
43891,1
43892,1
43893,1
43894,0.9361466480920756
43895,1
43896,1
43897,0.8679013245661215
43898,1
43899,1
43900,1
43901,1
43902,1
43903,0.8564548874221499
43904,1
43905,1
43906,1
43907,1
43908,1
43909,1
43910,1
43911,1
43912,1
43913,1
43914,1
43915,1
43916,1
43917,1
43918,0.5373773716544009
43919,1
43920,0.9420820864777785
43921,1
43922,0.8921204699964731
43923,1
43924,1
43925,0.5640421477017116
43926,1
43927,0.938821421922706
43928,0.8735387610741746
43929,1
43930,1
43931,0.855695096600518
43932,0.7057601746404771
43933,1
43934,0.6585138079266615
43935,1
43936,0.49266168976316305
43937,1
43938,0.9037368494219175
43939,1
43940,1
43941,1
43942,0.8430917372106829
43943,0.826328780270751
43944,1
43945,0.5308244091984848
43946,1
43947,0.8948748242834773
43948,0.8721958197854451
43949,1
43950,1
43951,1
43952,1
43953,1
43954,0.8473629969370412
43955,0.6793050809838689
43956,1
43957,0.7830021632393166
43958,0.7647955864261765
43959,1
43960,1
43961,1
43962,0.9052114738163799
43963,0.5408086242756883
43964,1
43965,1
43966,0.8969730134512891
43967,1
43968,0.6209864373794565
43969,1
43970,1
43971,1
43972,0.8874292359669268
43973,0.9329344527179542
43974,0.9214727373091264
43975,0.8343921028920269
43976,1
43977,0.8519716114853907
43978,1
43979,0.5703808629779883
43980,1
43981,0.9450408922320329
43982,1
43983,1
43984,0.8495512933114234
43985,1
43986,0.9402313794929033
43987,0.8709763379220704
43988,0.7908275384749012
43989,0.9278438913525286
43990,0.9385278355081768
43991,1
43992,1
43993,1
43994,1
43995,1
43996,1
43997,1
43998,1
43999,1
44000,1
44001,1
44002,1
44003,1
44004,0.9292439454916185
44005,1
44006,0.8710303564240629
44007,0.40348442543165447
44008,1
44009,0.8302890185775087
44010,0.9446596836493764
44011,1
44012,1
44013,0.9069539100392634
44014,1
44015,0.7192642097311827
44016,1
44017,0.7101058724627557
44018,1
44019,1
44020,1
44021,1
44022,1
44023,1
44024,0.9027013399925693
44025,1
44026,1
44027,1
44028,1
44029,1
44030,1
44031,1
44032,0.9225538348102444
44033,1
44034,1
44035,1
44036,1
44037,1
44038,1
44039,0.8532522800266318
44040,1
44041,0.8297587009861301
44042,1
44043,1
44044,1
44045,1
44046,0.9139453481360046
44047,0.9462151104053776
44048,1
44049,1
44050,0.938086802314676
44051,1
44052,1
44053,1
44054,0.8615767456252079
44055,1
44056,0.9143020381852026
44057,1
44058,0.9494331222857347
44059,1
44060,1
44061,1
44062,1
44063,1
44064,1
44065,1
44066,1
44067,1
44068,1
44069,1
44070,0.9245217324127307
44071,1
44072,1
44073,0.8185953308004068
44074,0.913384838446057
44075,1
44076,1
44077,1
44078,1
44079,0.9366571597438681
44080,1
44081,1
44082,1
44083,1
44084,0.8974882139427417
44085,1
44086,1
44087,1
44088,1
44089,1
44090,1
44091,1
44092,0.9427413477275214
44093,1
44094,1
44095,1
44096,0.7820952413760823
44097,1
44098,1
44099,0.825406238457606
44100,1
44101,1
44102,0.8330317485203937
44103,1
44104,1
44105,1
44106,1
44107,1
44108,1
44109,0.7665998087756968
44110,1
44111,1
44112,1
44113,1
44114,1
44115,1
44116,1
44117,1
44118,0.9448323730394107
44119,1
44120,0.9444969539383671
44121,0.9485218927454279
44122,1
44123,1
44124,1
44125,0.6050567144426734
44126,0.8767826670209068
44127,0.8701667933631241
44128,1
44129,1
44130,1
44131,1
44132,1
44133,1
44134,1
44135,1
44136,0.9498427620042709
44137,1
44138,1
44139,1
44140,1
44141,1
44142,1
44143,1
44144,1
44145,1
44146,1
44147,0.8828877267605751
44148,1
44149,1
44150,1
44151,0.9360158603278719
44152,1
44153,1
44154,1
44155,0.739861762150983
44156,0.9461606618286719
44157,0.9199942317030354
44158,1
44159,1
44160,1
44161,1
44162,1
44163,0.8294416620919498
44164,1
44165,0.9245217324127307
44166,0.41933871260297145
44167,0.7855827773119064
44168,1
44169,1
44170,1
44171,0.5112100145107132
44172,1
44173,1
44174,1
44175,1
44176,1
44177,1
44178,0.6402188647993152
44179,1
44180,1
44181,1
44182,1
44183,1
44184,1
44185,0.8775445498095156
44186,0.8660360216503562
44187,1
44188,1
44189,1
44190,1
44191,1
44192,1
44193,1
44194,0.6831933581993964
44195,0.9341718289074437
44196,0.8552036562485079
44197,0.8407198200822003
44198,1
44199,1
44200,1
44201,0.896689586038032
44202,0.9306932842742516
44203,0.7678748638216054
44204,1
44205,1
44206,1
44207,0.9413821731943081
44208,1
44209,1
44210,1
44211,1
44212,1
44213,1
44214,1
44215,0.7268456572045962
44216,1
44217,1
44218,0.9055203473899295
44219,1
44220,1
44221,1
44222,1
44223,1
44224,1
44225,0.9295985307626584
44226,1
44227,1
44228,1
44229,1
44230,1
44231,1
44232,0.5928877351488555
44233,1
44234,1
44235,0.763921634516392
44236,0.7701039460118121
44237,1
44238,0.9463572757474166
44239,1
44240,0.7627893256420837
44241,0.882158527037212
44242,0.9378287473241277
44243,0.6788786805611575
44244,0.938297373468542
44245,1
44246,1
44247,0.6585138079266615
44248,0.8200743322349757
44249,0.49266168976316305
44250,0.8284389252771213
44251,1
44252,0.9143459654215579
44253,1
44254,0.9449644527705872
44255,1
44256,0.6201210431207331
44257,1
44258,0.94271832862162
44259,1
44260,1
44261,0.8033787569930998
44262,1
44263,0.8213975228400707
44264,1
44265,0.7435463463706184
44266,0.9424935891653574
44267,1
44268,1
44269,1
44270,1
44271,0.938297373468542
44272,0.9177666238975586
44273,1
44274,1
44275,0.828014870544009
44276,1
44277,1
44278,1
44279,1
44280,1
44281,1
44282,0.9410714986408473
44283,1
44284,1
44285,1
44286,1
44287,1
44288,1
44289,1
44290,0.9156772631609222
44291,0.902538109415055
44292,0.9419261389258121
44293,1
44294,1
44295,1
44296,1
44297,0.9049070606028209
44298,1
44299,1
44300,1
44301,1
44302,0.6283211469714559
44303,0.8955747787148789
44304,1
44305,1
44306,1
44307,0.9395294404709221
44308,0.6523619807216935
44309,1
44310,0.9214900000568367
44311,1
44312,1
44313,1
44314,1
44315,1
44316,0.9308987895156399
44317,1
44318,1
44319,1
44320,1
44321,1
44322,0.9296094574639691
44323,1
44324,1
44325,1
44326,0.784104074596775
44327,1
44328,1
44329,1
44330,0.8709374897261908
44331,0.8379505728669683
44332,1
44333,0.7344249320010077
44334,0.853482339770586
44335,1
44336,1
44337,1
44338,1
44339,1
44340,0.92973391241977
44341,0.5329660658297437
44342,1
44343,1
44344,1
44345,1
44346,0.8252486043651566
44347,1
44348,1
44349,1
44350,1
44351,1
44352,1
44353,1
44354,1
44355,0.8721301180774025
44356,0.9290608622850859
44357,1
44358,0.9461872256651912
44359,1
44360,1
44361,1
44362,1
44363,1
44364,1
44365,1
44366,1
44367,1
44368,0.9178747399015685
44369,0.9160114867472999
44370,0.9379403356042109
44371,1
44372,0.5408086242756883
44373,1
44374,0.9495791719272868
44375,1
44376,1
44377,1
44378,0.938297373468542
44379,0.8746157549967221
44380,1
44381,1
44382,1
44383,0.9299300209362936
44384,0.885222396143208
44385,1
44386,1
44387,1
44388,1
44389,0.8794807810151489
44390,0.8729299677330642
44391,0.8462588682768729
44392,1
44393,1
44394,0.41145711180240746
44395,1
44396,0.9217568435474349
44397,0.8805777640625735
44398,0.3605218037384304
44399,0.8749457283434848
44400,0.8372377466066658
44401,0.9435844422788151
44402,1
44403,1
44404,0.9257025183512876
44405,0.9138251788671885
44406,0.792649707341499
44407,1
44408,0.9198971392558395
44409,0.8074077742965998
44410,1
44411,1
44412,0.5308244091984848
44413,0.8366719202873468
44414,0.3605218037384304
44415,1
44416,1
44417,1
44418,1
44419,1
44420,1
44421,1
44422,1
44423,1
44424,0.882290309194584
44425,1
44426,1
44427,1
44428,0.909756443056339
44429,0.6849751873576586
44430,0.9250440373223081
44431,1
44432,1
44433,1
44434,1
44435,1
44436,1
44437,1
44438,0.9491642355591824
44439,0.845895985126315
44440,1
44441,0.8742849005624547
44442,1
44443,1
44444,1
44445,1
44446,1
44447,1
44448,1
44449,0.8992859391806531
44450,1
44451,1
44452,1
44453,0.8665491482840314
44454,1
44455,0.9493822558623177
44456,1
44457,0.8742360370426894
44458,0.9395473427885391
44459,0.9404866371377198
44460,0.9378986462546264
44461,1
44462,1
44463,0.9215323715750302
44464,1
44465,1
44466,0.5903226494243273
44467,1
44468,0.8968748226635189
44469,0.6768915948392109
44470,1
44471,1
44472,1
44473,1
44474,1
44475,1
44476,1
44477,1
44478,0.9204963391123525
44479,1
44480,1
44481,1
44482,0.9477215748171288
44483,1
44484,1
44485,1
44486,0.9060907851086918
44487,1
44488,1
44489,1
44490,1
44491,0.8090526286290156
44492,0.8553004736843001
44493,1
44494,1
44495,1
44496,1
44497,1
44498,1
44499,1
44500,0.9016513724600733
44501,0.8985458354589904
44502,1
44503,1
44504,1
44505,1
44506,1
44507,1
44508,1
44509,1
44510,1
44511,1
44512,1
44513,1
44514,1
44515,1
44516,1
44517,1
44518,1
44519,1
44520,0.9425821481591029
44521,1
44522,1
44523,0.7815444357119353
44524,0.9378715996294305
44525,1
44526,1
44527,0.9361466480920756
44528,1
44529,1
44530,0.8200743322349757
44531,0.9305266256972882
44532,1
44533,1
44534,1
44535,0.8119713787395205
44536,1
44537,0.9485600591786013
44538,1
44539,1
44540,0.9404717618501893
44541,0.9290219804766319
44542,1
44543,0.9334566613244393
44544,1
44545,1
44546,0.8121645964320291
44547,1
44548,0.9276757817703137
44549,0.37683718174255004
44550,1
44551,1
44552,1
44553,0.7464029457547071
44554,1
44555,1
44556,1
44557,1
44558,1
44559,1
44560,1
44561,1
44562,0.8675639443725912
44563,1
44564,1
44565,0.6775501804118899
44566,0.9445090199567828
44567,1
44568,1
44569,1
44570,1
44571,0.7920649144750631
44572,1
44573,1
44574,1
44575,0.9039434173762333
44576,1
44577,1
44578,0.926990725219508
44579,1
44580,1
44581,1
44582,1
44583,0.8939740624716668
44584,1
44585,1
44586,0.8981312884455002
44587,1
44588,1
44589,1
44590,1
44591,1
44592,1
44593,1
44594,1
44595,0.7830021632393166
44596,1
44597,1
44598,1
44599,1
44600,0.9277337136738866
44601,1
44602,1
44603,1
44604,1
44605,1
44606,1
44607,0.8434954084888248
44608,1
44609,0.9377132900975945
44610,0.8090526286290156
44611,1
44612,1
44613,0.9469717004275762
44614,1
44615,0.9175051469237049
44616,1
44617,0.7950654308964228
44618,0.8878197556419634
44619,1
44620,0.803620756712062
44621,1
44622,0.9282164981700963
44623,1
44624,1
44625,1
44626,0.9215305514069402
44627,0.8950103166553367
44628,1
44629,0.9077774757695657
44630,1
44631,1
44632,1
44633,1
44634,0.9061702707921594
44635,1
44636,1
44637,1
44638,1
44639,1
44640,1
44641,1
44642,1
44643,1
44644,1
44645,0.9126722130693196
44646,1
44647,0.8252486043651566
44648,1
44649,1
44650,1
44651,1
44652,0.8397066515147226
44653,1
44654,0.9267312402364868
44655,1
44656,0.9299937415175259
44657,0.8615767456252079
44658,0.9309161003838076
44659,1
44660,1
44661,0.9490173560105407
44662,1
44663,1
44664,0.8648433261286504
44665,1
44666,1
44667,1
44668,0.8341286974704595
44669,1
44670,0.6402188647993152
44671,1
44672,0.9361492473336049
44673,1
44674,1
44675,1
44676,0.8454850063754342
44677,1
44678,1
44679,0.7139371272194502
44680,0.9130071570048285
44681,1
44682,1
44683,0.8705929881969517
44684,1
44685,1
44686,1
44687,1
44688,1
44689,0.9337565174349733
44690,1
44691,1
44692,0.8659499157561663
44693,1
44694,1
44695,0.9488050321828744
44696,1
44697,1
44698,0.6235462090956386
44699,0.9026463287317557
44700,0.8420989083926446
44701,1
44702,1
44703,1
44704,1
44705,1
44706,1
44707,0.8550665280047303
44708,0.7251030167848348
44709,0.8550291397470217
44710,1
44711,1
44712,1
44713,1
44714,1
44715,1
44716,0.7575217395533954
44717,1
44718,1
44719,1
44720,0.8281766459256282
44721,0.9369900156770595
44722,1
44723,0.882158527037212
44724,1
44725,1
44726,0.7772123714040884
44727,1
44728,1
44729,1
44730,1
44731,0.9328392660679358
44732,1
44733,1
44734,0.9294642899823501
44735,0.9215323715750302
44736,1
44737,1
44738,1
44739,1
44740,1
44741,0.9348552422589271
44742,1
44743,1
44744,1
44745,1
44746,1
44747,1
44748,0.8759013095889079
44749,0.8518026082276411
44750,0.9362515893923615
44751,1
44752,0.7855827773119064
44753,1
44754,1
44755,0.904160063231318
44756,1
44757,0.850653365456484
44758,1
44759,1
44760,0.748440300025373
44761,0.9148892288622044
44762,0.7646052048909152
44763,1
44764,1
44765,0.9277834986180862
44766,0.813970317856339
44767,1
44768,0.9412084348074229
44769,1
44770,1
44771,1
44772,0.892631163835655
44773,1
44774,0.9013167620257786
44775,1
44776,1
44777,1
44778,1
44779,0.9451611771885942
44780,1
44781,1
44782,1
44783,1
44784,0.906047855488915
44785,1
44786,1
44787,1
44788,0.852920597215767
44789,0.8118516788384434
44790,1
44791,0.8544465072631301
44792,1
44793,1
44794,1
44795,0.8729299677330642
44796,0.9295985307626584
44797,1
44798,1
44799,1
44800,1
44801,1
44802,1
44803,1
44804,1
44805,0.9453048899795486
44806,1
44807,1
44808,0.8709022589011182
44809,1
44810,0.9319637785212269
44811,1
44812,0.9250072396740463
44813,1
44814,1
44815,1
44816,1
44817,0.9423371608850925
44818,1
44819,1
44820,0.8407575457242138
44821,1
44822,0.9397024260928142
44823,1
44824,1
44825,1
44826,1
44827,0.5887721055946515
44828,1
44829,0.8964100307901154
44830,0.8266646310905738
44831,1
44832,1
44833,1
44834,1
44835,1
44836,1
44837,1
44838,1
44839,0.9445212387478624
44840,1
44841,1
44842,1
44843,0.46492715523788775
44844,1
44845,1
44846,1
44847,1
44848,1
44849,1
44850,0.9461827461642972
44851,1
44852,1
44853,0.9237691174780562
44854,1
44855,1
44856,1
44857,1
44858,0.9079359703257683
44859,1
44860,0.8266928303942126
44861,1
44862,1
44863,1
44864,1
44865,0.7571281072496331
44866,0.9354229504593058
44867,1
44868,0.9175352088416181
44869,1
44870,0.9429644013977085
44871,1
44872,1
44873,1
44874,1
44875,0.9427648190182222
44876,1
44877,0.9198861119651698
44878,1
44879,1
44880,0.882290309194584
44881,1
44882,1
44883,0.8896656212747182
44884,1
44885,1
44886,1
44887,1
44888,0.896153573991849
44889,1
44890,1
44891,0.9459902201671176
44892,1
44893,0.8969296751733046
44894,1
44895,1
44896,0.8813370804633549
44897,1
44898,1
44899,1
44900,1
44901,0.9078569625989825
44902,0.8272723396112671
44903,1
44904,1
44905,1
44906,1
44907,0.911933432600174
44908,0.6547419043884276
44909,1
44910,1
44911,0.49266168976316305
44912,1
44913,1
44914,1
44915,0.8500613545356797
44916,1
44917,1
44918,0.9089355372529971
44919,1
44920,0.8398429090047489
44921,1
44922,1
44923,1
44924,1
44925,0.9316411869278172
44926,0.7345116947699734
44927,0.7326680158617976
44928,1
44929,1
44930,1
44931,0.9056769130278174
44932,0.9050189880969955
44933,1
44934,1
44935,1
44936,0.9079359703257683
44937,1
44938,1
44939,1
44940,0.9175380957608191
44941,1
44942,1
44943,1
44944,0.9421541117751779
44945,0.8997738445296589
44946,1
44947,1
44948,1
44949,1
44950,1
44951,1
44952,0.815451500635205
44953,1
44954,0.8037531530830452
44955,0.8197201893547658
44956,0.6402188647993152
44957,1
44958,1
44959,1
44960,0.8864259416142425
44961,1
44962,1
44963,0.6788786805611575
44964,1
44965,1
44966,1
44967,1
44968,1
44969,1
44970,0.705688208877203
44971,1
44972,0.48581060734352743
44973,1
44974,1
44975,1
44976,0.9178378098556678
44977,1
44978,1
44979,0.9007062314924065
44980,1
44981,0.9473143560748878
44982,0.5112100145107132
44983,1
44984,1
44985,0.7776376303166662
44986,1
44987,1
44988,1
44989,1
44990,1
44991,1
44992,1
44993,1
44994,1
44995,0.617904555229479
44996,1
44997,1
44998,1
44999,0.8749457283434848
45000,0.92464737033173094
45001,1
45002,1
45003,1
45004,1
45005,1
45006,1
45007,1
45008,1
45009,1
45010,0.8668528950802583
45011,1
45012,1
45013,0.8860512307629099
45014,1
45015,1
45016,1
45017,1
45018,1
45019,0.9419047300400144
45020,1
45021,0.8361944817496891
45022,0.8719384317200277
45023,1
45024,1
45025,0.899119340863339
45026,1
45027,1
45028,1
45029,0.9053759674182628
45030,1
45031,1
45032,1
45033,0.9036495966796854
45034,0.7887140940079808
45035,0.830526514700838
45036,1
45037,0.9136944189323178
45038,1
45039,1
45040,0.898066608852124
45041,1
45042,1
45043,1
45044,1
45045,0.9485709996047696
45046,1
45047,1
45048,1
45049,0.8981013343675437
45050,1
45051,1
45052,1
45053,1
45054,0.9402678912581618
45055,0.9446596836493764
45056,1
45057,1
45058,1
45059,1
45060,1
45061,1
45062,1
45063,1
45064,1
45065,1
45066,0.8909073321945568
45067,0.9082209456086173
45068,1
45069,0.5078137074104829
45070,1
45071,1
45072,0.8992859391806531
45073,1
45074,1
45075,0.7171550488220934
45076,1
45077,0.904160063231318
45078,0.600797327984531
45079,1
45080,1
45081,1
45082,1
45083,0.9069565266370101
45084,0.9052446508159309
45085,1
45086,1
45087,1
45088,1
45089,1
45090,1
45091,1
45092,1
45093,1
45094,1
45095,0.8714723806038619
45096,1
45097,1
45098,0.84623887737629655
45099,1
45100,1
45101,0.8126134926192341
45102,1
45103,1
45104,1
45105,1
45106,1
45107,1
45108,0.762023348854702
45109,0.9488410859646406
45110,1
45111,0.9120036424252622
45112,1
45113,0.5724513200012241
45114,0.9328390987770276
45115,1
45116,1
45117,1
45118,1
45119,1
45120,1
45121,1
45122,0.6390033476108056
45123,1
45124,1
45125,1
45126,1
45127,1
45128,0.7292894018733049
45129,1
45130,0.9427747133891285
45131,1
45132,1
45133,1
45134,0.6594788077677959
45135,0.8277107042237845
45136,0.762023348854702
45137,0.7691250241185462
45138,1
45139,1
45140,1
45141,1
45142,1
45143,0.9307620052674478
45144,1
45145,1
45146,1
45147,0.9035374275105416
45148,1
45149,1
45150,0.9450762776346913
45151,1
45152,1
45153,1
45154,0.8564548874221499
45155,0.912229586664141
45156,1
45157,1
45158,1
45159,1
45160,1
45161,1
45162,1
45163,1
45164,1
45165,0.8821723075288975
45166,1
45167,1
45168,1
45169,1
45170,1
45171,1
45172,1
45173,1
45174,1
45175,0.940641594631175
45176,1
45177,1
45178,0.883914518838521
45179,1
45180,1
45181,1
45182,1
45183,0.9368487944412498
45184,0.5373773716544009
45185,1
45186,1
45187,0.8311218021159871
45188,0.8564548874221499
45189,1
45190,0.9053759674182628
45191,1
45192,1
45193,0.40597525503242865
45194,1
45195,1
45196,1
45197,1
45198,1
45199,1
45200,1
45201,1
45202,0.9491572097543975
45203,1
45204,1
45205,1
45206,1
45207,1
45208,1
45209,0.8864221632253089
45210,1
45211,1
45212,1
45213,1
45214,1
45215,1
45216,1
45217,1
45218,0.9451611771885942
45219,1
45220,0.9120374214460788
45221,1
45222,1
45223,0.945157030265492
45224,1
45225,1
45226,1
45227,0.7767211547351618
45228,1
45229,0.9156297010192481
45230,1
45231,1
45232,1
45233,1
45234,0.9169926441559101
45235,0.9295985307626584
45236,0.9173000497641813
45237,1
45238,0.8205320132331394
45239,1
45240,0.9000087940382507
45241,1
45242,1
45243,1
45244,0.9183089933477127
45245,0.8824968287818767
45246,1
45247,1
45248,1
45249,1
45250,1
45251,1
45252,1
45253,1
45254,1
45255,0.9100519745633643
45256,1
45257,1
45258,0.8827530546024939
45259,0.7250931945592004
45260,0.5875152085933727
45261,1
45262,1
45263,1
45264,1
45265,0.9386443433529157
45266,1
45267,1
45268,0.9465654493956492
45269,0.6889512443580005
45270,1
45271,1
45272,1
45273,1
45274,1
45275,1
45276,1
45277,1
45278,0.7387561949586137
45279,1
45280,1
45281,1
45282,1
45283,0.938297373468542
45284,1
45285,1
45286,1
45287,0.8376287998398548
45288,1
45289,0.9377622997669218
45290,1
45291,1
45292,1
45293,0.9021196108857901
45294,1
45295,1
45296,1
45297,1
45298,1
45299,1
45300,0.570668142386897
45301,1
45302,0.9259398073950811
45303,0.9168061418815954
45304,0.9152607699786381
45305,1
45306,1
45307,0.570668142386897
45308,1
45309,0.6105479273449718
45310,0.9416887926163359
45311,1
45312,1
45313,0.4172022335303556
45314,0.727344890469895
45315,1
45316,1
45317,1
45318,1
45319,1
45320,0.8119713787395205
45321,0.8705929881969517
45322,1
45323,0.8181073215149365
45324,1
45325,1
45326,1
45327,1
45328,0.9337658697461239
45329,0.7298366224946445
45330,1
45331,1
45332,1
45333,1
45334,0.8341936474459313
45335,1
45336,1
45337,1
45338,1
45339,0.6098912007058062
45340,1
45341,1
45342,1
45343,1
45344,0.8184683193106489
45345,1
45346,0.830526514700838
45347,0.4172022335303556
45348,0.9434893477776377
45349,1
45350,0.9314414171796929
45351,1
45352,1
45353,1
45354,1
45355,0.8256663561157055
45356,1
45357,1
45358,0.8366719202873468
45359,1
45360,0.570668142386897
45361,1
45362,1
45363,1
45364,0.944409995491337
45365,1
45366,0.9491450646025911
45367,1
45368,1
45369,1
45370,1
45371,1
45372,0.911157571614085
45373,1
45374,0.9445045314827152
45375,1
45376,1
45377,0.8061453807757549
45378,1
45379,1
45380,0.9299937415175259
45381,1
45382,0.6920045657950943
45383,1
45384,1
45385,0.7820952413760823
45386,1
45387,1
45388,1
45389,1
45390,1
45391,1
45392,0.931080239378987
45393,0.8922372317950158
45394,1
45395,0.9150036492135982
45396,1
45397,1
45398,1
45399,1
45400,1
45401,0.8946454635263941
45402,1
45403,1
45404,0.9449047529953706
45405,1
45406,0.9097249377827504
45407,0.9035374275105416
45408,1
45409,1
45410,1
45411,0.8277107042237845
45412,1
45413,1
45414,1
45415,0.6402188647993152
45416,1
45417,0.9257063312872021
45418,0.5308244091984848
45419,0.9306932842742516
45420,1
45421,1
45422,1
45423,1
45424,1
45425,1
45426,1
45427,0.9191907476211657
45428,0.9240675359207081
45429,1
45430,1
45431,1
45432,1
45433,0.8317467431924805
45434,1
45435,1
45436,1
45437,1
45438,0.9415686754711713
45439,1
45440,1
45441,1
45442,1
45443,0.6547419043884276
45444,0.9348405151968444
45445,0.9443446797153883
45446,1
45447,1
45448,1
45449,0.48455422865330006
45450,0.9421743153007814
45451,1
45452,1
45453,1
45454,1
45455,0.9079359703257683
45456,1
45457,1
45458,0.8252486043651566
45459,1
45460,1
45461,1
45462,0.815451500635205
45463,0.9432932413406643
45464,1
45465,1
45466,1
45467,1
45468,0.9357031355271284
45469,1
45470,0.940072966104333
45471,0.8969730134512891
45472,1
45473,0.5566427176043954
45474,1
45475,0.5917910279255543
45476,1
45477,0.9328613430379086
45478,1
45479,0.940853494586447
45480,1
45481,0.9438594915126749
45482,0.6136246940127021
45483,1
45484,0.8157074420342518
45485,1
45486,1
45487,0.6788786805611575
45488,0.9069843600880194
45489,1
45490,1
45491,1
45492,0.9432277866580091
45493,1
45494,1
45495,1
45496,0.600797327984531
45497,0.9290219804766319
45498,1
45499,1
45500,1
45501,1
45502,0.8896539125507801
45503,1
45504,1
45505,0.938910433351806
45506,0.9470221774348935
45507,0.9416887926163359
45508,0.5325526476088471
45509,1
45510,1
45511,1
45512,1
45513,1
45514,1
45515,0.9361864371229895
45516,1
45517,0.7189461781030627
45518,1
45519,1
45520,0.8909873941043901
45521,0.9224902727348351
45522,0.9138251788671885
45523,1
45524,1
45525,0.9349782636892454
45526,1
45527,1
45528,1
45529,1
45530,1
45531,1
45532,1
45533,1
45534,1
45535,1
45536,1
45537,0.7830021632393166
45538,1
45539,0.7802844672995399
45540,1
45541,0.9278438913525286
45542,1
45543,0.9255590956437632
45544,1
45545,0.9319258381270441
45546,0.9008118407075524
45547,0.6418398736073275
45548,1
45549,1
45550,1
45551,0.9122579712215334
45552,1
45553,1
45554,0.8277378029584362
45555,1
45556,1
45557,1
45558,1
45559,0.8969487724717383
45560,1
45561,1
45562,1
45563,0.9331569577472617
45564,0.90835302056864
45565,1
45566,0.843730836059928
45567,0.8363491264358872
45568,1
45569,1
45570,0.6715273910330568
45571,1
45572,1
45573,1
45574,0.9309431608917855
45575,1
45576,0.8616262011721642
45577,0.8602125844642168
45578,1
45579,0.9034034789151919
45580,1
45581,1
45582,0.5399644388948595
45583,1
45584,1
45585,1
45586,1
45587,1
45588,1
45589,1
45590,1
45591,1
45592,1
45593,1
45594,1
45595,1
45596,0.9025497179290689
45597,1
45598,0.9344271416897749
45599,1
45600,0.9416144157772328
45601,0.6695005923323716
45602,0.8532069777791736
45603,1
45604,1
45605,1
45606,0.9341359370099954
45607,1
45608,1
45609,1
45610,1
45611,1
45612,0.9381624784662742
45613,0.8559182941490148
45614,1
45615,0.6788786805611575
45616,0.8411399439679377
45617,1
45618,1
45619,0.9369003144853478
45620,1
45621,1
45622,1
45623,1
45624,1
45625,1
45626,0.9210457827333829
45627,1
45628,0.80625210382973
45629,1
45630,1
45631,1
45632,1
45633,1
45634,1
45635,1
45636,1
45637,0.8690434313364297
45638,1
45639,0.9345770826501297
45640,0.8921204699964731
45641,1
45642,0.8886399156666781
45643,1
45644,1
45645,1
45646,1
45647,0.8582825642407415
45648,0.8735827244364485
45649,1
45650,1
45651,1
45652,0.9315563842163834
45653,0.827090363030181
45654,0.8624734535972602
45655,0.7189461781030627
45656,1
45657,1
45658,0.7762722636667282
45659,0.9109558495083835
45660,1
45661,0.8899659998045024
45662,0.8185953308004068
45663,0.793170659184894
45664,0.7723760325050378
45665,1
45666,0.4172022335303556
45667,1
45668,1
45669,0.7840088215601726
45670,1
45671,0.7116640080477467
45672,1
45673,1
45674,1
45675,0.946865031488913
45676,1
45677,0.9459773153976968
45678,1
45679,0.9476047915050818
45680,1
45681,0.9399930332987178
45682,1
45683,0.912662493596361
45684,1
45685,0.8948586491312607
45686,1
45687,1
45688,1
45689,0.5568207262836085
45690,1
45691,1
45692,0.8639525596319113
45693,1
45694,1
45695,1
45696,1
45697,0.8472520771726301
45698,1
45699,0.9021723879558949
45700,1
45701,1
45702,1
45703,1
45704,1
45705,1
45706,1
45707,0.8566148263579738
45708,1
45709,1
45710,1
45711,1
45712,1
45713,0.9427413477275214
45714,1
45715,1
45716,1
45717,1
45718,1
45719,1
45720,1
45721,1
45722,1
45723,1
45724,0.9267917824808785
45725,1
45726,0.9368279802960333
45727,1
45728,1
45729,0.9199216936600857
45730,0.9335642328112471
45731,1
45732,0.9239605621286353
45733,0.44933706189866945
45734,1
45735,1
45736,1
45737,0.9404866371377198
45738,1
45739,1
45740,1
45741,1
45742,1
45743,1
45744,0.8476579833310077
45745,0.9236207637169501
45746,1
45747,0.9320860724657953
45748,1
45749,1
45750,1
45751,1
45752,1
45753,1
45754,1
45755,1
45756,1
45757,1
45758,1
45759,0.8770646974053866
45760,1
45761,1
45762,1
45763,1
45764,1
45765,1
45766,1
45767,1
45768,0.835546172031628
45769,0.9320860724657953
45770,0.8418857184620654
45771,0.9488410859646406
45772,1
45773,1
45774,0.9162635757254175
45775,0.8850152080120846
45776,1
45777,0.9493868369998372
45778,1
45779,0.6682571611322374
45780,1
45781,1
45782,1
45783,0.6819018058382977
45784,1
45785,1
45786,1
45787,0.7322266147972709
45788,1
45789,1
45790,1
45791,1
45792,1
45793,0.8787804760158644
45794,1
45795,1
45796,0.8539617330934094
45797,0.9074279212274443
45798,1
45799,1
45800,1
45801,1
45802,1
45803,1
45804,1
45805,0.9251886855904843
45806,1
45807,1
45808,1
45809,1
45810,0.9052446508159309
45811,1
45812,1
45813,0.9133140892673648
45814,1
45815,1
45816,1
45817,0.8708951810406761
45818,1
45819,1
45820,1
45821,1
45822,0.9458284887334679
45823,1
45824,1
45825,1
45826,0.7947548375678529
45827,0.9391759563570892
45828,1
45829,1
45830,1
45831,1
45832,1
45833,0.9488156091988725
45834,1
45835,1
45836,1
45837,1
45838,0.5473246652865293
45839,1
45840,1
45841,1
45842,1
45843,0.5176713932485466
45844,1
45845,1
45846,1
45847,1
45848,1
45849,0.6314074573846035
45850,1
45851,0.9288048427215077
45852,1
45853,0.9034034789151919
45854,1
45855,0.9184578541200062
45856,0.8040533167888009
45857,1
45858,1
45859,1
45860,1
45861,1
45862,1
45863,1
45864,0.9288770925281883
45865,1
45866,1
45867,0.6380582991933375
45868,1
45869,0.9463572757474166
45870,0.9306812654626151
45871,1
45872,1
45873,1
45874,1
45875,1
45876,0.9293005970435015
45877,1
45878,1
45879,1
45880,1
45881,0.921638377543037
45882,0.9281823439041929
45883,1
45884,0.9374446351361079
45885,1
45886,1
45887,1
45888,1
45889,1
45890,1
45891,1
45892,0.9448323730394107
45893,1
45894,0.9241402477197566
45895,1
45896,1
45897,1
45898,1
45899,1
45900,0.9284959994720652
45901,1
45902,1
45903,1
45904,1
45905,1
45906,1
45907,0.710186436021401
45908,1
45909,1
45910,1
45911,0.8742717404196808
45912,0.556580528024074
45913,0.9441411481151567
45914,0.9259398073950811
45915,0.9014843520398299
45916,1
45917,1
45918,1
45919,0.5670463004770423
45920,0.9485071254301646
45921,0.8622481133311115
45922,1
45923,0.9494331222857347
45924,1
45925,1
45926,1
45927,1
45928,1
45929,1
45930,1
45931,1
45932,1
45933,1
45934,1
45935,1
45936,1
45937,1
45938,1
45939,1
45940,1
45941,1
45942,0.9420820864777785
45943,1
45944,1
45945,0.8290068527450524
45946,1
45947,1
45948,0.48581060734352743
45949,1
45950,1
45951,1
45952,1
45953,0.931080239378987
45954,1
45955,1
45956,1
45957,1
45958,1
45959,0.7287634238421427
45960,0.8999452251207067
45961,0.909756443056339
45962,1
45963,0.793170659184894
45964,1
45965,1
45966,1
45967,1
45968,0.9123457362058752
45969,0.8980058415273341
45970,0.6249682293313573
45971,1
45972,1
45973,0.9283009283703961
45974,0.94278879856128
45975,1
45976,0.7195490620202493
45977,0.8864259416142425
45978,1
45979,1
45980,1
45981,0.9030107355384568
45982,1
45983,1
45984,1
45985,1
45986,1
45987,1
45988,1
45989,1
45990,1
45991,1
45992,1
45993,0.9484093366229611
45994,1
45995,1
45996,1
45997,1
45998,1
45999,0.9342788303567289
46000,1
46001,1
46002,1
46003,1
46004,0.754830417559849
46005,0.9360697880048222
46006,0.7340953481345196
46007,0.8862174328855543
46008,1
46009,0.815451500635205
46010,0.9328613430379086
46011,0.9179122909512152
46012,0.4340464136993472
46013,0.6909226031781092
46014,0.23052447833849996
46015,0.7830021632393166
46016,1
46017,1
46018,1
46019,0.9179997809560522
46020,1
46021,1
46022,1
46023,0.6689730123435976
46024,1
46025,0.9283869813022714
46026,0.6828762022320933
46027,1
46028,1
46029,1
46030,1
46031,0.9180257530222896
46032,0.868677443564525
46033,1
46034,1
46035,1
46036,1
46037,0.889418780013705
46038,0.7914333212640152
46039,1
46040,1
46041,1
46042,1
46043,1
46044,1
46045,1
46046,1
46047,1
46048,0.946835730871782
46049,0.795317028397798
46050,1
46051,1
46052,1
46053,0.7344249320010077
46054,1
46055,1
46056,0.8277107042237845
46057,0.9332450082450171
46058,1
46059,1
46060,1
46061,1
46062,1
46063,1
46064,1
46065,1
46066,1
46067,1
46068,1
46069,1
46070,0.8797258721808513
46071,0.947027204408847
46072,0.7921275420515768
46073,1
46074,0.8932152121134425
46075,1
46076,1
46077,0.899603303136366
46078,0.93160542785482
46079,0.9427413477275214
46080,1
46081,1
46082,1
46083,1
46084,0.8592543074333562
46085,0.8955988083614269
46086,1
46087,1
46088,1
46089,1
46090,1
46091,1
46092,0.8744548327114899
46093,0.8828388121962137
46094,1
46095,1
46096,0.9476931980541943
46097,1
46098,0.9123457362058752
46099,1
46100,1
46101,0.7708609942196905
46102,1
46103,1
46104,0.919668109379325
46105,0.5990731442636797
46106,1
46107,1
46108,1
46109,1
46110,1
46111,1
46112,1
46113,1
46114,1
46115,0.8591524040360149
46116,0.9306932842742516
46117,1
46118,1
46119,1
46120,1
46121,1
46122,0.8845834777029207
46123,1
46124,1
46125,1
46126,1
46127,0.9459154543094697
46128,1
46129,0.9184721440072384
46130,1
46131,1
46132,1
46133,1
46134,0.8868850306580499
46135,1
46136,1
46137,1
46138,1
46139,1
46140,1
46141,0.8662652168238864
46142,1
46143,0.9427413477275214
46144,0.913384838446057
46145,0.8622481133311115
46146,1
46147,0.8213466229243931
46148,1
46149,1
46150,1
46151,0.863699624265607
46152,1
46153,0.8582825642407415
46154,1
46155,0.8366719202873468
46156,1
46157,0.8710303564240629
46158,0.9308179222055999
46159,0.8252486043651566
46160,0.9295985307626584
46161,1
46162,1
46163,0.7464029457547071
46164,1
46165,1
46166,1
46167,1
46168,1
46169,0.7711352939745527
46170,0.9015485873629286
46171,0.803620756712062
46172,1
46173,1
46174,0.937782952132007
46175,0.9024141451444949
46176,1
46177,1
46178,1
46179,1
46180,1
46181,0.9361442208573418
46182,1
46183,1
46184,0.909756443056339
46185,1
46186,1
46187,1
46188,0.9414976963024659
46189,0.5560723180419037
46190,1
46191,0.9302991776439332
46192,1
46193,1
46194,1
46195,1
46196,1
46197,1
46198,1
46199,1
46200,0.9283869813022714
46201,1
46202,1
46203,0.9198190134629701
46204,1
46205,0.8896454254371908
46206,1
46207,1
46208,0.5481620057468678
46209,1
46210,1
46211,0.9328613430379086
46212,1
46213,1
46214,1
46215,1
46216,0.9272379487323034
46217,1
46218,1
46219,1
46220,1
46221,1
46222,1
46223,1
46224,0.8946091429553453
46225,1
46226,0.8833353027545117
46227,1
46228,0.5670463004770423
46229,1
46230,0.8619267777571056
46231,0.6402188647993152
46232,1
46233,1
46234,1
46235,1
46236,1
46237,1
46238,1
46239,1
46240,0.9432708071042665
46241,1
46242,1
46243,1
46244,0.49266168976316305
46245,1
46246,0.8037531530830452
46247,1
46248,0.40348442543165447
46249,1
46250,0.8362301235152843
46251,1
46252,1
46253,0.9495791719272868
46254,1
46255,1
46256,1
46257,1
46258,1
46259,0.8317467431924805
46260,1
46261,1
46262,1
46263,1
46264,1
46265,0.6565054768815838
46266,0.9218728766108317
46267,0.8045081381152289
46268,0.9199216936600857
46269,0.9490173560105407
46270,1
46271,0.8668695189311612
46272,1
46273,1
46274,1
46275,0.9089355372529971
46276,1
46277,1
46278,1
46279,0.6843282542951961
46280,0.9345770826501297
46281,0.9095817115494549
46282,1
46283,0.8862893096721175
46284,1
46285,0.9194382589738125
46286,1
46287,0.9320860724657953
46288,0.938276086233735
46289,1
46290,1
46291,1
46292,1
46293,1
46294,1
46295,0.7977205074677173
46296,0.6713283337941407
46297,0.92464737033173094
46298,0.9383399781323457
46299,0.8579806294825782
46300,1
46301,0.867213441250579
46302,1
46303,1
46304,1
46305,1
46306,1
46307,0.9474250528502466
46308,1
46309,0.9301785991000641
46310,1
46311,1
46312,0.9366571597438681
46313,1
46314,0.935510968321392
46315,1
46316,0.8072139382875242
46317,0.504089490731127
46318,1
46319,1
46320,0.7953487173664069
46321,1
46322,1
46323,1
46324,0.8277107042237845
46325,0.9429644013977085
46326,1
46327,1
46328,1
46329,1
46330,0.9491843081860257
46331,1
46332,1
46333,1
46334,1
46335,1
46336,0.9215323715750302
46337,0.8894815996555061
46338,1
46339,1
46340,1
46341,1
46342,0.7399231299555377
46343,1
46344,1
46345,0.5911996787777455
46346,1
46347,0.8986513157458206
46348,1
46349,0.673253634668735
46350,1
46351,0.8006042877249631
46352,1
46353,1
46354,1
46355,1
46356,0.9177864105293778
46357,0.5986451929889223
46358,1
46359,1
46360,1
46361,1
46362,1
46363,0.8850260900889968
46364,0.7176244749963784
46365,1
46366,1
46367,1
46368,1
46369,1
46370,1
46371,1
46372,0.9188868396438544
46373,1
46374,1
46375,1
46376,1
46377,1
46378,1
46379,1
46380,0.8028790152272646
46381,1
46382,1
46383,1
46384,0.9047980717456597
46385,0.9131547242483644
46386,1
46387,0.5549893195618225
46388,0.903103234678642
46389,1
46390,1
46391,1
46392,1
46393,1
46394,1
46395,1
46396,1
46397,1
46398,0.9142562735457463
46399,0.8262835314647471
46400,1
46401,0.8842096441004523
46402,0.784713255743571
46403,1
46404,1
46405,1
46406,0.9181344919823539
46407,1
46408,1
46409,1
46410,1
46411,0.8591524040360149
46412,0.9254396596635929
46413,1
46414,1
46415,0.9300546999224258
46416,1
46417,1
46418,0.9407059476473572
46419,1
46420,1
46421,1
46422,1
46423,1
46424,1
46425,0.8969487724717383
46426,0.9421232932190896
46427,0.9361442208573418
46428,1
46429,1
46430,0.878577128711271
46431,1
46432,0.940853494586447
46433,0.9361466480920756
46434,1
46435,1
46436,1
46437,0.8949101369281046
46438,0.9267917824808785
46439,1
46440,0.9348234489210859
46441,1
46442,0.9490104071807856
46443,1
46444,1
46445,0.9356933958259973
46446,0.6758413648729557
46447,0.9250440373223081
46448,1
46449,1
46450,1
46451,1
46452,1
46453,0.940853494586447
46454,1
46455,1
46456,1
46457,1
46458,1
46459,0.9499446501793513
46460,1
46461,1
46462,1
46463,1
46464,0.6823048540115435
46465,1
46466,1
46467,1
46468,1
46469,0.7035112227915042
46470,1
46471,1
46472,1
46473,1
46474,0.9274028388703726
46475,0.7548482259341873
46476,0.8036443979632395
46477,1
46478,1
46479,1
46480,1
46481,1
46482,1
46483,0.9344271416897749
46484,1
46485,1
46486,1
46487,0.9354515766552046
46488,1
46489,1
46490,1
46491,1
46492,0.934694961742459
46493,1
46494,0.903829973236377
46495,1
46496,1
46497,1
46498,0.9252360742889971
46499,1
46500,1
46501,1
46502,1
46503,0.8554947606383
46504,1
46505,1
46506,1
46507,0.8897631235863755
46508,1
46509,1
46510,1
46511,1
46512,1
46513,1
46514,1
46515,1
46516,1
46517,1
46518,0.9163753506500759
46519,0.41933871260297145
46520,1
46521,1
46522,0.9496448435155811
46523,1
46524,1
46525,1
46526,0.9133133005592553
46527,1
46528,1
46529,0.7977212789714229
46530,0.6738000862423371
46531,0.8433916621907727
46532,0.9449128321921387
46533,1
46534,1
46535,1
46536,0.9328054695634682
46537,1
46538,0.9081601367143315
46539,1
46540,1
46541,0.9462151104053776
46542,0.9239521442382853
46543,0.9391792425965498
46544,1
46545,0.6105479273449718
46546,1
46547,1
46548,0.8570290393164279
46549,1
46550,0.9215323715750302
46551,1
46552,1
46553,0.8029139614181544
46554,1
46555,0.5684885367880653
46556,1
46557,1
46558,1
46559,1
46560,0.9114161015106237
46561,1
46562,1
46563,1
46564,0.8964014546435709
46565,1
46566,1
46567,1
46568,1
46569,0.9146063381496671
46570,1
46571,1
46572,0.7344249320010077
46573,1
46574,1
46575,1
46576,0.9069148188827277
46577,1
46578,1
46579,0.8571223671159736
46580,1
46581,1
46582,0.8837647459678861
46583,1
46584,1
46585,0.8365496794479877
46586,1
46587,1
46588,0.9486259966710925
46589,1
46590,1
46591,1
46592,1
46593,1
46594,0.9156772631609222
46595,1
46596,1
46597,1
46598,0.923428961896409
46599,1
46600,1
46601,1
46602,0.744074543099677
46603,1
46604,1
46605,1
46606,0.7464029457547071
46607,1
46608,1
46609,1
46610,0.8977818223756795
46611,1
46612,1
46613,0.8932041609207092
46614,1
46615,0.9291992641248377
46616,1
46617,1
46618,0.8515258488642691
46619,0.8067840494234144
46620,1
46621,1
46622,1
46623,0.9189585936870798
46624,1
46625,0.8336848463913432
46626,1
46627,0.8998856052181132
46628,1
46629,1
46630,1
46631,0.9325536685680528
46632,0.9183089933477127
46633,0.9267917824808785
46634,1
46635,1
46636,1
46637,1
46638,0.8983906658845962
46639,1
46640,1
46641,1
46642,1
46643,1
46644,1
46645,1
46646,0.8495512933114234
46647,1
46648,1
46649,1
46650,0.7991537684691251
46651,1
46652,0.8811642415947358
46653,1
46654,1
46655,1
46656,0.8832047117759394
46657,1
46658,1
46659,1
46660,1
46661,0.9202823428566493
46662,0.8647056585996227
46663,1
46664,1
46665,0.9339250908415218
46666,1
46667,0.9280886343071301
46668,0.940820425006858
46669,0.8805599371836523
46670,0.5253181271767782
46671,1
46672,0.9052114738163799
46673,1
46674,1
46675,1
46676,1
46677,0.9487432610806786
46678,1
46679,1
46680,0.5871607819315979
46681,1
46682,1
46683,0.9393398195323553
46684,1
46685,0.8500613545356797
46686,1
46687,0.8129122716065181
46688,0.5684885367880653
46689,0.9291844076393265
46690,1
46691,1
46692,1
46693,0.8035359897991466
46694,0.9067983568892766
46695,1
46696,0.9225832503472341
46697,0.9427755089424553
46698,1
46699,1
46700,0.8406700438376994
46701,1
46702,0.9437288537642058
46703,1
46704,0.938791664892323
46705,1
46706,1
46707,1
46708,1
46709,1
46710,1
46711,1
46712,1
46713,0.8615767456252079
46714,0.6402188647993152
46715,1
46716,0.8491825367680373
46717,0.9215323715750302
46718,1
46719,1
46720,0.8515258488642691
46721,1
46722,0.8754131832132197
46723,1
46724,1
46725,1
46726,1
46727,1
46728,1
46729,1
46730,0.6368732287335509
46731,1
46732,0.9115976011938299
46733,1
46734,1
46735,1
46736,1
46737,0.7388839061164181
46738,1
46739,0.8259915970383055
46740,0.9453048899795486
46741,1
46742,1
46743,0.9093689074848696
46744,1
46745,1
46746,1
46747,1
46748,1
46749,1
46750,0.8212364364810928
46751,1
46752,0.7762767098322769
46753,1
46754,0.6979704627565363
46755,1
46756,0.9051639361991692
46757,0.7781747067733128
46758,1
46759,1
46760,0.9326005030693304
46761,1
46762,1
46763,1
46764,0.8750790174078998
46765,1
46766,0.9485202350953229
46767,1
46768,1
46769,1
46770,1
46771,0.4687421681714064
46772,1
46773,1
46774,1
46775,1
46776,0.8336848463913432
46777,1
46778,1
46779,0.8702995711430135
46780,1
46781,1
46782,1
46783,1
46784,0.9345770826501297
46785,1
46786,1
46787,1
46788,1
46789,1
46790,1
46791,1
46792,1
46793,0.8690434313364297
46794,1
46795,1
46796,1
46797,0.8277107042237845
46798,1
46799,0.8894999932057673
46800,0.8654922598234158
46801,1
46802,1
46803,1
46804,1
46805,0.750842106348655
46806,0.9259836800848912
46807,1
46808,1
46809,1
46810,0.9100519745633643
46811,1
46812,1
46813,1
46814,1
46815,1
46816,0.9139070226583912
46817,1
46818,1
46819,1
46820,1
46821,1
46822,1
46823,1
46824,1
46825,1
46826,1
46827,1
46828,1
46829,0.9034034789151919
46830,1
46831,0.8976458827797064
46832,0.8252486043651566
46833,1
46834,1
46835,1
46836,1
46837,0.8153520453841608
46838,1
46839,1
46840,1
46841,1
46842,1
46843,1
46844,0.9347032116804918
46845,1
46846,1
46847,0.7212950399820459
46848,1
46849,1
46850,1
46851,1
46852,0.8199009941916319
46853,1
46854,1
46855,0.9397046142169613
46856,1
46857,1
46858,1
46859,1
46860,1
46861,0.9211423439807309
46862,0.9442006880246407
46863,1
46864,1
46865,0.8783747201233458
46866,1
46867,0.9160232973617479
46868,0.871076205734095
46869,0.8379505728669683
46870,1
46871,0.8978783586278565
46872,1
46873,1
46874,1
46875,1
46876,1
46877,0.8199009941916319
46878,0.6045853917423206
46879,1
46880,1
46881,0.6942845386705763
46882,1
46883,1
46884,0.7992689181196364
46885,1
46886,0.9420820864777785
46887,1
46888,1
46889,0.8247440388525383
46890,0.9479668370380661
46891,1
46892,0.8821686415337386
46893,0.9136944189323178
46894,1
46895,1
46896,0.9015484272618249
46897,0.9281025045928007
46898,0.868359434922712
46899,1
46900,0.7899405983591141
46901,1
46902,0.8839214712225537
46903,1
46904,0.93500744443162
46905,1
46906,1
46907,1
46908,1
46909,1
46910,1
46911,1
46912,0.9352346883506606
46913,1
46914,0.9306932842742516
46915,0.9380328500044652
46916,0.885401482276952
46917,1
46918,1
46919,1
46920,1
46921,1
46922,0.8624734535972602
46923,1
46924,0.7685011425660044
46925,0.6037910620813226
46926,1
46927,1
46928,1
46929,1
46930,1
46931,1
46932,1
46933,1
46934,1
46935,0.6563833025265245
46936,1
46937,1
46938,1
46939,1
46940,1
46941,1
46942,1
46943,1
46944,1
46945,1
46946,1
46947,1
46948,0.8574056261547683
46949,1
46950,1
46951,1
46952,0.7704754609641021
46953,1
46954,0.9215323715750302
46955,1
46956,1
46957,0.741159470323927
46958,1
46959,1
46960,0.9220344138486744
46961,0.8036443979632395
46962,1
46963,0.9410812829969968
46964,1
46965,1
46966,1
46967,1
46968,0.8740731640200372
46969,0.8152460142598674
46970,0.6217165506713903
46971,1
46972,0.9320860724657953
46973,0.7981415772804076
46974,0.9454619411998316
46975,1
46976,1
46977,0.8768380624539068
46978,1
46979,1
46980,1
46981,0.9294642899823501
46982,1
46983,0.9239206498132211
46984,0.8709489908848236
46985,0.921856511816167
46986,1
46987,1
46988,1
46989,1
46990,0.8253337593430923
46991,1
46992,0.8665491482840314
46993,0.8930887368083581
46994,1
46995,1
46996,0.8012290014166663
46997,0.841870859428717
46998,1
46999,1
47000,1
47001,1
47002,1
47003,0.9228023275163436
47004,1
47005,1
47006,1
47007,0.9237691174780562
47008,1
47009,0.9381892247692143
47010,0.9293202451783441
47011,0.9405183748362198
47012,1
47013,0.6402188647993152
47014,1
47015,0.9455710224838272
47016,1
47017,1
47018,1
47019,1
47020,1
47021,1
47022,1
47023,0.91669148323276894
47024,1
47025,1
47026,1
47027,1
47028,1
47029,0.8037137762088837
47030,1
47031,1
47032,1
47033,0.91122152776345
47034,1
47035,1
47036,1
47037,1
47038,1
47039,1
47040,1
47041,0.9455189849330404
47042,0.6178081054033822
47043,1
47044,1
47045,1
47046,1
47047,1
47048,1
47049,1
47050,0.9000087940382507
47051,1
47052,0.8909873941043901
47053,1
47054,0.4687421681714064
47055,1
47056,0.8755875872438341
47057,1
47058,1
47059,0.8787804760158644
47060,0.9490794667700453
47061,1
47062,0.8261944432671873
47063,1
47064,1
47065,0.8926371541368036
47066,1
47067,1
47068,1
47069,0.9467113700733857
47070,1
47071,0.660318032350399
47072,1
47073,1
47074,0.9314164868482132
47075,1
47076,0.904244409824344
47077,1
47078,0.9386168285227403
47079,1
47080,1
47081,1
47082,1
47083,1
47084,1
47085,1
47086,1
47087,1
47088,0.8000479341709006
47089,1
47090,1
47091,0.7678116257333992
47092,1
47093,0.9171319534628952
47094,1
47095,0.89894669504046
47096,1
47097,1
47098,1
47099,1
47100,0.9304651192115355
47101,0.9350440466145278
47102,0.9378415888294565
47103,1
47104,1
47105,0.6634094525106483
47106,1
47107,1
47108,0.6642040500793787
47109,1
47110,0.8341286974704595
47111,0.8252486043651566
47112,1
47113,1
47114,1
47115,1
47116,1
47117,1
47118,0.9213464491996725
47119,1
47120,1
47121,1
47122,0.8790073781371859
47123,1
47124,1
47125,1
47126,1
47127,1
47128,1
47129,1
47130,1
47131,1
47132,1
47133,1
47134,0.7084682297287912
47135,0.8697004709353436
47136,0.9175154191923457
47137,1
47138,0.8391581663476683
47139,0.947749784153913
47140,1
47141,1
47142,1
47143,0.9158739097546351
47144,1
47145,0.5272726967929142
47146,1
47147,1
47148,1
47149,1
47150,0.8050805635684031
47151,1
47152,1
47153,0.9380155175932333
47154,1
47155,0.9037368494219175
47156,0.8622481133311115
47157,1
47158,1
47159,1
47160,1
47161,0.7830021632393166
47162,0.8253366106153629
47163,1
47164,1
47165,1
47166,1
47167,1
47168,0.8704659384461293
47169,1
47170,1
47171,0.931620278216901
47172,1
47173,1
47174,1
47175,1
47176,1
47177,1
47178,0.7299906969644522
47179,1
47180,1
47181,1
47182,1
47183,0.9287549908958039
47184,1
47185,0.9331488314261505
47186,1
47187,1
47188,0.9440323719522248
47189,1
47190,0.9456238450616496
47191,1
47192,0.844590056313491
47193,1
47194,0.8564609798382821
47195,1
47196,1
47197,1
47198,1
47199,1
47200,1
47201,0.9169513320089033
47202,1
47203,1
47204,1
47205,1
47206,0.8491252247340529
47207,1
47208,1
47209,1
47210,0.9240675359207081
47211,1
47212,1
47213,0.8740516905604686
47214,1
47215,1
47216,0.8564548874221499
47217,1
47218,0.7708609942196905
47219,0.8649406806579911
47220,1
47221,1
47222,1
47223,1
47224,0.815451500635205
47225,1
47226,1
47227,1
47228,1
47229,1
47230,1
47231,1
47232,0.9270736112304401
47233,0.8975603228630946
47234,1
47235,1
47236,1
47237,1
47238,0.5308244091984848
47239,1
47240,0.858419151601012
47241,0.8774621853358817
47242,1
47243,1
47244,0.9114378215067468
47245,1
47246,1
47247,1
47248,0.9340145639056108
47249,0.9291016957825172
47250,1
47251,1
47252,1
47253,0.928766463273424
47254,1
47255,1
47256,1
47257,0.9439254408156313
47258,1
47259,0.9069539100392634
47260,1
47261,1
47262,0.8809310511507686
47263,1
47264,1
47265,0.9382911839686318
47266,1
47267,0.887510141116106
47268,1
47269,1
47270,1
47271,1
47272,0.9169926441559101
47273,1
47274,1
47275,0.9319738822369982
47276,0.6402188647993152
47277,0.9273356539718053
47278,0.9435789758388196
47279,1
47280,1
47281,1
47282,1
47283,0.836702844511071
47284,1
47285,0.776363695605065
47286,1
47287,0.8710303564240629
47288,1
47289,1
47290,1
47291,1
47292,0.7997182157136109
47293,1
47294,1
47295,0.9123164500100465
47296,0.9326241271315868
47297,1
47298,1
47299,0.8647421822163263
47300,1
47301,0.7037742815900596
47302,1
47303,1
47304,1
47305,1
47306,1
47307,1
47308,1
47309,1
47310,0.9066180431106674
47311,0.889389071395263
47312,1
47313,1
47314,0.9436163359778539
47315,0.9138251788671885
47316,0.747340878922287
47317,1
47318,1
47319,1
47320,1
47321,1
47322,1
47323,1
47324,1
47325,1
47326,1
47327,1
47328,0.9108705416533631
47329,1
47330,1
47331,0.5408086242756883
47332,0.6113404801264355
47333,0.9156110728029156
47334,1
47335,1
47336,1
47337,1
47338,1
47339,0.9291347963514546
47340,1
47341,0.604418380039291
47342,1
47343,1
47344,1
47345,0.6682571611322374
47346,1
47347,0.6563833025265245
47348,1
47349,1
47350,1
47351,0.9459312115502082
47352,1
47353,0.8832171480892299
47354,0.9138588753344732
47355,1
47356,0.7826196712268355
47357,1
47358,1
47359,1
47360,1
47361,0.32669273324763193
47362,1
47363,1
47364,0.5329660658297437
47365,1
47366,1
47367,1
47368,1
47369,1
47370,1
47371,1
47372,1
47373,1
47374,1
47375,1
47376,1
47377,1
47378,0.8257328324806331
47379,1
47380,1
47381,1
47382,0.9374225070383189
47383,1
47384,1
47385,0.6322625342809449
47386,0.8256663561157055
47387,1
47388,0.6896828277445647
47389,1
47390,1
47391,1
47392,1
47393,1
47394,0.9236774966922952
47395,1
47396,0.8821723075288975
47397,0.6788786805611575
47398,1
47399,0.9476365172520376
47400,1
47401,1
47402,0.9037626696751427
47403,1
47404,1
47405,1
47406,0.9122579712215334
47407,0.9140152012372107
47408,1
47409,0.6560108363136273
47410,0.9255236258319233
47411,1
47412,1
47413,1
47414,1
47415,0.9427413477275214
47416,0.9092918874618543
47417,0.8055755876904325
47418,1
47419,1
47420,1
47421,0.9308526649913627
47422,1
47423,0.937853364522203
47424,1
47425,1
47426,1
47427,1
47428,1
47429,0.8977818223756795
47430,1
47431,1
47432,1
47433,1
47434,1
47435,1
47436,1
47437,1
47438,1
47439,1
47440,1
47441,1
47442,0.5917910279255543
47443,1
47444,1
47445,0.9034034789151919
47446,1
47447,1
47448,1
47449,0.855503210928412
47450,1
47451,1
47452,1
47453,1
47454,1
47455,0.9283583996289024
47456,1
47457,1
47458,1
47459,0.8653922208145903
47460,0.9185873532887621
47461,0.940143295141573
47462,1
47463,1
47464,1
47465,1
47466,1
47467,1
47468,0.9197299403515166
47469,1
47470,1
47471,0.9306932842742516
47472,1
47473,1
47474,1
47475,1
47476,1
47477,1
47478,1
47479,1
47480,1
47481,0.9100519745633643
47482,1
47483,1
47484,1
47485,1
47486,0.9215323715750302
47487,1
47488,0.9246562961424853
47489,1
47490,1
47491,1
47492,0.8252486043651566
47493,1
47494,1
47495,0.8087068810643574
47496,0.9496035411602939
47497,1
47498,1
47499,1
47500,1
47501,1
47502,0.9158399416735786
47503,1
47504,1
47505,1
47506,1
47507,1
47508,0.9488594838302383
47509,1
47510,1
47511,0.9486432912514582
47512,0.9337026522657851
47513,1
47514,1
47515,1
47516,1
47517,1
47518,1
47519,1
47520,1
47521,1
47522,1
47523,0.897606822769603
47524,1
47525,1
47526,1
47527,1
47528,1
47529,0.9387522115944343
47530,1
47531,0.7129634008391387
47532,1
47533,1
47534,1
47535,1
47536,1
47537,0.49266168976316305
47538,0.7892434230919352
47539,1
47540,1
47541,0.9291016957825172
47542,0.9295985307626584
47543,1
47544,1
47545,1
47546,1
47547,0.7515666062869969
47548,1
47549,1
47550,1
47551,1
47552,1
47553,1
47554,0.4687421681714064
47555,1
47556,0.9034451588267591
47557,1
47558,1
47559,1
47560,1
47561,0.5642027921631235
47562,0.7618857820164305
47563,1
47564,1
47565,0.8784249095946948
47566,1
47567,0.9499198869869411
47568,1
47569,1
47570,1
47571,1
47572,1
47573,1
47574,0.9215323715750302
47575,1
47576,1
47577,0.8495512933114234
47578,1
47579,1
47580,1
47581,0.9476054706277183
47582,0.9036495966796854
47583,1
47584,1
47585,1
47586,0.9249620743280995
47587,1
47588,1
47589,1
47590,1
47591,0.8314581751045562
47592,1
47593,1
47594,1
47595,1
47596,1
47597,1
47598,0.94234413225797
47599,0.8406700438376994
47600,1
47601,0.7840088215601726
47602,1
47603,1
47604,0.8338556090518561
47605,1
47606,1
47607,0.5408086242756883
47608,1
47609,0.9269968704991156
47610,1
47611,0.9421541117751779
47612,1
47613,0.9245217324127307
47614,0.32669273324763193
47615,1
47616,0.9143220948875115
47617,1
47618,1
47619,1
47620,1
47621,0.9112646443889314
47622,1
47623,0.8794149210268735
47624,1
47625,1
47626,1
47627,0.5325526476088471
47628,0.8089022161006845
47629,1
47630,1
47631,0.8771358012021617
47632,0.93622839264172375
47633,1
47634,0.9145056910841085
47635,0.8428105459206758
47636,1
47637,0.8738813057822774
47638,1
47639,1
47640,1
47641,1
47642,1
47643,1
47644,1
47645,0.9129640308004239
47646,1
47647,1
47648,1
47649,0.9079359703257683
47650,0.9237430375543604
47651,1
47652,0.8418857184620654
47653,1
47654,0.5329660658297437
47655,1
47656,1
47657,0.8479862135467093
47658,0.9400170944211824
47659,1
47660,1
47661,1
47662,1
47663,1
47664,1
47665,1
47666,1
47667,1
47668,1
47669,1
47670,1
47671,1
47672,1
47673,0.9025497179290689
47674,0.8659499157561663
47675,0.9259836800848912
47676,1
47677,1
47678,0.8497269367342978
47679,0.9310633482250427
47680,1
47681,1
47682,0.793170659184894
47683,0.925462914418337
47684,1
47685,1
47686,1
47687,1
47688,1
47689,0.7968909235727286
47690,1
47691,0.8946454635263941
47692,1
47693,1
47694,1
47695,0.94234413225797
47696,0.8036443979632395
47697,0.7140213877502322
47698,1
47699,1
47700,1
47701,1
47702,1
47703,1
47704,0.8924871603120867
47705,1
47706,1
47707,1
47708,1
47709,1
47710,1
47711,1
47712,1
47713,0.9091370289446031
47714,1
47715,0.9291016957825172
47716,1
47717,0.9327795369705048
47718,1
47719,0.9381523273201294
47720,1
47721,1
47722,0.9055824026562046
47723,0.9432708071042665
47724,1
47725,1
47726,1
47727,1
47728,1
47729,0.8302890185775087
47730,1
47731,1
47732,1
47733,1
47734,0.8475335900576462
47735,1
47736,0.8121645964320291
47737,0.9447315118021987
47738,1
47739,1
47740,1
47741,1
47742,1
47743,1
47744,0.9215323715750302
47745,0.9361466480920756
47746,1
47747,0.6758413648729557
47748,1
47749,1
47750,0.8261865247208536
47751,1
47752,1
47753,1
47754,0.7250931945592004
47755,1
47756,0.7022852657874792
47757,1
47758,1
47759,0.9098753662878414
47760,1
47761,1
47762,0.9490310757279792
47763,1
47764,1
47765,1
47766,0.9148308792274572
47767,1
47768,0.9034984331985272
47769,1
47770,1
47771,0.8421321067782295
47772,1
47773,0.9456622691148581
47774,1
47775,0.9352942582397274
47776,1
47777,1
47778,1
47779,1
47780,1
47781,1
47782,1
47783,0.7300394140071802
47784,1
47785,1
47786,0.6890250429455618
47787,0.9345121942945638
47788,1
47789,1
47790,0.9318050858555977
47791,1
47792,1
47793,1
47794,1
47795,1
47796,1
47797,0.8807820065850787
47798,1
47799,1
47800,0.9369003144853478
47801,0.9240675359207081
47802,0.8835645878001999
47803,1
47804,1
47805,0.5887721055946515
47806,1
47807,1
47808,1
47809,1
47810,1
47811,1
47812,1
47813,1
47814,1
47815,1
47816,1
47817,1
47818,0.9246656258080268
47819,0.8484757855565794
47820,0.9035374275105416
47821,1
47822,0.6573043774370025
47823,1
47824,1
47825,1
47826,1
47827,1
47828,1
47829,1
47830,0.9344361547097438
47831,0.9499770256035827
47832,1
47833,1
47834,0.9308556525876216
47835,0.9353405329585227
47836,1
47837,1
47838,1
47839,1
47840,1
47841,1
47842,1
47843,1
47844,1
47845,0.8009564756957633
47846,1
47847,1
47848,0.8497218726516701
47849,1
47850,1
47851,1
47852,0.9003264901343884
47853,1
47854,1
47855,1
47856,1
47857,1
47858,0.7981415772804076
47859,0.9444463836852656
47860,1
47861,1
47862,1
47863,1
47864,1
47865,1
47866,1
47867,1
47868,0.9070767345256623
47869,1
47870,1
47871,1
47872,0.9240675359207081
47873,1
47874,1
47875,1
47876,0.8588901326340077
47877,1
47878,1
47879,0.9099756003531461
47880,0.9322988931305738
47881,1
47882,1
47883,0.7442179175991169
47884,1
47885,1
47886,1
47887,0.9496448435155811
47888,0.6075763964115368
47889,0.948222988767375
47890,1
47891,1
47892,0.8482890709250217
47893,0.9454460302257288
47894,1
47895,1
47896,0.932717472631725
47897,1
47898,1
47899,0.9417734461575197
47900,1
47901,0.817221118585157
47902,0.7150191838183139
47903,1
47904,1
47905,1
47906,0.7678748638216054
47907,1
47908,1
47909,0.9458808236997936
47910,1
47911,0.8525273090299837
47912,1
47913,1
47914,1
47915,1
47916,1
47917,1
47918,1
47919,1
47920,1
47921,1
47922,1
47923,0.9363549512490378
47924,1
47925,0.9202966171677182
47926,1
47927,0.89782596437162
47928,0.7418569165828306
47929,0.8444916528130118
47930,1
47931,1
47932,1
47933,0.8630433173539652
47934,1
47935,0.9448465907996101
47936,1
47937,1
47938,0.9362949839924369
47939,1
47940,0.4583175445183536
47941,1
47942,1
47943,0.9229804847168593
47944,1
47945,0.7554346986553709
47946,1
47947,0.8899175365179102
47948,1
47949,1
47950,0.9090106206711492
47951,0.8272723396112671
47952,1
47953,1
47954,1
47955,1
47956,1
47957,0.7189461781030627
47958,0.4172022335303556
47959,0.8624734535972602
47960,1
47961,1
47962,0.9162297956600731
47963,1
47964,0.8761213468180612
47965,0.9203226309036164
47966,0.9453048899795486
47967,1
47968,1
47969,1
47970,1
47971,1
47972,0.92464737033173094
47973,0.9486165647659477
47974,0.698034417858897
47975,1
47976,0.9217287398715889
47977,1
47978,1
47979,0.9008118407075524
47980,1
47981,0.9490517580369383
47982,0.9468481024793144
47983,1
47984,1
47985,0.8589371714485012
47986,1
47987,1
47988,1
47989,0.866513992023919
47990,1
47991,1
47992,1
47993,1
47994,1
47995,1
47996,1
47997,0.7946565203384957
47998,1
47999,1
48000,1
48001,1
48002,1
48003,1
48004,1
48005,1
48006,0.7250931945592004
48007,1
48008,0.8266646310905738
48009,0.23052447833849996
48010,0.8350249960673669
48011,0.9170815543062398
48012,0.8640484143171142
48013,1
48014,0.9095583156728237
48015,1
48016,1
48017,1
48018,0.9306932842742516
48019,1
48020,1
48021,1
48022,1
48023,1
48024,1
48025,0.8821075892022949
48026,0.9335666224991659
48027,0.6402188647993152
48028,1
48029,1
48030,0.9251342178059613
48031,0.9421232932190896
48032,1
48033,0.49266168976316305
48034,1
48035,1
48036,0.7754156109566523
48037,1
48038,1
48039,1
48040,1
48041,0.9483234006660796
48042,0.9127621027495776
48043,0.8609689142533712
48044,1
48045,0.9402415007125133
48046,0.8639187537560071
48047,1
48048,0.8710303564240629
48049,1
48050,1
48051,0.49266168976316305
48052,1
48053,1
48054,1
48055,1
48056,1
48057,0.9330519284136943
48058,1
48059,1
48060,1
48061,0.9442771724730178
48062,1
48063,1
48064,0.880356134441162
48065,1
48066,0.7815775091891796
48067,1
48068,1
48069,1
48070,1
48071,1
48072,1
48073,1
48074,1
48075,1
48076,1
48077,0.911933432600174
48078,1
48079,0.8859774660672843
48080,1
48081,1
48082,1
48083,1
48084,1
48085,0.9395946476673187
48086,1
48087,1
48088,1
48089,1
48090,1
48091,1
48092,1
48093,0.9356854255096653
48094,0.7415756436478007
48095,0.8278391870785352
48096,1
48097,1
48098,1
48099,1
48100,1
48101,0.9228768676339282
48102,1
48103,1
48104,1
48105,1
48106,0.9413133625135964
48107,1
48108,1
48109,1
48110,0.7968104389831432
48111,1
48112,1
48113,1
48114,1
48115,0.9482797909231075
48116,1
48117,1
48118,1
48119,0.7035112227915042
48120,1
48121,0.853482339770586
48122,1
48123,1
48124,0.6360620105238265
48125,0.7937417535386312
48126,1
48127,1
48128,0.9148823034616574
48129,1
48130,1
48131,1
48132,1
48133,1
48134,0.9249976744441641
48135,1
48136,0.9089355372529971
48137,0.39909960116807464
48138,1
48139,1
48140,1
48141,1
48142,1
48143,1
48144,1
48145,1
48146,1
48147,0.7355499983209389
48148,1
48149,1
48150,1
48151,1
48152,0.9416168691017441
48153,1
48154,1
48155,1
48156,1
48157,1
48158,0.9331488314261505
48159,1
48160,1
48161,1
48162,1
48163,0.8223109667340585
48164,1
48165,0.8888715853279199
48166,0.9297398108511649
48167,1
48168,1
48169,0.8252486043651566
48170,0.7794087412028938
48171,0.8709246833801864
48172,0.9405201533886417
48173,0.8665491482840314
48174,0.5127917628385172
48175,1
48176,1
48177,0.7441157166554002
48178,0.6402188647993152
48179,1
48180,1
48181,1
48182,1
48183,0.8261865247208536
48184,0.9427540963519289
48185,0.9087435039975016
48186,0.8430621247704607
48187,1
48188,0.9079359703257683
48189,0.910491488163705
48190,1
48191,1
48192,1
48193,1
48194,1
48195,1
48196,1
48197,1
48198,1
48199,0.9405183748362198
48200,1
48201,0.896689586038032
48202,0.5329660658297437
48203,1
48204,0.944832614853538
48205,1
48206,1
48207,0.836976767234246
48208,1
48209,1
48210,0.9116537036480108
48211,1
48212,1
48213,0.6954981110281491
48214,0.8611819149124286
48215,1
48216,1
48217,1
48218,1
48219,1
48220,1
48221,0.9470221774348935
48222,0.8088354243582148
48223,0.9302370583901952
48224,1
48225,1
48226,1
48227,1
48228,0.9493725554232711
48229,1
48230,1
48231,1
48232,1
48233,1
48234,0.9272379487323034
48235,1
48236,1
48237,1
48238,1
48239,1
48240,1
48241,1
48242,1
48243,1
48244,1
48245,1
48246,0.929867184825194
48247,1
48248,1
48249,1
48250,1
48251,1
48252,0.5537960719819771
48253,0.7298366224946445
48254,1
48255,1
48256,1
48257,1
48258,1
48259,0.8660360216503562
48260,0.7627893256420837
48261,1
48262,1
48263,1
48264,1
48265,1
48266,0.9100519745633643
48267,0.9058457013589458
48268,1
48269,0.7830021632393166
48270,1
48271,1
48272,1
48273,1
48274,0.7704754609641021
48275,0.8704695745524595
48276,1
48277,1
48278,0.9446031989780341
48279,1
48280,0.9469292982890556
48281,1
48282,1
48283,1
48284,0.7103761156221248
48285,1
48286,0.8690434313364297
48287,0.7413621697820608
48288,1
48289,1
48290,1
48291,1
48292,1
48293,1
48294,0.8277107042237845
48295,1
48296,1
48297,1
48298,0.5684885367880653
48299,1
48300,1
48301,1
48302,1
48303,1
48304,0.45036936776479775
48305,1
48306,1
48307,0.9034451588267591
48308,1
48309,0.9454713351490203
48310,1
48311,0.948030992971696
48312,0.680886689682842
48313,1
48314,1
48315,1
48316,1
48317,1
48318,1
48319,1
48320,1
48321,1
48322,1
48323,1
48324,0.4733592193110967
48325,1
48326,1
48327,0.9280534504199632
48328,1
48329,1
48330,1
48331,1
48332,1
48333,0.8252486043651566
48334,1
48335,1
48336,0.9393721169656676
48337,1
48338,0.9477680935219899
48339,1
48340,1
48341,0.9374446351361079
48342,0.9300356330354426
48343,1
48344,1
48345,1
48346,1
48347,0.9203017755551343
48348,1
48349,1
48350,1
48351,0.9328669034424892
48352,1
48353,1
48354,1
48355,1
48356,1
48357,1
48358,1
48359,1
48360,1
48361,1
48362,1
48363,0.8437079306038082
48364,0.8767664312270139
48365,1
48366,1
48367,0.6105479273449718
48368,0.9419047300400144
48369,0.8430917372106829
48370,1
48371,1
48372,1
48373,1
48374,1
48375,1
48376,1
48377,0.7246145683551617
48378,0.6402188647993152
48379,1
48380,0.8252778725668429
48381,1
48382,0.8390759692244216
48383,1
48384,1
48385,0.8183009193418563
48386,1
48387,0.9035374275105416
48388,1
48389,1
48390,0.6402188647993152
48391,1
48392,0.9465131338095212
48393,1
48394,1
48395,1
48396,0.9399551109187451
48397,0.9018096791681378
48398,1
48399,0.8978059263031924
48400,0.94234413225797
48401,1
48402,1
48403,1
48404,1
48405,1
48406,1
48407,1
48408,1
48409,1
48410,0.91514081411379
48411,0.9041889994945256
48412,1
48413,1
48414,1
48415,1
48416,1
48417,1
48418,0.9459773153976968
48419,1
48420,1
48421,1
48422,1
48423,1
48424,0.8252486043651566
48425,1
48426,1
48427,0.9299936894823733
48428,1
48429,1
48430,1
48431,1
48432,1
48433,0.9179997809560522
48434,1
48435,0.8947384817197752
48436,1
48437,0.8835759042965516
48438,1
48439,1
48440,0.856931192806265
48441,1
48442,1
48443,1
48444,1
48445,0.8604133949319972
48446,0.7836470270666974
48447,1
48448,1
48449,0.48753080710497887
48450,1
48451,1
48452,0.9272655612237076
48453,1
48454,0.9202966171677182
48455,0.9367089336048257
48456,0.8893858766748755
48457,1
48458,1
48459,1
48460,1
48461,0.9072228347023459
48462,1
48463,1
48464,0.9420820864777785
48465,1
48466,0.4687421681714064
48467,1
48468,1
48469,0.9316411869278172
48470,1
48471,1
48472,1
48473,1
48474,0.9033466184083128
48475,1
48476,1
48477,0.9444463836852656
48478,1
48479,1
48480,1
48481,1
48482,1
48483,0.9347288873743238
48484,1
48485,0.739861762150983
48486,1
48487,1
48488,1
48489,1
48490,1
48491,1
48492,1
48493,0.9476365172520376
48494,1
48495,1
48496,1
48497,1
48498,1
48499,0.6402188647993152
48500,1
48501,1
48502,0.8392209610548556
48503,0.7535552544034867
48504,1
48505,1
48506,1
48507,1
48508,1
48509,1
48510,1
48511,1
48512,1
48513,0.8221533120009002
48514,1
48515,0.8202721895034052
48516,0.7840088215601726
48517,1
48518,1
48519,1
48520,1
48521,1
48522,1
48523,1
48524,0.48581060734352743
48525,0.9279472762037108
48526,1
48527,0.8361944248795385
48528,0.8503979066196388
48529,1
48530,1
48531,1
48532,1
48533,1
48534,0.7272904216778864
48535,0.5176713932485466
48536,0.8698964044140994
48537,1
48538,1
48539,1
48540,0.8223481878254812
48541,1
48542,1
48543,1
48544,1
48545,1
48546,1
48547,1
48548,1
48549,0.9277834986180862
48550,0.6537363232333355
48551,1
48552,1
48553,1
48554,1
48555,1
48556,1
48557,1
48558,1
48559,1
48560,0.9458963376783878
48561,0.8770646974053866
48562,0.7808565461935019
48563,1
48564,1
48565,0.8611819149124286
48566,1
48567,1
48568,1
48569,1
48570,1
48571,0.9258290535248442
48572,1
48573,1
48574,1
48575,1
48576,1
48577,0.8119713787395205
48578,1
48579,1
48580,1
48581,1
48582,1
48583,1
48584,1
48585,1
48586,1
48587,0.8285585352604441
48588,1
48589,1
48590,1
48591,1
48592,0.9286707023577757
48593,1
48594,1
48595,1
48596,1
48597,0.8062382136688881
48598,1
48599,1
48600,1
48601,1
48602,0.9329344527179542
48603,1
48604,1
48605,0.9292650150166001
48606,1
48607,1
48608,0.8104451590837742
48609,1
48610,1
48611,0.9283009283703961
48612,1
48613,1
48614,1
48615,1
48616,1
48617,1
48618,0.7920649144750631
48619,1
48620,1
48621,1
48622,1
48623,1
48624,1
48625,1
48626,1
48627,1
48628,1
48629,0.747340878922287
48630,1
48631,1
48632,1
48633,1
48634,0.9253416744813383
48635,0.789152352176111
48636,1
48637,1
48638,1
48639,1
48640,1
48641,1
48642,1
48643,1
48644,1
48645,0.9034451588267591
48646,1
48647,1
48648,1
48649,1
48650,1
48651,1
48652,0.9427413477275214
48653,1
48654,1
48655,1
48656,1
48657,1
48658,0.846006688715175
48659,0.9264111527241276
48660,0.9124031697074538
48661,0.9138251788671885
48662,1
48663,1
48664,1
48665,1
48666,1
48667,0.9160079080211466
48668,1
48669,1
48670,1
48671,1
48672,1
48673,0.9374926779429289
48674,0.9441921142103044
48675,1
48676,1
48677,1
48678,1
48679,1
48680,1
48681,1
48682,1
48683,0.9490173560105407
48684,1
48685,1
48686,1
48687,1
48688,1
48689,1
48690,1
48691,0.843497548739941
48692,1
48693,1
48694,1
48695,0.880116106548262
48696,0.9214900000568367
48697,0.8944144449326482
48698,1
48699,0.8957835643606358
48700,1
48701,0.9030244658328564
48702,1
48703,1
48704,1
48705,1
48706,1
48707,1
48708,0.9459773153976968
48709,1
48710,1
48711,0.8395415298966618
48712,0.8689566011425768
48713,0.40348442543165447
48714,1
48715,0.8491252247340529
48716,0.920196192190976
48717,1
48718,0.556580528024074
48719,0.8977818223756795
48720,1
48721,1
48722,1
48723,0.9007486315989446
48724,1
48725,1
48726,1
48727,1
48728,0.8962534096912014
48729,1
48730,1
48731,1
48732,1
48733,1
48734,1
48735,1
48736,0.8976956113263589
48737,1
48738,1
48739,1
48740,1
48741,0.8952300049946094
48742,1
48743,1
48744,1
48745,1
48746,1
48747,1
48748,1
48749,1
48750,1
48751,0.9467226531760274
48752,1
48753,0.8036443979632395
48754,1
48755,0.9037310232717105
48756,0.9079359703257683
48757,1
48758,1
48759,0.9336032538118493
48760,0.8560986214296824
48761,1
48762,1
48763,0.9229595651136613
48764,0.9246656258080268
48765,1
48766,1
48767,1
48768,1
48769,0.9263449013643182
48770,1
48771,1
48772,1
48773,0.9468441076642339
48774,1
48775,1
48776,1
48777,0.9250776777581141
48778,1
48779,1
48780,0.8993154875327353
48781,1
48782,0.8903130151157056
48783,0.8262327979933325
48784,1
48785,0.9427413477275214
48786,1
48787,1
48788,1
48789,1
48790,1
48791,1
48792,1
48793,0.815451500635205
48794,1
48795,1
48796,1
48797,1
48798,1
48799,1
48800,1
48801,1
48802,1
48803,1
48804,1
48805,1
48806,0.8473629969370412
48807,1
48808,1
48809,1
48810,1
48811,1
48812,0.8137654840970567
48813,1
48814,0.8980682284642537
48815,1
48816,1
48817,1
48818,1
48819,0.6740001599321078
48820,1
48821,1
48822,1
48823,0.8930380655912892
48824,1
48825,1
48826,1
48827,0.8027227550220746
48828,1
48829,1
48830,1
48831,0.8593593068341613
48832,1
48833,1
48834,0.8121723797974189
48835,0.32669273324763193
48836,0.8219897077643398
48837,0.8034443291368214
48838,1
48839,0.5609604368583623
48840,1
48841,0.8985458354589904
48842,1
48843,0.9429439048337819
48844,1
48845,0.9339250908415218
48846,1
48847,1
48848,0.86390395088878
48849,0.9198190134629701
48850,1
48851,1
48852,1
48853,1
48854,0.7305079403219075
48855,1
48856,1
48857,1
48858,0.696837097316518
48859,1
48860,1
48861,1
48862,1
48863,1
48864,1
48865,1
48866,1
48867,1
48868,1
48869,0.8683427624695198
48870,1
48871,0.6936168814503838
48872,1
48873,1
48874,0.683320751809411
48875,1
48876,0.9034034789151919
48877,1
48878,1
48879,1
48880,1
48881,0.8692293878839484
48882,1
48883,0.8564548874221499
48884,1
48885,1
48886,1
48887,1
48888,1
48889,0.8384535437311011
48890,0.9450226151056478
48891,1
48892,0.9402650276414671
48893,1
48894,1
48895,0.8709736128710936
48896,1
48897,1
48898,1
48899,1
48900,0.8317286926289804
48901,1
48902,1
48903,1
48904,1
48905,0.6408137636161549
48906,0.8352929354734432
48907,1
48908,0.9059158734831473
48909,1
48910,1
48911,1
48912,1
48913,1
48914,0.8034443291368214
48915,0.9408434728665439
48916,1
48917,0.9388283542373463
48918,0.9053759674182628
48919,0.9077405104510042
48920,1
48921,0.5112100145107132
48922,0.9381117726324996
48923,0.9015485873629286
48924,0.9156057800260811
48925,1
48926,1
48927,1
48928,1
48929,1
48930,1
48931,1
48932,1
48933,1
48934,1
48935,0.8352689910567065
48936,1
48937,1
48938,1
48939,0.9454713351490203
48940,1
48941,0.8110553917112815
48942,1
48943,0.8882974047505416
48944,1
48945,0.8277107042237845
48946,0.917155708150321
48947,1
48948,1
48949,1
48950,1
48951,0.8871681896900756
48952,1
48953,1
48954,1
48955,0.7103761156221248
48956,1
48957,1
48958,1
48959,1
48960,1
48961,0.9258725057540612
48962,1
48963,1
48964,0.7189461781030627
48965,1
48966,0.9316411869278172
48967,1
48968,0.9059152013063271
48969,1
48970,1
48971,1
48972,1
48973,0.6299209476625592
48974,1
48975,1
48976,0.9259398073950811
48977,1
48978,1
48979,0.7095834620753245
48980,1
48981,1
48982,1
48983,0.924715836488525
48984,1
48985,1
48986,0.5549893195618225
48987,1
48988,1
48989,0.8972403005819882
48990,1
48991,1
48992,1
48993,0.9339295149657398
48994,0.7517345253622817
48995,0.9155040465989595
48996,1
48997,1
48998,1
48999,1
49000,1
49001,1
49002,1
49003,0.7811743570830806
49004,0.9240299262533427
49005,0.5824850881413273
49006,1
49007,1
49008,1
49009,1
49010,1
49011,1
49012,0.7939677466108631
49013,1
49014,1
49015,1
49016,1
49017,1
49018,1
49019,1
49020,1
49021,0.8692608985244434
49022,1
49023,1
49024,1
49025,1
49026,1
49027,1
49028,0.9035374275105416
49029,1
49030,0.8261944432671873
49031,1
49032,1
49033,1
49034,0.9462151104053776
49035,0.9257063312872021
49036,1
49037,1
49038,0.9339915194273855
49039,1
49040,0.9010674844621951
49041,1
49042,0.9079359703257683
49043,1
49044,0.9280534504199632
49045,1
49046,0.7716630424049534
49047,0.9171599000850899
49048,1
49049,1
49050,1
49051,1
49052,0.6402188647993152
49053,1
49054,1
49055,1
49056,1
49057,1
49058,0.8610766687039169
49059,0.9215323715750302
49060,0.8710303564240629
49061,1
49062,1
49063,0.9455189849330404
49064,1
49065,1
49066,1
49067,1
49068,0.9453048899795486
49069,1
49070,1
49071,1
49072,0.9364857015932061
49073,1
49074,1
49075,0.40597525503242865
49076,0.9499770256035827
49077,0.9433614497156316
49078,0.8916051604109223
49079,0.931080239378987
49080,0.9074107369105214
49081,0.9254211989715645
49082,1
49083,0.9453463198339901
49084,1
49085,0.9175154191923457
49086,0.9488050321828744
49087,0.9226617235216902
49088,1
49089,1
49090,0.7131425354634112
49091,1
49092,0.7171550488220934
49093,1
49094,1
49095,1
49096,0.9340587836357239
49097,0.9309005726247219
49098,0.8721412886476296
49099,1
49100,1
49101,0.8615767456252079
49102,0.8860331116038699
49103,1
49104,0.9180328322308556
49105,1
49106,0.7250931945592004
49107,1
49108,0.9420820864777785
49109,0.9348405151968444
49110,0.9484022286187148
49111,1
49112,0.8564087419019413
49113,0.9465131338095212
49114,1
49115,1
49116,0.8311218021159871
49117,1
49118,1
49119,1
49120,1
49121,0.9064549691109685
49122,1
49123,1
49124,1
49125,1
49126,0.6712165144558132
49127,0.9325536685680528
49128,0.9312167575668641
49129,1
49130,1
49131,0.940072966104333
49132,1
49133,1
49134,0.8710668186502664
49135,1
49136,1
49137,1
49138,1
49139,0.7800488119878686
49140,1
49141,0.9489004123383695
49142,0.6979425465610242
49143,0.9175460490025474
49144,0.9306932842742516
49145,0.8624734535972602
49146,1
49147,1
49148,1
49149,0.9305840949592494
49150,1
49151,1
49152,1
49153,1
49154,0.8110553917112815
49155,0.9442973972993116
49156,1
49157,0.9073547074642881
49158,1
49159,0.911933432600174
49160,1
49161,0.9021196108857901
49162,1
49163,1
49164,1
49165,0.7493015475883765
49166,0.7853717550116919
49167,1
49168,1
49169,1
49170,1
49171,0.5398570795552629
49172,1
49173,1
49174,0.8618195223468185
49175,1
49176,0.9413239874242134
49177,1
49178,1
49179,0.8980525925617988
49180,1
49181,1
49182,1
49183,0.8172965302736039
49184,1
49185,1
49186,1
49187,1
49188,1
49189,0.885169283689723
49190,1
49191,1
49192,1
49193,1
49194,1
49195,0.8697393392474844
49196,1
49197,1
49198,1
49199,1
49200,1
49201,1
49202,1
49203,0.7285871839631225
49204,1
49205,1
49206,1
49207,1
49208,1
49209,1
49210,0.815451500635205
49211,1
49212,1
49213,1
49214,1
49215,0.941872631712702
49216,0.9287757266657379
49217,0.6402188647993152
49218,1
49219,0.9277299489699422
49220,1
49221,0.8321361516611567
49222,1
49223,0.9089355372529971
49224,1
49225,1
49226,0.9052425979399823
49227,0.5684885367880653
49228,1
49229,1
49230,1
49231,1
49232,0.8050805635684031
49233,1
49234,1
49235,0.8261865247208536
49236,0.9419047300400144
49237,1
49238,1
49239,1
49240,1
49241,0.739861762150983
49242,1
49243,1
49244,1
49245,1
49246,0.8484396422212988
49247,0.8035359897991466
49248,1
49249,1
49250,0.6793050809838689
49251,1
49252,0.8806333182751395
49253,0.7398340823812726
49254,1
49255,1
49256,1
49257,1
49258,0.9422550710580133
49259,1
49260,1
49261,1
49262,1
49263,1
49264,1
49265,1
49266,0.8033513742476145
49267,1
49268,1
49269,1
49270,1
49271,1
49272,0.9174704378689789
49273,0.836976767234246
49274,1
49275,1
49276,1
49277,1
49278,1
49279,1
49280,0.8767979802930963
49281,1
49282,0.890862397486676
49283,1
49284,1
49285,0.4687421681714064
49286,1
49287,1
49288,1
49289,1
49290,1
49291,1
49292,0.9459773153976968
49293,0.5036169668985562
49294,1
49295,0.5547683561276758
49296,0.9233846587727195
49297,1
49298,1
49299,1
49300,0.9050291977529933
49301,1
49302,1
49303,1
49304,1
49305,1
49306,1
49307,1
49308,1
49309,1
49310,1
49311,0.9460000360617125
49312,0.9036495966796854
49313,1
49314,1
49315,0.9414803402059879
49316,1
49317,1
49318,1
49319,0.9230036511986068
49320,0.9424034404574461
49321,1
49322,1
49323,1
49324,0.9477680935219899
49325,0.9097861575613243
49326,1
49327,1
49328,0.9456238450616496
49329,0.8120843447126799
49330,1
49331,1
49332,1
49333,1
49334,1
49335,1
49336,1
49337,0.9083713064217157
49338,1
49339,0.8398429090047489
49340,0.9234499016459965
49341,1
49342,0.6209215777160144
49343,0.739861762150983
49344,1
49345,1
49346,1
49347,1
49348,1
49349,0.9499098779807402
49350,1
49351,0.9030162296435195
49352,0.9294202489502984
49353,1
49354,1
49355,1
49356,1
49357,1
49358,1
49359,1
49360,0.7853309146994715
49361,1
49362,1
49363,1
49364,1
49365,1
49366,0.9205049173429483
49367,1
49368,0.93622839264172375
49369,0.8313650957021157
49370,1
49371,0.7101279978022884
49372,1
49373,1
49374,1
49375,1
49376,1
49377,0.85524377799102
49378,0.9388283542373463
49379,0.9274018072886296
49380,1
49381,1
49382,1
49383,1
49384,1
49385,0.8034443291368214
49386,0.9114871263196181
49387,1
49388,0.8975325472554732
49389,0.9288048427215077
49390,1
49391,0.8999082980325003
49392,1
49393,0.9240675359207081
49394,1
49395,1
49396,0.8452528623223572
49397,0.94234413225797
49398,0.8215457129609393
49399,0.7476349351919641
49400,0.8698537262540931
49401,1
49402,0.6969483821894007
49403,1
49404,1
49405,1
49406,1
49407,1
49408,1
49409,1
49410,1
49411,1
49412,1
49413,1
49414,1
49415,1
49416,1
49417,1
49418,0.48948964693873787
49419,1
49420,1
49421,0.7401735598780502
49422,1
49423,0.8948901946977846
49424,1
49425,1
49426,0.8957229822712397
49427,1
49428,1
49429,0.9000087940382507
49430,0.6909226031781092
49431,1
49432,1
49433,1
49434,1
49435,0.6846087854302605
49436,1
49437,1
49438,1
49439,1
49440,1
49441,0.9359814336537375
49442,1
49443,1
49444,0.8943715139655499
49445,1
49446,0.9078232467403565
49447,0.8231373081743142
49448,1
49449,0.8627119482471709
49450,1
49451,1
49452,1
49453,1
49454,1
49455,1
49456,0.8403502582510471
49457,1
49458,1
49459,1
49460,1
49461,0.8640499114988501
49462,1
49463,1
49464,1
49465,1
49466,1
49467,1
49468,1
49469,1
49470,1
49471,1
49472,1
49473,1
49474,1
49475,0.8459471650423244
49476,1
49477,1
49478,1
49479,1
49480,1
49481,1
49482,1
49483,0.8056064307639623
49484,0.6477709139622572
49485,1
49486,1
49487,1
49488,1
49489,1
49490,1
49491,1
49492,1
49493,1
49494,0.9459312115502082
49495,1
49496,1
49497,0.9376304220536189
49498,1
49499,0.8794149210268735
49500,1
49501,1
49502,1
49503,1
49504,0.9191956873964556
49505,1
49506,0.9103170904535398
49507,0.8767649570930851
49508,1
49509,0.9411701040637761
49510,1
49511,1
49512,1
49513,1
49514,1
49515,0.9014318587664245
49516,1
49517,0.672681028257151
49518,1
49519,1
49520,0.8200743322349757
49521,1
49522,1
49523,1
49524,1
49525,0.9136944189323178
49526,1
49527,0.618727462530646
49528,1
49529,1
49530,0.9109558495083835
49531,0.6519978032380906
49532,1
49533,1
49534,0.9435048302054813
49535,1
49536,1
49537,1
49538,0.5655879767387093
49539,0.7911640670694585
49540,1
49541,0.9299937415175259
49542,1
49543,0.9448507400032724
49544,1
49545,1
49546,1
49547,0.9306932842742516
49548,0.8831973480629296
49549,0.9021723879558949
49550,0.8783747201233458
49551,0.8721958197854451
49552,1
49553,1
49554,0.9175460490025474
49555,0.949677114094096
49556,1
49557,1
49558,1
49559,0.7837266341497703
49560,0.9215323715750302
49561,0.9119960427494015
49562,0.8680201880638168
49563,0.6025327040794567
49564,1
49565,1
49566,0.7635925523652246
49567,0.8822187809988057
49568,0.8177957367508422
49569,1
49570,1
49571,1
49572,0.919974305572555
49573,1
49574,0.6311491214075992
49575,0.9281388955490353
49576,1
49577,1
49578,1
49579,0.9154648537956687
49580,1
49581,1
49582,1
49583,0.8882877939915061
49584,0.859060219310681
49585,1
49586,1
49587,1
49588,0.8496643738065071
49589,0.9412630484304073
49590,1
49591,1
49592,1
49593,1
49594,1
49595,0.9330757917271754
49596,1
49597,1
49598,0.7272904216778864
49599,1
49600,1
49601,1
49602,0.92464737033173094
49603,1
49604,0.7696563466317078
49605,0.7970645733326879
49606,1
49607,1
49608,1
49609,1
49610,1
49611,1
49612,1
49613,1
49614,1
49615,1
49616,0.9152225289328291
49617,0.9446362400785946
49618,1
49619,1
49620,1
49621,1
49622,1
49623,1
49624,1
49625,1
49626,0.8720137795563766
49627,0.8668528950802583
49628,1
49629,0.5329660658297437
49630,1
49631,1
49632,0.8507821466843283
49633,1
49634,1
49635,1
49636,0.9155641271527184
49637,1
49638,1
49639,0.8623918544911277
49640,1
49641,1
49642,1
49643,1
49644,1
49645,0.8407051967408672
49646,1
49647,1
49648,1
49649,1
49650,1
49651,1
49652,1
49653,0.803620756712062
49654,0.7836221787359158
49655,1
49656,0.9223979382407904
49657,1
49658,1
49659,0.9042331106201327
49660,0.9398732409913615
49661,1
49662,1
49663,0.9283571727537552
49664,0.9183835271035852
49665,1
49666,1
49667,0.9036495966796854
49668,1
49669,0.9267917824808785
49670,1
49671,1
49672,1
49673,1
49674,0.9369003144853478
49675,0.8668528950802583
49676,0.7871910015173621
49677,1
49678,1
49679,0.8632491255166522
49680,1
49681,1
49682,1
49683,1
49684,1
49685,0.929323165830888
49686,1
49687,1
49688,0.863695596925145
49689,1
49690,1
49691,1
49692,0.9494331222857347
49693,0.5642027921631235
49694,1
49695,1
49696,0.9283583996289024
49697,1
49698,1
49699,1
49700,1
49701,1
49702,1
49703,1
49704,1
49705,0.9441921142103044
49706,1
49707,1
49708,1
49709,0.929323165830888
49710,0.9278311420811084
49711,1
49712,0.9185356824409848
49713,1
49714,1
49715,0.8818754630977065
49716,1
49717,0.9480065069213978
49718,0.7711206852583797
49719,1
49720,0.8535191864146341
49721,1
49722,1
49723,0.8390759692244216
49724,0.9476365172520376
49725,1
49726,1
49727,1
49728,0.9122579712215334
49729,1
49730,1
49731,0.9393268200388898
49732,0.818310175100633
49733,1
49734,1
49735,1
49736,1
49737,1
49738,1
49739,1
49740,1
49741,1
49742,1
49743,1
49744,0.9245910927727548
49745,0.9114623917455122
49746,1
49747,1
49748,1
49749,1
49750,0.9257025183512876
49751,0.9034984331985272
49752,1
49753,0.9295985307626584
49754,0.8204283277513913
49755,1
49756,1
49757,0.7183897026637581
49758,0.9484303602876809
49759,1
49760,1
49761,0.7906949219470639
49762,1
49763,0.9453463198339901
49764,1
49765,1
49766,1
49767,0.9086303496428113
49768,0.9415686754711713
49769,1
49770,1
49771,1
49772,1
49773,1
49774,1
49775,1
49776,0.7173863901595676
49777,1
49778,0.8964100307901154
49779,1
49780,1
49781,1
49782,0.739861762150983
49783,1
49784,1
49785,1
49786,0.5566427176043954
49787,0.8915262898193435
49788,0.6676243935000253
49789,1
49790,1
49791,1
49792,0.6819427720367863
49793,0.7693136394226718
49794,1
49795,1
49796,1
49797,1
49798,1
49799,1
49800,1
49801,1
49802,1
49803,1
49804,0.8119713787395205
49805,1
49806,0.943874984289597
49807,1
49808,1
49809,1
49810,1
49811,0.7644001311534583
49812,0.8545072137645059
49813,1
49814,1
49815,1
49816,1
49817,1
49818,1
49819,0.6819018058382977
49820,1
49821,1
49822,0.6368732287335509
49823,0.9455189849330404
49824,1
49825,1
49826,0.880116106548262
49827,1
49828,1
49829,0.8797034149876959
49830,1
49831,1
49832,1
49833,1
49834,0.7116640080477467
49835,1
49836,1
49837,1
49838,1
49839,1
49840,1
49841,0.5329660658297437
49842,1
49843,0.8630261770759329
49844,1
49845,1
49846,1
49847,1
49848,0.9089355372529971
49849,1
49850,1
49851,1
49852,1
49853,1
49854,1
49855,1
49856,1
49857,0.9152366607799762
49858,1
49859,0.8943715139655499
49860,0.9014149406443047
49861,1
49862,0.8837052689068217
49863,1
49864,1
49865,1
49866,0.938424219778521
49867,1
49868,0.8042105140016546
49869,1
49870,1
49871,1
49872,1
49873,1
49874,1
49875,0.7107566672909936
49876,1
49877,1
49878,0.43711192388075387
49879,1
49880,0.6565054768815838
49881,0.5771533375609977
49882,1
49883,1
49884,1
49885,0.9398616152416037
49886,1
49887,0.6513609656977166
49888,0.8089566821743145
49889,0.8398429090047489
49890,1
49891,1
49892,1
49893,1
49894,0.8647056585996227
49895,0.8850260900889968
49896,0.8473298998130611
49897,1
49898,1
49899,1
49900,1
49901,1
49902,1
49903,1
49904,1
49905,0.7272904216778864
49906,1
49907,0.9446749662527516
49908,0.8585360595753551
49909,0.925021005251839
49910,0.6185993953111846
49911,0.9003177352557075
49912,1
49913,0.9180328322308556
49914,1
49915,1
49916,1
49917,1
49918,0.8539617330934094
49919,1
49920,1
49921,1
49922,1
49923,1
49924,1
49925,1
49926,1
49927,0.906601845326161
49928,0.886225940409976
49929,1
49930,1
49931,1
49932,0.717907252293772
49933,0.6402188647993152
49934,1
49935,1
49936,1
49937,0.904244409824344
49938,1
49939,1
49940,0.896689586038032
49941,1
49942,0.9055797704929572
49943,1
49944,1
49945,0.7843829672626961
49946,0.5751153924397038
49947,1
49948,0.921820379800053
49949,1
49950,0.9252241504683124
49951,1
49952,1
49953,0.9406471877283915
49954,1
49955,1
49956,1
49957,0.8771358012021617
49958,0.8811086340247352
49959,0.5684885367880653
49960,1
49961,1
49962,0.8277107042237845
49963,0.9461827461642972
49964,0.8653922208145903
49965,1
49966,0.9074279212274443
49967,0.9423163657729118
49968,1
49969,1
49970,1
49971,1
49972,1
49973,1
49974,0.9079359703257683
49975,1
49976,1
49977,0.8965688628903148
49978,0.8495457785545482
49979,1
49980,1
49981,0.8914563346637395
49982,1
49983,1
49984,1
49985,1
49986,1
49987,1
49988,1
49989,1
49990,0.9480462579703061
49991,1
49992,1
49993,1
49994,0.8649406806579911
49995,1
49996,1
49997,1
49998,1
49999,0.9049070606028209
50000,0.43715855216646254
50001,0.9156772631609222
50002,1
50003,0.8402046247381482
50004,1
50005,1
50006,1
50007,1
50008,0.9458963376783878
50009,1
50010,1
50011,1
50012,0.7789167398634043
50013,1
50014,0.6210125372483376
50015,1
50016,1
50017,0.810633362608111
50018,1
50019,1
50020,0.9112995902191351
50021,1
50022,1
50023,0.8277107042237845
50024,1
50025,1
50026,1
50027,0.9359589680499679
50028,1
50029,0.8886887448637893
50030,0.9407742621519349
50031,1
50032,1
50033,1
50034,1
50035,1
50036,1
50037,0.7359597029918549
50038,1
50039,1
50040,0.9312832999580569
50041,1
50042,0.9053759674182628
50043,1
50044,1
50045,1
50046,1
50047,1
50048,0.940853494586447
50049,1
50050,1
50051,0.8252486043651566
50052,1
50053,0.7983525281459137
50054,1
50055,0.7370183757229407
50056,1
50057,1
50058,1
50059,0.9138251788671885
50060,0.9281609009959447
50061,0.9053759674182628
50062,1
50063,1
50064,0.9283571727537552
50065,1
50066,1
50067,0.9419047300400144
50068,0.9416887926163359
50069,1
50070,1
50071,1
50072,1
50073,0.9426859203110275
50074,1
50075,1
50076,1
50077,1
50078,0.8979258232780954
50079,1
50080,1
50081,1
50082,0.7468250623448003
50083,1
50084,1
50085,0.9386632247379818
50086,0.8977818223756795
50087,0.9258725057540612
50088,1
50089,1
50090,0.9310920017723427
50091,1
50092,1
50093,1
50094,1
50095,1
50096,1
50097,1
50098,1
50099,1
50100,0.9345121942945638
50101,1
50102,0.8638603837327563
50103,1
50104,1
50105,1
50106,1
50107,1
50108,1
50109,1
50110,1
50111,1
50112,1
50113,1
50114,1
50115,1
50116,1
50117,0.8420099650314762
50118,1
50119,1
50120,1
50121,1
50122,0.9490173560105407
50123,1
50124,1
50125,1
50126,1
50127,1
50128,0.7941539149206165
50129,1
50130,1
50131,1
50132,0.9408434728665439
50133,1
50134,1
50135,0.8266646310905738
50136,1
50137,1
50138,1
50139,0.9092918874618543
50140,0.9152366607799762
50141,1
50142,1
50143,0.4354536380108282
50144,1
50145,1
50146,0.9268461408241355
50147,1
50148,1
50149,0.9100927910517086
50150,1
50151,1
50152,1
50153,1
50154,1
50155,1
50156,1
50157,1
50158,0.7855827773119064
50159,0.9489381628047202
50160,1
50161,0.9461872256651912
50162,0.9432708071042665
50163,1
50164,1
50165,1
50166,1
50167,0.845895985126315
50168,1
50169,1
50170,1
50171,1
50172,1
50173,1
50174,1
50175,1
50176,0.8184683193106489
50177,1
50178,1
50179,1
50180,1
50181,1
50182,1
50183,1
50184,1
50185,1
50186,1
50187,0.9089355372529971
50188,0.7517644602469803
50189,0.7297515322016027
50190,1
50191,0.8581459807506081
50192,1
50193,0.8595996544957232
50194,1
50195,1
50196,1
50197,0.9329344527179542
50198,0.886257648853439
50199,0.6252734846959063
50200,1
50201,1
50202,1
50203,1
50204,1
50205,1
50206,1
50207,1
50208,1
50209,0.8874394427223483
50210,1
50211,1
50212,1
50213,1
50214,0.9031847554748104
50215,0.4166161357465355
50216,0.917608012575372
50217,1
50218,1
50219,1
50220,0.7994901219248626
50221,0.6563833025265245
50222,0.9336553235404934
50223,1
50224,0.9408595267388655
50225,1
50226,1
50227,1
50228,1
50229,0.8721412886476296
50230,1
50231,1
50232,1
50233,0.9072053563812846
50234,0.7872752365839925
50235,1
50236,0.9371000821501486
50237,1
50238,1
50239,1
50240,1
50241,1
50242,0.9254701955250909
50243,0.889721476659307
50244,1
50245,0.937478938028711
50246,1
50247,0.8564548874221499
50248,1
50249,1
50250,1
50251,1
50252,0.7811679888663237
50253,1
50254,1
50255,1
50256,1
50257,1
50258,1
50259,1
50260,1
50261,1
50262,0.7197263252020797
50263,1
50264,1
50265,1
50266,0.9089355372529971
50267,1
50268,0.9048073453394967
50269,0.8214815055104809
50270,1
50271,1
50272,0.9448323730394107
50273,1
50274,1
50275,1
50276,1
50277,1
50278,0.9404866371377198
50279,1
50280,1
50281,1
50282,0.5642027921631235
50283,0.570668142386897
50284,1
50285,1
50286,1
50287,1
50288,1
50289,1
50290,0.8875301895066384
50291,1
50292,1
50293,1
50294,1
50295,1
50296,0.9289203884671953
50297,1
50298,0.8967481076345832
50299,1
50300,1
50301,1
50302,1
50303,1
50304,1
50305,1
50306,0.6195297332430518
50307,0.8713172024289312
50308,0.8253337593430923
50309,1
50310,1
50311,1
50312,1
50313,0.9042437399322135
50314,1
50315,0.8372560637129711
50316,1
50317,1
50318,1
50319,0.9333045302599257
50320,0.8224607162340157
50321,0.9479118716596104
50322,1
50323,0.9029496977427492
50324,1
50325,1
50326,1
50327,0.9328390987770276
50328,0.5684437673298193
50329,1
50330,1
50331,1
50332,1
50333,1
50334,1
50335,1
50336,1
50337,1
50338,0.7994901219248626
50339,1
50340,1
50341,0.8773827590804835
50342,1
50343,1
50344,1
50345,1
50346,0.8839718072362048
50347,0.9301559875670121
50348,1
50349,1
50350,1
50351,1
50352,1
50353,1
50354,0.8553666350267249
50355,1
50356,1
50357,0.9366821432543778
50358,1
50359,0.928230383370551
50360,0.7140213877502322
50361,0.7669262549264364
50362,0.8993631743571228
50363,0.4619586654849492
50364,1
50365,0.9485600591786013
50366,0.9490525043815037
50367,1
50368,1
50369,1
50370,1
50371,1
50372,0.9030632148202783
50373,1
50374,1
50375,1
50376,1
50377,1
50378,0.8317286926289804
50379,1
50380,1
50381,0.752733789477372
50382,0.845895985126315
50383,1
50384,1
50385,1
50386,1
50387,0.9215323715750302
50388,1
50389,0.9069539100392634
50390,1
50391,1
50392,1
50393,0.9386168285227403
50394,0.815451500635205
50395,1
50396,1
50397,1
50398,1
50399,0.8974882139427417
50400,1
50401,0.9465590374493773
50402,1
50403,1
50404,1
50405,1
50406,1
50407,1
50408,1
50409,0.6933250490587677
50410,0.9019744960143784
50411,1
50412,1
50413,1
50414,0.7859745512826491
50415,1
50416,1
50417,1
50418,0.9071764546249697
50419,1
50420,1
50421,0.9319258381270441
50422,0.7176244749963784
50423,1
50424,1
50425,1
50426,0.9398732409913615
50427,1
50428,0.7622487168076625
50429,1
50430,1
50431,1
50432,1
50433,0.8850260900889968
50434,1
50435,1
50436,0.9398732409913615
50437,0.9458963376783878
50438,0.9316411869278172
50439,1
50440,1
50441,1
50442,1
50443,0.8366709742694708
50444,1
50445,0.9106143667048409
50446,1
50447,0.912776717565902
50448,1
50449,1
50450,1
50451,1
50452,1
50453,1
50454,0.6356440400528596
50455,1
50456,1
50457,1
50458,1
50459,1
50460,0.803620756712062
50461,1
50462,1
50463,1
50464,0.8914501641135464
50465,0.9408487341390286
50466,0.9056240276391713
50467,0.8921204699964731
50468,1
50469,0.8809441655174993
50470,1
50471,1
50472,1
50473,1
50474,1
50475,1
50476,1
50477,0.9100519745633643
50478,1
50479,1
50480,1
50481,1
50482,0.9062959195533986
50483,1
50484,1
50485,1
50486,1
50487,0.9103476478236607
50488,1
50489,1
50490,1
50491,1
50492,1
50493,1
50494,0.9153722307075574
50495,0.8824968287818767
50496,1
50497,1
50498,1
50499,1
50500,0.8874449246553354
50501,1
50502,0.8126078805852636
50503,1
50504,0.9081823129166974
50505,0.7116640080477467
50506,1
50507,1
50508,1
50509,0.9397024260928142
50510,0.8383760316564551
50511,1
50512,1
50513,1
50514,1
50515,0.8557653234385844
50516,1
50517,1
50518,1
50519,0.9283009283703961
50520,0.8770646974053866
50521,1
50522,0.8628253445892352
50523,1
50524,1
50525,1
50526,1
50527,1
50528,1
50529,1
50530,1
50531,1
50532,1
50533,0.9496035411602939
50534,1
50535,1
50536,1
50537,1
50538,1
50539,0.9038933332766038
50540,1
50541,0.8252486043651566
50542,1
50543,1
50544,0.8247440388525383
50545,1
50546,0.9021723879558949
50547,1
50548,1
50549,0.9415686754711713
50550,1
50551,1
50552,1
50553,1
50554,0.8048363134007771
50555,1
50556,1
50557,1
50558,1
50559,0.7855827773119064
50560,1
50561,0.9024871042192917
50562,1
50563,1
50564,1
50565,0.9412671303451119
50566,1
50567,1
50568,1
50569,1
50570,0.8991021283156594
50571,1
50572,0.9300935315448464
50573,1
50574,0.9077774757695657
50575,1
50576,0.8379505728669683
50577,1
50578,1
50579,1
50580,1
50581,1
50582,0.7464029457547071
50583,1
50584,0.9420820864777785
50585,1
50586,1
50587,0.7023587422188795
50588,1
50589,1
50590,1
50591,1
50592,1
50593,1
50594,1
50595,1
50596,1
50597,0.7642683751228022
50598,0.8272723396112671
50599,1
50600,0.9356716397191079
50601,1
50602,0.9050291977529933
50603,1
50604,1
50605,1
50606,1
50607,1
50608,1
50609,0.6916712204813791
50610,0.3605218037384304
50611,1
50612,1
50613,1
50614,1
50615,1
50616,1
50617,1
50618,1
50619,1
50620,1
50621,1
50622,1
50623,0.9237691174780562
50624,1
50625,1
50626,0.8751974423604865
50627,1
50628,0.9016014470053086
50629,1
50630,0.8942707516409404
50631,1
50632,0.9289203884671953
50633,0.8873446749627111
50634,0.8369669239643893
50635,1
50636,1
50637,1
50638,0.7189461781030627
50639,0.8420099650314762
50640,1
50641,1
50642,1
50643,0.9384583037390508
50644,1
50645,1
50646,1
50647,1
50648,1
50649,1
50650,0.8299866285632862
50651,1
50652,1
50653,1
50654,1
50655,0.8501912125978711
50656,0.9152366607799762
50657,1
50658,1
50659,1
50660,0.8719765669209244
50661,0.9229169235137903
50662,0.604418380039291
50663,1
50664,1
50665,0.7127171615168626
50666,1
50667,1
50668,1
50669,1
50670,1
50671,1
50672,1
50673,1
50674,1
50675,1
50676,0.8620917168244522
50677,0.7103761156221248
50678,1
50679,1
50680,1
50681,0.852920597215767
50682,1
50683,1
50684,1
50685,1
50686,1
50687,1
50688,1
50689,0.9461323285876201
50690,1
50691,0.948943972052463
50692,0.9331488314261505
50693,0.4172022335303556
50694,0.8839440829251725
50695,1
50696,0.8831113360843585
50697,1
50698,0.9380031770342941
50699,0.9081796927753677
50700,1
50701,1
50702,1
50703,1
50704,1
50705,1
50706,1
50707,1
50708,1
50709,0.8135532965997347
50710,1
50711,0.7035112227915042
50712,0.8958040626338788
50713,1
50714,1
50715,1
50716,0.7910899290846305
50717,1
50718,1
50719,0.7095834620753245
50720,0.8597229085888364
50721,1
50722,1
50723,1
50724,1
50725,0.8658461485078214
50726,1
50727,1
50728,0.8199009941916319
50729,1
50730,1
50731,1
50732,1
50733,1
50734,1
50735,0.9226877821985608
50736,1
50737,0.8974882139427417
50738,1
50739,1
50740,0.9414443114574949
50741,1
50742,1
50743,1
50744,1
50745,1
50746,1
50747,1
50748,1
50749,0.9185356824409848
50750,1
50751,0.9309161003838076
50752,1
50753,0.9381398020757672
50754,1
50755,1
50756,1
50757,1
50758,1
50759,1
50760,1
50761,1
50762,1
50763,1
50764,0.8663034234130622
50765,1
50766,1
50767,1
50768,1
50769,0.9021196108857901
50770,0.9462564714871526
50771,0.9316411869278172
50772,1
50773,1
50774,0.9395308582198706
50775,0.9262647631187355
50776,1
50777,0.8727915600168064
50778,1
50779,1
50780,1
50781,0.832696580325915
50782,0.8261865247208536
50783,0.5325526476088471
50784,0.9408924083439206
50785,1
50786,0.9407034182223621
50787,1
50788,1
50789,1
50790,1
50791,1
50792,1
50793,1
50794,1
50795,0.9214900000568367
50796,1
50797,0.8132700267338802
50798,1
50799,1
50800,1
50801,1
50802,0.9414120454195356
50803,0.9295985307626584
50804,1
50805,0.859153162604385
50806,1
50807,1
50808,0.7442179175991169
50809,1
50810,0.8837052689068217
50811,0.9439034324669254
50812,1
50813,1
50814,1
50815,0.7780301465432707
50816,0.4687421681714064
50817,0.6030560335992738
50818,0.9416230155531169
50819,0.9225669883465389
50820,1
50821,1
50822,1
50823,1
50824,0.8945574653057763
50825,1
50826,1
50827,1
50828,1
50829,1
50830,1
50831,1
50832,1
50833,1
50834,1
50835,1
50836,0.6758413648729557
50837,1
50838,1
50839,1
50840,1
50841,1
50842,1
50843,1
50844,1
50845,0.9478223889725725
50846,1
50847,1
50848,1
50849,1
50850,0.9477680935219899
50851,1
50852,1
50853,1
50854,0.9226617235216902
50855,1
50856,1
50857,0.9157063271395164
50858,1
50859,1
50860,1
50861,1
50862,1
50863,1
50864,1
50865,1
50866,1
50867,1
50868,1
50869,1
50870,1
50871,1
50872,0.9421541117751779
50873,1
50874,0.9326862777107402
50875,0.888280788326185
50876,1
50877,1
50878,0.899603303136366
50879,1
50880,1
50881,1
50882,1
50883,1
50884,0.9349353758970944
50885,1
50886,1
50887,1
50888,0.949677114094096
50889,1
50890,1
50891,1
50892,1
50893,1
50894,1
50895,0.8543227799970277
50896,0.32669273324763193
50897,0.913384838446057
50898,1
50899,1
50900,0.6701321932284904
50901,1
50902,1
50903,1
50904,1
50905,1
50906,1
50907,1
50908,0.9259398073950811
50909,0.8099500157708521
50910,1
50911,1
50912,0.9462143537747468
50913,1
50914,1
50915,1
50916,1
50917,0.6494388044429436
50918,1
50919,1
50920,0.8986080470006158
50921,1
50922,1
50923,0.7237275617627075
50924,0.7881444983862737
50925,1
50926,0.8043381774016475
50927,0.9156146647401697
50928,0.8878197556419634
50929,0.9306932842742516
50930,1
50931,1
50932,1
50933,0.859153162604385
50934,1
50935,0.49266168976316305
50936,0.8698964044140994
50937,1
50938,1
50939,0.4617149804992794
50940,0.9081936669269067
50941,0.9021723879558949
50942,1
50943,1
50944,0.826483772219919
50945,0.9178028137165289
50946,1
50947,1
50948,1
50949,0.58000611327469
50950,1
50951,0.8729299677330642
50952,0.9354804211325118
50953,1
50954,1
50955,1
50956,0.8559687978143096
50957,1
50958,0.8871789904201627
50959,1
50960,0.9151201419565314
50961,1
50962,1
50963,0.9306932842742516
50964,1
50965,1
50966,1
50967,1
50968,1
50969,0.7129634008391387
50970,1
50971,0.9280534504199632
50972,1
50973,1
50974,0.9391792425965498
50975,1
50976,1
50977,0.885401482276952
50978,1
50979,1
50980,1
50981,1
50982,1
50983,1
50984,0.859153162604385
50985,0.9132997358077058
50986,1
50987,1
50988,0.9203226309036164
50989,0.9248642408529426
50990,1
50991,1
50992,1
50993,1
50994,0.8437978774079374
50995,1
50996,1
50997,1
50998,1
50999,1
51000,1
51001,1
51002,1
51003,1
51004,1
51005,1
51006,1
51007,1
51008,1
51009,0.9304651192115355
51010,1
51011,0.5053906361605512
51012,0.8668391989583006
51013,1
51014,1
51015,1
51016,0.8543227799970277
51017,1
51018,1
51019,1
51020,1
51021,1
51022,0.7571281072496331
51023,1
51024,0.8247440388525383
51025,1
51026,0.8686623621349933
51027,1
51028,1
51029,1
51030,1
51031,1
51032,1
51033,1
51034,1
51035,0.9404866371377198
51036,0.9454709579063704
51037,0.9456158804354416
51038,1
51039,0.9089355372529971
51040,0.9202966171677182
51041,0.9241402477197566
51042,0.8462588682768729
51043,1
51044,1
51045,1
51046,1
51047,1
51048,1
51049,0.7525286224854192
51050,1
51051,0.9477680935219899
51052,0.9050617320782202
51053,1
51054,1
51055,1
51056,1
51057,0.9319206181317448
51058,1
51059,1
51060,1
51061,1
51062,1
51063,0.9128456032521418
51064,0.9319206181317448
51065,1
51066,0.9395473427885391
51067,0.9322767933612165
51068,1
51069,1
51070,1
51071,1
51072,1
51073,1
51074,1
51075,0.9236076675705736
51076,1
51077,1
51078,1
51079,0.9308892495019043
51080,0.9072032309899698
51081,1
51082,1
51083,1
51084,1
51085,1
51086,0.9412630484304073
51087,1
51088,0.815451500635205
51089,1
51090,1
51091,1
51092,1
51093,0.6029049265615661
51094,1
51095,1
51096,1
51097,1
51098,0.48581060734352743
51099,0.7728905625141123
51100,0.654657040808742
51101,0.8374768720305195
51102,0.9439981068818251
51103,1
51104,1
51105,1
51106,1
51107,1
51108,1
51109,0.9124415266489359
51110,1
51111,1
51112,0.8261944432671873
51113,0.7572517842013001
51114,1
51115,0.9475972599521834
51116,1
51117,1
51118,0.9496377450678601
51119,0.8570329064112016
51120,1
51121,1
51122,0.9328392660679358
51123,0.7522441086676027
51124,0.8783251788728113
51125,0.9042342998478169
51126,0.9352000518976428
51127,1
51128,1
51129,0.7189461781030627
51130,0.848714011073753
51131,0.891035110484869
51132,1
51133,1
51134,1
51135,1
51136,1
51137,1
51138,0.9399573208476605
51139,1
51140,1
51141,0.9071620337241881
51142,1
51143,1
51144,0.9315140765822626
51145,0.9306812654626151
51146,1
51147,1
51148,1
51149,0.9421444671397023
51150,1
51151,1
51152,0.6260999368730212
51153,1
51154,0.882158527037212
51155,1
51156,1
51157,1
51158,1
51159,1
51160,1
51161,1
51162,0.8277107042237845
51163,0.9195674017482122
51164,1
51165,1
51166,0.8721958197854451
51167,1
51168,0.9079359703257683
51169,1
51170,1
51171,1
51172,1
51173,0.8850260900889968
51174,0.9272279750351236
51175,1
51176,1
51177,1
51178,1
51179,1
51180,1
51181,0.9394176417385255
51182,1
51183,1
51184,1
51185,1
51186,1
51187,1
51188,1
51189,1
51190,0.8798303425174933
51191,1
51192,1
51193,1
51194,1
51195,1
51196,1
51197,0.7212764712077323
51198,1
51199,1
51200,1
51201,1
51202,1
51203,0.9490182573528726
51204,1
51205,1
51206,1
51207,1
51208,1
51209,1
51210,0.8235769995484064
51211,1
51212,1
51213,0.9316411869278172
51214,1
51215,1
51216,0.9307308451386272
51217,1
51218,1
51219,1
51220,0.9494331222857347
51221,1
51222,1
51223,1
51224,1
51225,0.6446756067148206
51226,0.8934138349821494
51227,1
51228,1
51229,1
51230,0.9318309494994486
51231,1
51232,0.9288048427215077
51233,0.8721412886476296
51234,1
51235,1
51236,0.8837052689068217
51237,0.9371195439069555
51238,0.9079359703257683
51239,1
51240,1
51241,0.9230796706104654
51242,0.23052447833849996
51243,1
51244,0.504089490731127
51245,1
51246,1
51247,1
51248,0.8564548874221499
51249,0.9283359766857542
51250,1
51251,0.9350440466145278
51252,0.9268195092274792
51253,0.8333539810119213
51254,0.9333503705833083
51255,1
51256,0.9171599000850899
51257,1
51258,1
51259,1
51260,0.9423345123682428
51261,1
51262,1
51263,1
51264,1
51265,1
51266,1
51267,0.9354229504593058
51268,1
51269,1
51270,0.9473162613061697
51271,1
51272,1
51273,0.9449824776794753
51274,1
51275,0.9267053522131031
51276,1
51277,1
51278,0.9445750528810833
51279,0.9216574890525376
51280,1
51281,0.8738813057822774
51282,0.9443802131890685
51283,1
51284,1
51285,0.746866512995253
51286,1
51287,0.9252408314735903
51288,0.8252486043651566
51289,1
51290,1
51291,0.8055755876904325
51292,1
51293,1
51294,0.9446362400785946
51295,1
51296,1
51297,1
51298,0.9291016957825172
51299,1
51300,1
51301,0.859629239261056
51302,0.9370449152140411
51303,1
51304,1
51305,1
51306,0.8632491255166522
51307,0.8686623621349933
51308,1
51309,0.9335401520709663
51310,1
51311,1
51312,1
51313,0.9486432912514582
51314,0.9446749662527516
51315,0.9480065069213978
51316,1
51317,0.9341007345857402
51318,1
51319,1
51320,1
51321,1
51322,1
51323,1
51324,1
51325,1
51326,1
51327,1
51328,1
51329,1
51330,1
51331,1
51332,1
51333,0.8566883823389988
51334,1
51335,1
51336,1
51337,0.8831077622851412
51338,1
51339,1
51340,0.8277107042237845
51341,1
51342,1
51343,1
51344,1
51345,1
51346,0.8297587009861301
51347,1
51348,1
51349,1
51350,1
51351,1
51352,0.9071102665894452
51353,0.8926957187544065
51354,1
51355,1
51356,1
51357,1
51358,1
51359,0.7366565360454321
51360,1
51361,1
51362,1
51363,1
51364,1
51365,1
51366,1
51367,1
51368,1
51369,0.8899827717286449
51370,1
51371,0.9100519745633643
51372,0.7138221144873312
51373,0.8071369419571897
51374,0.8014225546745039
51375,0.75061671245819
51376,0.37683718174255004
51377,1
51378,1
51379,1
51380,0.88739195883504
51381,1
51382,1
51383,0.9446596836493764
51384,0.9364331973753384
51385,1
51386,1
51387,0.5566427176043954
51388,1
51389,1
51390,1
51391,1
51392,1
51393,1
51394,0.93919959752950255
51395,1
51396,1
51397,1
51398,1
51399,1
51400,1
51401,1
51402,1
51403,1
51404,1
51405,0.9053545018539649
51406,1
51407,0.494890049403809
51408,1
51409,0.48581060734352743
51410,0.8005063997976758
51411,0.7027492763648392
51412,0.948240146845274
51413,1
51414,0.8038441309818869
51415,1
51416,1
51417,1
51418,0.8948507416305281
51419,1
51420,1
51421,1
51422,1
51423,1
51424,1
51425,1
51426,1
51427,0.604418380039291
51428,1
51429,1
51430,1
51431,1
51432,1
51433,1
51434,1
51435,1
51436,1
51437,1
51438,1
51439,1
51440,1
51441,1
51442,1
51443,1
51444,0.9335642328112471
51445,1
51446,1
51447,1
51448,1
51449,1
51450,0.7326287149982157
51451,0.9046710992656513
51452,1
51453,1
51454,0.8881721551589937
51455,1
51456,1
51457,1
51458,1
51459,1
51460,1
51461,1
51462,1
51463,1
51464,1
51465,1
51466,1
51467,1
51468,0.8030146729373614
51469,0.9260209997704107
51470,0.8876284513385811
51471,0.9364536604336625
51472,0.9388577343437038
51473,0.9446596836493764
51474,1
51475,0.9420820864777785
51476,0.8888137112745057
51477,1
51478,1
51479,0.8089022161006845
51480,1
51481,1
51482,0.8819180949578516
51483,1
51484,1
51485,0.9069148188827277
51486,0.9222692906941352
51487,1
51488,0.7685837718097019
51489,1
51490,1
51491,1
51492,1
51493,1
51494,1
51495,1
51496,1
51497,1
51498,0.8647056585996227
51499,0.6999368822317416
51500,1
51501,0.9477069955437415
51502,1
51503,1
51504,1
51505,1
51506,1
51507,1
51508,1
51509,1
51510,1
51511,1
51512,0.92973391241977
51513,0.9277834986180862
51514,1
51515,0.9079359703257683
51516,1
51517,1
51518,0.9050291977529933
51519,1
51520,1
51521,0.9105972035899803
51522,0.7950976087984046
51523,1
51524,1
51525,1
51526,0.7612619639721612
51527,0.9030864344039603
51528,1
51529,0.8684336177321408
51530,0.8329127374419716
51531,1
51532,1
51533,0.9081823129166974
51534,0.8993742083544896
51535,0.8786540268542469
51536,1
51537,1
51538,1
51539,0.9200894047317066
51540,1
51541,0.9123457362058752
51542,0.925539019817863
51543,1
51544,1
51545,1
51546,0.7713457197834036
51547,1
51548,0.9494044366437985
51549,1
51550,1
51551,1
51552,0.8710303564240629
51553,1
51554,1
51555,1
51556,1
51557,1
51558,0.8780313392533869
51559,0.7879905316441539
51560,1
51561,1
51562,1
51563,0.92464737033173094
51564,1
51565,1
51566,0.8252486043651566
51567,0.9331488314261505
51568,1
51569,1
51570,1
51571,0.9409917606725704
51572,1
51573,0.9215323715750302
51574,0.7037327475464237
51575,0.7524661237414532
51576,1
51577,1
51578,1
51579,0.9264667726042383
51580,1
51581,1
51582,1
51583,0.8268603627487334
51584,1
51585,1
51586,1
51587,1
51588,1
51589,0.8093175049538586
51590,1
51591,1
51592,0.8860385094431956
51593,1
51594,1
51595,0.940853494586447
51596,1
51597,1
51598,0.9445045314827152
51599,0.9404866371377198
51600,1
51601,1
51602,1
51603,1
51604,1
51605,0.7899405983591141
51606,0.7953487173664069
51607,0.9376418074795638
51608,1
51609,0.7780301465432707
51610,1
51611,1
51612,1
51613,1
51614,1
51615,1
51616,1
51617,0.9090996129414115
51618,0.8629902785881561
51619,1
51620,1
51621,0.8340030197296934
51622,1
51623,0.9349353758970944
51624,1
51625,1
51626,1
51627,1
51628,1
51629,0.9015484272618249
51630,1
51631,1
51632,0.556580528024074
51633,1
51634,1
51635,1
51636,0.9348285627418064
51637,1
51638,1
51639,0.6311491214075992
51640,1
51641,1
51642,1
51643,1
51644,1
51645,0.9295985307626584
51646,1
51647,1
51648,0.945046391920319
51649,0.9283287021843454
51650,1
51651,1
51652,1
51653,1
51654,1
51655,1
51656,1
51657,1
51658,0.9282675445368808
51659,1
51660,0.9306812654626151
51661,0.9485232337751693
51662,1
51663,0.8523646218652976
51664,1
51665,1
51666,1
51667,1
51668,1
51669,1
51670,1
51671,0.9277834986180862
51672,1
51673,1
51674,1
51675,0.8341286974704595
51676,1
51677,0.9152607699786381
51678,1
51679,1
51680,1
51681,1
51682,1
51683,1
51684,0.618727462530646
51685,1
51686,1
51687,1
51688,1
51689,0.8914477573602366
51690,1
51691,1
51692,1
51693,1
51694,1
51695,1
51696,0.8615107685279005
51697,0.9388283542373463
51698,1
51699,0.9396192090077652
51700,1
51701,1
51702,1
51703,1
51704,1
51705,1
51706,0.7118319281121406
51707,1
51708,1
51709,0.793170659184894
51710,1
51711,1
51712,1
51713,1
51714,1
51715,1
51716,1
51717,1
51718,1
51719,1
51720,0.9377132900975945
51721,0.8672452849929159
51722,1
51723,1
51724,1
51725,0.9279568055714343
51726,1
51727,1
51728,1
51729,1
51730,1
51731,0.6819018058382977
51732,1
51733,1
51734,0.8490553560375778
51735,0.9056042149276968
51736,1
51737,1
51738,1
51739,1
51740,0.9073229710309252
51741,0.43711192388075387
51742,0.886354967820733
51743,1
51744,1
51745,1
51746,0.7326003764819038
51747,0.834646038133606
51748,1
51749,1
51750,1
51751,1
51752,1
51753,0.8895785138926952
51754,1
51755,1
51756,1
51757,0.8524603025875188
51758,1
51759,0.8675120191577906
51760,1
51761,1
51762,0.8974524091889544
51763,1
51764,1
51765,0.650551749843309
51766,1
51767,0.9276864976779597
51768,1
51769,1
51770,1
51771,1
51772,1
51773,1
51774,1
51775,0.8495512933114234
51776,1
51777,1
51778,1
51779,1
51780,1
51781,0.9477680935219899
51782,1
51783,1
51784,0.845895985126315
51785,1
51786,1
51787,0.870562826566276
51788,0.8974882139427417
51789,1
51790,1
51791,0.920372842855891
51792,1
51793,1
51794,0.7855483072235313
51795,1
51796,1
51797,1
51798,1
51799,0.9052446508159309
51800,1
51801,1
51802,1
51803,1
51804,1
51805,0.8075023496084826
51806,0.9433426867493299
51807,1
51808,1
51809,1
51810,1
51811,1
51812,1
51813,0.8679013245661215
51814,0.6311491214075992
51815,1
51816,0.8054525067078473
51817,1
51818,1
51819,1
51820,0.7928812773433367
51821,1
51822,0.49266168976316305
51823,1
51824,1
51825,1
51826,1
51827,0.9079359703257683
51828,1
51829,1
51830,1
51831,1
51832,1
51833,0.8624734535972602
51834,1
51835,1
51836,1
51837,0.9032630655596091
51838,1
51839,1
51840,1
51841,0.9288048427215077
51842,1
51843,1
51844,1
51845,1
51846,1
51847,1
51848,1
51849,1
51850,1
51851,1
51852,1
51853,1
51854,0.8383760316564551
51855,0.8813721427946547
51856,1
51857,1
51858,1
51859,0.7685837718097019
51860,1
51861,0.9288048427215077
51862,0.8598344085738062
51863,1
51864,0.9008118407075524
51865,1
51866,1
51867,0.909756443056339
51868,1
51869,1
51870,1
51871,1
51872,1
51873,1
51874,0.882158527037212
51875,1
51876,1
51877,0.9196849050088718
51878,1
51879,1
51880,1
51881,1
51882,1
51883,1
51884,1
51885,0.9243638523700638
51886,1
51887,1
51888,1
51889,1
51890,1
51891,1
51892,0.9369137138695834
51893,0.7129634008391387
51894,1
51895,1
51896,1
51897,1
51898,1
51899,1
51900,1
51901,1
51902,0.8916051604109223
51903,1
51904,1
51905,1
51906,1
51907,1
51908,1
51909,1
51910,1
51911,1
51912,1
51913,1
51914,0.9423590010811892
51915,0.906047855488915
51916,1
51917,1
51918,1
51919,0.937782952132007
51920,0.9186917740729764
51921,1
51922,1
51923,1
51924,1
51925,1
51926,1
51927,0.705688208877203
51928,1
51929,1
51930,0.8253337593430923
51931,1
51932,1
51933,0.6105479273449718
51934,0.8586646274113976
51935,0.9461880182987215
51936,1
51937,1
51938,1
51939,1
51940,1
51941,1
51942,1
51943,1
51944,1
51945,0.8129690399972812
51946,1
51947,1
51948,0.8474019544366782
51949,1
51950,1
51951,1
51952,1
51953,1
51954,0.9405183748362198
51955,0.9479118716596104
51956,1
51957,1
51958,1
51959,1
51960,0.5020329903276758
51961,1
51962,1
51963,1
51964,1
51965,1
51966,1
51967,1
51968,1
51969,1
51970,1
51971,0.600797327984531
51972,1
51973,1
51974,1
51975,1
51976,0.8517819989038388
51977,1
51978,1
51979,0.904342756995476
51980,1
51981,1
51982,1
51983,1
51984,0.8358284964959605
51985,1
51986,1
51987,1
51988,0.6402188647993152
51989,0.9270976945732051
51990,1
51991,1
51992,1
51993,1
51994,1
51995,0.9170720405866764
51996,1
51997,1
51998,0.931620278216901
51999,1
52000,0.9494331222857347
52001,1
52002,0.9277337136738866
52003,1
52004,1
52005,0.8910696140822492
52006,1
52007,1
52008,1
52009,1
52010,1
52011,1
52012,1
52013,1
52014,0.886257648853439
52015,1
52016,0.9452516085870742
52017,1
52018,1
52019,1
52020,0.600321024517991
52021,0.7948591409215888
52022,1
52023,1
52024,1
52025,1
52026,1
52027,1
52028,1
52029,0.896689586038032
52030,1
52031,0.8680201880638168
52032,1
52033,1
52034,1
52035,1
52036,0.7910694372177346
52037,1
52038,1
52039,0.9421541117751779
52040,1
52041,1
52042,1
52043,0.931866247799237
52044,1
52045,1
52046,0.5876925643607007
52047,1
52048,1
52049,1
52050,1
52051,1
52052,0.8397066515147226
52053,1
52054,1
52055,0.752179338522567
52056,1
52057,1
52058,0.8619267777571056
52059,1
52060,1
52061,1
52062,1
52063,1
52064,1
52065,1
52066,1
52067,1
52068,1
52069,1
52070,1
52071,0.8884463617878837
52072,1
52073,1
52074,0.9163208661625927
52075,0.944344382813224
52076,1
52077,1
52078,0.9263449013643182
52079,1
52080,1
52081,1
52082,1
52083,1
52084,1
52085,0.7284508218629492
52086,1
52087,1
52088,1
52089,1
52090,1
52091,1
52092,1
52093,1
52094,0.9347032116804918
52095,0.9069539100392634
52096,0.7223994083647319
52097,1
52098,0.8837052689068217
52099,1
52100,0.8992859391806531
52101,0.8297587009861301
52102,0.8468155456364841
52103,1
52104,1
52105,1
52106,0.9490255501279916
52107,1
52108,0.8828877267605751
52109,1
52110,1
52111,1
52112,0.9005869394471551
52113,0.9432708071042665
52114,0.8586646274113976
52115,1
52116,0.9316411869278172
52117,1
52118,1
52119,1
52120,1
52121,1
52122,0.8490127656811683
52123,1
52124,1
52125,1
52126,1
52127,0.44933706189866945
52128,0.9070219628507294
52129,1
52130,1
52131,1
52132,0.8909858586515407
52133,1
52134,1
52135,1
52136,1
52137,1
52138,1
52139,0.43804091347497964
52140,1
52141,1
52142,1
52143,0.9239206498132211
52144,1
52145,1
52146,1
52147,1
52148,1
52149,1
52150,0.8492874476801633
52151,0.5903226494243273
52152,1
52153,1
52154,0.8942611753472762
52155,1
52156,0.9121664222499875
52157,0.9498548328561912
52158,1
52159,1
52160,0.9361466480920756
52161,1
52162,1
52163,1
52164,1
52165,1
52166,0.940403991119868
52167,1
52168,0.9426291283573065
52169,0.940853494586447
52170,0.9228328600445447
52171,1
52172,1
52173,1
52174,0.93160542785482
52175,1
52176,1
52177,0.8334826324721442
52178,1
52179,1
52180,0.8277107042237845
52181,1
52182,1
52183,1
52184,1
52185,1
52186,1
52187,1
52188,1
52189,1
52190,0.8361421475934374
52191,1
52192,0.9388852943639964
52193,1
52194,1
52195,0.9092854154998246
52196,1
52197,0.8704695745524595
52198,1
52199,1
52200,1
52201,1
52202,1
52203,1
52204,1
52205,1
52206,1
52207,1
52208,1
52209,0.6893842144414349
52210,1
52211,0.9267917824808785
52212,0.9434576444247682
52213,1
52214,1
52215,1
52216,1
52217,0.9302957088697895
52218,1
52219,1
52220,1
52221,1
52222,1
52223,0.9050291977529933
52224,1
52225,1
52226,1
52227,1
52228,1
52229,1
52230,1
52231,1
52232,0.7759009014508804
52233,1
52234,1
52235,1
52236,1
52237,0.9476047915050818
52238,0.9301813914312355
52239,1
52240,1
52241,1
52242,1
52243,1
52244,1
52245,1
52246,1
52247,0.7921275420515768
52248,0.8230796968581557
52249,0.9193671734624345
52250,1
52251,0.933088777887178
52252,0.9427540963519289
52253,0.9082670517331075
52254,1
52255,0.8731749776415716
52256,0.9480462579703061
52257,1
52258,1
52259,1
52260,1
52261,1
52262,0.8850260900889968
52263,1
52264,1
52265,0.895392205053625
52266,1
52267,1
52268,1
52269,1
52270,1
52271,1
52272,0.8620245607697279
52273,1
52274,0.8696467318794269
52275,1
52276,1
52277,0.7517644602469803
52278,1
52279,0.7981427847585459
52280,1
52281,1
52282,0.9100519745633643
52283,0.9476066192010721
52284,1
52285,1
52286,0.9333341223439366
52287,0.9283869813022714
52288,0.47112950211144966
52289,1
52290,0.8281766459256282
52291,0.8949101369281046
52292,1
52293,0.5876925643607007
52294,0.39909960116807464
52295,1
52296,1
52297,1
52298,1
52299,1
52300,0.9245800932824451
52301,1
52302,1
52303,0.9359878137202925
52304,1
52305,0.904244409824344
52306,1
52307,1
52308,1
52309,0.9246656258080268
52310,1
52311,1
52312,1
52313,1
52314,0.9388283542373463
52315,1
52316,1
52317,1
52318,0.6252734846959063
52319,0.6893842144414349
52320,1
52321,1
52322,0.8544040746033713
52323,0.7176244749963784
52324,0.9138251788671885
52325,0.8885521837793664
52326,1
52327,1
52328,1
52329,0.8057409595441347
52330,1
52331,0.7129634008391387
52332,1
52333,1
52334,1
52335,1
52336,0.8457145170983962
52337,0.8581606175995892
52338,1
52339,0.8632491255166522
52340,1
52341,0.8713208260301276
52342,1
52343,1
52344,1
52345,1
52346,1
52347,1
52348,1
52349,1
52350,1
52351,0.9413714524497757
52352,0.8801033824372403
52353,1
52354,1
52355,1
52356,1
52357,0.8754131832132197
52358,1
52359,0.7508411072938451
52360,1
52361,1
52362,1
52363,0.9418213521015681
52364,1
52365,1
52366,1
52367,1
52368,1
52369,1
52370,1
52371,1
52372,1
52373,1
52374,1
52375,1
52376,1
52377,0.945946033692074
52378,1
52379,1
52380,1
52381,0.9361200744271799
52382,0.6723810542629992
52383,0.6715273910330568
52384,1
52385,1
52386,1
52387,0.8720365478327721
52388,1
52389,1
52390,1
52391,1
52392,0.7189461781030627
52393,1
52394,0.8421321067782295
52395,1
52396,1
52397,1
52398,1
52399,0.46400987603078947
52400,0.938502668052374
52401,0.8690434313364297
52402,0.830618544649943
52403,0.9130664762146207
52404,0.936259609693794
52405,1
52406,1
52407,1
52408,0.9380927205372964
52409,1
52410,0.9495791719272868
52411,0.7810929158873234
52412,1
52413,1
52414,1
52415,1
52416,0.8973831377331664
52417,1
52418,1
52419,0.9272031931638081
52420,1
52421,0.926796844537773
52422,0.9491642355591824
52423,1
52424,1
52425,1
52426,1
52427,1
52428,0.9144419753934885
52429,0.8471363544232954
52430,1
52431,1
52432,0.6426299117695728
52433,1
52434,1
52435,0.8946548936050684
52436,0.7179824771749085
52437,1
52438,1
52439,1
52440,1
52441,1
52442,1
52443,0.6775501804118899
52444,0.9281811096675545
52445,0.7318714246946864
52446,0.904192890758749
52447,0.9181703155380245
52448,1
52449,1
52450,1
52451,1
52452,1
52453,1
52454,1
52455,1
52456,1
52457,1
52458,1
52459,0.923428961896409
52460,1
52461,0.8981013343675437
52462,1
52463,1
52464,1
52465,0.943071645251532
52466,1
52467,1
52468,1
52469,1
52470,1
52471,1
52472,1
52473,1
52474,0.9378301861748198
52475,1
52476,0.874764609075449
52477,1
52478,1
52479,0.7841977139004183
52480,0.9218073716854235
52481,1
52482,0.8597108548547415
52483,1
52484,1
52485,1
52486,1
52487,1
52488,1
52489,1
52490,1
52491,0.9108854699171337
52492,1
52493,1
52494,1
52495,1
52496,1
52497,1
52498,1
52499,1
52500,0.9016616671397946
52501,0.9307183326835381
52502,1
52503,1
52504,1
52505,0.8408954914666151
52506,0.8564548874221499
52507,0.9468481024793144
52508,1
52509,0.7194812315158698
52510,1
52511,1
52512,1
52513,1
52514,0.8285973987638574
52515,0.762023348854702
52516,1
52517,1
52518,1
52519,1
52520,0.8099500157708521
52521,1
52522,0.8252486043651566
52523,1
52524,1
52525,0.45036936776479775
52526,1
52527,0.9241116309286146
52528,0.8895785138926952
52529,0.9041948556610843
52530,1
52531,0.9199148668202606
52532,1
52533,0.6681175815981437
52534,0.9393268200388898
52535,1
52536,0.8686623621349933
52537,1
52538,1
52539,1
52540,0.8729878161237266
52541,0.9356716397191079
52542,1
52543,1
52544,1
52545,1
52546,1
52547,0.9226617235216902
52548,1
52549,1
52550,1
52551,0.5670463004770423
52552,1
52553,0.84623887737629655
52554,1
52555,0.9079359703257683
52556,0.9478223889725725
52557,0.9444679538001236
52558,1
52559,0.5547683561276758
52560,1
52561,0.8518999451302707
52562,1
52563,1
52564,1
52565,0.9498548328561912
52566,1
52567,0.9255322559667025
52568,0.8711264544980938
52569,1
52570,0.9096324092255035
52571,1
52572,1
52573,0.8019633679139304
52574,1
52575,1
52576,1
52577,1
52578,1
52579,1
52580,1
52581,0.9350486846218107
52582,0.9367356207816123
52583,1
52584,1
52585,1
52586,1
52587,1
52588,0.9332450082450171
52589,1
52590,1
52591,0.9236031554726467
52592,1
52593,0.8761328135975152
52594,1
52595,1
52596,1
52597,0.9441411481151567
52598,0.9306812654626151
52599,0.8497269367342978
52600,1
52601,0.8495512933114234
52602,1
52603,1
52604,0.7268456572045962
52605,1
52606,0.9215424332942884
52607,0.8027930735707586
52608,1
52609,1
52610,1
52611,1
52612,0.7958698401459042
52613,1
52614,0.9047119132136896
52615,0.9420820864777785
52616,0.8424205641199729
52617,0.8181073215149365
52618,1
52619,1
52620,0.8853478955542747
52621,1
52622,0.945820154916088
52623,1
52624,1
52625,1
52626,1
52627,1
52628,1
52629,1
52630,1
52631,0.9363549512490378
52632,1
52633,0.8821723075288975
52634,1
52635,1
52636,0.793170659184894
52637,1
52638,1
52639,1
52640,1
52641,0.9402678912581618
52642,1
52643,1
52644,0.8252486043651566
52645,1
52646,1
52647,1
52648,1
52649,1
52650,1
52651,1
52652,1
52653,1
52654,1
52655,1
52656,1
52657,1
52658,1
52659,1
52660,1
52661,1
52662,0.7898727869439067
52663,1
52664,0.9306932842742516
52665,1
52666,1
52667,1
52668,0.8974882139427417
52669,0.9152924515984545
52670,1
52671,1
52672,0.8034443291368214
52673,0.7980852340308832
52674,1
52675,1
52676,0.9098407824362534
52677,1
52678,1
52679,0.9470194849176239
52680,1
52681,0.8197727734591077
52682,0.9345770826501297
52683,0.8436071050437666
52684,1
52685,1
52686,1
52687,1
52688,1
52689,1
52690,1
52691,0.7116640080477467
52692,1
52693,1
52694,1
52695,0.6758413648729557
52696,1
52697,0.8213466229243931
52698,1
52699,1
52700,1
52701,1
52702,1
52703,0.8311141774107876
52704,0.9257063312872021
52705,1
52706,1
52707,0.6402188647993152
52708,0.8921204699964731
52709,0.9367471853340669
52710,1
52711,1
52712,1
52713,0.9234499016459965
52714,0.9328989745712599
52715,0.94786036866241
52716,1
52717,1
52718,1
52719,1
52720,1
52721,1
52722,0.9014318587664245
52723,1
52724,1
52725,0.8418359281105718
52726,1
52727,0.8834659644937753
52728,0.8119713787395205
52729,1
52730,1
52731,0.9353405329585227
52732,1
52733,0.9336700763266228
52734,0.9056769130278174
52735,0.7994901219248626
52736,0.9089355372529971
52737,0.9283869813022714
52738,0.5230969685281031
52739,1
52740,1
52741,1
52742,1
52743,0.9490517580369383
52744,1
52745,1
52746,1
52747,1
52748,1
52749,1
52750,0.9469295246931131
52751,1
52752,1
52753,0.6880407457441392
52754,1
52755,1
52756,1
52757,1
52758,0.5903226494243273
52759,1
52760,1
52761,0.8881638111759069
52762,1
52763,1
52764,1
52765,0.940853494586447
52766,1
52767,1
52768,1
52769,1
52770,1
52771,1
52772,1
52773,1
52774,1
52775,1
52776,0.8661812145718594
52777,0.7501499259214016
52778,1
52779,1
52780,0.8606340236357588
52781,1
52782,1
52783,1
52784,1
52785,1
52786,0.9193370290721756
52787,0.48581060734352743
52788,1
52789,1
52790,0.9302370583901952
52791,1
52792,1
52793,1
52794,0.9306932842742516
52795,1
52796,1
52797,1
52798,0.8142034630884732
52799,1
52800,1
52801,1
52802,1
52803,1
52804,1
52805,0.6344657692047913
52806,1
52807,0.9427648190182222
52808,1
52809,1
52810,1
52811,1
52812,0.9044458503994465
52813,1
52814,1
52815,1
52816,0.8558559781278413
52817,1
52818,1
52819,1
52820,1
52821,1
52822,1
52823,0.9306932842742516
52824,1
52825,1
52826,1
52827,0.8943715139655499
52828,1
52829,1
52830,1
52831,1
52832,1
52833,0.946898183807906
52834,1
52835,0.7830021632393166
52836,1
52837,0.9448323730394107
52838,1
52839,1
52840,0.7899405983591141
52841,1
52842,1
52843,1
52844,0.8252486043651566
52845,1
52846,0.940853494586447
52847,1
52848,1
52849,1
52850,0.8290068527450524
52851,1
52852,1
52853,1
52854,1
52855,0.9284970000780282
52856,1
52857,1
52858,1
52859,1
52860,1
52861,1
52862,0.8515258488642691
52863,1
52864,1
52865,1
52866,0.9334566613244393
52867,0.7627893256420837
52868,0.8518026082276411
52869,1
52870,1
52871,1
52872,1
52873,1
52874,1
52875,1
52876,1
52877,1
52878,1
52879,1
52880,0.9415901641103567
52881,1
52882,0.8934341737801009
52883,1
52884,0.9476174074682099
52885,1
52886,1
52887,0.9477249838346377
52888,1
52889,1
52890,1
52891,1
52892,1
52893,1
52894,1
52895,1
52896,1
52897,0.8252486043651566
52898,1
52899,0.8835077368748114
52900,1
52901,0.949981379894891
52902,1
52903,1
52904,1
52905,1
52906,0.8615767456252079
52907,0.9076938223559293
52908,1
52909,0.8318175109770368
52910,1
52911,1
52912,1
52913,0.9497280765379644
52914,1
52915,0.9328915955973073
52916,0.8252486043651566
52917,1
52918,1
52919,0.86049038267993
52920,1
52921,0.9270144745231739
52922,0.8997493675149364
52923,1
52924,1
52925,0.8949101369281046
52926,1
52927,1
52928,0.9215323715750302
52929,0.9390496500265924
52930,1
52931,1
52932,1
52933,1
52934,1
52935,1
52936,1
52937,0.9102022780023383
52938,1
52939,1
52940,0.5684885367880653
52941,1
52942,0.8361944817496891
52943,1
52944,1
52945,0.8666451678421021
52946,0.9427747133891285
52947,1
52948,1
52949,1
52950,1
52951,0.23052447833849996
52952,0.7464029457547071
52953,0.9366571597438681
52954,1
52955,1
52956,0.9364857015932061
52957,1
52958,1
52959,1
52960,0.8472241371750154
52961,1
52962,1
52963,1
52964,0.8288122313911674
52965,1
52966,1
52967,1
52968,1
52969,0.9369900156770595
52970,0.8720892142819822
52971,1
52972,0.9498548328561912
52973,0.6775501804118899
52974,1
52975,1
52976,1
52977,1
52978,0.8424205641199729
52979,1
52980,1
52981,0.8855291068937734
52982,1
52983,0.8792078180894473
52984,1
52985,1
52986,0.9250887819325184
52987,1
52988,0.9100519745633643
52989,1
52990,0.946835730871782
52991,1
52992,0.9096453721516089
52993,1
52994,1
52995,0.9419854590570907
52996,1
52997,1
52998,0.8680604959365724
52999,1
53000,1
53001,0.872547247762701
53002,1
53003,1
53004,0.6775501804118899
53005,1
53006,0.6788609112524991
53007,1
53008,1
53009,0.9345770826501297
53010,1
53011,1
53012,1
53013,1
53014,1
53015,1
53016,1
53017,1
53018,0.8731749776415716
53019,1
53020,1
53021,0.9283571727537552
53022,1
53023,1
53024,1
53025,1
53026,1
53027,1
53028,1
53029,1
53030,1
53031,1
53032,1
53033,1
53034,1
53035,0.8701971098883972
53036,1
53037,0.8184490385538002
53038,1
53039,0.9344415559108408
53040,1
53041,1
53042,0.8172965302736039
53043,0.8807447554247836
53044,1
53045,1
53046,1
53047,1
53048,1
53049,0.9393481647371441
53050,1
53051,1
53052,1
53053,1
53054,1
53055,0.9326494996726338
53056,0.9339250908415218
53057,0.5308244091984848
53058,0.698034417858897
53059,1
53060,0.7748331107954795
53061,1
53062,0.9446596836493764
53063,1
53064,1
53065,0.9258725057540612
53066,1
53067,0.7830021632393166
53068,1
53069,1
53070,1
53071,1
53072,1
53073,1
53074,1
53075,0.830000315051632
53076,1
53077,1
53078,1
53079,1
53080,0.8121645964320291
53081,0.6260999368730212
53082,1
53083,1
53084,1
53085,1
53086,1
53087,1
53088,1
53089,0.8229914644967051
53090,1
53091,0.9459773153976968
53092,0.940641594631175
53093,1
53094,0.889943897557179
53095,1
53096,0.891898684167502
53097,1
53098,0.40348442543165447
53099,1
53100,1
53101,1
53102,0.9488594838302383
53103,1
53104,0.9207518534246739
53105,1
53106,0.9101485035558825
53107,1
53108,1
53109,1
53110,1
53111,1
53112,0.6217165506713903
53113,1
53114,0.6402188647993152
53115,1
53116,0.9301559875670121
53117,1
53118,1
53119,1
53120,0.9446596836493764
53121,1
53122,1
53123,1
53124,1
53125,1
53126,1
53127,0.5566427176043954
53128,1
53129,1
53130,0.949981379894891
53131,1
53132,0.7083653560312128
53133,1
53134,0.8773507449767509
53135,1
53136,0.604418380039291
53137,1
53138,1
53139,0.930115599479368
53140,1
53141,1
53142,1
53143,1
53144,1
53145,1
53146,1
53147,1
53148,1
53149,1
53150,1
53151,1
53152,1
53153,1
53154,0.8430917372106829
53155,0.8600153700079056
53156,1
53157,1
53158,1
53159,0.9331488314261505
53160,1
53161,1
53162,1
53163,1
53164,0.6402188647993152
53165,1
53166,1
53167,1
53168,1
53169,1
53170,1
53171,1
53172,1
53173,0.8866193913647814
53174,1
53175,1
53176,1
53177,1
53178,0.49266168976316305
53179,1
53180,1
53181,1
53182,1
53183,1
53184,1
53185,0.9456238450616496
53186,1
53187,1
53188,0.8539617330934094
53189,0.859929336495864
53190,0.8914062534739564
53191,0.7963118770672862
53192,1
53193,0.882158527037212
53194,1
53195,0.833008246742264
53196,0.8943715139655499
53197,1
53198,1
53199,1
53200,0.8548605409058034
53201,1
53202,1
53203,1
53204,1
53205,1
53206,1
53207,1
53208,1
53209,1
53210,1
53211,1
53212,1
53213,0.9027893231180765
53214,1
53215,0.9295985307626584
53216,0.845895985126315
53217,1
53218,1
53219,1
53220,1
53221,1
53222,1
53223,1
53224,1
53225,1
53226,1
53227,0.9114378215067468
53228,1
53229,0.9252825260377061
53230,1
53231,1
53232,0.7944965091849815
53233,1
53234,1
53235,1
53236,0.9429625380846665
53237,0.7530700207720621
53238,0.9376935416350086
53239,1
53240,1
53241,1
53242,0.9306932842742516
53243,1
53244,1
53245,1
53246,1
53247,1
53248,0.7780301465432707
53249,0.8922198560923228
53250,1
53251,1
53252,0.6105479273449718
53253,0.7013929602917055
53254,0.9369811472528454
53255,1
53256,1
53257,0.8900761552852708
53258,1
53259,1
53260,0.7830021632393166
53261,1
53262,1
53263,0.8671144484485764
53264,0.8788081376232378
53265,0.9128311922027046
53266,0.8958040626338788
53267,1
53268,1
53269,1
53270,1
53271,1
53272,0.5670463004770423
53273,0.6209215777160144
53274,1
53275,1
53276,1
53277,1
53278,1
53279,0.9337026522657851
53280,0.9292415425580361
53281,0.9369900156770595
53282,1
53283,1
53284,0.9476931980541943
53285,1
53286,0.9001830698554533
53287,1
53288,1
53289,0.8860671098875015
53290,1
53291,1
53292,0.9252408314735903
53293,1
53294,1
53295,0.9441501804327915
53296,1
53297,1
53298,1
53299,1
53300,0.896689586038032
53301,1
53302,0.6306229248795868
53303,1
53304,1
53305,1
53306,1
53307,1
53308,1
53309,1
53310,1
53311,0.7964836887175586
53312,1
53313,0.80625210382973
53314,1
53315,0.9288097688432161
53316,1
53317,1
53318,1
53319,0.8115912045239336
53320,1
53321,1
53322,1
53323,1
53324,1
53325,1
53326,0.8075023496084826
53327,1
53328,1
53329,1
53330,0.9450633317083761
53331,0.8975218352785241
53332,0.9458808236997936
53333,0.5560723180419037
53334,1
53335,1
53336,1
53337,1
53338,1
53339,1
53340,1
53341,1
53342,0.6402188647993152
53343,1
53344,1
53345,0.36618855176299875
53346,1
53347,1
53348,1
53349,1
53350,0.9276962532018813
53351,1
53352,1
53353,1
53354,1
53355,1
53356,1
53357,0.8716544464102935
53358,0.9388283542373463
53359,1
53360,0.7685837718097019
53361,0.9348552422589271
53362,1
53363,1
53364,1
53365,1
53366,1
53367,0.9117300337707803
53368,1
53369,0.6530872160542265
53370,1
53371,0.8985458354589904
53372,1
53373,1
53374,0.7035112227915042
53375,1
53376,0.9304651192115355
53377,0.6402188647993152
53378,1
53379,1
53380,0.6311491214075992
53381,1
53382,0.9371195439069555
53383,0.9341718289074437
53384,1
53385,1
53386,0.9364857015932061
53387,1
53388,0.9088878207182639
53389,0.9421541117751779
53390,1
53391,1
53392,1
53393,1
53394,0.9364857015932061
53395,1
53396,1
53397,1
53398,0.5145459336539635
53399,0.9430446963055296
53400,0.8817679998627499
53401,1
53402,1
53403,1
53404,1
53405,1
53406,1
53407,0.7195490620202493
53408,1
53409,1
53410,0.8812164605597486
53411,1
53412,1
53413,1
53414,1
53415,0.6105479273449718
53416,1
53417,0.8661727210919986
53418,1
53419,0.938159929024149
53420,1
53421,1
53422,1
53423,1
53424,1
53425,1
53426,1
53427,0.9113790305900193
53428,0.9237426337200817
53429,1
53430,1
53431,1
53432,1
53433,1
53434,1
53435,1
53436,0.9153722307075574
53437,1
53438,0.8060853397256832
53439,1
53440,1
53441,1
53442,1
53443,1
53444,1
53445,0.8948748242834773
53446,1
53447,1
53448,1
53449,1
53450,1
53451,1
53452,1
53453,1
53454,0.948556426297577
53455,0.945946033692074
53456,1
53457,1
53458,1
53459,0.8383725877169375
53460,0.891898684167502
53461,1
53462,1
53463,0.9331488314261505
53464,0.9150007109563223
53465,1
53466,1
53467,1
53468,1
53469,1
53470,0.8495512933114234
53471,1
53472,0.6695005923323716
53473,1
53474,0.9306932842742516
53475,0.9479626826580531
53476,1
53477,1
53478,1
53479,1
53480,1
53481,1
53482,1
53483,1
53484,1
53485,1
53486,0.9089355372529971
53487,1
53488,1
53489,0.7059192099187184
53490,1
53491,1
53492,1
53493,1
53494,1
53495,1
53496,0.90034105543219
53497,1
53498,1
53499,0.4172022335303556
53500,1
53501,1
53502,1
53503,1
53504,0.504089490731127
53505,0.9413239874242134
53506,0.9403104043678281
53507,0.9227861320176213
53508,1
53509,1
53510,0.7820952413760823
53511,1
53512,1
53513,0.904244409824344
53514,1
53515,0.9179997809560522
53516,1
53517,1
53518,1
53519,1
53520,1
53521,1
53522,1
53523,1
53524,1
53525,1
53526,1
53527,0.9421232932190896
53528,1
53529,1
53530,1
53531,0.8311218021159871
53532,1
53533,0.8822187809988057
53534,0.9331110565421538
53535,1
53536,0.8102272601634943
53537,1
53538,0.841349162849954
53539,0.850653365456484
53540,0.9281719512663031
53541,0.8861077906097743
53542,1
53543,1
53544,1
53545,1
53546,0.7855827773119064
53547,1
53548,0.9090513827865452
53549,0.8943715139655499
53550,1
53551,1
53552,0.9133133005592553
53553,1
53554,1
53555,1
53556,0.920343913776366
53557,1
53558,1
53559,1
53560,1
53561,1
53562,0.7528674530571849
53563,1
53564,1
53565,1
53566,1
53567,1
53568,1
53569,1
53570,1
53571,1
53572,0.9486432912514582
53573,1
53574,1
53575,1
53576,0.8950103166553367
53577,1
53578,1
53579,1
53580,0.9176462601656484
53581,1
53582,1
53583,1
53584,1
53585,1
53586,1
53587,1
53588,0.923428961896409
53589,1
53590,1
53591,1
53592,1
53593,1
53594,1
53595,0.9272991934711537
53596,1
53597,1
53598,1
53599,0.9465768295332959
53600,0.928230383370551
53601,1
53602,1
53603,1
53604,0.9441411481151567
53605,1
53606,1
53607,1
53608,1
53609,0.9298127064552453
53610,0.947102349355137
53611,1
53612,1
53613,1
53614,0.9478223889725725
53615,1
53616,1
53617,1
53618,1
53619,1
53620,0.8702999933009762
53621,1
53622,0.832696580325915
53623,1
53624,1
53625,1
53626,1
53627,1
53628,1
53629,0.8252486043651566
53630,0.8640692170338103
53631,1
53632,1
53633,0.49266168976316305
53634,1
53635,1
53636,1
53637,1
53638,1
53639,0.7997553688292888
53640,0.5727709525817215
53641,1
53642,1
53643,1
53644,0.8199009941916319
53645,1
53646,1
53647,1
53648,1
53649,0.9130395823891297
53650,1
53651,1
53652,1
53653,1
53654,1
53655,1
53656,1
53657,1
53658,1
53659,1
53660,0.931789342283464
53661,0.7183897026637581
53662,0.7830021632393166
53663,1
53664,0.9294642899823501
53665,1
53666,0.9004393846824302
53667,0.7359597029918549
53668,1
53669,1
53670,0.9306932842742516
53671,1
53672,0.920343913776366
53673,1
53674,0.9402313794929033
53675,1
53676,0.9220493551735802
53677,1
53678,0.9277834986180862
53679,1
53680,1
53681,1
53682,0.9315955008781263
53683,1
53684,1
53685,0.8885340880213068
53686,0.9257132509702988
53687,0.9485266713086208
53688,1
53689,1
53690,0.4862768396491552
53691,0.9035374275105416
53692,1
53693,1
53694,1
53695,1
53696,1
53697,1
53698,0.48581060734352743
53699,1
53700,1
53701,1
53702,1
53703,0.8866302527845743
53704,1
53705,0.6829206421825126
53706,1
53707,1
53708,1
53709,1
53710,1
53711,1
53712,1
53713,1
53714,0.8200088805966271
53715,1
53716,1
53717,1
53718,1
53719,1
53720,1
53721,1
53722,0.8709246833801864
53723,1
53724,1
53725,1
53726,0.9166323195641121
53727,1
53728,1
53729,0.9237691174780562
53730,0.8947368520912148
53731,1
53732,0.8961690922499589
53733,0.9411594134582376
53734,0.9186174400412287
53735,1
53736,1
53737,1
53738,1
53739,1
53740,0.8299917181316674
53741,0.8361944817496891
53742,1
53743,1
53744,0.9354501761471674
53745,1
53746,1
53747,1
53748,1
53749,1
53750,0.8597108548547415
53751,0.9119030711782298
53752,1
53753,1
53754,0.43715855216646254
53755,1
53756,0.942067608204432
53757,0.9275533775914679
53758,1
53759,1
53760,1
53761,1
53762,0.8642554143948311
53763,1
53764,1
53765,1
53766,1
53767,1
53768,1
53769,0.89352109210442765
53770,1
53771,1
53772,1
53773,1
53774,1
53775,1
53776,0.9014245062587547
53777,1
53778,1
53779,1
53780,1
53781,0.8252486043651566
53782,0.8812164605597486
53783,1
53784,0.9390465963792295
53785,1
53786,1
53787,1
53788,1
53789,1
53790,1
53791,1
53792,1
53793,1
53794,1
53795,1
53796,0.9203655863833676
53797,1
53798,1
53799,1
53800,1
53801,1
53802,1
53803,1
53804,1
53805,0.9458689636986585
53806,1
53807,1
53808,1
53809,1
53810,1
53811,1
53812,0.9416887926163359
53813,1
53814,1
53815,1
53816,1
53817,1
53818,1
53819,1
53820,0.9400508140359367
53821,0.9400508140359367
53822,0.8206864544001989
53823,1
53824,1
53825,1
53826,1
53827,1
53828,1
53829,0.906202799924798
53830,1
53831,0.7191683563005694
53832,1
53833,0.940853494586447
53834,1
53835,1
53836,1
53837,0.7797997072485916
53838,1
53839,1
53840,1
53841,0.7514795843982092
53842,0.9402545462515893
53843,1
53844,1
53845,0.9197820363790269
53846,1
53847,1
53848,1
53849,1
53850,0.9333964946395997
53851,0.9306932842742516
53852,0.9340324567262798
53853,1
53854,1
53855,0.9136944189323178
53856,1
53857,0.7781747067733128
53858,0.8539617330934094
53859,0.8311218021159871
53860,0.69186827389279415
53861,1
53862,0.7775434396499018
53863,1
53864,0.9016185685159321
53865,1
53866,1
53867,0.9258290535248442
53868,1
53869,0.833245476866178
53870,1
53871,1
53872,1
53873,1
53874,1
53875,1
53876,1
53877,1
53878,1
53879,1
53880,1
53881,0.8945083229676604
53882,1
53883,1
53884,1
53885,1
53886,1
53887,0.9106326093064879
53888,0.9498548328561912
53889,1
53890,1
53891,1
53892,1
53893,1
53894,0.8434954084888248
53895,0.8837052689068217
53896,0.9113832823680148
53897,1
53898,1
53899,0.8384535437311011
53900,0.9395473427885391
53901,0.7250931945592004
53902,0.6105479273449718
53903,1
53904,1
53905,1
53906,0.838471607399014
53907,1
53908,1
53909,1
53910,1
53911,0.9392597367300703
53912,1
53913,1
53914,1
53915,0.8697393392474844
53916,1
53917,0.7908275384749012
53918,0.9364857015932061
53919,0.8949101369281046
53920,1
53921,1
53922,1
53923,1
53924,1
53925,1
53926,1
53927,0.8710303564240629
53928,1
53929,0.8295306137093331
53930,0.9280013372606709
53931,1
53932,1
53933,1
53934,1
53935,1
53936,0.7211604834072208
53937,1
53938,1
53939,1
53940,1
53941,1
53942,1
53943,0.9056769130278174
53944,0.9379128292508935
53945,1
53946,1
53947,1
53948,1
53949,1
53950,1
53951,1
53952,0.7890184905990215
53953,1
53954,0.843497548739941
53955,1
53956,1
53957,0.6402188647993152
53958,1
53959,1
53960,1
53961,1
53962,0.9272991934711537
53963,0.9413821731943081
53964,1
53965,1
53966,1
53967,0.7364896634413158
53968,1
53969,1
53970,1
53971,1
53972,1
53973,1
53974,0.8821020060886057
53975,0.8277107042237845
53976,1
53977,1
53978,1
53979,0.9499123276000551
53980,1
53981,1
53982,0.9458089469503201
53983,0.872152268455491
53984,0.604418380039291
53985,1
53986,0.9430446963055296
53987,1
53988,1
53989,1
53990,0.9402678912581618
53991,1
53992,1
53993,1
53994,1
53995,1
53996,0.8668391989583006
53997,1
53998,1
53999,1
54000,0.8168235355293352
54001,1
54002,1
54003,1
54004,1
54005,1
54006,1
54007,1
54008,0.9034034789151919
54009,1
54010,0.7418247926700247
54011,1
54012,1
54013,1
54014,0.7441014120093633
54015,1
54016,1
54017,1
54018,0.8014225546745039
54019,0.717907252293772
54020,1
54021,1
54022,1
54023,1
54024,1
54025,1
54026,1
54027,1
54028,1
54029,0.9427596341254857
54030,0.8837052689068217
54031,1
54032,1
54033,1
54034,1
54035,1
54036,1
54037,1
54038,0.3256095317303176
54039,1
54040,1
54041,0.846951932463363
54042,1
54043,0.850749271455558
54044,1
54045,1
54046,0.9258290535248442
54047,0.7859745512826491
54048,1
54049,0.9468481024793144
54050,1
54051,1
54052,1
54053,1
54054,0.49266168976316305
54055,1
54056,0.8595557826916032
54057,0.8853478955542747
54058,1
54059,0.9193370290721756
54060,1
54061,1
54062,1
54063,0.9298187391993857
54064,1
54065,0.9111067231025757
54066,1
54067,0.69186827389279415
54068,1
54069,1
54070,1
54071,0.5636917661054712
54072,1
54073,1
54074,1
54075,1
54076,1
54077,1
54078,1
54079,1
54080,1
54081,0.835041775600229
54082,1
54083,1
54084,1
54085,0.9380760127611533
54086,1
54087,1
54088,0.8615767456252079
54089,0.9361864371229895
54090,1
54091,1
54092,0.6316785394067728
54093,1
54094,1
54095,1
54096,0.9165001959237901
54097,1
54098,1
54099,1
54100,1
54101,1
54102,1
54103,0.8820201234192562
54104,1
54105,0.8036443979632395
54106,1
54107,1
54108,0.9109668773062813
54109,0.929998092630141
54110,1
54111,0.6402188647993152
54112,0.9258725057540612
54113,0.93164650301226
54114,1
54115,1
54116,0.9309431608917855
54117,1
54118,0.6797578272890001
54119,1
54120,0.9486432912514582
54121,1
54122,1
54123,1
54124,1
54125,1
54126,1
54127,1
54128,1
54129,1
54130,1
54131,1
54132,1
54133,1
54134,1
54135,1
54136,0.9162170002853138
54137,1
54138,0.9184721440072384
54139,1
54140,0.9270266000533726
54141,1
54142,1
54143,1
54144,0.6563833025265245
54145,1
54146,1
54147,0.913384838446057
54148,1
54149,1
54150,0.8472835417626292
54151,1
54152,1
54153,0.8418536360779721
54154,0.8581459807506081
54155,1
54156,1
54157,1
54158,1
54159,0.9388283542373463
54160,1
54161,1
54162,1
54163,1
54164,1
54165,1
54166,1
54167,1
54168,1
54169,1
54170,1
54171,1
54172,1
54173,1
54174,1
54175,1
54176,1
54177,1
54178,0.9309161003838076
54179,1
54180,1
54181,0.8707843394138295
54182,1
54183,1
54184,1
54185,1
54186,1
54187,1
54188,1
54189,0.9006016489586444
54190,0.9168862341464094
54191,1
54192,1
54193,1
54194,1
54195,1
54196,1
54197,1
54198,1
54199,1
54200,1
54201,0.44933706189866945
54202,1
54203,1
54204,0.6260999368730212
54205,1
54206,1
54207,0.9445630382147654
54208,1
54209,1
54210,1
54211,0.8341286974704595
54212,1
54213,1
54214,1
54215,1
54216,0.7101279978022884
54217,0.8697393392474844
54218,0.9103476478236607
54219,1
54220,0.9386434538512118
54221,1
54222,1
54223,1
54224,1
54225,1
54226,1
54227,1
54228,1
54229,0.8710303564240629
54230,1
54231,1
54232,1
54233,1
54234,0.9244288931459876
54235,1
54236,1
54237,0.845895985126315
54238,1
54239,1
54240,1
54241,1
54242,1
54243,0.940853494586447
54244,0.9306932842742516
54245,1
54246,1
54247,0.9480371607922907
54248,1
54249,1
54250,1
54251,0.9374446351361079
54252,0.8896993908774765
54253,0.9254649708814622
54254,0.9008118407075524
54255,1
54256,1
54257,1
54258,1
54259,1
54260,0.9138251788671885
54261,1
54262,1
54263,1
54264,0.9428887295039206
54265,1
54266,0.9239206498132211
54267,0.883858530376105
54268,1
54269,1
54270,0.9204929576261481
54271,1
54272,1
54273,1
54274,1
54275,1
54276,1
54277,1
54278,1
54279,0.9057719185515072
54280,1
54281,0.9293202451783441
54282,0.9258290535248442
54283,0.9483234006660796
54284,1
54285,1
54286,0.9420960340136623
54287,1
54288,1
54289,1
54290,0.9328054695634682
54291,1
54292,1
54293,1
54294,0.7543733144433866
54295,1
54296,1
54297,1
54298,0.92464737033173094
54299,1
54300,1
54301,1
54302,0.48581060734352743
54303,1
54304,1
54305,0.9448323730394107
54306,1
54307,1
54308,0.9355991499788943
54309,0.9455534500446372
54310,0.9269968704991156
54311,0.9411650396503414
54312,1
54313,1
54314,1
54315,0.8794149210268735
54316,1
54317,1
54318,0.8266865448538988
54319,1
54320,0.9238076378333581
54321,1
54322,0.9339250908415218
54323,1
54324,0.85032317956806025
54325,1
54326,1
54327,1
54328,1
54329,0.9021723879558949
54330,0.9035374275105416
54331,1
54332,1
54333,1
54334,1
54335,1
54336,1
54337,0.715908372737943
54338,1
54339,1
54340,1
54341,1
54342,0.8642554143948311
54343,1
54344,1
54345,1
54346,1
54347,0.8612301282775529
54348,1
54349,1
54350,1
54351,1
54352,1
54353,1
54354,1
54355,1
54356,1
54357,1
54358,1
54359,1
54360,0.763921634516392
54361,0.8805079937756719
54362,1
54363,0.9271754937925797
54364,1
54365,1
54366,1
54367,0.6869661988102402
54368,1
54369,0.7723631597520334
54370,1
54371,1
54372,0.5601638260453352
54373,0.8532069777791736
54374,0.8628659479372319
54375,0.8846341514033071
54376,0.8704695745524595
54377,0.8780606351146301
54378,1
54379,1
54380,1
54381,1
54382,1
54383,1
54384,1
54385,1
54386,1
54387,1
54388,0.8921204699964731
54389,0.9267917824808785
54390,1
54391,1
54392,0.604418380039291
54393,0.7751678695594088
54394,1
54395,1
54396,1
54397,0.8610766687039169
54398,1
54399,0.9427540963519289
54400,1
54401,1
54402,1
54403,0.8886286139229571
54404,1
54405,1
54406,1
54407,1
54408,0.7120652740761246
54409,1
54410,1
54411,1
54412,0.9187677111326579
54413,1
54414,0.9442685921314865
54415,0.9240675359207081
54416,1
54417,0.8692608985244434
54418,1
54419,0.9082243134845717
54420,0.8133038273595283
54421,1
54422,1
54423,1
54424,1
54425,1
54426,1
54427,1
54428,0.9335666224991659
54429,0.6951698103999716
54430,0.9434576444247682
54431,1
54432,1
54433,0.8845009849504417
54434,1
54435,1
54436,1
54437,1
54438,1
54439,0.6477709139622572
54440,1
54441,1
54442,1
54443,1
54444,1
54445,1
54446,1
54447,1
54448,1
54449,0.8921204699964731
54450,0.9034451588267591
54451,1
54452,1
54453,1
54454,0.8702306884847844
54455,1
54456,0.8199009941916319
54457,1
54458,0.8262835314647471
54459,1
54460,1
54461,0.9274018072886296
54462,1
54463,1
54464,1
54465,0.9446927517968831
54466,1
54467,0.882158527037212
54468,0.9095583156728237
54469,1
54470,0.5655879767387093
54471,1
54472,1
54473,0.8732531644137295
54474,1
54475,0.926796844537773
54476,1
54477,0.8921204699964731
54478,1
54479,1
54480,1
54481,1
54482,1
54483,1
54484,1
54485,1
54486,1
54487,0.934995299252235
54488,1
54489,1
54490,1
54491,0.9459773153976968
54492,0.9461872256651912
54493,1
54494,1
54495,1
54496,1
54497,1
54498,1
54499,1
54500,1
54501,0.9014843520398299
54502,1
54503,1
54504,1
54505,1
54506,1
54507,1
54508,0.7923469686119768
54509,1
54510,1
54511,1
54512,1
54513,1
54514,0.9427747133891285
54515,0.9454713351490203
54516,1
54517,0.9369003144853478
54518,1
54519,1
54520,0.8094261202956705
54521,0.9215323715750302
54522,1
54523,1
54524,1
54525,0.9301039658342185
54526,1
54527,0.8623910514961534
54528,1
54529,1
54530,1
54531,1
54532,1
54533,1
54534,1
54535,1
54536,1
54537,1
54538,1
54539,1
54540,0.8977779370610509
54541,0.4354536380108282
54542,1
54543,0.9295985307626584
54544,0.9364857015932061
54545,1
54546,1
54547,1
54548,0.6779419185464514
54549,1
54550,1
54551,1
54552,1
54553,1
54554,1
54555,1
54556,1
54557,1
54558,1
54559,0.9328390987770276
54560,1
54561,0.9396137449824556
54562,1
54563,1
54564,1
54565,1
54566,0.8564548874221499
54567,1
54568,1
54569,1
54570,1
54571,1
54572,0.8926371541368036
54573,0.9138251788671885
54574,1
54575,1
54576,1
54577,1
54578,1
54579,1
54580,1
54581,0.6906508568740618
54582,1
54583,0.9103476478236607
54584,1
54585,1
54586,1
54587,0.8539617330934094
54588,1
54589,1
54590,1
54591,1
54592,1
54593,1
54594,1
54595,0.4172022335303556
54596,1
54597,1
54598,1
54599,1
54600,0.9482420141103037
54601,1
54602,1
54603,1
54604,0.9217357959242639
54605,0.9291016957825172
54606,0.9360956789740564
54607,1
54608,1
54609,0.8524603025875188
54610,1
54611,1
54612,0.9335642328112471
54613,0.5329660658297437
54614,1
54615,1
54616,1
54617,1
54618,1
54619,1
54620,1
54621,1
54622,1
54623,1
54624,0.919013145421415
54625,0.8615475529406064
54626,0.9144769493491851
54627,0.8197727734591077
54628,0.9427540963519289
54629,1
54630,1
54631,1
54632,1
54633,1
54634,1
54635,1
54636,0.9304308589893628
54637,1
54638,0.8365496794479877
54639,1
54640,0.9115842228413463
54641,1
54642,1
54643,0.812618408373693
54644,1
54645,0.7830021632393166
54646,1
54647,1
54648,0.9333503705833083
54649,1
54650,1
54651,1
54652,1
54653,1
54654,1
54655,0.8738876340502547
54656,1
54657,1
54658,0.8837904794211328
54659,0.9032973133784712
54660,0.8750923826244869
54661,1
54662,0.9398024032962612
54663,1
54664,1
54665,0.7855827773119064
54666,1
54667,1
54668,0.8252486043651566
54669,1
54670,1
54671,0.7537084495823537
54672,1
54673,1
54674,1
54675,0.9316411869278172
54676,0.5308244091984848
54677,1
54678,1
54679,1
54680,0.8564548874221499
54681,1
54682,1
54683,0.717766127349609
54684,1
54685,1
54686,1
54687,0.7730700620913307
54688,1
54689,1
54690,1
54691,0.9097249377827504
54692,1
54693,0.9451562566041869
54694,0.9427413477275214
54695,1
54696,1
54697,1
54698,0.7830021632393166
54699,1
54700,0.8791890414555101
54701,1
54702,1
54703,1
54704,0.9183089933477127
54705,1
54706,0.9461872256651912
54707,1
54708,1
54709,1
54710,1
54711,1
54712,1
54713,1
54714,1
54715,1
54716,1
54717,1
54718,1
54719,0.8523022890869668
54720,0.7907973576969849
54721,1
54722,0.7530789897600987
54723,0.8719734604463698
54724,1
54725,0.940853494586447
54726,0.9143459654215579
54727,1
54728,1
54729,0.8252486043651566
54730,1
54731,0.8844323196147299
54732,1
54733,1
54734,1
54735,0.6316785394067728
54736,1
54737,0.8074138685565124
54738,1
54739,0.8598271999707149
54740,0.7920649144750631
54741,1
54742,1
54743,0.7103761156221248
54744,1
54745,1
54746,0.7334395531306407
54747,1
54748,1
54749,1
54750,1
54751,1
54752,1
54753,1
54754,1
54755,1
54756,1
54757,1
54758,1
54759,1
54760,1
54761,1
54762,1
54763,1
54764,1
54765,1
54766,0.793170659184894
54767,1
54768,1
54769,1
54770,1
54771,1
54772,1
54773,1
54774,0.9069462831076351
54775,1
54776,1
54777,1
54778,1
54779,1
54780,1
54781,0.9014539165443114
54782,1
54783,1
54784,1
54785,1
54786,1
54787,1
54788,0.9237691174780562
54789,1
54790,1
54791,1
54792,0.9490173560105407
54793,1
54794,1
54795,1
54796,1
54797,1
54798,0.9100519745633643
54799,0.8914062534739564
54800,0.9488410859646406
54801,1
54802,1
54803,1
54804,1
54805,1
54806,1
54807,1
54808,0.8761405187060884
54809,1
54810,0.9498891394042401
54811,1
54812,1
54813,0.91016423794236
54814,0.9336830717374687
54815,1
54816,0.8057627597446486
54817,1
54818,1
54819,0.849350817851202
54820,1
54821,0.6402188647993152
54822,0.8507821466843283
54823,0.8737763270843714
54824,1
54825,1
54826,1
54827,0.7470171740390839
54828,1
54829,1
54830,1
54831,1
54832,0.9312832999580569
54833,1
54834,1
54835,0.9184721440072384
54836,1
54837,1
54838,0.9488156091988725
54839,1
54840,1
54841,0.8831668352486622
54842,0.9020187813975078
54843,1
54844,1
54845,1
54846,1
54847,1
54848,1
54849,1
54850,0.8441980354355084
54851,1
54852,1
54853,1
54854,1
54855,1
54856,1
54857,1
54858,1
54859,1
54860,1
54861,0.9175154191923457
54862,1
54863,1
54864,0.8972495942761176
54865,1
54866,1
54867,1
54868,1
54869,1
54870,0.928340881300238
54871,0.9372381714887328
54872,1
54873,0.8620245607697279
54874,1
54875,1
54876,1
54877,1
54878,1
54879,1
54880,0.9419047300400144
54881,0.9281388955490353
54882,0.9150863052284396
54883,0.9306932842742516
54884,1
54885,0.9493077174591221
54886,0.9499963474877775
54887,1
54888,0.9488594838302383
54889,1
54890,0.9175460490025474
54891,0.9412084348074229
54892,1
54893,1
54894,1
54895,1
54896,1
54897,0.9109668773062813
54898,0.9198249380762646
54899,0.9133133005592553
54900,1
54901,1
54902,1
54903,1
54904,0.9140500239304997
54905,1
54906,0.8239948107656374
54907,0.9371890993058367
54908,1
54909,0.9490173560105407
54910,0.9175154191923457
54911,1
54912,1
54913,1
54914,1
54915,1
54916,1
54917,1
54918,1
54919,1
54920,0.8452014847178257
54921,1
54922,1
54923,0.9352940969254306
54924,1
54925,0.6507680348980965
54926,1
54927,1
54928,0.8287286175599621
54929,1
54930,1
54931,1
54932,1
54933,0.6105479273449718
54934,1
54935,0.8675120191577906
54936,0.820413429674066
54937,1
54938,0.8336937062917301
54939,0.9333441085596185
54940,1
54941,1
54942,1
54943,1
54944,0.9267953037957075
54945,1
54946,1
54947,1
54948,1
54949,1
54950,0.8972495942761176
54951,1
54952,1
54953,1
54954,0.8805777640625735
54955,1
54956,1
54957,0.8541740263922993
54958,1
54959,1
54960,0.898083132547122
54961,1
54962,0.9469093003873272
54963,1
54964,0.9462388628697435
54965,1
54966,1
54967,1
54968,1
54969,1
54970,1
54971,1
54972,0.5127917628385172
54973,0.7874113205178737
54974,0.938910433351806
54975,0.8176059515889543
54976,1
54977,0.8753059117615064
54978,1
54979,1
54980,1
54981,1
54982,0.7714306724214673
54983,1
54984,1
54985,1
54986,1
54987,1
54988,0.8921204699964731
54989,1
54990,1
54991,1
54992,1
54993,1
54994,1
54995,0.9082209456086173
54996,1
54997,1
54998,1
54999,0.8116542607983044
55000,1
55001,1
55002,1
55003,1
55004,1
55005,1
55006,0.8659499157561663
55007,0.6305358318020368
55008,1
55009,1
55010,1
55011,1
55012,1
55013,1
55014,0.9288048427215077
55015,0.880116106548262
55016,1
55017,0.9283571727537552
55018,1
55019,1
55020,1
55021,1
55022,0.885604897543232
55023,1
55024,1
55025,1
55026,0.8857520654966206
55027,1
55028,1
55029,0.8933110833769198
55030,1
55031,0.8143632086808014
55032,1
55033,1
55034,0.9171319534628952
55035,1
55036,1
55037,1
55038,1
55039,1
55040,1
55041,1
55042,1
55043,0.9091255790327843
55044,1
55045,1
55046,0.8436071050437666
55047,1
55048,0.7712917862705471
55049,1
55050,1
55051,0.9007740116791996
55052,1
55053,0.9045240295084602
55054,1
55055,1
55056,1
55057,0.6591183932927972
55058,1
55059,0.7981415772804076
55060,1
55061,1
55062,1
55063,0.8465664538973335
55064,0.7866631122399248
55065,1
55066,1
55067,1
55068,1
55069,1
55070,1
55071,1
55072,1
55073,0.6852767546766931
55074,0.9069148188827277
55075,1
55076,0.9085473214773494
55077,1
55078,1
55079,1
55080,1
55081,0.8615767456252079
55082,1
55083,1
55084,1
55085,1
55086,1
55087,1
55088,1
55089,1
55090,0.9179054623526871
55091,1
55092,1
55093,1
55094,0.9393268200388898
55095,0.8345468847772274
55096,1
55097,1
55098,1
55099,1
55100,0.6585138079266615
55101,0.9474363314527185
55102,1
55103,1
55104,1
55105,1
55106,1
55107,1
55108,1
55109,1
55110,0.8878082351262551
55111,1
55112,1
55113,1
55114,1
55115,1
55116,1
55117,1
55118,0.9418668080045012
55119,1
55120,1
55121,1
55122,0.9065129644618666
55123,1
55124,0.9328915955973073
55125,1
55126,1
55127,1
55128,0.8682211579984377
55129,0.9488594838302383
55130,0.8174780079613403
55131,1
55132,1
55133,1
55134,1
55135,0.8402046247381482
55136,1
55137,1
55138,1
55139,0.914379485847695
55140,1
55141,1
55142,1
55143,1
55144,1
55145,1
55146,1
55147,1
55148,1
55149,1
55150,1
55151,1
55152,1
55153,1
55154,0.8402150251210987
55155,1
55156,1
55157,0.9479258613368493
55158,0.8649953600432461
55159,1
55160,1
55161,1
55162,1
55163,1
55164,1
55165,1
55166,0.8735638455737307
55167,1
55168,1
55169,0.7712917862705471
55170,0.6909226031781092
55171,0.9031772481511766
55172,1
55173,1
55174,0.739861762150983
55175,1
55176,1
55177,1
55178,1
55179,1
55180,1
55181,0.6523619807216935
55182,0.8089022161006845
55183,0.9295985307626584
55184,1
55185,0.9402545462515893
55186,0.9464809444475213
55187,1
55188,1
55189,0.9089355372529971
55190,1
55191,1
55192,0.9485600591786013
55193,1
55194,1
55195,1
55196,1
55197,0.9443498799413721
55198,1
55199,0.9093682182429556
55200,1
55201,0.8912523302467067
55202,1
55203,1
55204,0.8710303564240629
55205,1
55206,0.5408086242756883
55207,1
55208,1
55209,0.8997493675149364
55210,0.6715273910330568
55211,1
55212,1
55213,1
55214,1
55215,1
55216,1
55217,1
55218,0.6979158070587329
55219,1
55220,0.9352940969254306
55221,1
55222,0.9395473427885391
55223,0.37660752556552174
55224,1
55225,0.5399644388948595
55226,1
55227,1
55228,0.9175154191923457
55229,1
55230,1
55231,1
55232,0.7656330222504892
55233,0.9122579712215334
55234,0.9123457362058752
55235,0.9387522115944343
55236,1
55237,0.911196479321339
55238,1
55239,1
55240,1
55241,1
55242,1
55243,1
55244,0.8585798289825551
55245,1
55246,0.9210776209771899
55247,1
55248,1
55249,1
55250,1
55251,0.7794087412028938
55252,1
55253,1
55254,1
55255,1
55256,0.904244409824344
55257,1
55258,1
55259,1
55260,1
55261,1
55262,0.9347266876116727
55263,0.6104123182326433
55264,0.8491461790467209
55265,1
55266,1
55267,0.86713184338571625
55268,0.947755348620806
55269,1
55270,0.8710303564240629
55271,1
55272,1
55273,1
55274,1
55275,1
55276,0.9461348654381146
55277,1
55278,1
55279,1
55280,0.4753005692138997
55281,1
55282,1
55283,0.9446749662527516
55284,1
55285,1
55286,1
55287,1
55288,1
55289,1
55290,0.9111780545188706
55291,1
55292,1
55293,1
55294,0.6540984685097382
55295,1
55296,1
55297,1
55298,0.9394073931439438
55299,1
55300,0.9046521584841698
55301,1
55302,1
55303,1
55304,1
55305,1
55306,0.9153236099813388
55307,1
55308,1
55309,0.8702306884847844
55310,1
55311,0.8420099650314762
55312,1
55313,1
55314,0.7685837718097019
55315,1
55316,0.9011115517424336
55317,0.8420099650314762
55318,1
55319,1
55320,0.42906939997467347
55321,0.8110173814284557
55322,0.48581060734352743
55323,1
55324,1
55325,1
55326,0.6195297332430518
55327,1
55328,1
55329,0.9031855039514304
55330,1
55331,1
55332,1
55333,1
55334,1
55335,1
55336,0.928739665961672
55337,1
55338,1
55339,1
55340,0.600797327984531
55341,1
55342,1
55343,1
55344,1
55345,1
55346,1
55347,1
55348,0.949981379894891
55349,0.8749457283434848
55350,1
55351,1
55352,1
55353,1
55354,0.6402188647993152
55355,0.8653922208145903
55356,1
55357,1
55358,0.8119713787395205
55359,1
55360,1
55361,1
55362,1
55363,1
55364,1
55365,0.934320510116424
55366,1
55367,1
55368,0.8406700438376994
55369,1
55370,1
55371,1
55372,1
55373,1
55374,1
55375,1
55376,1
55377,1
55378,1
55379,1
55380,0.8252486043651566
55381,0.9303533511169996
55382,0.9359589680499679
55383,1
55384,1
55385,1
55386,1
55387,1
55388,1
55389,0.7884486153522974
55390,1
55391,1
55392,1
55393,1
55394,1
55395,1
55396,1
55397,1
55398,0.8174942858899256
55399,0.880257464777991
55400,1
55401,1
55402,1
55403,1
55404,0.6314074573846035
55405,0.9439804483365266
55406,1
55407,1
55408,0.8266646310905738
55409,1
55410,0.9071523792677966
55411,1
55412,1
55413,0.9338933928296487
55414,0.9328613430379086
55415,0.906047855488915
55416,1
55417,0.88739195883504
55418,1
55419,1
55420,0.829135647526567
55421,1
55422,1
55423,0.8074138685565124
55424,0.9385250294827705
55425,1
55426,0.7250931945592004
55427,0.8903130151157056
55428,1
55429,1
55430,1
55431,0.9159735612328815
55432,1
55433,1
55434,1
55435,1
55436,1
55437,1
55438,0.9449047529953706
55439,1
55440,0.9115344094603929
55441,1
55442,0.9330757917271754
55443,1
55444,1
55445,1
55446,0.9356716397191079
55447,1
55448,1
55449,1
55450,1
55451,1
55452,1
55453,0.5566427176043954
55454,1
55455,1
55456,1
55457,0.9036495966796854
55458,0.8704226307909854
55459,0.9209173182149918
55460,0.8468774166521997
55461,1
55462,1
55463,1
55464,1
55465,1
55466,1
55467,1
55468,0.9433932092645779
55469,1
55470,1
55471,1
55472,1
55473,0.945176944646637
55474,1
55475,1
55476,1
55477,1
55478,0.9420820864777785
55479,1
55480,1
55481,1
55482,1
55483,0.5053906361605512
55484,1
55485,0.9421541117751779
55486,0.8833353027545117
55487,1
55488,0.9450571544418261
55489,1
55490,1
55491,1
55492,0.8420099650314762
55493,1
55494,1
55495,1
55496,0.8930887368083581
55497,1
55498,1
55499,1
55500,0.9293356272633775
55501,1
55502,1
55503,1
55504,1
55505,1
55506,1
55507,0.935350356275501
55508,1
55509,1
55510,1
55511,1
55512,1
55513,0.9122782782364738
55514,1
55515,0.9007470882487929
55516,1
55517,0.8050805635684031
55518,1
55519,1
55520,1
55521,1
55522,1
55523,1
55524,0.6045853917423206
55525,1
55526,1
55527,1
55528,0.9133133005592553
55529,1
55530,1
55531,1
55532,0.853482339770586
55533,1
55534,0.937782952132007
55535,1
55536,1
55537,1
55538,0.7481587286200935
55539,1
55540,1
55541,1
55542,1
55543,0.6349032706447955
55544,1
55545,1
55546,1
55547,1
55548,1
55549,1
55550,0.9368946028585508
55551,1
55552,0.8819427623509922
55553,1
55554,1
55555,1
55556,1
55557,0.850749271455558
55558,0.7058937271623934
55559,1
55560,1
55561,1
55562,1
55563,0.8510371064370136
55564,1
55565,1
55566,1
55567,1
55568,1
55569,0.9323875804725418
55570,0.8142034630884732
55571,1
55572,1
55573,1
55574,1
55575,1
55576,1
55577,0.8277107042237845
55578,1
55579,1
55580,0.8948586491312607
55581,1
55582,1
55583,0.910491488163705
55584,1
55585,1
55586,1
55587,1
55588,1
55589,1
55590,1
55591,1
55592,1
55593,1
55594,1
55595,0.7854763816381781
55596,1
55597,1
55598,1
55599,0.871285077093046
55600,1
55601,1
55602,1
55603,1
55604,1
55605,1
55606,1
55607,1
55608,0.9461348654381146
55609,1
55610,0.7035112227915042
55611,1
55612,1
55613,1
55614,0.8709489908848236
55615,1
55616,0.7869937096535266
55617,1
55618,0.779667028383394
55619,0.9191282467256786
55620,1
55621,1
55622,1
55623,1
55624,0.8341286974704595
55625,1
55626,1
55627,1
55628,1
55629,1
55630,0.9228328600445447
55631,0.45574291014562773
55632,1
55633,1
55634,1
55635,1
55636,1
55637,1
55638,1
55639,0.9382352619055359
55640,1
55641,1
55642,1
55643,1
55644,1
55645,1
55646,1
55647,0.8950103166553367
55648,1
55649,0.9082209456086173
55650,1
55651,1
55652,1
55653,1
55654,1
55655,1
55656,1
55657,1
55658,0.934717381151516
55659,1
55660,1
55661,1
55662,0.8085540671807739
55663,1
55664,0.7250931945592004
55665,0.938276086233735
55666,1
55667,1
55668,0.8800452448328852
55669,1
55670,1
55671,1
55672,1
55673,1
55674,1
55675,1
55676,0.5743124823965212
55677,0.944934060526713
55678,1
55679,1
55680,1
55681,1
55682,0.7627893256420837
55683,0.8969730134512891
55684,1
55685,0.7830021632393166
55686,0.8875301895066384
55687,1
55688,1
55689,1
55690,1
55691,1
55692,1
55693,1
55694,1
55695,1
55696,0.9408434728665439
55697,1
55698,1
55699,1
55700,1
55701,1
55702,0.7268914029480599
55703,0.39909960116807464
55704,1
55705,1
55706,1
55707,1
55708,1
55709,1
55710,1
55711,1
55712,1
55713,0.9360286574977331
55714,1
55715,1
55716,1
55717,0.7510376778060273
55718,1
55719,0.5374142047014552
55720,1
55721,1
55722,1
55723,1
55724,1
55725,0.9476365172520376
55726,1
55727,1
55728,1
55729,1
55730,0.9295985307626584
55731,1
55732,1
55733,1
55734,1
55735,0.7963118770672862
55736,1
55737,1
55738,0.7826196712268355
55739,0.9225121459787163
55740,1
55741,1
55742,1
55743,1
55744,1
55745,1
55746,1
55747,1
55748,1
55749,1
55750,1
55751,1
55752,1
55753,1
55754,1
55755,1
55756,1
55757,1
55758,1
55759,1
55760,0.9486165647659477
55761,0.9053759674182628
55762,1
55763,1
55764,1
55765,0.8397066515147226
55766,1
55767,1
55768,0.5127917628385172
55769,0.9462373585278351
55770,0.9215323715750302
55771,0.9446362400785946
55772,1
55773,1
55774,0.7777781904336263
55775,1
55776,0.8721958197854451
55777,1
55778,1
55779,0.8976592879628531
55780,1
55781,1
55782,1
55783,0.8121574861481232
55784,1
55785,1
55786,0.7262299655488121
55787,1
55788,0.9402415007125133
55789,0.7964188965507437
55790,1
55791,1
55792,1
55793,1
55794,1
55795,1
55796,1
55797,0.9361466480920756
55798,0.8430917372106829
55799,1
55800,1
55801,1
55802,1
55803,1
55804,1
55805,1
55806,1
55807,1
55808,1
55809,0.9477680935219899
55810,0.8920900982756428
55811,1
55812,1
55813,1
55814,0.9372195182648304
55815,1
55816,1
55817,0.9198861119651698
55818,0.8425421871376471
55819,0.9228328600445447
55820,1
55821,1
55822,1
55823,0.940853494586447
55824,1
55825,0.6446756067148206
55826,1
55827,1
55828,1
55829,0.8682801358681631
55830,0.9288048427215077
55831,0.8087068810643574
55832,1
55833,0.920343913776366
55834,1
55835,1
55836,0.618727462530646
55837,1
55838,0.7017303865497424
55839,0.8950103166553367
55840,1
55841,0.9295383322148701
55842,0.7250931945592004
55843,1
55844,1
55845,1
55846,0.9377132900975945
55847,1
55848,1
55849,0.9433601262682667
55850,1
55851,1
55852,1
55853,1
55854,0.9250461827701096
55855,1
55856,1
55857,1
55858,1
55859,1
55860,0.8500613545356797
55861,1
55862,1
55863,0.8253366106153629
55864,1
55865,0.8903130151157056
55866,0.9494331222857347
55867,1
55868,0.8920900982756428
55869,1
55870,0.9332450082450171
55871,0.9193370290721756
55872,1
55873,0.8189468748744446
55874,0.9179997809560522
55875,0.9366571597438681
55876,0.9352004094836119
55877,1
55878,0.8792524632612843
55879,1
55880,1
55881,0.9288048427215077
55882,0.7603817574726343
55883,1
55884,1
55885,0.6547419043884276
55886,1
55887,1
55888,1
55889,0.834725557309514
55890,1
55891,0.9158505707838539
55892,1
55893,0.8341286974704595
55894,1
55895,0.8410987982320409
55896,1
55897,1
55898,0.9097480170896769
55899,1
55900,1
55901,1
55902,0.9329344527179542
55903,1
55904,1
55905,0.8973831377331664
55906,0.937478938028711
55907,1
55908,1
55909,1
55910,1
55911,1
55912,0.8520458782724125
55913,1
55914,1
55915,1
55916,1
55917,1
55918,0.945946033692074
55919,0.8704226307909854
55920,0.8949101369281046
55921,1
55922,1
55923,1
55924,0.8911792580715225
55925,1
55926,1
55927,0.7798729285794697
55928,1
55929,1
55930,0.9422807152711992
55931,1
55932,1
55933,1
55934,1
55935,1
55936,1
55937,1
55938,1
55939,1
55940,1
55941,1
55942,1
55943,0.9391310718619169
55944,1
55945,1
55946,1
55947,1
55948,0.8177033087803555
55949,1
55950,1
55951,1
55952,1
55953,1
55954,1
55955,1
55956,0.8585798289825551
55957,1
55958,0.7766167890019537
55959,1
55960,0.9490758303273082
55961,1
55962,0.9134787312648658
55963,0.9387630798660251
55964,0.919974305572555
55965,1
55966,0.9494369411406989
55967,1
55968,0.8362301235152843
55969,0.7924422146385093
55970,1
55971,1
55972,0.9020187813975078
55973,0.9183089933477127
55974,1
55975,0.9209418869202461
55976,0.8647057344558484
55977,1
55978,1
55979,0.898083132547122
55980,0.8388816959610138
55981,1
55982,1
55983,1
55984,0.6426299117695728
55985,1
55986,1
55987,1
55988,1
55989,1
55990,1
55991,1
55992,1
55993,0.9012009661240169
55994,1
55995,1
55996,0.9277834986180862
55997,0.9270266000533726
55998,0.8491252247340529
55999,0.570668142386897
56000,0.904244409824344
56001,1
56002,0.5684885367880653
56003,1
56004,1
56005,0.9399922247408788
56006,1
56007,0.9295985307626584
56008,1
56009,1
56010,1
56011,1
56012,1
56013,1
56014,1
56015,1
56016,1
56017,0.9446596836493764
56018,1
56019,1
56020,1
56021,0.8583914045579174
56022,1
56023,0.7493529917860868
56024,1
56025,1
56026,1
56027,0.8443710592776916
56028,1
56029,1
56030,1
56031,1
56032,0.9485987000317537
56033,0.9246656258080268
56034,0.9027718805372111
56035,1
56036,1
56037,1
56038,1
56039,1
56040,0.8277107042237845
56041,0.7509727668740548
56042,0.9305641421736576
56043,1
56044,1
56045,0.9335642328112471
56046,0.8968248906621554
56047,0.9388577343437038
56048,0.9393353846437202
56049,1
56050,1
56051,1
56052,1
56053,0.6426299117695728
56054,0.8965688628903148
56055,1
56056,1
56057,1
56058,0.9188868396438544
56059,1
56060,0.6319700320234187
56061,1
56062,1
56063,0.8122136326515071
56064,0.8885340880213068
56065,1
56066,0.7723631597520334
56067,1
56068,1
56069,1
56070,1
56071,1
56072,1
56073,0.8343014545541736
56074,1
56075,1
56076,0.9438794074198477
56077,0.651644687324931
56078,1
56079,0.9495791719272868
56080,1
56081,1
56082,0.949185844646947
56083,1
56084,1
56085,1
56086,0.9333341223439366
56087,1
56088,1
56089,1
56090,1
56091,1
56092,1
56093,0.918966282810133
56094,0.8027930735707586
56095,0.9276668076901733
56096,1
56097,1
56098,1
56099,0.8181073215149365
56100,1
56101,1
56102,1
56103,1
56104,0.9254576585981119
56105,1
56106,0.9328746113423233
56107,0.8682801358681631
56108,1
56109,1
56110,0.9263449013643182
56111,1
56112,1
56113,1
56114,1
56115,1
56116,1
56117,0.9459770729266527
56118,1
56119,1
56120,0.9446596836493764
56121,1
56122,0.9259836800848912
56123,1
56124,0.6715273910330568
56125,0.6788786805611575
56126,0.649205944527217
56127,1
56128,1
56129,1
56130,1
56131,1
56132,1
56133,1
56134,1
56135,1
56136,0.8647056585996227
56137,1
56138,1
56139,1
56140,0.7416327264398915
56141,1
56142,1
56143,0.9029324503678615
56144,1
56145,0.92783593136399245
56146,0.8710303564240629
56147,1
56148,1
56149,1
56150,0.9430611081417541
56151,0.9400508140359367
56152,1
56153,0.884890161243079
56154,0.9441501804327915
56155,1
56156,0.8176845269266207
56157,1
56158,0.926488434004211
56159,0.9404969446850214
56160,0.931789342283464
56161,1
56162,1
56163,0.6249682293313573
56164,0.7722427338249007
56165,0.9288582136695239
56166,1
56167,1
56168,1
56169,1
56170,1
56171,1
56172,0.5308244091984848
56173,1
56174,1
56175,0.5566427176043954
56176,0.9394335576706305
56177,0.9497311237328063
56178,0.6758413648729557
56179,1
56180,0.8845691267747984
56181,1
56182,0.9429919624530219
56183,0.9191572062102544
56184,1
56185,1
56186,0.5684885367880653
56187,1
56188,1
56189,0.931978965302368
56190,1
56191,1
56192,1
56193,1
56194,0.8484757855565794
56195,1
56196,1
56197,1
56198,1
56199,1
56200,1
56201,1
56202,1
56203,0.6402188647993152
56204,1
56205,1
56206,0.8409670374744758
56207,1
56208,1
56209,1
56210,1
56211,1
56212,1
56213,1
56214,1
56215,1
56216,1
56217,1
56218,1
56219,0.7529609571410651
56220,1
56221,1
56222,1
56223,1
56224,0.9261979063925491
56225,1
56226,1
56227,1
56228,0.9356933958259973
56229,1
56230,0.9240675359207081
56231,1
56232,1
56233,1
56234,1
56235,1
56236,0.6402188647993152
56237,1
56238,1
56239,1
56240,1
56241,1
56242,1
56243,1
56244,1
56245,1
56246,1
56247,1
56248,0.46492715523788775
56249,0.7685545945922858
56250,1
56251,1
56252,1
56253,1
56254,1
56255,1
56256,1
56257,1
56258,1
56259,1
56260,0.5763208703366369
56261,1
56262,1
56263,1
56264,0.9311392606184586
56265,1
56266,1
56267,0.6893842144414349
56268,1
56269,1
56270,1
56271,1
56272,1
56273,1
56274,1
56275,1
56276,1
56277,0.5970368782623771
56278,1
56279,1
56280,1
56281,1
56282,0.9008118407075524
56283,1
56284,0.9341957387503736
56285,0.7914333212640152
56286,0.9183089933477127
56287,0.94234413225797
56288,1
56289,1
56290,1
56291,1
56292,1
56293,1
56294,1
56295,0.9200385980227024
56296,1
56297,1
56298,0.7639573124682648
56299,0.5329660658297437
56300,0.8921070281988356
56301,1
56302,1
56303,0.9168862341464094
56304,1
56305,1
56306,0.9227724259705243
56307,0.8724907566183034
56308,1
56309,1
56310,1
56311,1
56312,0.8672010642099648
56313,1
56314,1
56315,1
56316,1
56317,1
56318,1
56319,1
56320,1
56321,1
56322,0.7531110466598746
56323,0.9364857015932061
56324,1
56325,1
56326,1
56327,0.9138445336094965
56328,0.9283571727537552
56329,1
56330,1
56331,1
56332,1
56333,1
56334,1
56335,1
56336,1
56337,0.8682266208783388
56338,1
56339,0.8213466229243931
56340,1
56341,1
56342,1
56343,1
56344,1
56345,1
56346,1
56347,1
56348,0.9349353758970944
56349,1
56350,1
56351,0.7230194623370434
56352,1
56353,0.9361516543085046
56354,1
56355,1
56356,1
56357,1
56358,0.87243960974992385
56359,1
56360,1
56361,1
56362,0.9482420141103037
56363,0.5918960762192313
56364,1
56365,0.9321128485762344
56366,0.7445538280071691
56367,1
56368,1
56369,0.8710303564240629
56370,1
56371,1
56372,0.7327445127395469
56373,0.92706179669233
56374,1
56375,1
56376,1
56377,1
56378,1
56379,1
56380,1
56381,1
56382,0.9475417915521134
56383,1
56384,1
56385,1
56386,1
56387,0.9348405151968444
56388,1
56389,1
56390,1
56391,1
56392,0.7991537684691251
56393,1
56394,1
56395,1
56396,1
56397,0.9133133005592553
56398,0.8946454635263941
56399,1
56400,1
56401,1
56402,0.9406718220921453
56403,1
56404,1
56405,0.846032495765874
56406,1
56407,1
56408,1
56409,1
56410,1
56411,1
56412,1
56413,0.9289073285295818
56414,1
56415,0.8697393392474844
56416,1
56417,1
56418,1
56419,1
56420,1
56421,0.5112100145107132
56422,1
56423,1
56424,0.9035525177598881
56425,1
56426,1
56427,1
56428,1
56429,1
56430,1
56431,0.6775501804118899
56432,1
56433,0.9439967658937589
56434,1
56435,0.2975842775118793
56436,1
56437,1
56438,0.9482797909231075
56439,1
56440,1
56441,0.834646038133606
56442,1
56443,1
56444,1
56445,0.9481007121121284
56446,1
56447,1
56448,1
56449,1
56450,0.7351363280658264
56451,1
56452,1
56453,1
56454,1
56455,1
56456,0.9413821731943081
56457,1
56458,0.8342280171047882
56459,1
56460,1
56461,0.6662462059375496
56462,1
56463,0.9419384079295967
56464,1
56465,1
56466,1
56467,1
56468,0.8710303564240629
56469,1
56470,0.8977818223756795
56471,1
56472,1
56473,0.9050291977529933
56474,1
56475,1
56476,1
56477,0.8094261202956705
56478,1
56479,0.8596104584060779
56480,1
56481,0.8495512933114234
56482,0.9156772631609222
56483,1
56484,1
56485,1
56486,1
56487,1
56488,1
56489,1
56490,1
56491,1
56492,0.9252408314735903
56493,0.8181073215149365
56494,1
56495,1
56496,1
56497,0.40597525503242865
56498,1
56499,1
56500,1
56501,1
56502,1
56503,1
56504,1
56505,1
56506,0.9187629804367574
56507,1
56508,1
56509,1
56510,1
56511,0.916475867770431
56512,1
56513,1
56514,1
56515,1
56516,1
56517,0.9460419303259642
56518,1
56519,1
56520,1
56521,0.928739665961672
56522,0.9302514173761532
56523,0.9138251788671885
56524,0.8037149440574394
56525,0.9426534447353488
56526,1
56527,1
56528,1
56529,1
56530,1
56531,1
56532,1
56533,1
56534,1
56535,1
56536,1
56537,1
56538,1
56539,0.5412006664276604
56540,1
56541,1
56542,1
56543,0.5112100145107132
56544,1
56545,1
56546,0.7981415772804076
56547,1
56548,1
56549,0.604418380039291
56550,1
56551,1
56552,1
56553,1
56554,0.9304651192115355
56555,1
56556,1
56557,0.9255590956437632
56558,1
56559,1
56560,0.4172022335303556
56561,1
56562,0.9486703912417798
56563,1
56564,1
56565,1
56566,0.8851506136369787
56567,1
56568,1
56569,0.8552745895577387
56570,1
56571,1
56572,1
56573,1
56574,1
56575,1
56576,1
56577,1
56578,0.7798366632895052
56579,1
56580,1
56581,1
56582,1
56583,0.9355991499788943
56584,1
56585,1
56586,1
56587,1
56588,0.9181344919823539
56589,1
56590,1
56591,1
56592,1
56593,1
56594,1
56595,0.9100519745633643
56596,0.8492044533015599
56597,1
56598,1
56599,1
56600,0.8973492430239579
56601,1
56602,1
56603,1
56604,0.9499963474877775
56605,1
56606,0.41933871260297145
56607,1
56608,0.8978392782825453
56609,1
56610,1
56611,0.899603303136366
56612,0.9091488193582851
56613,1
56614,1
56615,1
56616,1
56617,1
56618,1
56619,1
56620,1
56621,0.6477709139622572
56622,1
56623,0.7387561949586137
56624,0.938950899678544
56625,1
56626,1
56627,1
56628,1
56629,0.9215323715750302
56630,1
56631,1
56632,1
56633,1
56634,1
56635,1
56636,0.8346043241941925
56637,0.9423206883338047
56638,0.8184683193106489
56639,0.8943715139655499
56640,0.8994398001863231
56641,1
56642,0.8904285857143173
56643,0.9016185685159321
56644,1
56645,0.40348442543165447
56646,1
56647,1
56648,1
56649,1
56650,1
56651,1
56652,0.9358027625875561
56653,1
56654,1
56655,1
56656,1
56657,0.8082327762484912
56658,1
56659,1
56660,1
56661,1
56662,1
56663,1
56664,1
56665,1
56666,1
56667,1
56668,0.9007470882487929
56669,1
56670,1
56671,1
56672,0.8987090832982587
56673,0.8507821466843283
56674,0.9269734675235223
56675,1
56676,0.9416144157772328
56677,1
56678,1
56679,1
56680,1
56681,0.9141813834073064
56682,1
56683,1
56684,1
56685,1
56686,1
56687,1
56688,1
56689,1
56690,1
56691,1
56692,1
56693,1
56694,0.9178028137165289
56695,1
56696,1
56697,1
56698,1
56699,1
56700,0.7981415772804076
56701,1
56702,1
56703,0.7783812054021618
56704,1
56705,1
56706,0.9404351048381275
56707,1
56708,0.8792368572025105
56709,1
56710,1
56711,0.5547683561276758
56712,1
56713,1
56714,1
56715,0.929323165830888
56716,1
56717,1
56718,1
56719,1
56720,0.9139598034696145
56721,1
56722,1
56723,1
56724,0.6461185322501561
56725,1
56726,1
56727,1
56728,1
56729,1
56730,1
56731,1
56732,1
56733,1
56734,0.7768174095275296
56735,0.7632158553904029
56736,1
56737,1
56738,1
56739,1
56740,1
56741,1
56742,1
56743,1
56744,1
56745,0.6585138079266615
56746,1
56747,1
56748,1
56749,1
56750,1
56751,1
56752,0.9499770256035827
56753,0.9025497179290689
56754,1
56755,0.8119713787395205
56756,0.941756034496118
56757,1
56758,1
56759,0.9160114867472999
56760,1
56761,1
56762,1
56763,1
56764,1
56765,0.9314556206642867
56766,1
56767,0.9208853255155144
56768,1
56769,1
56770,1
56771,0.9123457362058752
56772,1
56773,1
56774,1
56775,1
56776,0.92301147965368735
56777,1
56778,0.926134722761862
56779,1
56780,1
56781,1
56782,1
56783,1
56784,1
56785,0.8610766687039169
56786,1
56787,0.9445212387478624
56788,0.8992610626665157
56789,1
56790,1
56791,0.946418346073473
56792,1
56793,1
56794,1
56795,0.9288048427215077
56796,1
56797,0.9469295246931131
56798,1
56799,1
56800,0.7268456572045962
56801,0.9461872256651912
56802,1
56803,1
56804,1
56805,0.9278834851212123
56806,0.8547081706596499
56807,1
56808,1
56809,1
56810,1
56811,1
56812,1
56813,1
56814,0.834075043532189
56815,1
56816,1
56817,1
56818,0.717907252293772
56819,0.8179480536768955
56820,0.32669273324763193
56821,0.9197820363790269
56822,1
56823,0.891531055870944
56824,0.9173000497641813
56825,0.9499381193439285
56826,1
56827,0.8968748226635189
56828,0.9083610006310968
56829,0.7183897026637581
56830,0.9239313366380923
56831,1
56832,1
56833,1
56834,1
56835,1
56836,1
56837,0.844590056313491
56838,1
56839,0.9035374275105416
56840,1
56841,0.9278311420811084
56842,0.8774621853358817
56843,1
56844,0.9124406601091294
56845,0.9138251788671885
56846,1
56847,1
56848,0.7627893256420837
56849,1
56850,1
56851,1
56852,1
56853,1
56854,1
56855,1
56856,0.9038879055461413
56857,1
56858,1
56859,0.9138251788671885
56860,1
56861,1
56862,1
56863,1
56864,1
56865,1
56866,1
56867,1
56868,0.8647056585996227
56869,0.9418803310532267
56870,1
56871,1
56872,1
56873,0.5763208703366369
56874,1
56875,1
56876,1
56877,0.8850260900889968
56878,1
56879,1
56880,1
56881,1
56882,0.9082209456086173
56883,1
56884,1
56885,1
56886,1
56887,1
56888,1
56889,1
56890,0.9085784715608759
56891,1
56892,1
56893,0.8636176635425322
56894,1
56895,1
56896,1
56897,1
56898,1
56899,1
56900,0.8424205641199729
56901,1
56902,0.6232281338895347
56903,0.757983444317513
56904,1
56905,1
56906,1
56907,1
56908,1
56909,1
56910,1
56911,1
56912,1
56913,0.9460817421928895
56914,1
56915,1
56916,1
56917,0.912449316627082
56918,1
56919,1
56920,1
56921,1
56922,1
56923,1
56924,1
56925,1
56926,1
56927,0.735587705055522
56928,1
56929,1
56930,1
56931,1
56932,0.9450159955677756
56933,1
56934,1
56935,1
56936,1
56937,1
56938,1
56939,0.9295660465032094
56940,0.5408086242756883
56941,0.9079385236287216
56942,0.9000087940382507
56943,1
56944,1
56945,1
56946,1
56947,1
56948,1
56949,1
56950,1
56951,1
56952,0.9409932068713303
56953,1
56954,1
56955,1
56956,1
56957,1
56958,1
56959,0.8564548874221499
56960,1
56961,1
56962,1
56963,1
56964,0.9345770826501297
56965,1
56966,1
56967,0.8624734535972602
56968,1
56969,0.918914590079689
56970,0.9386443433529157
56971,1
56972,0.7508279177341145
56973,1
56974,1
56975,1
56976,1
56977,0.8862091803060234
56978,1
56979,0.8220320151123881
56980,0.9074279212274443
56981,1
56982,0.9280534504199632
56983,1
56984,1
56985,0.8341286974704595
56986,1
56987,1
56988,0.8800452448328852
56989,1
56990,1
56991,1
56992,0.853482339770586
56993,1
56994,1
56995,0.6128364731512409
56996,1
56997,1
56998,1
56999,0.9120922402457454
57000,0.9079359703257683
57001,1
57002,1
57003,1
57004,1
57005,1
57006,0.5673445376379426
57007,1
57008,1
57009,1
57010,0.9320424650737401
57011,1
57012,1
57013,0.9286707023577757
57014,1
57015,1
57016,1
57017,1
57018,1
57019,1
57020,1
57021,0.46111810133082337
57022,1
57023,1
57024,0.9306932842742516
57025,1
57026,1
57027,0.8532522800266318
57028,0.6803384895582025
57029,1
57030,1
57031,1
57032,0.8780527835539513
57033,1
57034,1
57035,1
57036,1
57037,1
57038,1
57039,1
57040,1
57041,0.7332735007957011
57042,1
57043,0.8969730134512891
57044,1
57045,0.9299937415175259
57046,0.861274609573398
57047,1
57048,1
57049,0.6105479273449718
57050,1
57051,1
57052,0.919974305572555
57053,0.891898684167502
57054,0.7103761156221248
57055,1
57056,1
57057,1
57058,0.904244409824344
57059,1
57060,1
57061,1
57062,1
57063,1
57064,1
57065,1
57066,1
57067,0.9388283542373463
57068,1
57069,0.9027280745868769
57070,1
57071,1
57072,1
57073,1
57074,1
57075,0.901346661483328
57076,0.9449280588900408
57077,1
57078,1
57079,0.6023238133560904
57080,0.8822187809988057
57081,0.9287808984298308
57082,0.9137649083634358
57083,1
57084,0.6530872160542265
57085,0.7095834620753245
57086,1
57087,1
57088,1
57089,1
57090,1
57091,1
57092,1
57093,1
57094,1
57095,1
57096,1
57097,1
57098,1
57099,0.8808810389518807
57100,0.9255590956437632
57101,1
57102,1
57103,0.9424940652372162
57104,1
57105,1
57106,1
57107,1
57108,0.9188868396438544
57109,1
57110,1
57111,1
57112,1
57113,0.9446596836493764
57114,1
57115,1
57116,1
57117,1
57118,0.9257063312872021
57119,0.9175154191923457
57120,1
57121,0.7836064285615554
57122,1
57123,1
57124,1
57125,0.7376470481390013
57126,1
57127,1
57128,1
57129,1
57130,1
57131,1
57132,1
57133,1
57134,1
57135,1
57136,1
57137,1
57138,1
57139,1
57140,1
57141,1
57142,0.8750923826244869
57143,1
57144,0.937414959750071
57145,1
57146,1
57147,1
57148,1
57149,0.92464737033173094
57150,1
57151,1
57152,1
57153,1
57154,1
57155,0.8654922598234158
57156,0.8977779370610509
57157,1
57158,1
57159,1
57160,1
57161,0.9129514006611517
57162,1
57163,1
57164,1
57165,1
57166,1
57167,0.9363967469215262
57168,1
57169,1
57170,0.8705929881969517
57171,0.9121482149292477
57172,1
57173,1
57174,0.9226617235216902
57175,1
57176,1
57177,1
57178,1
57179,1
57180,1
57181,0.926589726772744
57182,0.8560679509901148
57183,1
57184,1
57185,1
57186,1
57187,1
57188,1
57189,1
57190,1
57191,1
57192,1
57193,1
57194,1
57195,1
57196,0.5235699638741673
57197,1
57198,1
57199,1
57200,1
57201,1
57202,1
57203,0.7819303791740085
57204,0.7809867474936872
57205,1
57206,1
57207,1
57208,0.9348552422589271
57209,0.9476010383653098
57210,1
57211,1
57212,1
57213,0.9446596836493764
57214,1
57215,1
57216,1
57217,1
57218,0.9388577343437038
57219,0.7419998835886007
57220,1
57221,0.9440323719522248
57222,0.7034244670765368
57223,1
57224,1
57225,1
57226,1
57227,0.9135509068298717
57228,1
57229,1
57230,0.9096093895941417
57231,1
57232,0.9306932842742516
57233,0.6775501804118899
57234,1
57235,1
57236,0.8628659479372319
57237,0.8314610582813055
57238,1
57239,0.8914062534739564
57240,0.8860385094431956
57241,1
57242,1
57243,1
57244,1
57245,1
57246,1
57247,0.9424315173061748
57248,0.8964001834852989
57249,0.9181344919823539
57250,1
57251,1
57252,1
57253,1
57254,1
57255,1
57256,1
57257,1
57258,1
57259,1
57260,1
57261,0.8452528623223572
57262,1
57263,1
57264,0.9377132900975945
57265,1
57266,1
57267,1
57268,1
57269,1
57270,1
57271,1
57272,1
57273,1
57274,0.9366308646029823
57275,1
57276,1
57277,0.8798907413559354
57278,1
57279,1
57280,1
57281,1
57282,1
57283,1
57284,0.9331488314261505
57285,0.9359589680499679
57286,1
57287,0.9239206498132211
57288,1
57289,1
57290,1
57291,1
57292,0.9359798246590652
57293,1
57294,1
57295,1
57296,0.9477249838346377
57297,1
57298,1
57299,1
57300,0.8911889125515519
57301,0.7964424730536371
57302,1
57303,1
57304,0.9211257597187353
57305,0.88567164675871
57306,0.8710303564240629
57307,0.9077774757695657
57308,1
57309,1
57310,1
57311,1
57312,1
57313,0.909756443056339
57314,1
57315,0.9400508140359367
57316,1
57317,1
57318,1
57319,1
57320,1
57321,0.9377616128349273
57322,1
57323,1
57324,0.8507821466843283
57325,1
57326,1
57327,1
57328,0.881893160082758
57329,1
57330,0.9358379529977394
57331,1
57332,1
57333,1
57334,0.7173863901595676
57335,1
57336,1
57337,1
57338,0.8582825642407415
57339,1
57340,1
57341,1
57342,0.7884486153522974
57343,1
57344,0.7071747059598867
57345,0.6689730123435976
57346,1
57347,0.9125392300258393
57348,1
57349,1
57350,0.83520048116268375
57351,1
57352,0.6417650012581635
57353,1
57354,1
57355,0.9089355372529971
57356,0.8919719617336751
57357,1
57358,0.918914590079689
57359,0.9441411481151567
57360,1
57361,0.8972495942761176
57362,1
57363,1
57364,0.8812164605597486
57365,1
57366,1
57367,0.9123381992214252
57368,1
57369,1
57370,1
57371,1
57372,1
57373,1
57374,1
57375,0.886257648853439
57376,1
57377,0.8362301235152843
57378,1
57379,1
57380,1
57381,1
57382,0.9065984578444671
57383,0.9013627325493427
57384,1
57385,1
57386,1
57387,1
57388,1
57389,1
57390,1
57391,1
57392,0.3605218037384304
57393,1
57394,1
57395,1
57396,1
57397,0.9486432912514582
57398,1
57399,1
57400,0.9333341223439366
57401,1
57402,0.940853494586447
57403,1
57404,1
57405,1
57406,1
57407,1
57408,1
57409,1
57410,1
57411,0.8277107042237845
57412,1
57413,1
57414,0.6260999368730212
57415,0.762023348854702
57416,0.9265040610394524
57417,1
57418,1
57419,1
57420,1
57421,0.9474378451965794
57422,1
57423,1
57424,0.8392525074456859
57425,1
57426,1
57427,1
57428,1
57429,0.7705084452655643
57430,1
57431,1
57432,0.8771358012021617
57433,0.9347032116804918
57434,1
57435,1
57436,1
57437,1
57438,0.9176005332892129
57439,0.9420820864777785
57440,1
57441,1
57442,1
57443,1
57444,0.8122533432459359
57445,1
57446,1
57447,1
57448,1
57449,1
57450,1
57451,1
57452,0.8815027173996981
57453,1
57454,0.9490173560105407
57455,1
57456,1
57457,1
57458,1
57459,0.9006212092761832
57460,1
57461,1
57462,1
57463,1
57464,0.9021723879558949
57465,1
57466,1
57467,1
57468,1
57469,1
57470,0.9035374275105416
57471,1
57472,1
57473,1
57474,0.69186827389279415
57475,1
57476,1
57477,1
57478,1
57479,1
57480,0.6179455244721033
57481,1
57482,1
57483,1
57484,1
57485,1
57486,1
57487,1
57488,1
57489,0.9035374275105416
57490,1
57491,0.8620842651765777
57492,1
57493,1
57494,1
57495,0.8643620903183239
57496,1
57497,0.5399644388948595
57498,0.9097249377827504
57499,1
57500,0.8062382136688881
57501,1
57502,1
57503,1
57504,1
57505,0.9471426814899343
57506,0.908032491149943
57507,1
57508,1
57509,1
57510,1
57511,1
57512,1
57513,1
57514,0.9424935891653574
57515,1
57516,1
57517,0.9350440466145278
57518,0.8751974423604865
57519,0.9288048427215077
57520,1
57521,0.9419047300400144
57522,1
57523,0.739861762150983
57524,0.9258725057540612
57525,1
57526,0.9034034789151919
57527,1
57528,1
57529,0.9333341223439366
57530,0.9015485873629286
57531,1
57532,1
57533,1
57534,1
57535,1
57536,1
57537,0.9034034789151919
57538,1
57539,1
57540,1
57541,0.9035374275105416
57542,1
57543,1
57544,1
57545,0.8768380624539068
57546,1
57547,1
57548,1
57549,1
57550,0.9314414171796929
57551,1
57552,1
57553,1
57554,1
57555,0.9478008728735987
57556,0.926796844537773
57557,1
57558,1
57559,1
57560,1
57561,1
57562,0.8955710658967004
57563,1
57564,1
57565,1
57566,0.7755706886138573
57567,1
57568,1
57569,1
57570,0.9361466480920756
57571,1
57572,0.9454634272919091
57573,1
57574,1
57575,0.8790663818680351
57576,1
57577,1
57578,0.9150235556516981
57579,1
57580,1
57581,0.8199009941916319
57582,1
57583,0.9328746113423233
57584,1
57585,1
57586,1
57587,1
57588,0.8842394194209123
57589,0.8760985804113706
57590,0.9164250188355539
57591,1
57592,0.9331832591679291
57593,1
57594,0.9356716397191079
57595,0.8297587009861301
57596,1
57597,1
57598,1
57599,1
57600,1
57601,0.8037531530830452
57602,1
57603,0.501283325116903
57604,1
57605,0.862422354773103
57606,1
57607,1
57608,1
57609,0.9031772481511766
57610,1
57611,0.8256968832738356
57612,1
57613,1
57614,1
57615,1
57616,0.9127621027495776
57617,1
57618,0.39909960116807464
57619,1
57620,1
57621,0.9405609099537546
57622,1
57623,0.945946033692074
57624,1
57625,1
57626,1
57627,1
57628,1
57629,1
57630,1
57631,0.4354536380108282
57632,0.9429644013977085
57633,0.9195873728565015
57634,1
57635,1
57636,1
57637,0.8821723075288975
57638,1
57639,0.8733881168204028
57640,0.9287441227318056
57641,1
57642,0.9497420341653704
57643,1
57644,1
57645,1
57646,1
57647,1
57648,1
57649,1
57650,1
57651,1
57652,1
57653,0.93591793373611
57654,1
57655,1
57656,1
57657,1
57658,0.9225754109296223
57659,1
57660,1
57661,1
57662,1
57663,1
57664,1
57665,0.6195297332430518
57666,0.8974987718673377
57667,1
57668,1
57669,0.943275742670112
57670,0.8727138607726231
57671,1
57672,1
57673,1
57674,1
57675,1
57676,0.9270144745231739
57677,1
57678,1
57679,1
57680,1
57681,0.9412391935209721
57682,1
57683,1
57684,1
57685,1
57686,1
57687,1
57688,1
57689,1
57690,0.9292650150166001
57691,0.8547194547890693
57692,1
57693,1
57694,0.9079359703257683
57695,0.9276864976779597
57696,1
57697,1
57698,0.8853478955542747
57699,1
57700,1
57701,1
57702,1
57703,1
57704,1
57705,1
57706,1
57707,1
57708,1
57709,1
57710,1
57711,1
57712,0.9189546720264419
57713,0.9278311420811084
57714,1
57715,1
57716,1
57717,0.9291016957825172
57718,1
57719,1
57720,1
57721,1
57722,1
57723,0.9287815397994835
57724,1
57725,0.6713283337941407
57726,1
57727,0.9454315905623402
57728,0.9202823428566493
57729,0.9348405151968444
57730,1
57731,1
57732,1
57733,0.5036169668985562
57734,1
57735,1
57736,1
57737,1
57738,1
57739,1
57740,1
57741,1
57742,1
57743,0.8850529853924038
57744,1
57745,0.8332673770661603
57746,1
57747,0.8856976785914563
57748,1
57749,1
57750,0.8762647850184847
57751,1
57752,1
57753,1
57754,1
57755,1
57756,1
57757,1
57758,1
57759,0.940403991119868
57760,0.9056769130278174
57761,0.9207575457124434
57762,1
57763,0.9215323715750302
57764,1
57765,0.7448738883799362
57766,1
57767,0.6045853917423206
57768,1
57769,1
57770,1
57771,1
57772,0.8735310591269749
57773,1
57774,1
57775,1
57776,1
57777,0.9306932842742516
57778,1
57779,1
57780,1
57781,1
57782,0.8914501641135464
57783,1
57784,0.7272904216778864
57785,1
57786,0.8813282082580975
57787,1
57788,1
57789,0.6909226031781092
57790,1
57791,1
57792,1
57793,1
57794,1
57795,1
57796,1
57797,1
57798,1
57799,0.9101045440699388
57800,0.9437288537642058
57801,1
57802,0.9330757917271754
57803,1
57804,0.9100519745633643
57805,0.9435789758388196
57806,1
57807,0.8710303564240629
57808,1
57809,0.8921204699964731
57810,1
57811,1
57812,1
57813,0.7830021632393166
57814,1
57815,0.9193982037682471
57816,1
57817,1
57818,1
57819,1
57820,1
57821,1
57822,1
57823,1
57824,0.9249405220831147
57825,0.9361442208573418
57826,1
57827,1
57828,1
57829,1
57830,1
57831,1
57832,1
57833,0.9377288147826115
57834,1
57835,1
57836,1
57837,0.9454315905623402
57838,1
57839,1
57840,0.9215305514069402
57841,1
57842,1
57843,1
57844,0.8934138349821494
57845,1
57846,1
57847,1
57848,0.8046962909592461
57849,1
57850,0.944989990204041
57851,1
57852,1
57853,1
57854,1
57855,1
57856,1
57857,1
57858,1
57859,0.9283571727537552
57860,0.8809063140582774
57861,1
57862,1
57863,1
57864,0.9393323627915242
57865,1
57866,1
57867,1
57868,1
57869,1
57870,1
57871,0.8938911422582301
57872,1
57873,1
57874,1
57875,0.8137276208568115
57876,1
57877,1
57878,1
57879,1
57880,1
57881,0.9488594838302383
57882,1
57883,1
57884,1
57885,1
57886,1
57887,1
57888,1
57889,0.9170816672270617
57890,0.8086882315246576
57891,1
57892,0.9183503359840509
57893,1
57894,1
57895,0.6695005923323716
57896,1
57897,0.9301852901781361
57898,0.9070767345256623
57899,0.8174780079613403
57900,1
57901,1
57902,1
57903,0.8444916528130118
57904,1
57905,0.9354229504593058
57906,0.9216489445790115
57907,1
57908,1
57909,1
57910,1
57911,1
57912,1
57913,0.8490681579964633
57914,1
57915,0.8993740050776516
57916,0.9186695566685887
57917,0.765821894891887
57918,0.9400508140359367
57919,1
57920,1
57921,1
57922,1
57923,1
57924,1
57925,1
57926,1
57927,1
57928,1
57929,1
57930,1
57931,1
57932,1
57933,0.9079359703257683
57934,0.8756191275019689
57935,1
57936,1
57937,1
57938,0.9451611771885942
57939,1
57940,0.9454203013977572
57941,0.6813635347555326
57942,1
57943,1
57944,1
57945,1
57946,1
57947,0.909756443056339
57948,1
57949,1
57950,1
57951,1
57952,0.9292650150166001
57953,1
57954,0.8791363604018102
57955,1
57956,1
57957,1
57958,1
57959,1
57960,1
57961,1
57962,1
57963,1
57964,0.8357996164623172
57965,0.7047411389968408
57966,1
57967,1
57968,1
57969,1
57970,1
57971,1
57972,1
57973,1
57974,1
57975,1
57976,1
57977,0.7176244749963784
57978,1
57979,1
57980,1
57981,1
57982,0.9453575063670934
57983,1
57984,1
57985,0.8106569687783467
57986,1
57987,1
57988,1
57989,1
57990,1
57991,1
57992,1
57993,1
57994,1
57995,0.8899175365179102
57996,1
57997,1
57998,1
57999,1
58000,0.9314668121562113
58001,1
58002,0.9109002335798619
58003,1
58004,1
58005,1
58006,1
58007,0.9004666778236102
58008,1
58009,1
58010,1
58011,0.9089355372529971
58012,1
58013,0.758869313001005
58014,1
58015,1
58016,1
58017,1
58018,1
58019,0.5568207262836085
58020,0.5670463004770423
58021,0.8040336508397525
58022,1
58023,0.8406700438376994
58024,0.9497074753794164
58025,0.9143220948875115
58026,1
58027,1
58028,0.6893514388769963
58029,1
58030,0.9272655612237076
58031,1
58032,0.7827659925263075
58033,1
58034,1
58035,0.8422183954934525
58036,1
58037,1
58038,1
58039,1
58040,1
58041,0.9119537889032485
58042,1
58043,0.9165193694164323
58044,0.7014446260411614
58045,0.909322357473835
58046,1
58047,1
58048,1
58049,1
58050,1
58051,1
58052,1
58053,0.941069730441963
58054,0.5821655501281925
58055,0.9074495831239265
58056,1
58057,1
58058,0.9076938223559293
58059,1
58060,1
58061,1
58062,1
58063,0.9404094403324834
58064,1
58065,1
58066,0.8245241419042719
58067,0.9246656258080268
58068,0.849350817851202
58069,1
58070,0.7189461781030627
58071,0.5308244091984848
58072,1
58073,0.9333341223439366
58074,0.9122579712215334
58075,1
58076,1
58077,1
58078,1
58079,0.880257464777991
58080,0.9423952244611653
58081,0.8926207378450357
58082,1
58083,1
58084,1
58085,1
58086,1
58087,0.8253366106153629
58088,1
58089,1
58090,1
58091,1
58092,1
58093,1
58094,0.8864901802069832
58095,1
58096,0.8615767456252079
58097,1
58098,1
58099,0.8619267777571056
58100,1
58101,1
58102,1
58103,0.4583175445183536
58104,1
58105,1
58106,1
58107,1
58108,0.9084826664841529
58109,0.8253366106153629
58110,1
58111,1
58112,0.9467560886511261
58113,1
58114,1
58115,1
58116,1
58117,1
58118,0.859153162604385
58119,1
58120,0.890862397486676
58121,1
58122,1
58123,0.9395473427885391
58124,1
58125,1
58126,1
58127,1
58128,1
58129,0.8282206730247955
58130,1
58131,1
58132,1
58133,1
58134,1
58135,0.9048563687936194
58136,1
58137,1
58138,1
58139,1
58140,1
58141,0.9488074986915817
58142,0.9468799614593699
58143,0.9454711866011715
58144,1
58145,0.9415029277154027
58146,1
58147,1
58148,1
58149,1
58150,1
58151,0.9288770925281883
58152,0.9240675359207081
58153,1
58154,1
58155,1
58156,0.908032491149943
58157,1
58158,1
58159,1
58160,1
58161,0.8187500716506264
58162,0.8034443291368214
58163,0.6252734846959063
58164,1
58165,1
58166,1
58167,0.9460296000486529
58168,0.9054080420528567
58169,0.843497548739941
58170,1
58171,1
58172,1
58173,1
58174,0.9105598904869577
58175,1
58176,0.9047119132136896
58177,0.739861762150983
58178,1
58179,1
58180,1
58181,1
58182,0.676130508911141
58183,1
58184,1
58185,1
58186,1
58187,1
58188,1
58189,1
58190,0.8348737502752617
58191,1
58192,1
58193,1
58194,1
58195,0.8581459807506081
58196,1
58197,1
58198,0.8491825367680373
58199,1
58200,1
58201,1
58202,1
58203,1
58204,1
58205,1
58206,1
58207,1
58208,0.8809307743242354
58209,0.8721305589835799
58210,1
58211,1
58212,0.938910433351806
58213,0.8631190910985035
58214,1
58215,1
58216,1
58217,1
58218,1
58219,1
58220,1
58221,1
58222,1
58223,1
58224,1
58225,0.7468250623448003
58226,1
58227,1
58228,1
58229,1
58230,0.931620278216901
58231,1
58232,1
58233,0.8760106577722052
58234,0.9152366607799762
58235,1
58236,1
58237,0.9056011336095301
58238,1
58239,1
58240,1
58241,1
58242,1
58243,1
58244,1
58245,1
58246,1
58247,1
58248,1
58249,1
58250,0.9461742991752645
58251,1
58252,1
58253,1
58254,1
58255,1
58256,1
58257,0.8262835314647471
58258,0.8267989564662094
58259,0.8091402790965578
58260,1
58261,1
58262,0.9094994006339092
58263,0.9429644013977085
58264,1
58265,1
58266,1
58267,1
58268,0.7941539149206165
58269,1
58270,1
58271,1
58272,0.7194812315158698
58273,0.9156772631609222
58274,0.9269380927542751
58275,0.6907004493192215
58276,1
58277,1
58278,1
58279,0.8391531255699087
58280,0.9101460902772966
58281,1
58282,1
58283,0.9416887926163359
58284,1
58285,0.8903130151157056
58286,1
58287,0.9218827504271435
58288,0.5566427176043954
58289,0.9114871263196181
58290,1
58291,1
58292,1
58293,1
58294,1
58295,1
58296,1
58297,1
58298,1
58299,1
58300,1
58301,0.9353871566514325
58302,0.8442339574599281
58303,1
58304,1
58305,1
58306,1
58307,0.9462651976838332
58308,0.9393521252199389
58309,1
58310,0.8472835417626292
58311,1
58312,1
58313,0.604418380039291
58314,1
58315,1
58316,1
58317,1
58318,1
58319,0.5566427176043954
58320,0.8822187809988057
58321,0.9239605621286353
58322,1
58323,0.9035374275105416
58324,1
58325,1
58326,0.8871632796342721
58327,1
58328,1
58329,1
58330,1
58331,1
58332,1
58333,1
58334,1
58335,1
58336,1
58337,1
58338,1
58339,1
58340,0.7899405983591141
58341,1
58342,1
58343,1
58344,1
58345,1
58346,0.9462151104053776
58347,1
58348,0.7881444983862737
58349,1
58350,1
58351,1
58352,1
58353,1
58354,1
58355,0.8358559977716064
58356,1
58357,1
58358,1
58359,0.8055755876904325
58360,1
58361,1
58362,1
58363,1
58364,1
58365,1
58366,0.9010955276547424
58367,0.9472758158229213
58368,1
58369,1
58370,1
58371,0.9072660918258126
58372,1
58373,1
58374,1
58375,1
58376,1
58377,1
58378,1
58379,0.7540481201170962
58380,1
58381,1
58382,1
58383,0.9032281956419094
58384,1
58385,0.9076321450979
58386,1
58387,1
58388,1
58389,1
58390,1
58391,1
58392,0.8615767456252079
58393,0.9064029997400196
58394,1
58395,1
58396,1
58397,1
58398,1
58399,0.9448958234769583
58400,0.9282164981700963
58401,1
58402,0.7028916750197408
58403,0.8645014964125814
58404,1
58405,1
58406,1
58407,1
58408,0.9461872256651912
58409,1
58410,1
58411,0.8515353068744864
58412,1
58413,1
58414,1
58415,1
58416,1
58417,1
58418,1
58419,0.6513609656977166
58420,1
58421,1
58422,1
58423,1
58424,1
58425,1
58426,1
58427,0.793170659184894
58428,0.909174685343395
58429,1
58430,1
58431,1
58432,1
58433,1
58434,0.8441501553243407
58435,1
58436,1
58437,1
58438,0.8473397095538451
58439,1
58440,1
58441,0.8420519230488721
58442,0.6105479273449718
58443,0.7780301465432707
58444,1
58445,1
58446,0.8336848463913432
58447,0.9198190134629701
58448,0.947749784153913
58449,0.7047603388849852
58450,0.9072032309899698
58451,0.9331056310395079
58452,1
58453,1
58454,1
58455,1
58456,0.5176713932485466
58457,1
58458,1
58459,0.9169926441559101
58460,1
58461,0.8199009941916319
58462,0.7963118770672862
58463,1
58464,0.6758413648729557
58465,0.9376418074795638
58466,0.8864221632253089
58467,1
58468,1
58469,1
58470,0.938910433351806
58471,0.8876164298421044
58472,1
58473,0.7815775091891796
58474,0.8346128115543785
58475,1
58476,1
58477,1
58478,1
58479,1
58480,1
58481,1
58482,1
58483,1
58484,1
58485,0.948055866398747
58486,1
58487,1
58488,1
58489,1
58490,0.9257063312872021
58491,1
58492,0.9258290535248442
58493,1
58494,0.9306932842742516
58495,1
58496,1
58497,1
58498,1
58499,1
58500,1
58501,0.8695273694342176
58502,1
58503,1
58504,1
58505,1
58506,1
58507,1
58508,0.9034034789151919
58509,1
58510,1
58511,0.7546802124286323
58512,1
58513,0.7893695900923882
58514,1
58515,1
58516,0.9490286915977793
58517,0.9279472762037108
58518,1
58519,1
58520,1
58521,1
58522,0.9333921603873304
58523,0.9306932842742516
58524,1
58525,0.8972036089471347
58526,1
58527,1
58528,1
58529,1
58530,1
58531,0.9247481916765775
58532,0.8704124906416681
58533,1
58534,0.7103761156221248
58535,1
58536,1
58537,1
58538,1
58539,1
58540,1
58541,0.8564548874221499
58542,1
58543,0.9471631335757809
58544,0.7208620636104993
58545,1
58546,0.9288770925281883
58547,0.6045853917423206
58548,0.9257063312872021
58549,0.8819645590311382
58550,1
58551,1
58552,1
58553,1
58554,1
58555,1
58556,0.9197449293569812
58557,1
58558,0.9074210976924291
58559,1
58560,1
58561,1
58562,1
58563,1
58564,0.8277378029584362
58565,0.9310803952218464
58566,0.39909960116807464
58567,0.5941378908514396
58568,1
58569,1
58570,1
58571,1
58572,1
58573,1
58574,1
58575,1
58576,1
58577,0.9477178989357028
58578,0.9185356824409848
58579,1
58580,0.89352109210442765
58581,1
58582,1
58583,1
58584,1
58585,0.8068015849677564
58586,1
58587,0.9418944270169654
58588,1
58589,0.9494899161407354
58590,1
58591,0.9175154191923457
58592,0.9034034789151919
58593,1
58594,1
58595,1
58596,1
58597,1
58598,1
58599,1
58600,1
58601,1
58602,1
58603,1
58604,1
58605,1
58606,1
58607,1
58608,1
58609,1
58610,1
58611,1
58612,0.945484328912275
58613,1
58614,1
58615,1
58616,0.9306932842742516
58617,0.9291016957825172
58618,1
58619,0.8365496794479877
58620,1
58621,1
58622,1
58623,1
58624,1
58625,0.8407198200822003
58626,1
58627,0.9454721933871804
58628,1
58629,1
58630,1
58631,1
58632,1
58633,1
58634,0.9175176188360761
58635,1
58636,1
58637,1
58638,1
58639,0.556580528024074
58640,0.940403991119868
58641,1
58642,1
58643,0.8367958537428686
58644,1
58645,1
58646,1
58647,0.9355991499788943
58648,0.9497095290968539
58649,1
58650,1
58651,1
58652,1
58653,1
58654,0.8119713787395205
58655,1
58656,1
58657,1
58658,1
58659,1
58660,0.9272655612237076
58661,1
58662,0.779667028383394
58663,0.938297373468542
58664,1
58665,0.86390395088878
58666,1
58667,1
58668,0.5238989291229963
58669,1
58670,1
58671,1
58672,1
58673,1
58674,1
58675,1
58676,0.9029683253978613
58677,1
58678,1
58679,1
58680,0.9486259966710925
58681,1
58682,0.7712917862705471
58683,1
58684,1
58685,1
58686,1
58687,1
58688,1
58689,1
58690,1
58691,1
58692,0.8201984931363011
58693,1
58694,1
58695,0.9388611931153414
58696,0.9262385335223298
58697,1
58698,1
58699,1
58700,1
58701,1
58702,0.93622839264172375
58703,0.9099035662778171
58704,1
58705,1
58706,0.8181073215149365
58707,1
58708,0.8868819769428742
58709,1
58710,0.89894669504046
58711,1
58712,0.8141362527028477
58713,0.8754131832132197
58714,1
58715,0.8560679509901148
58716,0.9435789758388196
58717,1
58718,0.8974882139427417
58719,1
58720,1
58721,1
58722,1
58723,0.8292130149470905
58724,1
58725,1
58726,1
58727,0.913384838446057
58728,1
58729,1
58730,0.8949101369281046
58731,0.9479100816429511
58732,1
58733,1
58734,0.9082209456086173
58735,1
58736,1
58737,0.6827772698552584
58738,1
58739,1
58740,1
58741,1
58742,1
58743,0.8807694667569387
58744,0.8813721427946547
58745,1
58746,1
58747,1
58748,1
58749,1
58750,0.8277107042237845
58751,1
58752,0.9477184717171063
58753,1
58754,0.9340419266472516
58755,0.853792407820934
58756,1
58757,1
58758,0.9408595267388655
58759,0.897606822769603
58760,1
58761,0.7313647031617427
58762,1
58763,1
58764,1
58765,1
58766,0.8336889319330834
58767,1
58768,1
58769,0.938233264342105
58770,1
58771,1
58772,1
58773,1
58774,1
58775,1
58776,0.9263449013643182
58777,1
58778,1
58779,1
58780,1
58781,0.8407051967408672
58782,1
58783,1
58784,1
58785,0.9402313794929033
58786,1
58787,1
58788,1
58789,0.9255322559667025
58790,0.8820391620019542
58791,1
58792,1
58793,1
58794,1
58795,0.8833971365396202
58796,1
58797,1
58798,1
58799,1
58800,1
58801,1
58802,0.9035374275105416
58803,1
58804,1
58805,0.742361370926928
58806,1
58807,1
58808,1
58809,1
58810,1
58811,0.9151998512088034
58812,1
58813,1
58814,1
58815,0.9414443114574949
58816,1
58817,1
58818,0.8204991734218284
58819,1
58820,1
58821,1
58822,0.9477477297436793
58823,1
58824,1
58825,0.7387561949586137
58826,0.880116106548262
58827,0.8353898863291248
58828,1
58829,1
58830,1
58831,1
58832,1
58833,0.9025497179290689
58834,1
58835,1
58836,0.7901430021040671
58837,1
58838,1
58839,0.8857856054192885
58840,1
58841,1
58842,0.9007486315989446
58843,0.8534958142636734
58844,1
58845,1
58846,1
58847,1
58848,1
58849,1
58850,1
58851,1
58852,1
58853,1
58854,0.9489302768952783
58855,0.8152460142598674
58856,1
58857,1
58858,1
58859,0.6389588677811857
58860,1
58861,0.8809307743242354
58862,0.9441925926738192
58863,1
58864,1
58865,1
58866,1
58867,1
58868,1
58869,1
58870,1
58871,0.8213566609847619
58872,1
58873,0.9014681232766545
58874,0.9141789335914685
58875,1
58876,0.9320860724657953
58877,0.8699792892674054
58878,0.707461111910714
58879,1
58880,1
58881,1
58882,1
58883,1
58884,1
58885,0.9186174400412287
58886,0.8677511520356961
58887,1
58888,0.9284023355681746
58889,1
58890,0.93622839264172375
58891,1
58892,1
58893,1
58894,1
58895,0.6909226031781092
58896,0.9089355372529971
58897,1
58898,1
58899,1
58900,1
58901,1
58902,1
58903,0.6275783382544305
58904,1
58905,1
58906,1
58907,1
58908,1
58909,1
58910,0.43711192388075387
58911,1
58912,1
58913,0.9458808236997936
58914,1
58915,1
58916,1
58917,1
58918,1
58919,1
58920,0.8362301235152843
58921,1
